state,district,market,commodity,variety,grade,arrival_date,min_price,max_price,modal_price,arrival_qty,price_unit,arrival_unit
Madhya Pradesh,Ratlam,A lot APMC,Garlic,Garlic,FAQ,2026-01-20,1900.0,7500.0,7500.0,0.41600000000000004,Rs./Quintal,Metric Tonnes
Madhya Pradesh,Ratlam,A lot APMC,Maize,Local,FAQ,2026-01-20,1530.0,1599.0,1599.0,4.245,Rs./Quintal,Metric Tonnes
Madhya Pradesh,Ratlam,A lot APMC,Onion,Onion,FAQ,2026-01-20,151.0,950.0,950.0,1.7620000000000002,Rs./Quintal,Metric Tonnes
Madhya Pradesh,Ratlam,A lot APMC,Soyabean,Soyabeen,FAQ,2026-01-20,1610.0,5399.0,5397.0,65.255,Rs./Quintal,Metric Tonnes
Madhya Pradesh,Ratlam,A lot APMC,Wheat,Wheat,FAQ,2026-01-20,2465.0,2720.0,2650.0,84.156,Rs./Quintal,Metric Tonnes
Madhya Pradesh,Shajapur,Agar APMC,Bengal Gram(Gram)(Whole),Gram,FAQ,2026-01-20,4795.0,4901.0,4901.0,16.03,Rs./Quintal,Metric Tonnes
Madhya Pradesh,Shajapur,Agar APMC,Coriander(Leaves),Coriander,FAQ,2026-01-20,8000.0,9600.0,9600.0,1.923,Rs./Bundle,Bundle
Madhya Pradesh,Shajapur,Agar APMC,Garlic,Garlic,FAQ,2026-01-20,2200.0,9100.0,3000.0,0.7200000000000001,Rs./Quintal,Metric Tonnes
Madhya Pradesh,Shajapur,Agar APMC,Kabuli Chana(Chickpeas-White),Dollar Gram,FAQ,2026-01-20,7501.0,7501.0,7501.0,0.15000000000000002,Rs./Quintal,Metric Tonnes
Madhya Pradesh,Shajapur,Agar APMC,Lentil(Masur)(Whole),Masur Dal,FAQ,2026-01-20,6001.0,6351.0,6301.0,1.192,Rs./Quintal,Metric Tonnes
Madhya Pradesh,Shajapur,Agar APMC,Maize,Local,FAQ,2026-01-20,1475.0,1561.0,1561.0,11.616,Rs./Quintal,Metric Tonnes
Madhya Pradesh,Shajapur,Agar APMC,Mustard,Mustard,FAQ,2026-01-20,4700.0,6559.0,6559.0,7.497,Rs./Quintal,Metric Tonnes
Madhya Pradesh,Shajapur,Agar APMC,Soyabean,Soyabeen,FAQ,2026-01-20,1511.0,5900.0,5580.0,190.17700000000002,Rs./Quintal,Metric Tonnes
Madhya Pradesh,Shajapur,Agar APMC,Wheat,Wheat,FAQ,2026-01-20,2502.0,2650.0,2556.0,141.543,Rs./Quintal,Metric Tonnes
Madhya Pradesh,Shajapur,Agar APMC,Wheat,Wheat,Non-FAQ,2026-01-20,2550.0,2550.0,2550.0,3.1590000000000003,Rs./Quintal,Metric Tonnes
Madhya Pradesh,Panna,Ajaygarh APMC,Bengal Gram(Gram)(Whole),Desi (F.A.Q. Split),FAQ,2026-01-20,5500.0,5540.0,5520.0,10.89,Rs./Quintal,Metric Tonnes
Madhya Pradesh,Panna,Ajaygarh APMC,Wheat,Mill Quality,FAQ,2026-01-20,2500.0,2510.0,2500.0,12.0,Rs./Quintal,Metric Tonnes
Madhya Pradesh,Bhind,Alampur APMC,Paddy(Common),Paddy,Non-FAQ,2026-01-20,3470.0,3595.0,3595.0,9.0,Rs./Quintal,Metric Tonnes
Madhya Pradesh,Bhind,Alampur APMC,Paddy(Common),Dhan,Non-FAQ,2026-01-20,3517.0,3600.0,3600.0,51.0,Rs./Quintal,Metric Tonnes
Madhya Pradesh,Bhind,Alampur APMC,Wheat,Mill Quality,Non-FAQ,2026-01-20,2490.0,2517.0,2517.0,32.0,Rs./Quintal,Metric Tonnes
Madhya Pradesh,Bhind,Alampur APMC,Wheat,Wheat,Non-FAQ,2026-01-20,2532.0,2536.0,2536.0,6.0,Rs./Quintal,Metric Tonnes
Madhya Pradesh,Alirajpur,Alirajpur APMC,Black Gram(Urd Beans)(Whole),Urda/Urd,FAQ,2026-01-20,5000.0,5000.0,5000.0,13.3,Rs./Quintal,Metric Tonnes
Madhya Pradesh,Alirajpur,Alirajpur APMC,Cotton,Without Ginned Cotton,FAQ,2026-01-20,5600.0,7200.0,7000.0,28.1,Rs./Quintal,Metric Tonnes
Madhya Pradesh,Alirajpur,Alirajpur APMC,Maize,Local,FAQ,2026-01-20,1540.0,1605.0,1605.0,3.1500000000000004,Rs./Quintal,Metric Tonnes
Madhya Pradesh,Alirajpur,Alirajpur APMC,Soyabean,Soyabeen,FAQ,2026-01-20,3900.0,3900.0,3900.0,10.0,Rs./Quintal,Metric Tonnes
Madhya Pradesh,Alirajpur,Alirajpur APMC,Wheat,Wheat,FAQ,2026-01-20,2400.0,2420.0,2400.0,37.6,Rs./Quintal,Metric Tonnes
Madhya Pradesh,Satna,Amarpatan APMC,Wheat,Mill Quality,FAQ,2026-01-20,2500.0,2530.0,2530.0,38.834,Rs./Quintal,Metric Tonnes
Madhya Pradesh,Satna,Amarpatan APMC,Wheat,Wheat,Non-FAQ,2026-01-20,2400.0,2400.0,2400.0,32.089999999999996,Rs./Quintal,Metric Tonnes
Madhya Pradesh,Chhindwara,Amarwda APMC,Maize,Local,Non-FAQ,2026-01-20,1500.0,1670.0,1660.0,129.6,Rs./Quintal,Metric Tonnes
Madhya Pradesh,Chhindwara,Amarwda APMC,Maize,Yellow,FAQ,2026-01-20,1500.0,1764.0,1700.0,1047.18,Rs./Quintal,Metric Tonnes
Madhya Pradesh,Chhindwara,Amarwda APMC,Maize,Yellow,Non-FAQ,2026-01-20,1625.0,1675.0,1675.0,68.391,Rs./Quintal,Metric Tonnes
Madhya Pradesh,Chhindwara,Amarwda APMC,Maize,Local,FAQ,2026-01-20,1500.0,1748.0,1600.0,1640.5,Rs./Quintal,Metric Tonnes
Madhya Pradesh,Morena,Ambaha APMC,Bajra(Pearl Millet/Cumbu),Millet,Non-FAQ,2026-01-20,2100.0,2110.0,2100.0,12.3,Rs./Quintal,Metric Tonnes
Madhya Pradesh,Morena,Ambaha APMC,Mustard,Mustard,FAQ,2026-01-20,6500.0,6500.0,6500.0,2.2,Rs./Quintal,Metric Tonnes
Madhya Pradesh,Morena,Ambaha APMC,Wheat,Wheat,FAQ,2026-01-20,2525.0,2525.0,2525.0,2.6,Rs./Quintal,Metric Tonnes
Madhya Pradesh,Badwani,Anjad APMC,Cotton,Without Ginned Cotton,FAQ,2026-01-20,6030.0,7550.0,7550.0,3.38,Rs./Quintal,Metric Tonnes
Madhya Pradesh,Badwani,Anjad APMC,Maize,Yellow,FAQ,2026-01-20,1431.0,1600.0,1500.0,302.925,Rs./Quintal,Metric Tonnes
Madhya Pradesh,Badwani,Anjad APMC,Maize,Local,FAQ,2026-01-20,1430.0,1650.0,1550.0,251.48000000000002,Rs./Quintal,Metric Tonnes
Madhya Pradesh,Anupur,Anuppur APMC,Kodo Millet(Varagu),Kondo,FAQ,2026-01-20,2300.0,2300.0,2300.0,8.0,Rs./Quintal,Metric Tonnes
Madhya Pradesh,Anupur,Anuppur APMC,Kutki,Kutki,FAQ,2026-01-20,4200.0,4200.0,4200.0,6.9,Rs./Quintal,Metric Tonnes
Madhya Pradesh,Anupur,Anuppur APMC,Soyabean,Soyabeen,Non-FAQ,2026-01-20,4151.0,4151.0,4151.0,32.800000000000004,Rs./Quintal,Metric Tonnes
Madhya Pradesh,Anupur,Anuppur APMC,Wheat,Wheat,Non-FAQ,2026-01-20,2450.0,2500.0,2500.0,8.5,Rs./Quintal,Metric Tonnes
Madhya Pradesh,Guna,Aron APMC,Bengal Gram(Gram)(Whole),Gram,FAQ,2026-01-20,4910.0,5230.0,5230.0,4.21,Rs./Quintal,Metric Tonnes
Madhya Pradesh,Guna,Aron APMC,Maize,Local,Non-FAQ,2026-01-20,1465.0,1622.0,1500.0,49.078,Rs./Quintal,Metric Tonnes
Madhya Pradesh,Guna,Aron APMC,Maize,Local,FAQ,2026-01-20,1250.0,1760.0,1500.0,1857.6570000000002,Rs./Quintal,Metric Tonnes
Madhya Pradesh,Guna,Aron APMC,Soyabean,Soyabeen,FAQ,2026-01-20,4460.0,4685.0,4685.0,1.5910000000000002,Rs./Quintal,Metric Tonnes
Madhya Pradesh,Guna,Aron APMC,Wheat,Wheat,FAQ,2026-01-20,2447.0,2550.0,2550.0,11.215000000000002,Rs./Quintal,Metric Tonnes
Madhya Pradesh,Ashoknagar,Ashoknagar APMC,Bengal Gram(Gram)(Whole),Gram,FAQ,2026-01-20,4761.0,5296.0,5070.0,41.562000000000005,Rs./Quintal,Metric Tonnes
Madhya Pradesh,Ashoknagar,Ashoknagar APMC,Coriander(Leaves),Coriander,FAQ,2026-01-20,8300.0,9860.0,9150.0,10.982,Rs./Bundle,Bundle
Madhya Pradesh,Ashoknagar,Ashoknagar APMC,Lak(Teora),Tiwada,FAQ,2026-01-20,2165.0,3481.0,3481.0,10.041,Rs./Quintal,Metric Tonnes
Madhya Pradesh,Ashoknagar,Ashoknagar APMC,Lentil(Masur)(Whole),Masur Dal,FAQ,2026-01-20,5630.0,5791.0,5630.0,3.013,Rs./Quintal,Metric Tonnes
Madhya Pradesh,Ashoknagar,Ashoknagar APMC,Maize,Local,FAQ,2026-01-20,1320.0,1750.0,1570.0,1743.207,Rs./Quintal,Metric Tonnes
Madhya Pradesh,Ashoknagar,Ashoknagar APMC,Mustard,Mustard,FAQ,2026-01-20,4075.0,6591.0,6591.0,3.918,Rs./Quintal,Metric Tonnes
Madhya Pradesh,Ashoknagar,Ashoknagar APMC,Paddy(Common),Dhan,FAQ,2026-01-20,2370.0,3765.0,3600.0,477.78900000000004,Rs./Quintal,Metric Tonnes
Madhya Pradesh,Ashoknagar,Ashoknagar APMC,Paddy(Common),Paddy,FAQ,2026-01-20,3580.0,3580.0,3580.0,4.0,Rs./Quintal,Metric Tonnes
Madhya Pradesh,Ashoknagar,Ashoknagar APMC,Soyabean,Soyabeen,FAQ,2026-01-20,3711.0,5635.0,5100.0,149.443,Rs./Quintal,Metric Tonnes
Madhya Pradesh,Ashoknagar,Ashoknagar APMC,Wheat,Wheat,FAQ,2026-01-20,2375.0,3775.0,2600.0,340.456,Rs./Quintal,Metric Tonnes
Madhya Pradesh,Ashoknagar,Ashoknagar APMC,buttery,Buttery,FAQ,2026-01-20,3280.0,4555.0,4555.0,4.98,Rs./Quintal,Metric Tonnes
Madhya Pradesh,Sehore,Ashta APMC,Bengal Gram(Gram)(Whole),Gram,FAQ,2026-01-20,3002.0,7500.0,5601.0,28.558999999999997,Rs./Quintal,Metric Tonnes
Madhya Pradesh,Sehore,Ashta APMC,Bengal Gram(Gram)(Whole),Chana Kabuli,FAQ,2026-01-20,5000.0,8081.0,7500.0,27.355000000000004,Rs./Quintal,Metric Tonnes
Madhya Pradesh,Sehore,Ashta APMC,Garlic,Garlic,FAQ,2026-01-20,4400.0,10700.0,4400.0,2.9120000000000004,Rs./Quintal,Metric Tonnes
Madhya Pradesh,Sehore,Ashta APMC,Kabuli Chana(Chickpeas-White),Dollar Gram,FAQ,2026-01-20,5000.0,8301.0,8301.0,4.71,Rs./Quintal,Metric Tonnes
Madhya Pradesh,Sehore,Ashta APMC,Lentil(Masur)(Whole),Masur Dal,FAQ,2026-01-20,4500.0,6000.0,6000.0,3.9000000000000004,Rs./Quintal,Metric Tonnes
Madhya Pradesh,Sehore,Ashta APMC,Maize,Local,FAQ,2026-01-20,1452.0,1600.0,1574.0,74.613,Rs./Quintal,Metric Tonnes
Madhya Pradesh,Sehore,Ashta APMC,Mustard,Sarson(Black),FAQ,2026-01-20,5557.0,5557.0,5557.0,0.122,Rs./Quintal,Metric Tonnes
Madhya Pradesh,Sehore,Ashta APMC,Red gram/Arhar/Tur(whole),Arhar Dal(Tur),FAQ,2026-01-20,7201.0,7301.0,7301.0,0.47100000000000003,Rs./Quintal,Metric Tonnes
Madhya Pradesh,Sehore,Ashta APMC,Soyabean,Soyabeen,FAQ,2026-01-20,2860.0,6570.0,5380.0,298.404,Rs./Quintal,Metric Tonnes
Madhya Pradesh,Sehore,Ashta APMC,Wheat,Wheat,FAQ,2026-01-20,2401.0,3501.0,2681.0,284.27500000000003,Rs./Quintal,Metric Tonnes
Madhya Pradesh,Sehore,Ashta APMC,Wheat,Mill Quality,FAQ,2026-01-20,2491.0,2491.0,2491.0,1.3090000000000002,Rs./Quintal,Metric Tonnes
Madhya Pradesh,Hoshangabad,Babai APMC,Paddy(Common),Basmati,FAQ,2026-01-20,3625.0,3650.0,3650.0,35.7,Rs./Quintal,Metric Tonnes
Madhya Pradesh,Hoshangabad,Babai APMC,Wheat,Mill Quality,FAQ,2026-01-20,2460.0,2460.0,2460.0,5.16,Rs./Quintal,Metric Tonnes
Madhya Pradesh,Chhatarpur,Badamalhera APMC,Maize,Local,Non-FAQ,2026-01-20,1535.0,1550.0,1550.0,37.5,Rs./Quintal,Metric Tonnes
Madhya Pradesh,Chhatarpur,Badamalhera APMC,Soyabean,Soyabeen,FAQ,2026-01-20,4950.0,5405.0,5405.0,26.32,Rs./Quintal,Metric Tonnes
Madhya Pradesh,Chhatarpur,Badamalhera APMC,Wheat,Mill Quality,Non-FAQ,2026-01-20,2470.0,2620.0,2560.0,274.90000000000003,Rs./Quintal,Metric Tonnes
Madhya Pradesh,Shivpuri,Badarwas APMC,Bengal Gram(Gram)(Whole),Gram,Non-FAQ,2026-01-20,4810.0,5205.0,5205.0,1.129,Rs./Quintal,Metric Tonnes
Madhya Pradesh,Shivpuri,Badarwas APMC,Black Gram(Urd Beans)(Whole),Urda/Urd,Non-FAQ,2026-01-20,4860.0,4860.0,4860.0,0.35600000000000004,Rs./Quintal,Metric Tonnes
Madhya Pradesh,Shivpuri,Badarwas APMC,Maize,Local,FAQ,2026-01-20,1250.0,1660.0,1550.0,343.172,Rs./Quintal,Metric Tonnes
Madhya Pradesh,Shivpuri,Badarwas APMC,Maize,Local,Non-FAQ,2026-01-20,1000.0,1805.0,1500.0,2003.078,Rs./Quintal,Metric Tonnes
Madhya Pradesh,Shivpuri,Badarwas APMC,Mustard,Mustard,Non-FAQ,2026-01-20,5900.0,5900.0,5900.0,1.084,Rs./Quintal,Metric Tonnes
Madhya Pradesh,Shivpuri,Badarwas APMC,Paddy(Common),Red,Non-FAQ,2026-01-20,1775.0,1775.0,1775.0,1.548,Rs./Quintal,Metric Tonnes
Madhya Pradesh,Shivpuri,Badarwas APMC,Soyabean,Soyabeen,Non-FAQ,2026-01-20,5160.0,5240.0,5240.0,5.518000000000001,Rs./Quintal,Metric Tonnes
Madhya Pradesh,Shivpuri,Badarwas APMC,Wheat,Wheat,FAQ,2026-01-20,2730.0,2730.0,2730.0,4.598,Rs./Quintal,Metric Tonnes
Madhya Pradesh,Shivpuri,Badarwas APMC,Wheat,Wheat,Non-FAQ,2026-01-20,2470.0,2850.0,2550.0,26.569000000000003,Rs./Quintal,Metric Tonnes
Madhya Pradesh,Ujjain,Badnagar APMC,Bengal Gram(Gram)(Whole),Gram,FAQ,2026-01-20,3801.0,6440.0,5299.0,1.615,Rs./Quintal,Metric Tonnes
Madhya Pradesh,Ujjain,Badnagar APMC,Bengal Gram(Gram)(Whole),Gram,Non-FAQ,2026-01-20,5200.0,5200.0,5200.0,0.8,Rs./Quintal,Metric Tonnes
Madhya Pradesh,Ujjain,Badnagar APMC,Black Gram(Urd Beans)(Whole),Urda/Urd,FAQ,2026-01-20,6300.0,6601.0,6601.0,0.377,Rs./Quintal,Metric Tonnes
Madhya Pradesh,Ujjain,Badnagar APMC,Garlic,Garlic,FAQ,2026-01-20,615.0,8500.0,8500.0,1.8710000000000002,Rs./Quintal,Metric Tonnes
Madhya Pradesh,Ujjain,Badnagar APMC,Green Peas,Pea,FAQ,2026-01-20,1000.0,5275.0,3750.0,13.406,Rs./Quintal,Metric Tonnes
Madhya Pradesh,Ujjain,Badnagar APMC,Kabuli Chana(Chickpeas-White),Dollar Gram,FAQ,2026-01-20,4000.0,8800.0,7800.0,15.079,Rs./Quintal,Metric Tonnes
Madhya Pradesh,Ujjain,Badnagar APMC,Soyabean,Yellow,FAQ,2026-01-20,1500.0,6900.0,5400.0,475.163,Rs./Quintal,Metric Tonnes
Madhya Pradesh,Ujjain,Badnagar APMC,Wheat,Wheat,FAQ,2026-01-20,2356.0,3025.0,2685.0,56.829,Rs./Quintal,Metric Tonnes
Madhya Pradesh,Dhar,Badnawar APMC,Bengal Gram(Gram)(Whole),Gram,FAQ,2026-01-20,5160.0,5160.0,5160.0,0.045000000000000005,Rs./Quintal,Metric Tonnes
Madhya Pradesh,Dhar,Badnawar APMC,Cotton,Without Ginned Cotton,FAQ,2026-01-20,7300.0,7550.0,7406.0,16.501,Rs./Quintal,Metric Tonnes
Madhya Pradesh,Dhar,Badnawar APMC,Garlic,Garlic,FAQ,2026-01-20,2200.0,3100.0,3100.0,15.350000000000001,Rs./Quintal,Metric Tonnes
Madhya Pradesh,Dhar,Badnawar APMC,Kabuli Chana(Chickpeas-White),Dollar Gram,FAQ,2026-01-20,5900.0,8465.0,8465.0,0.39,Rs./Quintal,Metric Tonnes
Madhya Pradesh,Dhar,Badnawar APMC,Maize,Local,FAQ,2026-01-20,1465.0,1825.0,1700.0,16.608,Rs./Quintal,Metric Tonnes
Madhya Pradesh,Dhar,Badnawar APMC,Soyabean,Yellow,Non-FAQ,2026-01-20,4990.0,4990.0,4990.0,2.318,Rs./Quintal,Metric Tonnes
Madhya Pradesh,Dhar,Badnawar APMC,Soyabean,Soyabeen,FAQ,2026-01-20,5171.0,5171.0,5171.0,4.36,Rs./Quintal,Metric Tonnes
Madhya Pradesh,Dhar,Badnawar APMC,Soyabean,Yellow,FAQ,2026-01-20,2700.0,6500.0,5475.0,280.452,Rs./Quintal,Metric Tonnes
Madhya Pradesh,Dhar,Badnawar APMC,Wheat,Wheat,FAQ,2026-01-20,2351.0,2910.0,2720.0,83.29500000000002,Rs./Quintal,Metric Tonnes
Madhya Pradesh,Dhar,Badnawar APMC,Wheat,Wheat-Organic,FAQ,2026-01-20,2210.0,2210.0,2210.0,12.100000000000001,Rs./Quintal,Metric Tonnes
Madhya Pradesh,Shajapur,Badod APMC,Soyabean,Soyabeen,Non-FAQ,2026-01-20,4788.0,5486.0,5486.0,1.6440000000000001,Rs./Quintal,Metric Tonnes
Madhya Pradesh,Shajapur,Badod APMC,Wheat,Wheat,Non-FAQ,2026-01-20,2493.0,2599.0,2599.0,2.095,Rs./Quintal,Metric Tonnes
Madhya Pradesh,Khargone,Badwaha APMC,Cotton,Without Ginned Cotton,FAQ,2026-01-20,4365.0,7615.0,7260.0,69.354,Rs./Quintal,Metric Tonnes
Madhya Pradesh,Khargone,Badwaha APMC,Cotton,Without Ginned Cotton,Non-FAQ,2026-01-20,4520.0,4560.0,4560.0,7.542000000000001,Rs./Quintal,Metric Tonnes
Madhya Pradesh,Khargone,Badwaha APMC,Maize,Local,FAQ,2026-01-20,1190.0,1600.0,1545.0,77.40800000000002,Rs./Quintal,Metric Tonnes
Madhya Pradesh,Khargone,Badwaha APMC,Red gram/Arhar/Tur(whole),Arhar Dal(Tur),FAQ,2026-01-20,5890.0,6345.0,6345.0,5.229,Rs./Quintal,Metric Tonnes
Madhya Pradesh,Khargone,Badwaha APMC,Wheat,Wheat,FAQ,2026-01-20,2370.0,2635.0,2635.0,7.777,Rs./Quintal,Metric Tonnes
Madhya Pradesh,Badwani,Badwani APMC,Maize,Yellow,FAQ,2026-01-20,1400.0,1550.0,1505.0,88.4,Rs./Quintal,Metric Tonnes
Madhya Pradesh,Badwani,Badwani APMC,Wheat,Wheat,FAQ,2026-01-20,2605.0,2650.0,2650.0,28.400000000000002,Rs./Quintal,Metric Tonnes
Madhya Pradesh,Dewas,Bagli APMC,Maize,Yellow,Non-FAQ,2026-01-20,1300.0,1626.0,1621.0,82.62,Rs./Quintal,Metric Tonnes
Madhya Pradesh,Dewas,Bagli APMC,Red gram/Arhar/Tur(whole),Arhar Dal(Tur),Non-FAQ,2026-01-20,5899.0,6601.0,6601.0,1.486,Rs./Quintal,Metric Tonnes
Madhya Pradesh,Dewas,Bagli APMC,Wheat,Mill Quality,Non-FAQ,2026-01-20,2425.0,2425.0,2425.0,0.11599999999999999,Rs./Quintal,Metric Tonnes
Madhya Pradesh,Rewa,Baikunthpur APMC,Kodo Millet(Varagu),Kondo,FAQ,2026-01-20,2200.0,2230.0,2230.0,10.0,Rs./Quintal,Metric Tonnes
Madhya Pradesh,Rewa,Baikunthpur APMC,Mustard,Mustard,Non-FAQ,2026-01-20,6000.0,6000.0,6000.0,2.5,Rs./Quintal,Metric Tonnes
Madhya Pradesh,Rewa,Baikunthpur APMC,Wheat,Wheat,FAQ,2026-01-20,2535.0,2550.0,2540.0,18.635,Rs./Quintal,Metric Tonnes
Madhya Pradesh,Rewa,Baikunthpur APMC,Wheat,Mill Quality,Non-FAQ,2026-01-20,2450.0,2565.0,2550.0,100.07000000000001,Rs./Quintal,Metric Tonnes
Madhya Pradesh,Rewa,Baikunthpur APMC,Wheat,Mill Quality,FAQ,2026-01-20,2540.0,2545.0,2545.0,8.455,Rs./Quintal,Metric Tonnes
Madhya Pradesh,Sehore,Baktara APMC,Paddy(Common),Basmati,Non-FAQ,2026-01-20,3865.0,4001.0,4001.0,94.72500000000001,Rs./Quintal,Metric Tonnes
Madhya Pradesh,Sehore,Baktara APMC,Paddy(Common),Basmati,FAQ,2026-01-20,2911.0,4051.0,3851.0,728.95,Rs./Quintal,Metric Tonnes
Madhya Pradesh,Sehore,Baktara APMC,Wheat,Wheat,FAQ,2026-01-20,2499.0,2499.0,2499.0,4.2,Rs./Quintal,Metric Tonnes
Madhya Pradesh,Balaghat,Balaghat APMC,Paddy(Common),Paddy,FAQ,2026-01-20,1805.0,2020.0,2020.0,41.24,Rs./Quintal,Metric Tonnes
Madhya Pradesh,Balaghat,Balaghat APMC,Wheat,Wheat,FAQ,2026-01-20,2200.0,2200.0,2200.0,2.7,Rs./Quintal,Metric Tonnes
Madhya Pradesh,Badwani,Balwadi APMC,Maize,Local,FAQ,2026-01-20,1500.0,1580.0,1550.0,56.84,Rs./Quintal,Metric Tonnes
Madhya Pradesh,Badwani,Balwadi APMC,Red gram/Arhar/Tur(whole),Arhar Dal(Tur),FAQ,2026-01-20,6450.0,6700.0,6500.0,48.648,Rs./Quintal,Metric Tonnes
Madhya Pradesh,Sagar,Bamora APMC,Bengal Gram(Gram)(Whole),Desi (F.A.Q. Split),FAQ,2026-01-20,4780.0,5150.0,5000.0,7.305,Rs./Quintal,Metric Tonnes
Madhya Pradesh,Sagar,Bamora APMC,Lentil(Masur)(Whole),Local,FAQ,2026-01-20,5871.0,5871.0,5871.0,0.18200000000000002,Rs./Quintal,Metric Tonnes
Madhya Pradesh,Sagar,Bamora APMC,Maize,Local,FAQ,2026-01-20,1399.0,1440.0,1440.0,2.74,Rs./Quintal,Metric Tonnes
Madhya Pradesh,Sagar,Bamora APMC,Soyabean,Yellow,FAQ,2026-01-20,5000.0,5300.0,5300.0,0.8810000000000001,Rs./Quintal,Metric Tonnes
Madhya Pradesh,Sagar,Bamora APMC,Wheat,Mill Quality,FAQ,2026-01-20,2525.0,2680.0,2680.0,4.599,Rs./Quintal,Metric Tonnes
Madhya Pradesh,Hoshangabad,Banapura APMC,Bengal Gram(Gram)(Whole),Desi (F.A.Q. Split),FAQ,2026-01-20,3333.0,5251.0,4601.0,8.795,Rs./Quintal,Metric Tonnes
Madhya Pradesh,Hoshangabad,Banapura APMC,Maize,Yellow,FAQ,2026-01-20,1251.0,1676.0,1640.0,1614.4700000000003,Rs./Quintal,Metric Tonnes
Madhya Pradesh,Hoshangabad,Banapura APMC,Maize,Yellow,Non-FAQ,2026-01-20,1635.0,1641.0,1640.0,72.0,Rs./Quintal,Metric Tonnes
Madhya Pradesh,Hoshangabad,Banapura APMC,Maize,Local,Non-FAQ,2026-01-20,1200.0,1200.0,1200.0,12.32,Rs./Quintal,Metric Tonnes
Madhya Pradesh,Hoshangabad,Banapura APMC,Soyabean,Yellow,FAQ,2026-01-20,4699.0,5149.0,5149.0,10.07,Rs./Quintal,Metric Tonnes
Madhya Pradesh,Hoshangabad,Banapura APMC,Wheat,Local,FAQ,2026-01-20,2400.0,2556.0,2535.0,286.065,Rs./Quintal,Metric Tonnes
Madhya Pradesh,Sagar,Banda APMC,Maize,Local,FAQ,2026-01-20,1450.0,1600.0,1555.0,261.362,Rs./Quintal,Metric Tonnes
Madhya Pradesh,Sagar,Banda APMC,Soyabean,Soyabeen,FAQ,2026-01-20,5200.0,5240.0,5240.0,0.2,Rs./Quintal,Metric Tonnes
Madhya Pradesh,Sagar,Banda APMC,Wheat,Wheat,FAQ,2026-01-20,2476.0,2505.0,2476.0,15.067,Rs./Quintal,Metric Tonnes
Madhya Pradesh,Hoshangabad,Bankhedi APMC,Paddy(Common),Kranti,FAQ,2026-01-20,2000.0,2283.0,2283.0,3.6100000000000003,Rs./Quintal,Metric Tonnes
Madhya Pradesh,Hoshangabad,Bankhedi APMC,Paddy(Common),Dhan,FAQ,2026-01-20,3401.0,3981.0,3701.0,273.395,Rs./Quintal,Metric Tonnes
Madhya Pradesh,Hoshangabad,Bankhedi APMC,Paddy(Common),Puspa (MR 301),FAQ,2026-01-20,3500.0,3950.0,3900.0,228.579,Rs./Quintal,Metric Tonnes
Madhya Pradesh,Hoshangabad,Bankhedi APMC,Red gram/Arhar/Tur(whole),Arhar Dal(Tur),FAQ,2026-01-20,6800.0,6800.0,6800.0,0.5900000000000001,Rs./Quintal,Metric Tonnes
Madhya Pradesh,Hoshangabad,Bankhedi APMC,Soyabean,Soyabeen,FAQ,2026-01-20,4870.0,4870.0,4870.0,0.22000000000000003,Rs./Quintal,Metric Tonnes
Madhya Pradesh,Hoshangabad,Bankhedi APMC,Wheat,Mill Quality,FAQ,2026-01-20,2300.0,2577.0,2300.0,66.98,Rs./Quintal,Metric Tonnes
Madhya Pradesh,Hoshangabad,Bankhedi APMC,Wheat,Wheat,FAQ,2026-01-20,2575.0,2900.0,2900.0,70.15,Rs./Quintal,Metric Tonnes
Madhya Pradesh,Shivpuri,Barad APMC,Groundnut,Big (With Shell),FAQ,2026-01-20,5000.0,6715.0,6275.0,29.465,Rs./Quintal,Metric Tonnes
Madhya Pradesh,Shivpuri,Barad APMC,Maize,Local,FAQ,2026-01-20,1525.0,1599.0,1599.0,7.753,Rs./Quintal,Metric Tonnes
Madhya Pradesh,Shivpuri,Barad APMC,Mustard,Mustard,FAQ,2026-01-20,5026.0,6925.0,6290.0,66.139,Rs./Quintal,Metric Tonnes
Madhya Pradesh,Shivpuri,Barad APMC,Soyabean,Soyabeen,Non-FAQ,2026-01-20,3400.0,3400.0,3400.0,0.119,Rs./Quintal,Metric Tonnes
Madhya Pradesh,Shivpuri,Barad APMC,Soyabean,Soyabeen,FAQ,2026-01-20,4850.0,5350.0,5200.0,103.55000000000001,Rs./Quintal,Metric Tonnes
Madhya Pradesh,Shivpuri,Barad APMC,Wheat,Wheat,FAQ,2026-01-20,2400.0,2598.0,2598.0,18.306,Rs./Quintal,Metric Tonnes
Madhya Pradesh,Raisen,Bareli APMC,Bengal Gram(Gram)(Whole),Gram,FAQ,2026-01-20,4301.0,5530.0,5530.0,5.675000000000001,Rs./Quintal,Metric Tonnes
Madhya Pradesh,Raisen,Bareli APMC,Lak(Teora),Tiwada,FAQ,2026-01-20,3170.0,3170.0,3170.0,0.30000000000000004,Rs./Quintal,Metric Tonnes
Madhya Pradesh,Raisen,Bareli APMC,Paddy(Common),Puspa (MR 301),FAQ,2026-01-20,3685.0,3950.0,3900.0,187.98900000000003,Rs./Quintal,Metric Tonnes
Madhya Pradesh,Raisen,Bareli APMC,Paddy(Common),Dhan,FAQ,2026-01-20,3600.0,3911.0,3600.0,521.15,Rs./Quintal,Metric Tonnes
Madhya Pradesh,Raisen,Bareli APMC,Paddy(Common),Basmati,FAQ,2026-01-20,3450.0,3951.0,3851.0,760.4350000000001,Rs./Quintal,Metric Tonnes
Madhya Pradesh,Raisen,Bareli APMC,Paddy(Common),Paddy,FAQ,2026-01-20,2805.0,4050.0,3900.0,1565.567,Rs./Quintal,Metric Tonnes
Madhya Pradesh,Raisen,Bareli APMC,Red gram/Arhar/Tur(whole),Arhar Dal(Tur),FAQ,2026-01-20,6950.0,7405.0,7405.0,0.48,Rs./Quintal,Metric Tonnes
Madhya Pradesh,Raisen,Bareli APMC,Wheat,Mill Quality,FAQ,2026-01-20,2479.0,2531.0,2531.0,6.51,Rs./Quintal,Metric Tonnes
Madhya Pradesh,Khargone,Bedia APMC,Chili Red,Red,FAQ,2026-01-20,7800.0,18500.0,7800.0,3.029,Rs./Quintal,Metric Tonnes
Madhya Pradesh,Shehdol,Beohari APMC,Kutki,Kutki,FAQ,2026-01-20,3000.0,3000.0,3000.0,7.0,Rs./Quintal,Metric Tonnes
Madhya Pradesh,Shajapur,Berachha APMC,Wheat,Wheat,Non-FAQ,2026-01-20,2600.0,2600.0,2600.0,4.5,Rs./Quintal,Metric Tonnes
Madhya Pradesh,Bhopal,Berasia APMC,Bengal Gram(Gram)(Whole),Gram,FAQ,2026-01-20,4700.0,5300.0,5105.0,7.26,Rs./Quintal,Metric Tonnes
Madhya Pradesh,Bhopal,Berasia APMC,Paddy(Common),Basmati,FAQ,2026-01-20,1800.0,3955.0,3875.0,337.82800000000003,Rs./Quintal,Metric Tonnes
Madhya Pradesh,Bhopal,Berasia APMC,Paddy(Common),Dhan,FAQ,2026-01-20,2000.0,2900.0,2900.0,2.045,Rs./Quintal,Metric Tonnes
Madhya Pradesh,Bhopal,Berasia APMC,Red gram/Arhar/Tur(whole),Arhar Dal(Tur),FAQ,2026-01-20,5750.0,5750.0,5750.0,1.611,Rs./Quintal,Metric Tonnes
Madhya Pradesh,Bhopal,Berasia APMC,Soyabean,Soyabeen,FAQ,2026-01-20,3010.0,5645.0,5260.0,13.419,Rs./Quintal,Metric Tonnes
Madhya Pradesh,Bhopal,Berasia APMC,Soyabean,Yellow,FAQ,2026-01-20,2580.0,6225.0,5200.0,125.708,Rs./Quintal,Metric Tonnes
Madhya Pradesh,Bhopal,Berasia APMC,Wheat,Mill Quality,FAQ,2026-01-20,2127.0,2808.0,2465.0,41.439,Rs./Quintal,Metric Tonnes
Madhya Pradesh,Bhopal,Berasia APMC,Wheat,Wheat,FAQ,2026-01-20,1875.0,2868.0,2500.0,109.634,Rs./Quintal,Metric Tonnes
Madhya Pradesh,Betul,Betul APMC,Bengal Gram(Gram)(Whole),Gram,FAQ,2026-01-20,4372.0,5070.0,5070.0,5.25,Rs./Quintal,Metric Tonnes
Madhya Pradesh,Betul,Betul APMC,Gur(Jaggery),Jaggery,FAQ,2026-01-20,3000.0,3000.0,3000.0,38.1,Rs./Quintal,Metric Tonnes
Madhya Pradesh,Betul,Betul APMC,Maize,Yellow,FAQ,2026-01-20,1578.0,1582.0,1579.0,209.20000000000002,Rs./Quintal,Metric Tonnes
Madhya Pradesh,Betul,Betul APMC,Maize,Local,Non-FAQ,2026-01-20,1500.0,1500.0,1500.0,13.321000000000002,Rs./Quintal,Metric Tonnes
Madhya Pradesh,Betul,Betul APMC,Maize,Deshi Red,FAQ,2026-01-20,1400.0,1756.0,1660.0,1955.4,Rs./Quintal,Metric Tonnes
Madhya Pradesh,Betul,Betul APMC,Maize,Yellow,Non-FAQ,2026-01-20,1300.0,1500.0,1500.0,618.923,Rs./Quintal,Metric Tonnes
Madhya Pradesh,Betul,Betul APMC,Maize,Deshi White,FAQ,2026-01-20,1576.0,1576.0,1576.0,7.920000000000001,Rs./Quintal,Metric Tonnes
Madhya Pradesh,Betul,Betul APMC,Soyabean,Soyabeen,FAQ,2026-01-20,5350.0,5444.0,5444.0,17.669999999999998,Rs./Quintal,Metric Tonnes
Madhya Pradesh,Betul,Betul APMC,Wheat,Mill Quality,FAQ,2026-01-20,2320.0,2690.0,2625.0,365.222,Rs./Quintal,Metric Tonnes
Madhya Pradesh,Datia,Bhander APMC,Green Peas,Pea,FAQ,2026-01-20,3600.0,3850.0,3850.0,0.58,Rs./Quintal,Metric Tonnes
Madhya Pradesh,Datia,Bhander APMC,Groundnut,Big (With Shell),FAQ,2026-01-20,6330.0,6515.0,6355.0,8.8,Rs./Quintal,Metric Tonnes
Madhya Pradesh,Datia,Bhander APMC,Paddy(Common),Paddy,FAQ,2026-01-20,3000.0,3620.0,3555.0,100.20400000000001,Rs./Quintal,Metric Tonnes
Madhya Pradesh,Datia,Bhander APMC,Paddy(Common),Dhan,FAQ,2026-01-20,3300.0,3630.0,3565.0,54.879999999999995,Rs./Quintal,Metric Tonnes
Madhya Pradesh,Datia,Bhander APMC,Wheat,Mill Quality,FAQ,2026-01-20,2465.0,2589.0,2570.0,83.965,Rs./Quintal,Metric Tonnes
Madhya Pradesh,Betul,Bhensdehi APMC,Maize,Local,Non-FAQ,2026-01-20,1300.0,1586.0,1586.0,62.713,Rs./Quintal,Metric Tonnes
Madhya Pradesh,Betul,Bhensdehi APMC,Maize,Local,FAQ,2026-01-20,1350.0,1610.0,1500.0,60.306,Rs./Quintal,Metric Tonnes
Madhya Pradesh,Khargone,Bhikangaon APMC,Chili Red,Red,FAQ,2026-01-20,10708.0,10708.0,10708.0,11.591000000000001,Rs./Quintal,Metric Tonnes
Madhya Pradesh,Khargone,Bhikangaon APMC,Maize,Local,FAQ,2026-01-20,98.6,1499.0,1499.0,165.59000000000003,Rs./Quintal,Metric Tonnes
Madhya Pradesh,Bhind,Bhind APMC,Bajra(Pearl Millet/Cumbu),Millet,Non-FAQ,2026-01-20,1850.0,2270.0,1900.0,108.2,Rs./Quintal,Metric Tonnes
Madhya Pradesh,Bhind,Bhind APMC,Mustard,Mustard,FAQ,2026-01-20,6100.0,6635.0,6635.0,17.680000000000003,Rs./Quintal,Metric Tonnes
Madhya Pradesh,Bhind,Bhind APMC,Wheat,Wheat,Non-FAQ,2026-01-20,2521.0,2605.0,2560.0,89.30000000000001,Rs./Quintal,Metric Tonnes
Madhya Pradesh,Gwalior,Bhitarwar APMC,Paddy(Common),Dhan,Non-FAQ,2026-01-20,3150.0,3595.0,3450.0,61.83500000000001,Rs./Quintal,Metric Tonnes
Madhya Pradesh,Gwalior,Bhitarwar APMC,Wheat,Mill Quality,Non-FAQ,2026-01-20,2560.0,2585.0,2585.0,21.455000000000002,Rs./Quintal,Metric Tonnes
Madhya Pradesh,Bhopal,Bhopal APMC,Bengal Gram(Gram)(Whole),Gram,FAQ,2026-01-20,3500.0,5431.0,5431.0,2.827,Rs./Quintal,Metric Tonnes
Madhya Pradesh,Bhopal,Bhopal APMC,Garlic,Garlic,FAQ,2026-01-20,500.0,14600.0,4000.0,32.258,Rs./Quintal,Metric Tonnes
Madhya Pradesh,Bhopal,Bhopal APMC,Lak(Teora),Tiwada,FAQ,2026-01-20,3000.0,3300.0,3300.0,7.550000000000001,Rs./Quintal,Metric Tonnes
Madhya Pradesh,Bhopal,Bhopal APMC,Maize,Local,FAQ,2026-01-20,1611.0,1611.0,1611.0,3.09,Rs./Quintal,Metric Tonnes
Madhya Pradesh,Bhopal,Bhopal APMC,Paddy(Common),Dhan,Non-FAQ,2026-01-20,3725.0,3725.0,3725.0,12.86,Rs./Quintal,Metric Tonnes
Madhya Pradesh,Bhopal,Bhopal APMC,Paddy(Common),Dhan,FAQ,2026-01-20,3351.0,3821.0,3821.0,124.355,Rs./Quintal,Metric Tonnes
Madhya Pradesh,Bhopal,Bhopal APMC,Paddy(Common),Paddy,FAQ,2026-01-20,2425.0,4015.0,3840.0,183.056,Rs./Quintal,Metric Tonnes
Madhya Pradesh,Bhopal,Bhopal APMC,Soyabean,Soyabeen,FAQ,2026-01-20,4400.0,5541.0,5100.0,23.864,Rs./Quintal,Metric Tonnes
Madhya Pradesh,Bhopal,Bhopal APMC,Wheat,Wheat,FAQ,2026-01-20,2460.0,2905.0,2716.0,53.689,Rs./Quintal,Metric Tonnes
Madhya Pradesh,Rajgarh,Biaora APMC,Bengal Gram(Gram)(Whole),Gram,FAQ,2026-01-20,4605.0,5075.0,5075.0,4.219,Rs./Quintal,Metric Tonnes
Madhya Pradesh,Rajgarh,Biaora APMC,Coriander(Leaves),Coriander,FAQ,2026-01-20,4000.0,10700.0,9790.0,14.847999999999999,Rs./Bundle,Bundle
Madhya Pradesh,Rajgarh,Biaora APMC,Lentil(Masur)(Whole),Masur Dal,FAQ,2026-01-20,5405.0,6050.0,6050.0,0.386,Rs./Quintal,Metric Tonnes
Madhya Pradesh,Rajgarh,Biaora APMC,Maize,Local,FAQ,2026-01-20,1445.0,1635.0,1635.0,18.008000000000003,Rs./Quintal,Metric Tonnes
Madhya Pradesh,Rajgarh,Biaora APMC,Mustard,Mustard,FAQ,2026-01-20,6090.0,6090.0,6090.0,0.25,Rs./Quintal,Metric Tonnes
Madhya Pradesh,Rajgarh,Biaora APMC,Soyabean,Soyabeen,FAQ,2026-01-20,4400.0,5400.0,5275.0,62.176,Rs./Quintal,Metric Tonnes
Madhya Pradesh,Rajgarh,Biaora APMC,Wheat,Wheat,FAQ,2026-01-20,2295.0,2595.0,2575.0,244.11,Rs./Quintal,Metric Tonnes
Madhya Pradesh,Chhatarpur,Bijawar APMC,Black Gram(Urd Beans)(Whole),Urda/Urd,Non-FAQ,2026-01-20,5150.0,5210.0,5210.0,15.100000000000001,Rs./Quintal,Metric Tonnes
Madhya Pradesh,Chhatarpur,Bijawar APMC,Mustard,Mustard,Non-FAQ,2026-01-20,6000.0,6000.0,6000.0,2.5,Rs./Quintal,Metric Tonnes
Madhya Pradesh,Chhatarpur,Bijawar APMC,Soyabean,Soyabeen,FAQ,2026-01-20,5000.0,5100.0,5100.0,7.88,Rs./Quintal,Metric Tonnes
Madhya Pradesh,Chhatarpur,Bijawar APMC,Wheat,Mill Quality,Non-FAQ,2026-01-20,2455.0,2500.0,2500.0,19.1,Rs./Quintal,Metric Tonnes
Madhya Pradesh,Chhatarpur,Bijawar APMC,Wheat,Mill Quality,FAQ,2026-01-20,2410.0,2450.0,2450.0,35.9,Rs./Quintal,Metric Tonnes
Madhya Pradesh,Sagar,Bina APMC,Bengal Gram(Gram)(Whole),Gram,FAQ,2026-01-20,4500.0,5428.0,5400.0,93.51,Rs./Quintal,Metric Tonnes
Madhya Pradesh,Sagar,Bina APMC,Black Gram(Urd Beans)(Whole),Urda/Urd,FAQ,2026-01-20,6200.0,6341.0,6341.0,0.395,Rs./Quintal,Metric Tonnes
Madhya Pradesh,Sagar,Bina APMC,Green Peas,Pea,FAQ,2026-01-20,3601.0,4650.0,4650.0,11.170000000000002,Rs./Quintal,Metric Tonnes
Madhya Pradesh,Sagar,Bina APMC,Lak(Teora),Tiwada,FAQ,2026-01-20,2600.0,3650.0,3650.0,28.115,Rs./Quintal,Metric Tonnes
Madhya Pradesh,Sagar,Bina APMC,Lentil(Masur)(Whole),Masur Dal,FAQ,2026-01-20,4301.0,7550.0,6100.0,8.950000000000001,Rs./Quintal,Metric Tonnes
Madhya Pradesh,Sagar,Bina APMC,Maize,Local,FAQ,2026-01-20,1225.0,1536.0,1521.0,43.95,Rs./Quintal,Metric Tonnes
Madhya Pradesh,Sagar,Bina APMC,Mustard,Sarson(Black),FAQ,2026-01-20,6211.0,6211.0,6211.0,0.355,Rs./Quintal,Metric Tonnes
Madhya Pradesh,Sagar,Bina APMC,Mustard,Mustard,FAQ,2026-01-20,5700.0,7391.0,7391.0,1.7550000000000001,Rs./Quintal,Metric Tonnes
Madhya Pradesh,Sagar,Bina APMC,Paddy(Common),Dhan,FAQ,2026-01-20,2000.0,2000.0,2000.0,0.12,Rs./Quintal,Metric Tonnes
Madhya Pradesh,Sagar,Bina APMC,Red gram/Arhar/Tur(whole),Arhar Dal(Tur),FAQ,2026-01-20,6301.0,6301.0,6301.0,3.3450000000000006,Rs./Quintal,Metric Tonnes
Madhya Pradesh,Sagar,Bina APMC,Soyabean,Soyabeen,FAQ,2026-01-20,2700.0,5340.0,5261.0,33.27,Rs./Quintal,Metric Tonnes
Madhya Pradesh,Sagar,Bina APMC,Wheat,Wheat,FAQ,2026-01-20,2400.0,3301.0,2661.0,188.07000000000002,Rs./Quintal,Metric Tonnes
Madhya Pradesh,Sagar,Bina APMC,buttery,Buttery,FAQ,2026-01-20,2900.0,4620.0,4021.0,24.075000000000003,Rs./Quintal,Metric Tonnes
Madhya Pradesh,Guna,Binaganj APMC,Bengal Gram(Gram)(Whole),Gram,FAQ,2026-01-20,4890.0,4890.0,4890.0,2.045,Rs./Quintal,Metric Tonnes
Madhya Pradesh,Guna,Binaganj APMC,Maize,Local,FAQ,2026-01-20,1425.0,1685.0,1615.0,111.269,Rs./Quintal,Metric Tonnes
Madhya Pradesh,Guna,Binaganj APMC,Soyabean,Soyabeen,Non-FAQ,2026-01-20,4990.0,4990.0,4990.0,0.734,Rs./Quintal,Metric Tonnes
Madhya Pradesh,Guna,Binaganj APMC,Soyabean,Soyabeen,FAQ,2026-01-20,4500.0,5300.0,5300.0,11.503,Rs./Quintal,Metric Tonnes
Madhya Pradesh,Guna,Binaganj APMC,Wheat,Wheat,Non-FAQ,2026-01-20,2590.0,2595.0,2595.0,6.567,Rs./Quintal,Metric Tonnes
Madhya Pradesh,Guna,Binaganj APMC,Wheat,Wheat,FAQ,2026-01-20,2570.0,2630.0,2580.0,28.594,Rs./Quintal,Metric Tonnes
Madhya Pradesh,Burhanpur,Burhanpur APMC,Cotton,Medium Fiber,FAQ,2026-01-20,6575.0,7300.0,7300.0,36.938,Rs./Quintal,Metric Tonnes
Madhya Pradesh,Burhanpur,Burhanpur APMC,Jowar(Sorghum),Jowar ( White),FAQ,2026-01-20,2000.0,2000.0,2000.0,28.52,Rs./Quintal,Metric Tonnes
Madhya Pradesh,Burhanpur,Burhanpur APMC,Maize,Local,FAQ,2026-01-20,1385.0,1674.0,1575.0,46.638000000000005,Rs./Quintal,Metric Tonnes
Madhya Pradesh,Burhanpur,Burhanpur APMC,Maize,Local,Non-FAQ,2026-01-20,1500.0,1571.0,1571.0,6.991,Rs./Quintal,Metric Tonnes
Madhya Pradesh,Burhanpur,Burhanpur APMC,Red gram/Arhar/Tur(whole),Arhar Dal(Tur),FAQ,2026-01-20,5858.0,7501.0,6800.0,68.355,Rs./Quintal,Metric Tonnes
Madhya Pradesh,Burhanpur,Burhanpur APMC,Red gram/Arhar/Tur(whole),Arhar Dal(Tur),Non-FAQ,2026-01-20,6465.0,7265.0,6750.0,23.871000000000002,Rs./Quintal,Metric Tonnes
Madhya Pradesh,Burhanpur,Burhanpur APMC,Soyabean,Soyabeen,FAQ,2026-01-20,4450.0,5210.0,4600.0,30.385000000000005,Rs./Quintal,Metric Tonnes
Madhya Pradesh,Burhanpur,Burhanpur APMC,Soyabean,Soyabeen,Non-FAQ,2026-01-20,5290.0,5290.0,5290.0,0.808,Rs./Quintal,Metric Tonnes
Madhya Pradesh,Rewa,Chaakghat APMC,Paddy(Common),Paddy,FAQ,2026-01-20,2370.0,2370.0,2370.0,8.1,Rs./Quintal,Metric Tonnes
Madhya Pradesh,Rewa,Chaakghat APMC,Paddy(Common),Paddy-Organic,FAQ,2026-01-20,2370.0,2370.0,2370.0,10.0,Rs./Quintal,Metric Tonnes
Madhya Pradesh,Rewa,Chaakghat APMC,Wheat,Mill Quality,FAQ,2026-01-20,2435.0,2525.0,2440.0,28.8,Rs./Quintal,Metric Tonnes
Madhya Pradesh,Ashoknagar,Chanderi APMC,Maize,Local,Non-FAQ,2026-01-20,1451.0,1620.0,1600.0,232.27100000000002,Rs./Quintal,Metric Tonnes
Madhya Pradesh,Ashoknagar,Chanderi APMC,Wheat,Wheat,Non-FAQ,2026-01-20,2487.0,2520.0,2510.0,97.78,Rs./Quintal,Metric Tonnes
Madhya Pradesh,Chhindwara,Chaurai APMC,Gur(Jaggery),Jaggery,FAQ,2026-01-20,3011.0,3160.0,3160.0,18.56,Rs./Quintal,Metric Tonnes
Madhya Pradesh,Chhindwara,Chaurai APMC,Maize,Local,FAQ,2026-01-20,1575.0,1700.0,1600.0,141.59,Rs./Quintal,Metric Tonnes
Madhya Pradesh,Chhindwara,Chaurai APMC,Maize,Yellow,Non-FAQ,2026-01-20,1538.0,1666.0,1666.0,50.0,Rs./Quintal,Metric Tonnes
Madhya Pradesh,Chhindwara,Chaurai APMC,Maize,Yellow,FAQ,2026-01-20,1500.0,1771.0,1600.0,2877.4700000000003,Rs./Quintal,Metric Tonnes
Madhya Pradesh,Chhindwara,Chaurai APMC,Maize,Local,Non-FAQ,2026-01-20,1600.0,1600.0,1600.0,6.5,Rs./Quintal,Metric Tonnes
Madhya Pradesh,Chhindwara,Chaurai APMC,Wheat,Mill Quality,FAQ,2026-01-20,2546.0,2589.0,2589.0,13.166,Rs./Quintal,Metric Tonnes
Madhya Pradesh,Chhindwara,Chaurai APMC,Wheat,Wheat,FAQ,2026-01-20,2500.0,2501.0,2501.0,37.6,Rs./Quintal,Metric Tonnes
Madhya Pradesh,Rajgarh,Chhapiheda APMC,Wheat,Wheat,FAQ,2026-01-20,2525.0,2550.0,2525.0,24.692,Rs./Quintal,Metric Tonnes
Madhya Pradesh,Chhatarpur,Chhatarpur APMC,Barley(Jau),Barley,FAQ,2026-01-20,2275.0,2275.0,2275.0,4.1000000000000005,Rs./Quintal,Metric Tonnes
Madhya Pradesh,Chhatarpur,Chhatarpur APMC,Groundnut,Big (With Shell),FAQ,2026-01-20,6590.0,6625.0,6625.0,15.05,Rs./Quintal,Metric Tonnes
Madhya Pradesh,Chhatarpur,Chhatarpur APMC,Groundnut,Big (With Shell),Non-FAQ,2026-01-20,4500.0,6050.0,5625.0,84.7,Rs./Quintal,Metric Tonnes
Madhya Pradesh,Chhatarpur,Chhatarpur APMC,Mustard,Mustard,FAQ,2026-01-20,6110.0,6300.0,6150.0,45.495000000000005,Rs./Quintal,Metric Tonnes
Madhya Pradesh,Chhatarpur,Chhatarpur APMC,Soyabean,Soyabeen,FAQ,2026-01-20,4650.0,4705.0,4650.0,20.5,Rs./Quintal,Metric Tonnes
Madhya Pradesh,Chhatarpur,Chhatarpur APMC,Soyabean,Soyabeen,Non-FAQ,2026-01-20,5000.0,5250.0,5250.0,43.59,Rs./Quintal,Metric Tonnes
Madhya Pradesh,Chhatarpur,Chhatarpur APMC,Wheat,Wheat,Non-FAQ,2026-01-20,2580.0,2890.0,2890.0,31.3,Rs./Quintal,Metric Tonnes
Madhya Pradesh,Chhatarpur,Chhatarpur APMC,Wheat,Mill Quality,FAQ,2026-01-20,2465.0,2480.0,2480.0,32.04,Rs./Quintal,Metric Tonnes
Madhya Pradesh,Chhatarpur,Chhatarpur APMC,Wheat,Wheat,FAQ,2026-01-20,2505.0,2550.0,2540.0,82.15,Rs./Quintal,Metric Tonnes
Madhya Pradesh,Chhatarpur,Chhatarpur APMC,Wheat,Mill Quality,Non-FAQ,2026-01-20,2492.0,2560.0,2500.0,169.32000000000002,Rs./Quintal,Metric Tonnes
Madhya Pradesh,Chhindwara,Chhindwara APMC,Bengal Gram(Gram)(Whole),Gram,FAQ,2026-01-20,3500.0,3500.0,3500.0,1.5,Rs./Quintal,Metric Tonnes
Madhya Pradesh,Chhindwara,Chhindwara APMC,Maize,Yellow,Non-FAQ,2026-01-20,1362.0,1830.0,1715.0,4576.2,Rs./Quintal,Metric Tonnes
Madhya Pradesh,Chhindwara,Chhindwara APMC,Maize,Yellow,FAQ,2026-01-20,1595.0,1595.0,1595.0,12.0,Rs./Quintal,Metric Tonnes
Madhya Pradesh,Chhindwara,Chhindwara APMC,Maize,Maize/Corn-Organic,FAQ,2026-01-20,1630.0,1650.0,1640.0,75.5,Rs./Quintal,Metric Tonnes
Madhya Pradesh,Chhindwara,Chhindwara APMC,Maize,Local,FAQ,2026-01-20,1300.0,1840.0,1725.0,4099.113,Rs./Quintal,Metric Tonnes
Madhya Pradesh,Chhindwara,Chhindwara APMC,Soyabean,Soyabeen,FAQ,2026-01-20,4850.0,5236.0,5236.0,18.73,Rs./Quintal,Metric Tonnes
Madhya Pradesh,Chhindwara,Chhindwara APMC,Wheat,Mill Quality,Non-FAQ,2026-01-20,2630.0,2630.0,2630.0,64.3,Rs./Quintal,Metric Tonnes
Madhya Pradesh,Chhindwara,Chhindwara APMC,Wheat,Wheat,FAQ,2026-01-20,2463.0,3066.0,2691.0,66.97200000000001,Rs./Quintal,Metric Tonnes
Madhya Pradesh,Chhindwara,Chhindwara APMC,Wheat,Mill Quality,FAQ,2026-01-20,2512.0,2990.0,2651.0,155.776,Rs./Quintal,Metric Tonnes
Madhya Pradesh,Seoni,Chhpara APMC,Maize,Local,Non-FAQ,2026-01-20,1650.0,1725.0,1700.0,170.86,Rs./Quintal,Metric Tonnes
Madhya Pradesh,Seoni,Chhpara APMC,Maize,Local,FAQ,2026-01-20,1500.0,1780.0,1780.0,190.0,Rs./Quintal,Metric Tonnes
Madhya Pradesh,Seoni,Chhpara APMC,Maize,Yellow,FAQ,2026-01-20,1550.0,1700.0,1650.0,161.20000000000002,Rs./Quintal,Metric Tonnes
Madhya Pradesh,Seoni,Chhpara APMC,Maize,Yellow,Non-FAQ,2026-01-20,1650.0,1690.0,1690.0,33.5,Rs./Quintal,Metric Tonnes
Madhya Pradesh,Gwalior,Dabra APMC,Paddy(Common),1121,FAQ,2026-01-20,3300.0,3400.0,3360.0,219.8,Rs./Quintal,Metric Tonnes
Madhya Pradesh,Gwalior,Dabra APMC,Paddy(Common),Basmati 1509,FAQ,2026-01-20,3000.0,3695.0,3600.0,109.47500000000001,Rs./Quintal,Metric Tonnes
Madhya Pradesh,Gwalior,Dabra APMC,Paddy(Common),Paddy,FAQ,2026-01-20,3000.0,3670.0,3600.0,279.41,Rs./Quintal,Metric Tonnes
Madhya Pradesh,Gwalior,Dabra APMC,Paddy(Common),Dhan,FAQ,2026-01-20,3300.0,3750.0,3700.0,214.185,Rs./Quintal,Metric Tonnes
Madhya Pradesh,Gwalior,Dabra APMC,Wheat,Wheat,FAQ,2026-01-20,2550.0,2620.0,2620.0,17.23,Rs./Quintal,Metric Tonnes
Madhya Pradesh,Mandsaur,Daloda APMC,Bengal Gram(Gram)(Whole),Gram,FAQ,2026-01-20,4951.0,5200.0,5200.0,0.15600000000000003,Rs./Quintal,Metric Tonnes
Madhya Pradesh,Mandsaur,Daloda APMC,Black Gram(Urd Beans)(Whole),Urda/Urd,FAQ,2026-01-20,4500.0,4500.0,4500.0,0.09100000000000001,Rs./Quintal,Metric Tonnes
Madhya Pradesh,Mandsaur,Daloda APMC,Garlic,Garlic,FAQ,2026-01-20,901.0,17000.0,10000.0,253.16,Rs./Quintal,Metric Tonnes
Madhya Pradesh,Mandsaur,Daloda APMC,Green Peas,Pea,FAQ,2026-01-20,3400.0,3400.0,3400.0,0.014000000000000002,Rs./Quintal,Metric Tonnes
Madhya Pradesh,Mandsaur,Daloda APMC,Kabuli Chana(Chickpeas-White),Dollar Gram,FAQ,2026-01-20,7901.0,7901.0,7901.0,0.017,Rs./Quintal,Metric Tonnes
Madhya Pradesh,Mandsaur,Daloda APMC,Lentil(Masur)(Whole),Masur Dal,FAQ,2026-01-20,5150.0,5800.0,5800.0,0.073,Rs./Quintal,Metric Tonnes
Madhya Pradesh,Mandsaur,Daloda APMC,Linseed,Flaxseed,FAQ,2026-01-20,4001.0,7823.0,7823.0,3.181,Rs./Quintal,Metric Tonnes
Madhya Pradesh,Mandsaur,Daloda APMC,Maize,Local,FAQ,2026-01-20,1658.0,1675.0,1675.0,2.609,Rs./Quintal,Metric Tonnes
Madhya Pradesh,Mandsaur,Daloda APMC,Methi Seeds,Methiseeds,FAQ,2026-01-20,4201.0,5925.0,5650.0,3.694,Rs./Quintal,Metric Tonnes
Madhya Pradesh,Mandsaur,Daloda APMC,Mustard,Mustard,FAQ,2026-01-20,4701.0,6150.0,6150.0,4.424,Rs./Quintal,Metric Tonnes
Madhya Pradesh,Mandsaur,Daloda APMC,Soyabean,Soyabeen,FAQ,2026-01-20,4210.0,5491.0,5491.0,42.476,Rs./Quintal,Metric Tonnes
Madhya Pradesh,Mandsaur,Daloda APMC,Wheat,Wheat,FAQ,2026-01-20,2000.0,2900.0,2650.0,72.104,Rs./Quintal,Metric Tonnes
Madhya Pradesh,Damoh,Damoh APMC,Bengal Gram(Gram)(Whole),Gram,FAQ,2026-01-20,4370.0,5690.0,5350.0,197.008,Rs./Quintal,Metric Tonnes
Madhya Pradesh,Damoh,Damoh APMC,Bengal Gram(Gram)(Whole),Gram,Non-FAQ,2026-01-20,5350.0,5425.0,5425.0,17.527,Rs./Quintal,Metric Tonnes
Madhya Pradesh,Damoh,Damoh APMC,Black Gram(Urd Beans)(Whole),Urda/Urd,FAQ,2026-01-20,4400.0,7435.0,6600.0,42.278,Rs./Quintal,Metric Tonnes
Madhya Pradesh,Damoh,Damoh APMC,Green Gram(Moong)(Whole),Green (Whole),FAQ,2026-01-20,6210.0,6425.0,6425.0,0.34700000000000003,Rs./Quintal,Metric Tonnes
Madhya Pradesh,Damoh,Damoh APMC,Green Peas,Pea,FAQ,2026-01-20,1810.0,4010.0,2510.0,50.731,Rs./Quintal,Metric Tonnes
Madhya Pradesh,Damoh,Damoh APMC,Lentil(Masur)(Whole),Masur Dal,FAQ,2026-01-20,5120.0,7220.0,6300.0,33.891000000000005,Rs./Quintal,Metric Tonnes
Madhya Pradesh,Damoh,Damoh APMC,Linseed,Flaxseed,FAQ,2026-01-20,7905.0,8005.0,8005.0,0.17700000000000002,Rs./Quintal,Metric Tonnes
Madhya Pradesh,Damoh,Damoh APMC,Maize,Local,Non-FAQ,2026-01-20,1600.0,1650.0,1650.0,25.78,Rs./Quintal,Metric Tonnes
Madhya Pradesh,Damoh,Damoh APMC,Maize,Local,FAQ,2026-01-20,1430.0,1750.0,1610.0,363.547,Rs./Quintal,Metric Tonnes
Madhya Pradesh,Damoh,Damoh APMC,Mustard,Mustard,FAQ,2026-01-20,5795.0,7305.0,7305.0,5.167000000000001,Rs./Quintal,Metric Tonnes
Madhya Pradesh,Damoh,Damoh APMC,Red gram/Arhar/Tur(whole),Arhar Dal(Tur),FAQ,2026-01-20,4000.0,7000.0,5900.0,44.838,Rs./Quintal,Metric Tonnes
Madhya Pradesh,Damoh,Damoh APMC,Soyabean,Soyabeen,FAQ,2026-01-20,4510.0,5345.0,5205.0,28.079000000000004,Rs./Quintal,Metric Tonnes
Madhya Pradesh,Damoh,Damoh APMC,Wheat,Wheat,FAQ,2026-01-20,2480.0,2550.0,2540.0,45.09,Rs./Quintal,Metric Tonnes
Madhya Pradesh,Damoh,Damoh APMC,buttery,Buttery,FAQ,2026-01-20,2500.0,5000.0,3800.0,74.163,Rs./Quintal,Metric Tonnes
Madhya Pradesh,Datia,Datia APMC,Bengal Gram(Gram)(Whole),Gram,FAQ,2026-01-20,4650.0,4650.0,4650.0,0.1,Rs./Quintal,Metric Tonnes
Madhya Pradesh,Datia,Datia APMC,Groundnut,Big (With Shell),Non-FAQ,2026-01-20,5600.0,5600.0,5600.0,0.73,Rs./Quintal,Metric Tonnes
Madhya Pradesh,Datia,Datia APMC,Groundnut,Big (With Shell),FAQ,2026-01-20,6135.0,6600.0,6215.0,43.22,Rs./Quintal,Metric Tonnes
Madhya Pradesh,Datia,Datia APMC,Paddy(Common),Paddy,Non-FAQ,2026-01-20,2550.0,2550.0,2550.0,6.0,Rs./Quintal,Metric Tonnes
Madhya Pradesh,Datia,Datia APMC,Paddy(Common),Dhan,FAQ,2026-01-20,2305.0,3730.0,3700.0,72.29,Rs./Quintal,Metric Tonnes
Madhya Pradesh,Datia,Datia APMC,Wheat,Wheat,Non-FAQ,2026-01-20,2550.0,2550.0,2550.0,3.5,Rs./Quintal,Metric Tonnes
Madhya Pradesh,Datia,Datia APMC,Wheat,Mill Quality,Non-FAQ,2026-01-20,2535.0,2535.0,2535.0,4.510000000000001,Rs./Quintal,Metric Tonnes
Madhya Pradesh,Datia,Datia APMC,Wheat,Mill Quality,FAQ,2026-01-20,2500.0,2575.0,2551.0,169.785,Rs./Quintal,Metric Tonnes
Madhya Pradesh,Sagar,Deori APMC,Bengal Gram(Gram)(Whole),Gram,FAQ,2026-01-20,5100.0,5230.0,5180.0,30.34,Rs./Quintal,Metric Tonnes
Madhya Pradesh,Sagar,Deori APMC,Bengal Gram(Gram)(Whole),Gram,Non-FAQ,2026-01-20,5140.0,5250.0,5190.0,66.44,Rs./Quintal,Metric Tonnes
Madhya Pradesh,Sagar,Deori APMC,Bengal Gram(Gram)(Whole),Desi (F.A.Q. Split),FAQ,2026-01-20,5225.0,5225.0,5225.0,1.9030000000000002,Rs./Quintal,Metric Tonnes
Madhya Pradesh,Sagar,Deori APMC,Maize,Local,Non-FAQ,2026-01-20,1590.0,1635.0,1620.0,221.968,Rs./Quintal,Metric Tonnes
Madhya Pradesh,Sagar,Deori APMC,Maize,Local,FAQ,2026-01-20,1525.0,1655.0,1575.0,498.158,Rs./Quintal,Metric Tonnes
Madhya Pradesh,Sagar,Deori APMC,Maize,Yellow,FAQ,2026-01-20,1590.0,1620.0,1620.0,48.551,Rs./Quintal,Metric Tonnes
Madhya Pradesh,Sagar,Deori APMC,Onion,Onion,FAQ,2026-01-20,1000.0,1000.0,1000.0,30.0,Rs./Quintal,Metric Tonnes
Madhya Pradesh,Sagar,Deori APMC,Onion,Onion,Non-FAQ,2026-01-20,1000.0,1000.0,1000.0,19.0,Rs./Quintal,Metric Tonnes
Madhya Pradesh,Sagar,Deori APMC,Wheat,Mill Quality,FAQ,2026-01-20,2500.0,2515.0,2515.0,4.4,Rs./Quintal,Metric Tonnes
Madhya Pradesh,Sagar,Deori APMC,Wheat,Wheat,FAQ,2026-01-20,2450.0,2550.0,2510.0,69.3,Rs./Quintal,Metric Tonnes
Madhya Pradesh,Sagar,Deori APMC,Wheat,Wheat-Organic,FAQ,2026-01-20,2495.0,2495.0,2495.0,7.5,Rs./Quintal,Metric Tonnes
Madhya Pradesh,Sagar,Deori APMC,Wheat,Wheat Mix,FAQ,2026-01-20,2501.0,2501.0,2501.0,7.300000000000001,Rs./Quintal,Metric Tonnes
Madhya Pradesh,Sagar,Deori APMC,buttery,Buttery,FAQ,2026-01-20,3000.0,3000.0,3000.0,1.6870000000000003,Rs./Quintal,Metric Tonnes
Madhya Pradesh,Panna,Devandranagar APMC,Bengal Gram(Gram)(Whole),Gram,Non-FAQ,2026-01-20,5505.0,5515.0,5515.0,9.200000000000001,Rs./Quintal,Metric Tonnes
Madhya Pradesh,Panna,Devandranagar APMC,Wheat,Wheat,Non-FAQ,2026-01-20,2520.0,2525.0,2525.0,9.8,Rs./Quintal,Metric Tonnes
Madhya Pradesh,Dewas,Dewas APMC,Bengal Gram(Gram)(Whole),Gram,FAQ,2026-01-20,2100.0,5600.0,5600.0,3.0440000000000005,Rs./Quintal,Metric Tonnes
Madhya Pradesh,Dewas,Dewas APMC,Coriander(Leaves),Coriander,FAQ,2026-01-20,8191.0,8191.0,8191.0,0.016,Rs./Bundle,Bundle
Madhya Pradesh,Dewas,Dewas APMC,Green Peas,Pea,FAQ,2026-01-20,1601.0,1601.0,1601.0,0.164,Rs./Quintal,Metric Tonnes
Madhya Pradesh,Dewas,Dewas APMC,Kabuli Chana(Chickpeas-White),Dollar Gram,FAQ,2026-01-20,3450.0,9000.0,8300.0,42.007000000000005,Rs./Quintal,Metric Tonnes
Madhya Pradesh,Dewas,Dewas APMC,Lentil(Masur)(Whole),Masur Dal,FAQ,2026-01-20,4700.0,5916.0,5916.0,0.094,Rs./Quintal,Metric Tonnes
Madhya Pradesh,Dewas,Dewas APMC,Maize,Local,FAQ,2026-01-20,1464.0,1573.0,1573.0,6.299,Rs./Quintal,Metric Tonnes
Madhya Pradesh,Dewas,Dewas APMC,Mustard,Mustard,FAQ,2026-01-20,4100.0,4100.0,4100.0,0.685,Rs./Quintal,Metric Tonnes
Madhya Pradesh,Dewas,Dewas APMC,Paddy(Common),Dhan,FAQ,2026-01-20,3953.16,3953.16,3953.16,17.5,Rs./Quintal,Metric Tonnes
Madhya Pradesh,Dewas,Dewas APMC,"Sesamum(Sesame,Gingelly,Til)",Sesame,FAQ,2026-01-20,4351.0,5951.0,5951.0,0.10800000000000001,Rs./Quintal,Metric Tonnes
Madhya Pradesh,Dewas,Dewas APMC,Soyabean,Soyabeen,Non-FAQ,2026-01-20,2400.0,4865.0,4865.0,3.088,Rs./Quintal,Metric Tonnes
Madhya Pradesh,Dewas,Dewas APMC,Soyabean,Soyabeen,FAQ,2026-01-20,1501.0,5650.0,5300.0,524.517,Rs./Quintal,Metric Tonnes
Madhya Pradesh,Dewas,Dewas APMC,Wheat,Wheat,FAQ,2026-01-20,2000.0,2968.0,2500.0,468.684,Rs./Quintal,Metric Tonnes
Madhya Pradesh,Dhar,Dhamnod APMC,Cotton,Without Ginned Cotton,FAQ,2026-01-20,6120.0,7951.0,7640.0,117.586,Rs./Quintal,Metric Tonnes
Madhya Pradesh,Dhar,Dhamnod APMC,Kabuli Chana(Chickpeas-White),Bitkey,FAQ,2026-01-20,4915.0,4915.0,4915.0,0.339,Rs./Quintal,Metric Tonnes
Madhya Pradesh,Dhar,Dhamnod APMC,Kabuli Chana(Chickpeas-White),Dollar Gram,FAQ,2026-01-20,3605.0,9055.0,8575.0,81.805,Rs./Quintal,Metric Tonnes
Madhya Pradesh,Dhar,Dhamnod APMC,Kabuli Chana(Chickpeas-White),Dollar Gram-Organic,FAQ,2026-01-20,8480.0,8480.0,8480.0,2.806,Rs./Quintal,Metric Tonnes
Madhya Pradesh,Dhar,Dhamnod APMC,Maize,Local,FAQ,2026-01-20,1000.0,1737.0,1700.0,229.62300000000002,Rs./Quintal,Metric Tonnes
Madhya Pradesh,Dhar,Dhamnod APMC,Red gram/Arhar/Tur(whole),Arhar Dal(Tur),FAQ,2026-01-20,4700.0,6500.0,6500.0,1.0650000000000002,Rs./Quintal,Metric Tonnes
Madhya Pradesh,Dhar,Dhamnod APMC,Soyabean,Soyabeen,FAQ,2026-01-20,4875.0,5400.0,5400.0,6.29,Rs./Quintal,Metric Tonnes
Madhya Pradesh,Dhar,Dhamnod APMC,Wheat,Wheat,FAQ,2026-01-20,2626.0,2669.0,2650.0,26.918000000000003,Rs./Quintal,Metric Tonnes
Madhya Pradesh,Dhar,Dhar APMC,Bengal Gram(Gram)(Whole),Gram,FAQ,2026-01-20,5155.0,5675.0,5675.0,0.47400000000000003,Rs./Quintal,Metric Tonnes
Madhya Pradesh,Dhar,Dhar APMC,Black Gram(Urd Beans)(Whole),Urda/Urd,FAQ,2026-01-20,3300.0,4900.0,4900.0,0.052000000000000005,Rs./Quintal,Metric Tonnes
Madhya Pradesh,Dhar,Dhar APMC,Green Peas,Pea,FAQ,2026-01-20,3205.0,3205.0,3205.0,0.11699999999999999,Rs./Quintal,Metric Tonnes
Madhya Pradesh,Dhar,Dhar APMC,Kabuli Chana(Chickpeas-White),Bitkey,FAQ,2026-01-20,4900.0,4900.0,4900.0,0.15200000000000002,Rs./Quintal,Metric Tonnes
Madhya Pradesh,Dhar,Dhar APMC,Kabuli Chana(Chickpeas-White),Dollar Gram,FAQ,2026-01-20,4505.0,8950.0,8950.0,5.384,Rs./Quintal,Metric Tonnes
Madhya Pradesh,Dhar,Dhar APMC,Maize,Local,FAQ,2026-01-20,1505.0,1700.0,1600.0,45.849000000000004,Rs./Quintal,Metric Tonnes
Madhya Pradesh,Dhar,Dhar APMC,Soyabean,Soyabeen,FAQ,2026-01-20,1400.0,6670.0,5400.0,258.135,Rs./Quintal,Metric Tonnes
Madhya Pradesh,Dhar,Dhar APMC,Wheat,Wheat,FAQ,2026-01-20,2406.0,2840.0,2712.0,155.411,Rs./Quintal,Metric Tonnes
Madhya Pradesh,Dhar,Dhar APMC,Wheat,Lokwan,FAQ,2026-01-20,2600.0,2600.0,2600.0,20.700000000000003,Rs./Quintal,Metric Tonnes
Madhya Pradesh,Dhar,Dhar APMC,Wheat,Mill Quality,FAQ,2026-01-20,2080.0,2101.0,2081.0,37.274,Rs./Quintal,Metric Tonnes
Madhya Pradesh,Dhar,Dhar APMC,Wheat,Wheat,Non-FAQ,2026-01-20,2710.0,2748.0,2748.0,12.3,Rs./Quintal,Metric Tonnes
Madhya Pradesh,Dindori,Dindori APMC,Niger Seed(Ramtil),Ramatilli,Non-FAQ,2026-01-20,8975.0,9600.0,9000.0,14.200000000000001,Rs./Quintal,Metric Tonnes
Madhya Pradesh,Dindori,Dindori APMC,Paddy(Common),Other,Non-FAQ,2026-01-20,2369.0,2379.0,2370.0,53.400000000000006,Rs./Quintal,Metric Tonnes
Madhya Pradesh,Dindori,Dindori APMC,Paddy(Common),Dhan,Non-FAQ,2026-01-20,2369.0,2369.0,2369.0,7.5,Rs./Quintal,Metric Tonnes
Madhya Pradesh,Dindori,Dindori APMC,Soyabean,Soyabeen,Non-FAQ,2026-01-20,4100.0,4100.0,4100.0,3.0,Rs./Quintal,Metric Tonnes
Madhya Pradesh,Dindori,Dindori APMC,Wheat,Local,Non-FAQ,2026-01-20,2500.0,2500.0,2500.0,2.0,Rs./Quintal,Metric Tonnes
Madhya Pradesh,Dindori,Dindori APMC,Wheat,Mill Quality,Non-FAQ,2026-01-20,2411.0,2411.0,2411.0,5.0,Rs./Quintal,Metric Tonnes
Madhya Pradesh,Narsinghpur,Gadarwada APMC,Bengal Gram(Gram)(Whole),Gram,Non-FAQ,2026-01-20,2200.0,5680.0,5680.0,5.195,Rs./Quintal,Metric Tonnes
Madhya Pradesh,Narsinghpur,Gadarwada APMC,Bengal Gram(Gram)(Whole),Gram,FAQ,2026-01-20,3951.0,5791.0,5791.0,5.045000000000001,Rs./Quintal,Metric Tonnes
Madhya Pradesh,Narsinghpur,Gadarwada APMC,Green Gram(Moong)(Whole),Green (Whole),FAQ,2026-01-20,3300.0,6000.0,6000.0,0.17500000000000002,Rs./Quintal,Metric Tonnes
Madhya Pradesh,Narsinghpur,Gadarwada APMC,Gur(Jaggery),Jaggery,FAQ,2026-01-20,3200.0,3200.0,3200.0,20.318,Rs./Quintal,Metric Tonnes
Madhya Pradesh,Narsinghpur,Gadarwada APMC,Lentil(Masur)(Whole),Masur Dal,FAQ,2026-01-20,5501.0,5501.0,5501.0,0.10500000000000001,Rs./Quintal,Metric Tonnes
Madhya Pradesh,Narsinghpur,Gadarwada APMC,Paddy(Common),Paddy,FAQ,2026-01-20,3600.0,4015.0,3900.0,77.995,Rs./Quintal,Metric Tonnes
Madhya Pradesh,Narsinghpur,Gadarwada APMC,Paddy(Common),Paddy,Non-FAQ,2026-01-20,2200.0,3205.0,3205.0,21.265,Rs./Quintal,Metric Tonnes
Madhya Pradesh,Narsinghpur,Gadarwada APMC,Paddy(Common),Puspa (MR 301),FAQ,2026-01-20,3500.0,4100.0,4001.0,351.77700000000004,Rs./Quintal,Metric Tonnes
Madhya Pradesh,Narsinghpur,Gadarwada APMC,Paddy(Common),Kranti,FAQ,2026-01-20,1751.0,2495.0,2081.0,22.91,Rs./Quintal,Metric Tonnes
Madhya Pradesh,Narsinghpur,Gadarwada APMC,Red gram/Arhar/Tur(whole),Arhar Dal(Tur),FAQ,2026-01-20,6400.0,6900.0,6900.0,1.035,Rs./Quintal,Metric Tonnes
Madhya Pradesh,Narsinghpur,Gadarwada APMC,Soyabean,Soyabeen,FAQ,2026-01-20,4800.0,5200.0,5200.0,5.765000000000001,Rs./Quintal,Metric Tonnes
Madhya Pradesh,Narsinghpur,Gadarwada APMC,Wheat,Mill Quality,FAQ,2026-01-20,2384.0,2541.0,2501.0,79.93,Rs./Quintal,Metric Tonnes
Madhya Pradesh,Raisen,Gairatganj APMC,Lak(Teora),Tiwada,FAQ,2026-01-20,3400.0,3400.0,3400.0,17.400000000000002,Rs./Quintal,Metric Tonnes
Madhya Pradesh,Raisen,Gairatganj APMC,Maize,Maize/Corn-Organic,FAQ,2026-01-20,1520.0,1520.0,1520.0,12.0,Rs./Quintal,Metric Tonnes
Madhya Pradesh,Raisen,Gairatganj APMC,Maize,Local,FAQ,2026-01-20,1510.0,1510.0,1510.0,12.5,Rs./Quintal,Metric Tonnes
Madhya Pradesh,Raisen,Gairatganj APMC,Maize,Local,Non-FAQ,2026-01-20,1425.0,1548.0,1485.0,65.39800000000001,Rs./Quintal,Metric Tonnes
Madhya Pradesh,Raisen,Gairatganj APMC,Paddy(Common),Dhan,Non-FAQ,2026-01-20,2435.0,4081.0,3950.0,287.17800000000005,Rs./Quintal,Metric Tonnes
Madhya Pradesh,Raisen,Gairatganj APMC,Soyabean,Soyabeen,Non-FAQ,2026-01-20,5410.0,5410.0,5410.0,0.1,Rs./Quintal,Metric Tonnes
Madhya Pradesh,Raisen,Gairatganj APMC,Wheat,Wheat,Non-FAQ,2026-01-20,2450.0,2600.0,2600.0,12.940000000000001,Rs./Quintal,Metric Tonnes
Madhya Pradesh,Dhar,Gandhwani APMC,Cotton,Without Ginned Cotton,FAQ,2026-01-20,6200.0,7980.0,7550.0,310.45000000000005,Rs./Quintal,Metric Tonnes
Madhya Pradesh,Dhar,Gandhwani APMC,Maize,Local,FAQ,2026-01-20,1440.0,1600.0,1585.0,42.881,Rs./Quintal,Metric Tonnes
Madhya Pradesh,Dhar,Gandhwani APMC,Soyabean,Soyabeen,FAQ,2026-01-20,5000.0,5000.0,5000.0,4.549,Rs./Quintal,Metric Tonnes
Madhya Pradesh,Dhar,Gandhwani APMC,Wheat,Wheat,FAQ,2026-01-20,2450.0,2700.0,2610.0,42.325,Rs./Quintal,Metric Tonnes
Madhya Pradesh,Vidisha,Ganjbasoda APMC,Paddy(Common),Puspa (MR 301),FAQ,2026-01-20,3620.0,3650.0,3650.0,10.700000000000001,Rs./Quintal,Metric Tonnes
Madhya Pradesh,Vidisha,Ganjbasoda APMC,Paddy(Common),Paddy,FAQ,2026-01-20,3750.0,3800.0,3800.0,136.585,Rs./Quintal,Metric Tonnes
Madhya Pradesh,Vidisha,Ganjbasoda APMC,Soyabean,Soyabeen,FAQ,2026-01-20,4505.0,5345.0,5280.0,4.498,Rs./Quintal,Metric Tonnes
Madhya Pradesh,Vidisha,Ganjbasoda APMC,Wheat,PISSI,FAQ,2026-01-20,2350.0,2595.0,2595.0,2.204,Rs./Quintal,Metric Tonnes
Madhya Pradesh,Sagar,Garhakota APMC,Bengal Gram(Gram)(Whole),Gram,FAQ,2026-01-20,4500.0,5415.0,5390.0,4.065,Rs./Quintal,Metric Tonnes
Madhya Pradesh,Sagar,Garhakota APMC,Bengal Gram(Gram)(Whole),Chana mausami,FAQ,2026-01-20,5400.0,5400.0,5400.0,1.51,Rs./Quintal,Metric Tonnes
Madhya Pradesh,Sagar,Garhakota APMC,Maize,Local,FAQ,2026-01-20,1500.0,1665.0,1595.0,207.522,Rs./Quintal,Metric Tonnes
Madhya Pradesh,Sagar,Garhakota APMC,Maize,Local,Non-FAQ,2026-01-20,1400.0,1500.0,1500.0,37.9,Rs./Quintal,Metric Tonnes
Madhya Pradesh,Sagar,Garhakota APMC,Soyabean,Soyabeen,FAQ,2026-01-20,4850.0,5245.0,5245.0,10.07,Rs./Quintal,Metric Tonnes
Madhya Pradesh,Sagar,Garhakota APMC,Wheat,Wheat,FAQ,2026-01-20,2500.0,2655.0,2505.0,4.4159999999999995,Rs./Quintal,Metric Tonnes
Madhya Pradesh,Mandsaur,Garoth APMC,Wheat,Wheat,Non-FAQ,2026-01-20,2500.0,2500.0,2500.0,1.9500000000000002,Rs./Quintal,Metric Tonnes
Madhya Pradesh,Indore,Gautampura APMC,Soyabean,Soyabeen,FAQ,2026-01-20,2225.0,5283.0,5283.0,8.175,Rs./Quintal,Metric Tonnes
Madhya Pradesh,Indore,Gautampura APMC,Wheat,Wheat,FAQ,2026-01-20,2600.0,2600.0,2600.0,3.5100000000000002,Rs./Quintal,Metric Tonnes
Madhya Pradesh,Indore,Gautampura APMC,Wheat,Wheat,Non-FAQ,2026-01-20,2275.0,2775.0,2775.0,1.453,Rs./Quintal,Metric Tonnes
Madhya Pradesh,Indore,Gautampura APMC,Wheat,Lokwan,FAQ,2026-01-20,2555.0,2555.0,2555.0,5.085000000000001,Rs./Quintal,Metric Tonnes
Madhya Pradesh,Seoni,Ghansour APMC,Maize,Local,FAQ,2026-01-20,1621.0,1625.0,1625.0,21.0,Rs./Quintal,Metric Tonnes
Madhya Pradesh,Seoni,Ghansour APMC,Maize,Yellow,FAQ,2026-01-20,1490.0,1520.0,1520.0,30.214,Rs./Quintal,Metric Tonnes
Madhya Pradesh,Bhind,Gohad APMC,Bajra(Pearl Millet/Cumbu),Millet,FAQ,2026-01-20,1835.0,1850.0,1835.0,3.375,Rs./Quintal,Metric Tonnes
Madhya Pradesh,Bhind,Gohad APMC,Mustard,Mustard,FAQ,2026-01-20,6330.0,6870.0,6740.0,74.45,Rs./Quintal,Metric Tonnes
Madhya Pradesh,Bhind,Gohad APMC,Paddy(Common),Paddy,FAQ,2026-01-20,2950.0,3595.0,3150.0,99.58200000000001,Rs./Quintal,Metric Tonnes
Madhya Pradesh,Bhind,Gohad APMC,Paddy(Common),Basmati 1509,FAQ,2026-01-20,2895.0,3200.0,3200.0,14.540000000000001,Rs./Quintal,Metric Tonnes
Madhya Pradesh,Bhind,Gohad APMC,Wheat,Mill Quality,Non-FAQ,2026-01-20,2490.0,2601.0,2601.0,15.5,Rs./Quintal,Metric Tonnes
Madhya Pradesh,Bhind,Gohad APMC,Wheat,Wheat,FAQ,2026-01-20,2470.0,2610.0,2545.0,39.365,Rs./Quintal,Metric Tonnes
Madhya Pradesh,Dindori,Gorakhpur APMC,Kutki,Kutki,FAQ,2026-01-20,1400.0,4200.0,4200.0,77.15,Rs./Quintal,Metric Tonnes
Madhya Pradesh,Dindori,Gorakhpur APMC,Niger Seed(Ramtil),Ramatilli,Non-FAQ,2026-01-20,8800.0,9000.0,9000.0,18.0,Rs./Quintal,Metric Tonnes
Madhya Pradesh,Dindori,Gorakhpur APMC,Paddy(Common),Paddy,FAQ,2026-01-20,2369.0,2371.0,2371.0,55.6,Rs./Quintal,Metric Tonnes
Madhya Pradesh,Dindori,Gorakhpur APMC,Soyabean,Yellow,Non-FAQ,2026-01-20,4420.0,4500.0,4500.0,5.0,Rs./Quintal,Metric Tonnes
Madhya Pradesh,Dindori,Gorakhpur APMC,Soyabean,Yellow,FAQ,2026-01-20,4000.0,4500.0,4500.0,10.603000000000002,Rs./Quintal,Metric Tonnes
Madhya Pradesh,Dindori,Gorakhpur APMC,Wheat,Mill Quality,Non-FAQ,2026-01-20,2400.0,2500.0,2500.0,2.7,Rs./Quintal,Metric Tonnes
Madhya Pradesh,Dindori,Gorakhpur APMC,buttery,Buttery,FAQ,2026-01-20,3000.0,3010.0,3010.0,6.0,Rs./Quintal,Metric Tonnes
Madhya Pradesh,Narsinghpur,Gotegaon APMC,Gur(Jaggery),Jaggery,FAQ,2026-01-20,3345.0,3725.0,3651.0,284.2,Rs./Quintal,Metric Tonnes
Madhya Pradesh,Narsinghpur,Gotegaon APMC,Maize,Local,FAQ,2026-01-20,1525.0,1525.0,1525.0,12.5,Rs./Quintal,Metric Tonnes
Madhya Pradesh,Narsinghpur,Gotegaon APMC,Maize,Local,Non-FAQ,2026-01-20,1400.0,1600.0,1500.0,112.0,Rs./Quintal,Metric Tonnes
Madhya Pradesh,Vidisha,Gulabganj APMC,Paddy(Common),Paddy,FAQ,2026-01-20,2800.0,2820.0,2800.0,57.54,Rs./Quintal,Metric Tonnes
Madhya Pradesh,Guna,Guna APMC,Bengal Gram(Gram)(Whole),Gram,FAQ,2026-01-20,4350.0,5310.0,5000.0,21.287000000000003,Rs./Quintal,Metric Tonnes
Madhya Pradesh,Guna,Guna APMC,Black Gram(Urd Beans)(Whole),Urda/Urd,FAQ,2026-01-20,4970.0,6215.0,6215.0,6.620000000000001,Rs./Quintal,Metric Tonnes
Madhya Pradesh,Guna,Guna APMC,Coriander(Leaves),Coriander,FAQ,2026-01-20,8025.0,10300.0,9700.0,76.674,Rs./Bundle,Bundle
Madhya Pradesh,Guna,Guna APMC,Green Gram(Moong)(Whole),Green (Whole),FAQ,2026-01-20,4905.0,7575.0,7575.0,3.3560000000000003,Rs./Quintal,Metric Tonnes
Madhya Pradesh,Guna,Guna APMC,Maize,Local,FAQ,2026-01-20,1200.0,1905.0,1470.0,1976.448,Rs./Quintal,Metric Tonnes
Madhya Pradesh,Guna,Guna APMC,Maize,Local,Non-FAQ,2026-01-20,1225.0,1645.0,1640.0,73.82300000000001,Rs./Quintal,Metric Tonnes
Madhya Pradesh,Guna,Guna APMC,Mustard,Mustard,FAQ,2026-01-20,5205.0,5555.0,5555.0,3.8409999999999997,Rs./Quintal,Metric Tonnes
Madhya Pradesh,Guna,Guna APMC,Paddy(Common),Dhan,FAQ,2026-01-20,2150.0,3460.0,3460.0,17.294,Rs./Quintal,Metric Tonnes
Madhya Pradesh,Guna,Guna APMC,Wheat,Wheat,Non-FAQ,2026-01-20,2285.0,2285.0,2285.0,1.27,Rs./Quintal,Metric Tonnes
Madhya Pradesh,Guna,Guna APMC,Wheat,Wheat,FAQ,2026-01-20,1830.0,3425.0,2520.0,584.611,Rs./Quintal,Metric Tonnes
Madhya Pradesh,Guna,Guna APMC,Wheat,Sujatha,FAQ,2026-01-20,2635.0,2635.0,2635.0,2.508,Rs./Quintal,Metric Tonnes
Madhya Pradesh,Dewas,Haatpipliya APMC,Bengal Gram(Gram)(Whole),Gram,Non-FAQ,2026-01-20,4080.0,5150.0,5150.0,0.254,Rs./Quintal,Metric Tonnes
Madhya Pradesh,Dewas,Haatpipliya APMC,Maize,Local,Non-FAQ,2026-01-20,1300.0,1641.0,1540.0,52.324000000000005,Rs./Quintal,Metric Tonnes
Madhya Pradesh,Dewas,Haatpipliya APMC,Soyabean,Soyabeen,Non-FAQ,2026-01-20,2901.0,5400.0,5281.0,55.75900000000001,Rs./Quintal,Metric Tonnes
Madhya Pradesh,Dewas,Haatpipliya APMC,Wheat,Wheat,Non-FAQ,2026-01-20,2361.0,2896.0,2600.0,37.071,Rs./Quintal,Metric Tonnes
Madhya Pradesh,Rewa,Hanumana APMC,Kodo Millet(Varagu),Kondo,FAQ,2026-01-20,2200.0,2400.0,2400.0,13.0,Rs./Quintal,Metric Tonnes
Madhya Pradesh,Rewa,Hanumana APMC,Wheat,Mill Quality,FAQ,2026-01-20,2400.0,2470.0,2470.0,63.800000000000004,Rs./Quintal,Metric Tonnes
Madhya Pradesh,Harda,Harda APMC,Bengal Gram(Gram)(Whole),Desi (F.A.Q. Split),FAQ,2026-01-20,3300.0,5350.0,5300.0,46.263000000000005,Rs./Quintal,Metric Tonnes
Madhya Pradesh,Harda,Harda APMC,Bengal Gram(Gram)(Whole),Chana Kabuli,FAQ,2026-01-20,2090.0,5599.0,5172.0,218.87600000000003,Rs./Quintal,Metric Tonnes
Madhya Pradesh,Harda,Harda APMC,Green Gram(Moong)(Whole),Green (Whole),FAQ,2026-01-20,1500.0,7699.0,7400.0,10.385,Rs./Quintal,Metric Tonnes
Madhya Pradesh,Harda,Harda APMC,Kabuli Chana(Chickpeas-White),Dollar Gram,FAQ,2026-01-20,2602.0,8301.0,8000.0,34.133,Rs./Quintal,Metric Tonnes
Madhya Pradesh,Harda,Harda APMC,Maize,Yellow,FAQ,2026-01-20,1101.0,1644.0,1600.0,925.39,Rs./Quintal,Metric Tonnes
Madhya Pradesh,Harda,Harda APMC,Mustard,Mustard,FAQ,2026-01-20,4401.0,6601.0,6601.0,1.0470000000000002,Rs./Quintal,Metric Tonnes
Madhya Pradesh,Harda,Harda APMC,Red gram/Arhar/Tur(whole),Arhar Dal(Tur),FAQ,2026-01-20,6001.0,6241.0,6241.0,0.793,Rs./Quintal,Metric Tonnes
Madhya Pradesh,Harda,Harda APMC,Soyabean,Yellow,FAQ,2026-01-20,3050.0,5500.0,5200.0,61.402,Rs./Quintal,Metric Tonnes
Madhya Pradesh,Harda,Harda APMC,Wheat,Mill Quality,FAQ,2026-01-20,2351.0,2590.0,2570.0,180.55200000000002,Rs./Quintal,Metric Tonnes
Madhya Pradesh,Harda,Harda APMC,Wheat,Mill Quality,Non-FAQ,2026-01-20,2550.0,2550.0,2550.0,51.625,Rs./Quintal,Metric Tonnes
Madhya Pradesh,Chhatarpur,Harpalpur APMC,Groundnut,Big (With Shell),FAQ,2026-01-20,5635.0,5890.0,5890.0,2.579,Rs./Quintal,Metric Tonnes
Madhya Pradesh,Chhatarpur,Harpalpur APMC,Lak(Teora),Tiwada,FAQ,2026-01-20,3200.0,3308.0,3308.0,16.532,Rs./Quintal,Metric Tonnes
Madhya Pradesh,Chhatarpur,Harpalpur APMC,Wheat,Wheat,FAQ,2026-01-20,2600.0,2609.0,2609.0,27.122000000000003,Rs./Quintal,Metric Tonnes
Madhya Pradesh,Khandwa,Harsood APMC,Bengal Gram(Gram)(Whole),Gram,FAQ,2026-01-20,4600.0,5151.0,5151.0,0.527,Rs./Quintal,Metric Tonnes
Madhya Pradesh,Khandwa,Harsood APMC,Maize,Yellow,Non-FAQ,2026-01-20,1301.0,1540.0,1540.0,7.690000000000001,Rs./Quintal,Metric Tonnes
Madhya Pradesh,Khandwa,Harsood APMC,Maize,Local,FAQ,2026-01-20,1300.0,1300.0,1300.0,10.0,Rs./Quintal,Metric Tonnes
Madhya Pradesh,Khandwa,Harsood APMC,Maize,Yellow,FAQ,2026-01-20,1271.0,1608.0,1590.0,103.61,Rs./Quintal,Metric Tonnes
Madhya Pradesh,Khandwa,Harsood APMC,Mustard,Mustard,FAQ,2026-01-20,5100.0,5100.0,5100.0,1.6,Rs./Quintal,Metric Tonnes
Madhya Pradesh,Khandwa,Harsood APMC,Red gram/Arhar/Tur(whole),Arhar Dal(Tur),FAQ,2026-01-20,5941.0,6270.0,6270.0,0.9800000000000001,Rs./Quintal,Metric Tonnes
Madhya Pradesh,Khandwa,Harsood APMC,Soyabean,Yellow,FAQ,2026-01-20,1501.0,5500.0,5200.0,28.108,Rs./Quintal,Metric Tonnes
Madhya Pradesh,Khandwa,Harsood APMC,Wheat,Wheat,FAQ,2026-01-20,2451.0,2600.0,2531.0,59.830999999999996,Rs./Quintal,Metric Tonnes
Madhya Pradesh,Khandwa,Harsood APMC,Wheat,Mill Quality,FAQ,2026-01-20,2455.0,2500.0,2500.0,35.72,Rs./Quintal,Metric Tonnes
Madhya Pradesh,Hoshangabad,Hoshangabad APMC,Wheat,Wheat,Non-FAQ,2026-01-20,2430.0,2430.0,2430.0,5.08,Rs./Quintal,Metric Tonnes
Madhya Pradesh,Sehore,Ichhawar APMC,Maize,Local,FAQ,2026-01-20,1370.0,1598.0,1598.0,29.949,Rs./Quintal,Metric Tonnes
Madhya Pradesh,Sehore,Ichhawar APMC,Mustard,Mustard,FAQ,2026-01-20,4701.0,4701.0,4701.0,0.10500000000000001,Rs./Quintal,Metric Tonnes
Madhya Pradesh,Sehore,Ichhawar APMC,Soyabean,Soyabeen,FAQ,2026-01-20,3800.0,5600.0,5411.0,10.724,Rs./Quintal,Metric Tonnes
Madhya Pradesh,Sehore,Ichhawar APMC,Wheat,Wheat,FAQ,2026-01-20,2200.0,3000.0,2500.0,44.548,Rs./Quintal,Metric Tonnes
Madhya Pradesh,Indore,Indore APMC,Bengal Gram(Gram)(Whole),Gram,FAQ,2026-01-20,1595.0,6105.0,6105.0,18.457,Rs./Quintal,Metric Tonnes
Madhya Pradesh,Indore,Indore APMC,Black Gram(Urd Beans)(Whole),Urda/Urd,FAQ,2026-01-20,5400.0,7950.0,7950.0,28.175,Rs./Quintal,Metric Tonnes
Madhya Pradesh,Indore,Indore APMC,Chili Red,Red,FAQ,2026-01-20,8500.0,17400.0,17400.0,5.41,Rs./Quintal,Metric Tonnes
Madhya Pradesh,Indore,Indore APMC,Garlic,Garlic,FAQ,2026-01-20,500.0,15100.0,3000.0,238.599,Rs./Quintal,Metric Tonnes
Madhya Pradesh,Indore,Indore APMC,Green Gram(Moong)(Whole),Green (Whole),FAQ,2026-01-20,6270.0,6270.0,6270.0,0.883,Rs./Quintal,Metric Tonnes
Madhya Pradesh,Indore,Indore APMC,Kabuli Chana(Chickpeas-White),Dollar Gram,FAQ,2026-01-20,2800.0,9455.0,8500.0,367.20300000000003,Rs./Quintal,Metric Tonnes
Madhya Pradesh,Indore,Indore APMC,Linseed,Flaxseed,FAQ,2026-01-20,7095.0,7095.0,7095.0,0.37200000000000005,Rs./Quintal,Metric Tonnes
Madhya Pradesh,Indore,Indore APMC,Maize,Local,FAQ,2026-01-20,900.0,1624.0,1624.0,24.322000000000003,Rs./Quintal,Metric Tonnes
Madhya Pradesh,Indore,Indore APMC,Mustard,Mustard,FAQ,2026-01-20,5855.0,6000.0,6000.0,2.924,Rs./Quintal,Metric Tonnes
Madhya Pradesh,Indore,Indore APMC,Onion,Other,FAQ,2026-01-20,662.0,1699.0,1699.0,467.14700000000005,Rs./Quintal,Metric Tonnes
Madhya Pradesh,Indore,Indore APMC,Onion,Onion,FAQ,2026-01-20,259.0,1867.0,1867.0,1097.307,Rs./Quintal,Metric Tonnes
Madhya Pradesh,Indore,Indore APMC,Onion,Onion,Non-FAQ,2026-01-20,760.0,1723.0,1686.0,190.592,Rs./Quintal,Metric Tonnes
Madhya Pradesh,Indore,Indore APMC,Paddy(Common),Paddy,FAQ,2026-01-20,2769.19,2769.19,2769.19,25.275000000000002,Rs./Quintal,Metric Tonnes
Madhya Pradesh,Indore,Indore APMC,Potato,Local,FAQ,2026-01-20,249.0,959.0,959.0,854.4209999999999,Rs./Quintal,Metric Tonnes
Madhya Pradesh,Indore,Indore APMC,Potato,Local,Non-FAQ,2026-01-20,440.0,959.0,959.0,150.357,Rs./Quintal,Metric Tonnes
Madhya Pradesh,Indore,Indore APMC,Red gram/Arhar/Tur(whole),Arhar Dal(Tur),FAQ,2026-01-20,4925.0,7050.0,5400.0,128.77,Rs./Quintal,Metric Tonnes
Madhya Pradesh,Indore,Indore APMC,"Sesamum(Sesame,Gingelly,Til)",Sesame,FAQ,2026-01-20,4300.0,7250.0,7250.0,0.136,Rs./Quintal,Metric Tonnes
Madhya Pradesh,Indore,Indore APMC,Soyabean,Soyabeen,FAQ,2026-01-20,3200.0,6200.0,5150.0,149.536,Rs./Quintal,Metric Tonnes
Madhya Pradesh,Indore,Indore APMC,Tobacco,Tobacco,FAQ,2026-01-20,2811.33,2811.33,2811.33,10.940000000000001,Rs./Quintal,Metric Tonnes
Madhya Pradesh,Indore,Indore APMC,Turmeric,Turmeric,FAQ,2026-01-20,16200.0,22700.0,22700.0,8.43,Rs./Quintal,Metric Tonnes
Madhya Pradesh,Indore,Indore APMC,Wheat,Wheat,FAQ,2026-01-20,2000.0,2930.0,2540.0,211.464,Rs./Quintal,Metric Tonnes
Madhya Pradesh,Indore,Indore APMC,Wheat,Malwa Shakti,Non-FAQ,2026-01-20,2620.0,2620.0,2620.0,0.71,Rs./Quintal,Metric Tonnes
Madhya Pradesh,Indore,Indore APMC,Wheat,Wheat,Non-FAQ,2026-01-20,2740.0,2740.0,2740.0,55.04,Rs./Quintal,Metric Tonnes
Madhya Pradesh,Ashoknagar,Isagarh APMC,Bengal Gram(Gram)(Whole),Gram,FAQ,2026-01-20,5250.0,5300.0,5300.0,5.058,Rs./Quintal,Metric Tonnes
Madhya Pradesh,Ashoknagar,Isagarh APMC,Maize,Yellow,FAQ,2026-01-20,1300.0,1325.0,1325.0,43.5,Rs./Quintal,Metric Tonnes
Madhya Pradesh,Ashoknagar,Isagarh APMC,Maize,Local,FAQ,2026-01-20,1395.0,1675.0,1490.0,448.42100000000005,Rs./Quintal,Metric Tonnes
Madhya Pradesh,Hoshangabad,Itarsi APMC,Bengal Gram(Gram)(Whole),Gram,FAQ,2026-01-20,4415.0,5099.0,5099.0,9.645000000000001,Rs./Quintal,Metric Tonnes
Madhya Pradesh,Hoshangabad,Itarsi APMC,Green Gram(Moong)(Whole),Green (Whole),FAQ,2026-01-20,1900.0,6700.0,5965.0,8.765,Rs./Quintal,Metric Tonnes
Madhya Pradesh,Hoshangabad,Itarsi APMC,Maize,Local,FAQ,2026-01-20,1240.0,1741.0,1620.0,691.7950000000001,Rs./Quintal,Metric Tonnes
Madhya Pradesh,Hoshangabad,Itarsi APMC,Paddy(Common),Paddy,FAQ,2026-01-20,2305.0,4060.0,3885.0,1301.335,Rs./Quintal,Metric Tonnes
Madhya Pradesh,Hoshangabad,Itarsi APMC,Paddy(Common),Red,FAQ,2026-01-20,3735.0,3850.0,3850.0,11.765,Rs./Quintal,Metric Tonnes
Madhya Pradesh,Hoshangabad,Itarsi APMC,Paddy(Common),Dhan,FAQ,2026-01-20,2400.0,4025.0,3855.0,512.24,Rs./Quintal,Metric Tonnes
Madhya Pradesh,Hoshangabad,Itarsi APMC,Soyabean,Soyabeen,FAQ,2026-01-20,3800.0,5453.0,5453.0,5.845000000000001,Rs./Quintal,Metric Tonnes
Madhya Pradesh,Hoshangabad,Itarsi APMC,Wheat,Local,FAQ,2026-01-20,2535.0,2535.0,2535.0,7.805,Rs./Quintal,Metric Tonnes
Madhya Pradesh,Hoshangabad,Itarsi APMC,Wheat,Wheat,FAQ,2026-01-20,2493.0,2570.0,2538.0,164.93,Rs./Quintal,Metric Tonnes
Madhya Pradesh,Jabalpur,Jabalpur APMC,Bengal Gram(Gram)(Whole),Gram,FAQ,2026-01-20,4630.0,5485.0,4785.0,18.271,Rs./Quintal,Metric Tonnes
Madhya Pradesh,Jabalpur,Jabalpur APMC,Black Gram(Urd Beans)(Whole),Urda/Urd,FAQ,2026-01-20,4000.0,8200.0,7795.0,33.855000000000004,Rs./Quintal,Metric Tonnes
Madhya Pradesh,Jabalpur,Jabalpur APMC,Green Gram(Moong)(Whole),Green (Whole),FAQ,2026-01-20,3355.0,6555.0,6555.0,2.055,Rs./Quintal,Metric Tonnes
Madhya Pradesh,Jabalpur,Jabalpur APMC,Green Peas,Pea,FAQ,2026-01-20,1400.0,4090.0,4090.0,17.262,Rs./Quintal,Metric Tonnes
Madhya Pradesh,Jabalpur,Jabalpur APMC,Kodo Millet(Varagu),Kondo,FAQ,2026-01-20,2100.0,2200.0,2200.0,7.0,Rs./Quintal,Metric Tonnes
Madhya Pradesh,Jabalpur,Jabalpur APMC,Kutki,Kutki,FAQ,2026-01-20,4250.0,4400.0,4275.0,38.1,Rs./Quintal,Metric Tonnes
Madhya Pradesh,Jabalpur,Jabalpur APMC,Lentil(Masur)(Whole),Masur Dal,FAQ,2026-01-20,5250.0,5955.0,5855.0,6.821,Rs./Quintal,Metric Tonnes
Madhya Pradesh,Jabalpur,Jabalpur APMC,Linseed,Flaxseed,FAQ,2026-01-20,7350.0,7700.0,7700.0,0.42400000000000004,Rs./Quintal,Metric Tonnes
Madhya Pradesh,Jabalpur,Jabalpur APMC,Maize,Local,Non-FAQ,2026-01-20,1450.0,1450.0,1450.0,12.200000000000001,Rs./Quintal,Metric Tonnes
Madhya Pradesh,Jabalpur,Jabalpur APMC,Maize,Local,FAQ,2026-01-20,1350.0,1705.0,1670.0,498.88800000000003,Rs./Quintal,Metric Tonnes
Madhya Pradesh,Jabalpur,Jabalpur APMC,Mustard,Mustard,FAQ,2026-01-20,5700.0,6855.0,6855.0,3.2729999999999997,Rs./Quintal,Metric Tonnes
Madhya Pradesh,Jabalpur,Jabalpur APMC,Paddy(Common),Dhan,FAQ,2026-01-20,1500.0,2005.0,1845.0,132.132,Rs./Quintal,Metric Tonnes
Madhya Pradesh,Jabalpur,Jabalpur APMC,Paddy(Common),Paddy,FAQ,2026-01-20,1830.0,2685.0,2685.0,2.491,Rs./Quintal,Metric Tonnes
Madhya Pradesh,Jabalpur,Jabalpur APMC,Red gram/Arhar/Tur(whole),Arhar Dal(Tur),FAQ,2026-01-20,5910.0,7205.0,7205.0,11.922,Rs./Quintal,Metric Tonnes
Madhya Pradesh,Jabalpur,Jabalpur APMC,Soyabean,Soyabeen,FAQ,2026-01-20,4915.0,5185.0,5185.0,0.962,Rs./Quintal,Metric Tonnes
Madhya Pradesh,Jabalpur,Jabalpur APMC,Wheat,Wheat,FAQ,2026-01-20,2341.0,2699.0,2590.0,368.636,Rs./Quintal,Metric Tonnes
Madhya Pradesh,Jabalpur,Jabalpur APMC,buttery,Buttery,FAQ,2026-01-20,2700.0,4240.0,3150.0,10.040000000000001,Rs./Quintal,Metric Tonnes
Madhya Pradesh,Sagar,Jaisinagar APMC,Maize,Yellow,FAQ,2026-01-20,1480.0,1645.0,1600.0,281.79,Rs./Quintal,Metric Tonnes
Madhya Pradesh,Sagar,Jaisinagar APMC,Maize,Local,FAQ,2026-01-20,1450.0,1625.0,1575.0,222.92399999999998,Rs./Quintal,Metric Tonnes
Madhya Pradesh,Sagar,Jaisinagar APMC,Wheat,Wheat Mix,FAQ,2026-01-20,2510.0,2510.0,2510.0,2.5100000000000002,Rs./Quintal,Metric Tonnes
Madhya Pradesh,Sagar,Jaisinagar APMC,Wheat,Mill Quality,FAQ,2026-01-20,2400.0,2470.0,2470.0,27.5,Rs./Quintal,Metric Tonnes
Madhya Pradesh,Anupur,Jaithari APMC,Paddy(Common),1121,FAQ,2026-01-20,2200.0,2200.0,2200.0,6.15,Rs./Quintal,Metric Tonnes
Madhya Pradesh,Anupur,Jaithari APMC,Wheat,Mill Quality,FAQ,2026-01-20,2400.0,2400.0,2400.0,6.0200000000000005,Rs./Quintal,Metric Tonnes
Madhya Pradesh,Ratlam,Jaora APMC,Asalia,Asalia,FAQ,2026-01-20,5800.0,5800.0,5800.0,0.024,Rs./Quintal,Metric Tonnes
Madhya Pradesh,Ratlam,Jaora APMC,Bengal Gram(Gram)(Whole),Gram,FAQ,2026-01-20,2300.0,5890.0,5270.0,12.591000000000001,Rs./Quintal,Metric Tonnes
Madhya Pradesh,Ratlam,Jaora APMC,Black Gram(Urd Beans)(Whole),Urda/Urd,FAQ,2026-01-20,2495.0,7070.0,5000.0,4.665,Rs./Quintal,Metric Tonnes
Madhya Pradesh,Ratlam,Jaora APMC,Coriander(Leaves),Coriander,FAQ,2026-01-20,6425.0,10000.0,10000.0,0.205,Rs./Bundle,Bundle
Madhya Pradesh,Ratlam,Jaora APMC,Garlic,Garlic,FAQ,2026-01-20,600.0,15500.0,8000.0,93.06400000000001,Rs./Quintal,Metric Tonnes
Madhya Pradesh,Ratlam,Jaora APMC,Green Peas,Pea,FAQ,2026-01-20,1800.0,3726.0,3726.0,3.486,Rs./Quintal,Metric Tonnes
Madhya Pradesh,Ratlam,Jaora APMC,Kabuli Chana(Chickpeas-White),Dollar Gram,FAQ,2026-01-20,2000.0,8850.0,8151.0,59.67100000000001,Rs./Quintal,Metric Tonnes
Madhya Pradesh,Ratlam,Jaora APMC,Lentil(Masur)(Whole),Masur Dal,FAQ,2026-01-20,5700.0,6302.0,6000.0,3.004,Rs./Quintal,Metric Tonnes
Madhya Pradesh,Ratlam,Jaora APMC,Linseed,Flaxseed,FAQ,2026-01-20,7301.0,8011.0,8011.0,20.533,Rs./Quintal,Metric Tonnes
Madhya Pradesh,Ratlam,Jaora APMC,Methi Seeds,Methiseeds,FAQ,2026-01-20,1500.0,8100.0,5600.0,81.97300000000001,Rs./Quintal,Metric Tonnes
Madhya Pradesh,Ratlam,Jaora APMC,Mustard,Mustard,FAQ,2026-01-20,4800.0,6601.0,6250.0,28.897000000000006,Rs./Quintal,Metric Tonnes
Madhya Pradesh,Ratlam,Jaora APMC,Onion,Onion,FAQ,2026-01-20,481.0,1527.0,1100.0,67.72500000000001,Rs./Quintal,Metric Tonnes
Madhya Pradesh,Ratlam,Jaora APMC,"Sesamum(Sesame,Gingelly,Til)",Sesame,FAQ,2026-01-20,5199.0,8400.0,8400.0,2.465,Rs./Quintal,Metric Tonnes
Madhya Pradesh,Ratlam,Jaora APMC,Soyabean,Soyabeen,FAQ,2026-01-20,2100.0,5500.0,5400.0,238.114,Rs./Quintal,Metric Tonnes
Madhya Pradesh,Ratlam,Jaora APMC,Wheat,Wheat,FAQ,2026-01-20,1541.0,3401.0,2800.0,511.899,Rs./Quintal,Metric Tonnes
Madhya Pradesh,Ratlam,Jaora APMC,basil,Basil,FAQ,2026-01-20,15501.0,18300.0,18300.0,0.067,Rs./Quintal,Metric Tonnes
Madhya Pradesh,Ratlam,Jaora APMC,poppy seeds,Khaskhas,FAQ,2026-01-20,118000.0,135700.0,120000.0,0.15200000000000002,Rs./Quintal,Metric Tonnes
Madhya Pradesh,Tikamgarh,Jatara APMC,Wheat,Wheat,Non-FAQ,2026-01-20,2490.0,2555.0,2540.0,294.96500000000003,Rs./Quintal,Metric Tonnes
Madhya Pradesh,Tikamgarh,Jatara APMC,Wheat,Local,Non-FAQ,2026-01-20,2501.0,2540.0,2508.0,30.085000000000004,Rs./Quintal,Metric Tonnes
Madhya Pradesh,Tikamgarh,Jatara APMC,Wheat,Mill Quality,Non-FAQ,2026-01-20,2490.0,2550.0,2540.0,125.06400000000002,Rs./Quintal,Metric Tonnes
Madhya Pradesh,Neemuch,Javad APMC,Garlic,Garlic,FAQ,2026-01-20,3500.0,14000.0,8000.0,7.003,Rs./Quintal,Metric Tonnes
Madhya Pradesh,Neemuch,Javad APMC,Groundnut,Big (With Shell),FAQ,2026-01-20,5680.0,5680.0,5680.0,0.034999999999999996,Rs./Quintal,Metric Tonnes
Madhya Pradesh,Neemuch,Javad APMC,Maize,Local,FAQ,2026-01-20,1461.0,1655.0,1600.0,46.324000000000005,Rs./Quintal,Metric Tonnes
Madhya Pradesh,Neemuch,Javad APMC,Wheat,Local,FAQ,2026-01-20,2711.0,2711.0,2711.0,0.29100000000000004,Rs./Quintal,Metric Tonnes
Madhya Pradesh,Damoh,Javera APMC,Maize,Yellow,Non-FAQ,2026-01-20,1400.0,1402.0,1402.0,40.7,Rs./Quintal,Metric Tonnes
Madhya Pradesh,Damoh,Javera APMC,Maize,Local,FAQ,2026-01-20,1500.0,1700.0,1600.0,131.913,Rs./Quintal,Metric Tonnes
Madhya Pradesh,Damoh,Javera APMC,Maize,Local,Non-FAQ,2026-01-20,1400.0,1600.0,1400.0,67.0,Rs./Quintal,Metric Tonnes
Madhya Pradesh,Damoh,Javera APMC,Wheat,Mill Quality,FAQ,2026-01-20,2460.0,2460.0,2460.0,24.0,Rs./Quintal,Metric Tonnes
Madhya Pradesh,Damoh,Javera APMC,Wheat,Wheat,Non-FAQ,2026-01-20,2500.0,2500.0,2500.0,1.5,Rs./Quintal,Metric Tonnes
Madhya Pradesh,Sehore,Jawar APMC,Bengal Gram(Gram)(Whole),Gram,FAQ,2026-01-20,5040.0,5040.0,5040.0,0.1,Rs./Quintal,Metric Tonnes
Madhya Pradesh,Sehore,Jawar APMC,Lentil(Masur)(Whole),Masur Dal,FAQ,2026-01-20,5691.0,5691.0,5691.0,0.244,Rs./Quintal,Metric Tonnes
Madhya Pradesh,Sehore,Jawar APMC,Mustard,Mustard,FAQ,2026-01-20,5340.0,6056.0,6056.0,1.6920000000000002,Rs./Quintal,Metric Tonnes
Madhya Pradesh,Sehore,Jawar APMC,Soyabean,Soyabeen,FAQ,2026-01-20,3400.0,5891.0,5480.0,55.115,Rs./Quintal,Metric Tonnes
Madhya Pradesh,Sehore,Jawar APMC,Wheat,Wheat,FAQ,2026-01-20,2150.0,2780.0,2511.0,56.713,Rs./Quintal,Metric Tonnes
Madhya Pradesh,Rajgarh,Jeerapur APMC,Coriander(Leaves),Coriander,FAQ,2026-01-20,8325.0,9225.0,9225.0,1.035,Rs./Bundle,Bundle
Madhya Pradesh,Rajgarh,Jeerapur APMC,Lentil(Masur)(Whole),Masur Dal,FAQ,2026-01-20,5825.0,6400.0,6400.0,4.358,Rs./Quintal,Metric Tonnes
Madhya Pradesh,Rajgarh,Jeerapur APMC,Lentil(Masur)(Whole),Masur Dal,Non-FAQ,2026-01-20,6300.0,6300.0,6300.0,0.6230000000000001,Rs./Quintal,Metric Tonnes
Madhya Pradesh,Rajgarh,Jeerapur APMC,Maize,Local,FAQ,2026-01-20,1630.0,1730.0,1730.0,2.9440000000000004,Rs./Quintal,Metric Tonnes
Madhya Pradesh,Rajgarh,Jeerapur APMC,Mustard,Mustard,FAQ,2026-01-20,5880.0,6590.0,6590.0,4.159000000000001,Rs./Quintal,Metric Tonnes
Madhya Pradesh,Rajgarh,Jeerapur APMC,Soyabean,Soyabeen,FAQ,2026-01-20,4200.0,5415.0,5130.0,38.083,Rs./Quintal,Metric Tonnes
Madhya Pradesh,Rajgarh,Jeerapur APMC,Wheat,Wheat,FAQ,2026-01-20,2448.0,2640.0,2600.0,160.209,Rs./Quintal,Metric Tonnes
Madhya Pradesh,Jhabua,Jhabua APMC,Cotton,Without Ginned Cotton,Non-FAQ,2026-01-20,7400.0,7400.0,7400.0,10.0,Rs./Quintal,Metric Tonnes
Madhya Pradesh,Jhabua,Jhabua APMC,Cotton,Without Ginned Cotton,FAQ,2026-01-20,7000.0,7854.0,7400.0,268.454,Rs./Quintal,Metric Tonnes
Madhya Pradesh,Jhabua,Jhabua APMC,Soyabean,Soyabeen,FAQ,2026-01-20,4650.0,4650.0,4650.0,2.9000000000000004,Rs./Quintal,Metric Tonnes
Madhya Pradesh,Alirajpur,Jobat APMC,Bengal Gram(Gram)(Whole),Gram,FAQ,2026-01-20,4500.0,4500.0,4500.0,3.3000000000000003,Rs./Quintal,Metric Tonnes
Madhya Pradesh,Alirajpur,Jobat APMC,Cotton,Without Ginned Cotton,FAQ,2026-01-20,6500.0,8000.0,7400.0,229.62,Rs./Quintal,Metric Tonnes
Madhya Pradesh,Alirajpur,Jobat APMC,Cotton,Without Ginned Cotton,Non-FAQ,2026-01-20,7000.0,7530.0,7000.0,43.800000000000004,Rs./Quintal,Metric Tonnes
Madhya Pradesh,Alirajpur,Jobat APMC,Cotton,Medium Fiber,FAQ,2026-01-20,6700.0,7400.0,7000.0,32.572,Rs./Quintal,Metric Tonnes
Madhya Pradesh,Alirajpur,Jobat APMC,Maize,Local,FAQ,2026-01-20,1600.0,1800.0,1800.0,9.200000000000001,Rs./Quintal,Metric Tonnes
Madhya Pradesh,Alirajpur,Jobat APMC,Soyabean,Soyabeen,Non-FAQ,2026-01-20,4500.0,4800.0,4600.0,14.4,Rs./Quintal,Metric Tonnes
Madhya Pradesh,Alirajpur,Jobat APMC,Wheat,Wheat,Non-FAQ,2026-01-20,2300.0,2300.0,2300.0,30.0,Rs./Quintal,Metric Tonnes
Madhya Pradesh,Morena,Kailaras APMC,Bajra(Pearl Millet/Cumbu),Millet,FAQ,2026-01-20,1930.0,1980.0,1930.0,21.069000000000003,Rs./Quintal,Metric Tonnes
Madhya Pradesh,Morena,Kailaras APMC,Mustard,Mustard,FAQ,2026-01-20,6449.0,6717.0,6670.0,42.62200000000001,Rs./Quintal,Metric Tonnes
Madhya Pradesh,Morena,Kailaras APMC,Red gram/Arhar/Tur(whole),Arhar Dal(Tur),FAQ,2026-01-20,2600.0,5541.0,4210.0,13.461000000000002,Rs./Quintal,Metric Tonnes
Madhya Pradesh,Morena,Kailaras APMC,Soyabean,Soyabeen,FAQ,2026-01-20,4575.0,5200.0,4610.0,98.10000000000001,Rs./Quintal,Metric Tonnes
Madhya Pradesh,Morena,Kailaras APMC,Wheat,Wheat,FAQ,2026-01-20,2605.0,2608.0,2608.0,1.465,Rs./Quintal,Metric Tonnes
Madhya Pradesh,Shajapur,Kalapipal APMC,Bengal Gram(Gram)(Whole),Gram,Non-FAQ,2026-01-20,4699.0,4699.0,4699.0,0.17,Rs./Quintal,Metric Tonnes
Madhya Pradesh,Shajapur,Kalapipal APMC,Bengal Gram(Gram)(Whole),Gram,FAQ,2026-01-20,3800.0,6927.0,6927.0,0.5710000000000001,Rs./Quintal,Metric Tonnes
Madhya Pradesh,Shajapur,Kalapipal APMC,Garlic,Garlic,FAQ,2026-01-20,1302.0,12450.0,3000.0,21.511000000000003,Rs./Quintal,Metric Tonnes
Madhya Pradesh,Shajapur,Kalapipal APMC,Lentil(Masur)(Whole),Masur Dal,FAQ,2026-01-20,5861.0,5861.0,5861.0,0.148,Rs./Quintal,Metric Tonnes
Madhya Pradesh,Shajapur,Kalapipal APMC,Maize,Local,FAQ,2026-01-20,2001.0,2001.0,2001.0,0.24300000000000002,Rs./Quintal,Metric Tonnes
Madhya Pradesh,Shajapur,Kalapipal APMC,Mustard,Mustard,FAQ,2026-01-20,5901.0,5901.0,5901.0,0.22999999999999998,Rs./Quintal,Metric Tonnes
Madhya Pradesh,Shajapur,Kalapipal APMC,Red gram/Arhar/Tur(whole),Arhar Dal(Tur),Non-FAQ,2026-01-20,7601.0,7601.0,7601.0,0.31800000000000006,Rs./Quintal,Metric Tonnes
Madhya Pradesh,Shajapur,Kalapipal APMC,Soyabean,Yellow,FAQ,2026-01-20,2200.0,5431.0,5421.0,46.145,Rs./Quintal,Metric Tonnes
Madhya Pradesh,Shajapur,Kalapipal APMC,Soyabean,Soyabeen,FAQ,2026-01-20,5400.0,5400.0,5400.0,0.8800000000000001,Rs./Quintal,Metric Tonnes
Madhya Pradesh,Shajapur,Kalapipal APMC,Wheat,Wheat,FAQ,2026-01-20,2515.0,2766.0,2525.0,7.425000000000001,Rs./Quintal,Metric Tonnes
Madhya Pradesh,Shajapur,Kalapipal APMC,Wheat,Wheat,Non-FAQ,2026-01-20,2450.0,2750.0,2600.0,14.076,Rs./Quintal,Metric Tonnes
Madhya Pradesh,Dewas,Kannod APMC,Bengal Gram(Gram)(Whole),Gram,FAQ,2026-01-20,5000.0,5000.0,5000.0,0.215,Rs./Quintal,Metric Tonnes
Madhya Pradesh,Dewas,Kannod APMC,Maize,Local,FAQ,2026-01-20,1300.0,1646.0,1400.0,217.383,Rs./Quintal,Metric Tonnes
Madhya Pradesh,Dewas,Kannod APMC,Red gram/Arhar/Tur(whole),Arhar Dal(Tur),FAQ,2026-01-20,5500.0,6400.0,5701.0,3.308,Rs./Quintal,Metric Tonnes
Madhya Pradesh,Dewas,Kannod APMC,Soyabean,Soyabeen,FAQ,2026-01-20,2000.0,5280.0,5280.0,8.732,Rs./Quintal,Metric Tonnes
Madhya Pradesh,Dewas,Kannod APMC,Wheat,Wheat,FAQ,2026-01-20,1350.0,2644.0,2550.0,49.328,Rs./Quintal,Metric Tonnes
Madhya Pradesh,Narsinghpur,Kareli APMC,Bengal Gram(Gram)(Whole),Gram,FAQ,2026-01-20,4400.0,6006.0,5400.0,109.9,Rs./Quintal,Metric Tonnes
Madhya Pradesh,Narsinghpur,Kareli APMC,Black Gram(Urd Beans)(Whole),Urda/Urd,FAQ,2026-01-20,7514.0,7514.0,7514.0,0.10500000000000001,Rs./Quintal,Metric Tonnes
Madhya Pradesh,Narsinghpur,Kareli APMC,Gur(Jaggery),Jaggery,FAQ,2026-01-20,3290.0,3710.0,3500.0,121.862,Rs./Quintal,Metric Tonnes
Madhya Pradesh,Narsinghpur,Kareli APMC,Lentil(Masur)(Whole),Masur Dal,FAQ,2026-01-20,4500.0,6350.0,6000.0,46.665,Rs./Quintal,Metric Tonnes
Madhya Pradesh,Narsinghpur,Kareli APMC,Maize,Local,FAQ,2026-01-20,1541.0,1623.0,1576.0,66.67999999999999,Rs./Quintal,Metric Tonnes
Madhya Pradesh,Narsinghpur,Kareli APMC,Red gram/Arhar/Tur(whole),Arhar Dal(Tur),FAQ,2026-01-20,4530.0,6520.0,6520.0,1.895,Rs./Quintal,Metric Tonnes
Madhya Pradesh,Narsinghpur,Kareli APMC,Soyabean,Soyabeen,FAQ,2026-01-20,4700.0,5701.0,5310.0,21.430000000000003,Rs./Quintal,Metric Tonnes
Madhya Pradesh,Narsinghpur,Kareli APMC,Wheat,Wheat,FAQ,2026-01-20,2200.0,2580.0,2550.0,19.8,Rs./Quintal,Metric Tonnes
Madhya Pradesh,Narsinghpur,Kareli APMC,buttery,Buttery,FAQ,2026-01-20,2200.0,4585.0,4000.0,4.1049999999999995,Rs./Quintal,Metric Tonnes
Madhya Pradesh,Shivpuri,Karera APMC,Groundnut,Big (With Shell),Non-FAQ,2026-01-20,5760.0,6470.0,6470.0,21.715000000000003,Rs./Quintal,Metric Tonnes
Madhya Pradesh,Shivpuri,Karera APMC,Groundnut,Big (With Shell),FAQ,2026-01-20,6000.0,6100.0,6100.0,20.590000000000003,Rs./Quintal,Metric Tonnes
Madhya Pradesh,Shivpuri,Karera APMC,Wheat,Wheat,Non-FAQ,2026-01-20,2400.0,2575.0,2455.0,184.46900000000002,Rs./Quintal,Metric Tonnes
Madhya Pradesh,Shivpuri,Karera APMC,Wheat,Mill Quality,FAQ,2026-01-20,2265.0,2315.0,2315.0,20.990000000000002,Rs./Quintal,Metric Tonnes
Madhya Pradesh,Shivpuri,Karera APMC,Wheat,Mill Quality,Non-FAQ,2026-01-20,2451.0,2451.0,2451.0,4.08,Rs./Quintal,Metric Tonnes
Madhya Pradesh,Khargone,Karhi APMC,Cotton,Without Ginned Cotton,FAQ,2026-01-20,7100.0,7250.0,7200.0,38.155,Rs./Quintal,Metric Tonnes
Madhya Pradesh,Khargone,Karhi APMC,Kabuli Chana(Chickpeas-White),Dollar Gram,FAQ,2026-01-20,8300.0,8300.0,8300.0,0.462,Rs./Quintal,Metric Tonnes
Madhya Pradesh,Khargone,Karhi APMC,Maize,Local,FAQ,2026-01-20,1600.0,1710.0,1700.0,30.855000000000004,Rs./Quintal,Metric Tonnes
Madhya Pradesh,Khargone,Karhi APMC,Red gram/Arhar/Tur(whole),Arhar Dal(Tur),FAQ,2026-01-20,6300.0,6800.0,6800.0,0.8800000000000001,Rs./Quintal,Metric Tonnes
Madhya Pradesh,Khargone,Karhi APMC,Soyabean,Soyabeen,FAQ,2026-01-20,5110.0,5110.0,5110.0,0.34700000000000003,Rs./Quintal,Metric Tonnes
Madhya Pradesh,Khargone,Karhi APMC,Wheat,Wheat,FAQ,2026-01-20,2500.0,2610.0,2610.0,20.345,Rs./Quintal,Metric Tonnes
Madhya Pradesh,Khargone,Kasrawad APMC,Red gram/Arhar/Tur(whole),Arhar Dal(Tur),FAQ,2026-01-20,7862.96,7862.96,7862.96,39.973000000000006,Rs./Quintal,Metric Tonnes
Madhya Pradesh,Khargone,Kasrawad APMC,Wheat,Wheat,FAQ,2026-01-20,2300.0,2781.92,2715.0,327.43800000000005,Rs./Quintal,Metric Tonnes
Madhya Pradesh,Katni,Katni APMC,Barley(Jau),Barley,Non-FAQ,2026-01-20,2412.0,2412.0,2412.0,0.25,Rs./Quintal,Metric Tonnes
Madhya Pradesh,Katni,Katni APMC,Bengal Gram(Gram)(Whole),Gram,Non-FAQ,2026-01-20,4866.0,5659.0,5400.0,70.30499999999999,Rs./Quintal,Metric Tonnes
Madhya Pradesh,Katni,Katni APMC,Green Peas,Pea,FAQ,2026-01-20,3000.0,3000.0,3000.0,26.0,Rs./Quintal,Metric Tonnes
Madhya Pradesh,Katni,Katni APMC,Lentil(Masur)(Whole),Masur Dal,FAQ,2026-01-20,5575.0,5575.0,5575.0,41.580000000000005,Rs./Quintal,Metric Tonnes
Madhya Pradesh,Katni,Katni APMC,Lentil(Masur)(Whole),Masur Dal,Non-FAQ,2026-01-20,5200.0,6123.0,6123.0,1.6440000000000001,Rs./Quintal,Metric Tonnes
Madhya Pradesh,Katni,Katni APMC,Mustard,Mustard,FAQ,2026-01-20,6350.0,6350.0,6350.0,3.0,Rs./Quintal,Metric Tonnes
Madhya Pradesh,Katni,Katni APMC,Mustard,Mustard,Non-FAQ,2026-01-20,5500.0,6500.0,6430.0,35.388,Rs./Quintal,Metric Tonnes
Madhya Pradesh,Katni,Katni APMC,Paddy(Common),Dhan,Non-FAQ,2026-01-20,1790.0,2032.0,1970.0,52.467,Rs./Quintal,Metric Tonnes
Madhya Pradesh,Katni,Katni APMC,Red gram/Arhar/Tur(whole),Arhar Dal(Tur),FAQ,2026-01-20,6027.06,7936.82,7384.0,457.3520000000001,Rs./Quintal,Metric Tonnes
Madhya Pradesh,Katni,Katni APMC,Red gram/Arhar/Tur(whole),Arhar Dal(Tur),Non-FAQ,2026-01-20,3900.0,5850.0,5850.0,1.693,Rs./Quintal,Metric Tonnes
Madhya Pradesh,Katni,Katni APMC,"Sesamum(Sesame,Gingelly,Til)",Sesame,Non-FAQ,2026-01-20,6451.0,7550.0,7550.0,1.75,Rs./Quintal,Metric Tonnes
Madhya Pradesh,Katni,Katni APMC,Soyabean,Soyabeen,Non-FAQ,2026-01-20,4099.0,4099.0,4099.0,0.033,Rs./Quintal,Metric Tonnes
Madhya Pradesh,Katni,Katni APMC,Wheat,Mill Quality,FAQ,2026-01-20,2500.0,2690.0,2690.0,116.7,Rs./Quintal,Metric Tonnes
Madhya Pradesh,Katni,Katni APMC,Wheat,Wheat,FAQ,2026-01-20,2475.0,2600.0,2500.0,105.04500000000002,Rs./Quintal,Metric Tonnes
Madhya Pradesh,Katni,Katni APMC,Wheat,Mill Quality,Non-FAQ,2026-01-20,2551.0,2620.0,2610.0,68.0,Rs./Quintal,Metric Tonnes
Madhya Pradesh,Katni,Katni APMC,Wheat,Wheat,Non-FAQ,2026-01-20,2200.0,2641.0,2580.0,135.52200000000002,Rs./Quintal,Metric Tonnes
Madhya Pradesh,Seoni,Keolari APMC,Maize,Local,FAQ,2026-01-20,1625.0,1693.0,1680.0,122.5,Rs./Quintal,Metric Tonnes
Madhya Pradesh,Seoni,Keolari APMC,Maize,Yellow,Non-FAQ,2026-01-20,1670.0,1700.0,1700.0,25.6,Rs./Quintal,Metric Tonnes
Madhya Pradesh,Seoni,Keolari APMC,Maize,Local,Non-FAQ,2026-01-20,1600.0,1600.0,1600.0,34.5,Rs./Quintal,Metric Tonnes
Madhya Pradesh,Sagar,Kesli APMC,Maize,Local,FAQ,2026-01-20,1545.0,1570.0,1555.0,71.55499999999999,Rs./Quintal,Metric Tonnes
Madhya Pradesh,Sagar,Kesli APMC,Paddy(Common),Puspa (MR 301),FAQ,2026-01-20,3997.0,3999.0,3999.0,29.75,Rs./Quintal,Metric Tonnes
Madhya Pradesh,Sagar,Kesli APMC,Wheat,Wheat,Non-FAQ,2026-01-20,2455.0,2455.0,2455.0,6.535,Rs./Quintal,Metric Tonnes
Madhya Pradesh,Sagar,Kesli APMC,Wheat,Wheat,FAQ,2026-01-20,2450.0,2500.0,2500.0,88.21000000000001,Rs./Quintal,Metric Tonnes
Madhya Pradesh,Ujjain,Khachrod APMC,Soyabean,Soyabeen,FAQ,2026-01-20,3902.0,5399.0,5199.0,31.312,Rs./Quintal,Metric Tonnes
Madhya Pradesh,Ujjain,Khachrod APMC,Wheat,Wheat,FAQ,2026-01-20,2505.0,2820.0,2820.0,8.616,Rs./Quintal,Metric Tonnes
Madhya Pradesh,Khandwa,Khandwa APMC,Bengal Gram(Gram)(Whole),Gram,FAQ,2026-01-20,4399.0,5351.0,5000.0,24.916,Rs./Quintal,Metric Tonnes
Madhya Pradesh,Khandwa,Khandwa APMC,Black Gram(Urd Beans)(Whole),Urda/Urd,FAQ,2026-01-20,4400.0,4400.0,4400.0,0.399,Rs./Quintal,Metric Tonnes
Madhya Pradesh,Khandwa,Khandwa APMC,Cotton,Without Ginned Cotton,FAQ,2026-01-20,4500.0,8010.0,8010.0,159.407,Rs./Quintal,Metric Tonnes
Madhya Pradesh,Khandwa,Khandwa APMC,Green Gram(Moong)(Whole),Green (Whole),FAQ,2026-01-20,4951.0,4951.0,4951.0,0.084,Rs./Quintal,Metric Tonnes
Madhya Pradesh,Khandwa,Khandwa APMC,Maize,Local,FAQ,2026-01-20,1200.0,1746.0,1600.0,695.8710000000001,Rs./Quintal,Metric Tonnes
Madhya Pradesh,Khandwa,Khandwa APMC,Onion,Local,FAQ,2026-01-20,600.0,1000.0,1000.0,91.60000000000001,Rs./Quintal,Metric Tonnes
Madhya Pradesh,Khandwa,Khandwa APMC,Red gram/Arhar/Tur(whole),Arhar Dal(Tur),FAQ,2026-01-20,3500.0,6899.0,6200.0,24.425,Rs./Quintal,Metric Tonnes
Madhya Pradesh,Khandwa,Khandwa APMC,Soyabean,Yellow,FAQ,2026-01-20,4000.0,6450.0,5130.0,70.468,Rs./Quintal,Metric Tonnes
Madhya Pradesh,Khandwa,Khandwa APMC,Soyabean,Soyabeen,FAQ,2026-01-20,5000.0,6221.47,5000.0,27.03,Rs./Quintal,Metric Tonnes
Madhya Pradesh,Khandwa,Khandwa APMC,Wheat,Wheat Mix,FAQ,2026-01-20,2575.0,2575.0,2575.0,2.0,Rs./Quintal,Metric Tonnes
Madhya Pradesh,Khandwa,Khandwa APMC,Wheat,Wheat,FAQ,2026-01-20,2400.0,2654.0,2654.0,27.288,Rs./Quintal,Metric Tonnes
Madhya Pradesh,Khandwa,Khandwa APMC,Wheat,Local,FAQ,2026-01-20,2575.0,2575.0,2575.0,4.38,Rs./Quintal,Metric Tonnes
Madhya Pradesh,Khandwa,Khandwa APMC,Wheat,Mill Quality,FAQ,2026-01-20,2350.0,2744.0,2551.0,171.407,Rs./Quintal,Metric Tonnes
Madhya Pradesh,Shivpuri,Khanyadhana APMC,Wheat,Mill Quality,FAQ,2026-01-20,2375.0,2452.0,2450.0,97.5,Rs./Quintal,Metric Tonnes
Madhya Pradesh,Shivpuri,Khanyadhana APMC,Wheat,Mill Quality,Non-FAQ,2026-01-20,2385.0,2550.0,2450.0,153.9,Rs./Quintal,Metric Tonnes
Madhya Pradesh,Khargone,Khargone APMC,Bengal Gram(Gram)(Whole),Gram,FAQ,2026-01-20,5000.0,5050.0,5050.0,0.23199999999999998,Rs./Quintal,Metric Tonnes
Madhya Pradesh,Khargone,Khargone APMC,Cotton,Without Ginned Cotton,FAQ,2026-01-20,5430.0,7995.0,7500.0,268.87,Rs./Quintal,Metric Tonnes
Madhya Pradesh,Khargone,Khargone APMC,Maize,Local,Non-FAQ,2026-01-20,1450.0,1611.0,1611.0,21.965000000000003,Rs./Quintal,Metric Tonnes
Madhya Pradesh,Khargone,Khargone APMC,Maize,Local,FAQ,2026-01-20,1101.0,1741.0,1580.0,713.455,Rs./Quintal,Metric Tonnes
Madhya Pradesh,Khargone,Khargone APMC,Maize,Deshi White,FAQ,2026-01-20,1350.0,1350.0,1350.0,0.4,Rs./Quintal,Metric Tonnes
Madhya Pradesh,Khargone,Khargone APMC,Red gram/Arhar/Tur(whole),Arhar Dal(Tur),FAQ,2026-01-20,5201.0,7356.0,6400.0,276.211,Rs./Quintal,Metric Tonnes
Madhya Pradesh,Khargone,Khargone APMC,Soyabean,Soyabeen,FAQ,2026-01-20,4200.0,5900.0,5225.0,118.078,Rs./Quintal,Metric Tonnes
Madhya Pradesh,Khargone,Khargone APMC,Wheat,Sujatha,FAQ,2026-01-20,2600.0,2675.0,2675.0,39.49,Rs./Quintal,Metric Tonnes
Madhya Pradesh,Khargone,Khargone APMC,Wheat,Wheat,FAQ,2026-01-20,2251.0,2715.0,2605.0,303.96500000000003,Rs./Quintal,Metric Tonnes
Madhya Pradesh,Dewas,Khategaon APMC,Bengal Gram(Gram)(Whole),Gram,FAQ,2026-01-20,4000.0,5290.0,4500.0,9.491,Rs./Quintal,Metric Tonnes
Madhya Pradesh,Dewas,Khategaon APMC,Green Gram(Moong)(Whole),Green (Whole),FAQ,2026-01-20,1501.0,6190.0,6190.0,1.018,Rs./Quintal,Metric Tonnes
Madhya Pradesh,Dewas,Khategaon APMC,Kabuli Chana(Chickpeas-White),Russian,FAQ,2026-01-20,5200.0,5200.0,5200.0,1.4160000000000001,Rs./Quintal,Metric Tonnes
Madhya Pradesh,Dewas,Khategaon APMC,Kabuli Chana(Chickpeas-White),Dollar Gram,FAQ,2026-01-20,4000.0,8300.0,7500.0,21.251,Rs./Quintal,Metric Tonnes
Madhya Pradesh,Dewas,Khategaon APMC,Maize,Local,FAQ,2026-01-20,1150.0,1629.0,1500.0,1104.488,Rs./Quintal,Metric Tonnes
Madhya Pradesh,Dewas,Khategaon APMC,Red gram/Arhar/Tur(whole),Arhar Dal(Tur),FAQ,2026-01-20,5200.0,5200.0,5200.0,0.251,Rs./Quintal,Metric Tonnes
Madhya Pradesh,Dewas,Khategaon APMC,Soyabean,Soyabeen,FAQ,2026-01-20,3400.0,5240.0,5070.0,52.539,Rs./Quintal,Metric Tonnes
Madhya Pradesh,Dewas,Khategaon APMC,Wheat,Wheat,FAQ,2026-01-20,2271.0,2670.0,2540.0,152.727,Rs./Quintal,Metric Tonnes
Madhya Pradesh,Shivpuri,Khatora APMC,Maize,Local,Non-FAQ,2026-01-20,1301.0,1568.0,1550.0,138.276,Rs./Quintal,Metric Tonnes
Madhya Pradesh,Badwani,Khetia APMC,Cotton,Without Ginned Cotton,FAQ,2026-01-20,6975.0,8985.0,7700.0,262.666,Rs./Quintal,Metric Tonnes
Madhya Pradesh,Badwani,Khetia APMC,Maize,Yellow,FAQ,2026-01-20,1550.0,1660.0,1640.0,27.710000000000004,Rs./Quintal,Metric Tonnes
Madhya Pradesh,Rajgarh,Khilchipur APMC,Bengal Gram(Gram)(Whole),Gram,FAQ,2026-01-20,4775.0,4850.0,4850.0,0.396,Rs./Quintal,Metric Tonnes
Madhya Pradesh,Rajgarh,Khilchipur APMC,Coriander(Leaves),Coriander,FAQ,2026-01-20,5000.0,5000.0,5000.0,0.025,Rs./Bundle,Bundle
Madhya Pradesh,Rajgarh,Khilchipur APMC,Lentil(Masur)(Whole),Masur Dal,FAQ,2026-01-20,6440.0,6440.0,6440.0,0.047,Rs./Quintal,Metric Tonnes
Madhya Pradesh,Rajgarh,Khilchipur APMC,Maize,Local,Non-FAQ,2026-01-20,1690.0,1690.0,1690.0,21.94,Rs./Quintal,Metric Tonnes
Madhya Pradesh,Rajgarh,Khilchipur APMC,Maize,Local,FAQ,2026-01-20,1592.0,2100.0,1650.0,23.443,Rs./Quintal,Metric Tonnes
Madhya Pradesh,Rajgarh,Khilchipur APMC,Soyabean,Soyabeen,FAQ,2026-01-20,4875.0,5370.0,5370.0,3.755,Rs./Quintal,Metric Tonnes
Madhya Pradesh,Rajgarh,Khilchipur APMC,Wheat,Mill Quality,FAQ,2026-01-20,2400.0,2580.0,2579.0,40.2,Rs./Quintal,Metric Tonnes
Madhya Pradesh,Harda,Khirakiya APMC,Bengal Gram(Gram)(Whole),Gram,Non-FAQ,2026-01-20,4699.0,4699.0,4699.0,0.06999999999999999,Rs./Quintal,Metric Tonnes
Madhya Pradesh,Harda,Khirakiya APMC,Bengal Gram(Gram)(Whole),Desi (F.A.Q. Split),Non-FAQ,2026-01-20,4640.0,5201.0,5201.0,2.524,Rs./Quintal,Metric Tonnes
Madhya Pradesh,Harda,Khirakiya APMC,Green Gram(Moong)(Whole),Green (Whole),Non-FAQ,2026-01-20,3000.0,7140.0,7140.0,2.2640000000000002,Rs./Quintal,Metric Tonnes
Madhya Pradesh,Harda,Khirakiya APMC,Maize,Local,Non-FAQ,2026-01-20,1030.0,1701.0,1651.0,473.216,Rs./Quintal,Metric Tonnes
Madhya Pradesh,Harda,Khirakiya APMC,Maize,Local,FAQ,2026-01-20,1618.0,1632.0,1632.0,6.5,Rs./Quintal,Metric Tonnes
Madhya Pradesh,Harda,Khirakiya APMC,Red gram/Arhar/Tur(whole),Arhar Dal(Tur),FAQ,2026-01-20,6300.0,6300.0,6300.0,0.806,Rs./Quintal,Metric Tonnes
Madhya Pradesh,Harda,Khirakiya APMC,Red gram/Arhar/Tur(whole),Arhar Dal(Tur),Non-FAQ,2026-01-20,4700.0,6100.0,6100.0,0.6000000000000001,Rs./Quintal,Metric Tonnes
Madhya Pradesh,Harda,Khirakiya APMC,Soyabean,Yellow,Non-FAQ,2026-01-20,4661.0,5200.0,5200.0,11.025,Rs./Quintal,Metric Tonnes
Madhya Pradesh,Harda,Khirakiya APMC,Soyabean,Soyabeen,Non-FAQ,2026-01-20,3700.0,5371.0,5371.0,15.721000000000002,Rs./Quintal,Metric Tonnes
Madhya Pradesh,Harda,Khirakiya APMC,Soyabean,Yellow,FAQ,2026-01-20,4600.0,5405.0,5352.0,33.027,Rs./Quintal,Metric Tonnes
Madhya Pradesh,Harda,Khirakiya APMC,Wheat,Mill Quality,Non-FAQ,2026-01-20,2400.0,2650.0,2580.0,86.003,Rs./Quintal,Metric Tonnes
Madhya Pradesh,Rajgarh,Khujner APMC,Lentil(Masur)(Whole),Masur Dal,FAQ,2026-01-20,5505.0,6445.0,6445.0,1.7920000000000003,Rs./Quintal,Metric Tonnes
Madhya Pradesh,Rajgarh,Khujner APMC,Soyabean,Soyabeen,FAQ,2026-01-20,3900.0,5385.0,5385.0,21.613,Rs./Quintal,Metric Tonnes
Madhya Pradesh,Rajgarh,Khujner APMC,Wheat,Wheat,FAQ,2026-01-20,2521.0,2643.0,2614.0,57.382000000000005,Rs./Quintal,Metric Tonnes
Madhya Pradesh,Sagar,Khurai APMC,Bengal Gram(Gram)(Whole),Gram,FAQ,2026-01-20,4650.0,5691.0,5300.0,40.481,Rs./Quintal,Metric Tonnes
Madhya Pradesh,Sagar,Khurai APMC,Black Gram(Urd Beans)(Whole),Urda/Urd,FAQ,2026-01-20,5500.0,5500.0,5500.0,0.05500000000000001,Rs./Quintal,Metric Tonnes
Madhya Pradesh,Sagar,Khurai APMC,Green Gram(Moong)(Whole),Green (Whole),FAQ,2026-01-20,7300.0,7300.0,7300.0,1.721,Rs./Quintal,Metric Tonnes
Madhya Pradesh,Sagar,Khurai APMC,Green Peas,Pea,FAQ,2026-01-20,3660.0,3660.0,3660.0,0.094,Rs./Quintal,Metric Tonnes
Madhya Pradesh,Sagar,Khurai APMC,Lak(Teora),Tiwada,FAQ,2026-01-20,2500.0,3491.0,3491.0,12.9,Rs./Quintal,Metric Tonnes
Madhya Pradesh,Sagar,Khurai APMC,Lentil(Masur)(Whole),Masur Dal,FAQ,2026-01-20,2500.0,6760.0,6760.0,1.356,Rs./Quintal,Metric Tonnes
Madhya Pradesh,Sagar,Khurai APMC,Linseed,Flaxseed,FAQ,2026-01-20,7500.0,7500.0,7500.0,0.5750000000000001,Rs./Quintal,Metric Tonnes
Madhya Pradesh,Sagar,Khurai APMC,Maize,Local,FAQ,2026-01-20,1450.0,1590.0,1590.0,18.079,Rs./Quintal,Metric Tonnes
Madhya Pradesh,Sagar,Khurai APMC,Maize,Deshi Red,FAQ,2026-01-20,1495.0,1600.0,1600.0,29.12,Rs./Quintal,Metric Tonnes
Madhya Pradesh,Sagar,Khurai APMC,Soyabean,Soyabeen,FAQ,2026-01-20,4000.0,5406.0,5200.0,11.894,Rs./Quintal,Metric Tonnes
Madhya Pradesh,Sagar,Khurai APMC,Wheat,Wheat,FAQ,2026-01-20,2500.0,3050.0,2500.0,91.233,Rs./Quintal,Metric Tonnes
Madhya Pradesh,Sagar,Khurai APMC,buttery,Buttery,FAQ,2026-01-20,3000.0,3000.0,3000.0,0.264,Rs./Quintal,Metric Tonnes
Madhya Pradesh,Shivpuri,Kolaras APMC,Bengal Gram(Gram)(Whole),Gram,Non-FAQ,2026-01-20,4200.0,5360.0,5360.0,3.0530000000000004,Rs./Quintal,Metric Tonnes
Madhya Pradesh,Shivpuri,Kolaras APMC,Bengal Gram(Gram)(Whole),Gram,FAQ,2026-01-20,5235.0,5235.0,5235.0,4.6979999999999995,Rs./Quintal,Metric Tonnes
Madhya Pradesh,Shivpuri,Kolaras APMC,Black Gram(Urd Beans)(Whole),Urda/Urd,Non-FAQ,2026-01-20,4305.0,6275.0,6275.0,4.691,Rs./Quintal,Metric Tonnes
Madhya Pradesh,Shivpuri,Kolaras APMC,Groundnut,Big (With Shell),Non-FAQ,2026-01-20,5755.0,6200.0,6200.0,2.7,Rs./Quintal,Metric Tonnes
Madhya Pradesh,Shivpuri,Kolaras APMC,Maize,Local,FAQ,2026-01-20,1500.0,1575.0,1575.0,1.9370000000000003,Rs./Quintal,Metric Tonnes
Madhya Pradesh,Shivpuri,Kolaras APMC,Maize,Local,Non-FAQ,2026-01-20,1000.0,1820.0,1625.0,936.482,Rs./Quintal,Metric Tonnes
Madhya Pradesh,Shivpuri,Kolaras APMC,Mustard,Mustard,FAQ,2026-01-20,5635.0,6920.0,6570.0,37.119,Rs./Quintal,Metric Tonnes
Madhya Pradesh,Shivpuri,Kolaras APMC,Mustard,Mustard,Non-FAQ,2026-01-20,3550.0,6450.0,5580.0,20.266000000000002,Rs./Quintal,Metric Tonnes
Madhya Pradesh,Shivpuri,Kolaras APMC,Soyabean,Soyabeen,FAQ,2026-01-20,4200.0,5255.0,5255.0,13.966000000000001,Rs./Quintal,Metric Tonnes
Madhya Pradesh,Shivpuri,Kolaras APMC,Soyabean,Soyabeen,Non-FAQ,2026-01-20,3565.0,5185.0,5185.0,9.845,Rs./Quintal,Metric Tonnes
Madhya Pradesh,Shivpuri,Kolaras APMC,Wheat,Wheat,Non-FAQ,2026-01-20,2545.0,2545.0,2545.0,1.417,Rs./Quintal,Metric Tonnes
Madhya Pradesh,Shivpuri,Kolaras APMC,Wheat,Wheat,FAQ,2026-01-20,2495.0,2560.0,2545.0,22.009,Rs./Quintal,Metric Tonnes
Madhya Pradesh,Anupur,Kotma APMC,Paddy(Common),Dhan,Non-FAQ,2026-01-20,1890.0,1900.0,1900.0,8.5,Rs./Quintal,Metric Tonnes
Madhya Pradesh,Mandla,Krishi Upaj Mandi Samiti Bichhiya,Kodo Millet(Varagu),Kondo,FAQ,2026-01-20,2500.0,2600.0,2600.0,18.097,Rs./Quintal,Metric Tonnes
Madhya Pradesh,Mandla,Krishi Upaj Mandi Samiti Bichhiya,Kutki,Kutki,FAQ,2026-01-20,4050.0,4050.0,4050.0,2.5,Rs./Quintal,Metric Tonnes
Madhya Pradesh,Mandla,Krishi Upaj Mandi Samiti Bichhiya,Paddy(Common),Dhan,Non-FAQ,2026-01-20,2055.0,2100.0,2100.0,56.160000000000004,Rs./Quintal,Metric Tonnes
Madhya Pradesh,Mandla,Krishi Upaj Mandi Samiti Bichhiya,Paddy(Common),Common,Non-FAQ,2026-01-20,1900.0,1900.0,1900.0,44.0,Rs./Quintal,Metric Tonnes
Madhya Pradesh,Mandla,Krishi Upaj Mandi Samiti Bichhiya,Wheat,Mill Quality,FAQ,2026-01-20,2480.0,2480.0,2480.0,3.14,Rs./Quintal,Metric Tonnes
Madhya Pradesh,Mandla,Krishi Upaj Mandi Samiti Bichhiya,Wheat,Wheat,Non-FAQ,2026-01-20,2450.0,2460.0,2460.0,14.090000000000002,Rs./Quintal,Metric Tonnes
Madhya Pradesh,Mandla,Krishi Upaj Mandi Samiti Bichhiya,Wheat,Local,FAQ,2026-01-20,2500.0,2500.0,2500.0,3.0,Rs./Quintal,Metric Tonnes
Madhya Pradesh,Dhar,Kukshi APMC,Bengal Gram(Gram)(Whole),Gram,FAQ,2026-01-20,5025.0,5025.0,5025.0,3.7200000000000006,Rs./Quintal,Metric Tonnes
Madhya Pradesh,Dhar,Kukshi APMC,Chili Red,Red,FAQ,2026-01-20,6000.0,15600.0,15600.0,20.230000000000004,Rs./Quintal,Metric Tonnes
Madhya Pradesh,Dhar,Kukshi APMC,Cotton,Without Ginned Cotton,FAQ,2026-01-20,6250.0,7850.0,7500.0,189.97500000000002,Rs./Quintal,Metric Tonnes
Madhya Pradesh,Dhar,Kukshi APMC,Cotton,Without Ginned Cotton,Non-FAQ,2026-01-20,7410.0,7460.0,7415.0,32.800000000000004,Rs./Quintal,Metric Tonnes
Madhya Pradesh,Dhar,Kukshi APMC,Kabuli Chana(Chickpeas-White),Dollar Gram,FAQ,2026-01-20,7900.0,8000.0,8000.0,16.894000000000002,Rs./Quintal,Metric Tonnes
Madhya Pradesh,Dhar,Kukshi APMC,Maize,Local,FAQ,2026-01-20,1450.0,1920.0,1600.0,201.31,Rs./Quintal,Metric Tonnes
Madhya Pradesh,Dhar,Kukshi APMC,Maize,Local,Non-FAQ,2026-01-20,1465.0,1465.0,1465.0,3.08,Rs./Quintal,Metric Tonnes
Madhya Pradesh,Dhar,Kukshi APMC,Maize,Deshi White,FAQ,2026-01-20,1700.0,1800.0,1800.0,5.99,Rs./Quintal,Metric Tonnes
Madhya Pradesh,Dhar,Kukshi APMC,Wheat,Wheat,FAQ,2026-01-20,2450.0,2640.0,2500.0,88.715,Rs./Quintal,Metric Tonnes
Madhya Pradesh,Guna,Kumbhraj APMC,Maize,Local,Non-FAQ,2026-01-20,1535.0,1565.0,1565.0,4.621,Rs./Quintal,Metric Tonnes
Madhya Pradesh,Guna,Kumbhraj APMC,Maize,Local,FAQ,2026-01-20,1000.0,1695.0,1600.0,270.132,Rs./Quintal,Metric Tonnes
Madhya Pradesh,Guna,Kumbhraj APMC,Soyabean,Soyabeen,Non-FAQ,2026-01-20,3000.0,3000.0,3000.0,0.399,Rs./Quintal,Metric Tonnes
Madhya Pradesh,Guna,Kumbhraj APMC,Wheat,Wheat,Non-FAQ,2026-01-20,2520.0,2595.0,2595.0,3.294,Rs./Quintal,Metric Tonnes
Madhya Pradesh,Guna,Kumbhraj APMC,Wheat,Wheat,FAQ,2026-01-20,2515.0,2685.0,2570.0,12.081000000000001,Rs./Quintal,Metric Tonnes
Madhya Pradesh,Vidisha,Kurwai APMC,Maize,Local,Non-FAQ,2026-01-20,1485.0,1500.0,1500.0,44.43000000000001,Rs./Quintal,Metric Tonnes
Madhya Pradesh,Bhind,Lahar APMC,Bajra(Pearl Millet/Cumbu),Millet,FAQ,2026-01-20,1800.0,1990.0,1990.0,40.400000000000006,Rs./Quintal,Metric Tonnes
Madhya Pradesh,Bhind,Lahar APMC,Jowar(Sorghum),Jowar (Yellow),FAQ,2026-01-20,2000.0,2000.0,2000.0,0.4,Rs./Quintal,Metric Tonnes
Madhya Pradesh,Bhind,Lahar APMC,Mustard,Mustard,FAQ,2026-01-20,6444.0,6617.0,6500.0,5.800000000000001,Rs./Quintal,Metric Tonnes
Madhya Pradesh,Bhind,Lahar APMC,Wheat,Wheat,FAQ,2026-01-20,2530.0,2552.0,2549.0,36.800000000000004,Rs./Quintal,Metric Tonnes
Madhya Pradesh,Seoni,Lakhnadon APMC,Maize,Local,FAQ,2026-01-20,1501.0,1550.0,1501.0,129.6,Rs./Quintal,Metric Tonnes
Madhya Pradesh,Seoni,Lakhnadon APMC,Maize,Local,Non-FAQ,2026-01-20,1578.0,1600.0,1600.0,44.0,Rs./Quintal,Metric Tonnes
Madhya Pradesh,Seoni,Lakhnadon APMC,Maize,Yellow,FAQ,2026-01-20,1500.0,1600.0,1500.0,76.5,Rs./Quintal,Metric Tonnes
Madhya Pradesh,Seoni,Lakhnadon APMC,Maize,Yellow,Non-FAQ,2026-01-20,1500.0,1500.0,1500.0,26.0,Rs./Quintal,Metric Tonnes
Madhya Pradesh,Gwalior,Lashkar APMC,Paddy(Common),Dhan,FAQ,2026-01-20,3200.0,3545.0,3500.0,38.557,Rs./Quintal,Metric Tonnes
Madhya Pradesh,Gwalior,Lashkar APMC,Paddy(Common),Dhan,Non-FAQ,2026-01-20,2750.0,2750.0,2750.0,7.1000000000000005,Rs./Quintal,Metric Tonnes
Madhya Pradesh,Vidisha,Lateri APMC,Maize,Local,FAQ,2026-01-20,1105.0,1765.0,1500.0,747.886,Rs./Quintal,Metric Tonnes
Madhya Pradesh,Vidisha,Lateri APMC,Maize,Yellow,Non-FAQ,2026-01-20,1230.0,1250.0,1230.0,128.3,Rs./Quintal,Metric Tonnes
Madhya Pradesh,Vidisha,Lateri APMC,Maize,Local,Non-FAQ,2026-01-20,910.0,1520.0,1500.0,33.49,Rs./Quintal,Metric Tonnes
Madhya Pradesh,Vidisha,Lateri APMC,Wheat,Wheat,FAQ,2026-01-20,2535.0,2580.0,2580.0,5.112,Rs./Quintal,Metric Tonnes
Madhya Pradesh,Vidisha,Lateri APMC,Wheat,Sharbati,FAQ,2026-01-20,2925.0,2925.0,2925.0,1.026,Rs./Quintal,Metric Tonnes
Madhya Pradesh,Vidisha,Lateri APMC,Wheat,Mill Quality,FAQ,2026-01-20,2390.0,2590.0,2590.0,3.6520000000000006,Rs./Quintal,Metric Tonnes
Madhya Pradesh,Chhatarpur,LavKush Nagar(Laundi) APMC,Bengal Gram(Gram)(Whole),Desi (F.A.Q. Split),FAQ,2026-01-20,5200.0,5200.0,5200.0,17.6,Rs./Quintal,Metric Tonnes
Madhya Pradesh,Chhatarpur,LavKush Nagar(Laundi) APMC,Mustard,Mustard,Non-FAQ,2026-01-20,6000.0,6000.0,6000.0,3.2,Rs./Quintal,Metric Tonnes
Madhya Pradesh,Chhatarpur,LavKush Nagar(Laundi) APMC,Mustard,Mustard,FAQ,2026-01-20,6150.0,6210.0,6200.0,18.16,Rs./Quintal,Metric Tonnes
Madhya Pradesh,Chhatarpur,LavKush Nagar(Laundi) APMC,Wheat,Mill Quality,FAQ,2026-01-20,2450.0,2460.0,2460.0,2.0,Rs./Quintal,Metric Tonnes
Madhya Pradesh,Chhatarpur,LavKush Nagar(Laundi) APMC,Wheat,Mill Quality,Non-FAQ,2026-01-20,2350.0,2410.0,2390.0,52.73,Rs./Quintal,Metric Tonnes
Madhya Pradesh,Dewas,Loharda APMC,Maize,Local,FAQ,2026-01-20,1350.0,1582.0,1525.0,330.70500000000004,Rs./Quintal,Metric Tonnes
Madhya Pradesh,Dewas,Loharda APMC,Red gram/Arhar/Tur(whole),Arhar Dal(Tur),FAQ,2026-01-20,6400.0,6570.0,6570.0,2.5180000000000002,Rs./Quintal,Metric Tonnes
Madhya Pradesh,Dewas,Loharda APMC,Soyabean,Soyabeen,FAQ,2026-01-20,5000.0,5100.0,5100.0,0.9199999999999999,Rs./Quintal,Metric Tonnes
Madhya Pradesh,Dewas,Loharda APMC,Wheat,Wheat,FAQ,2026-01-20,2475.0,2820.0,2820.0,65.912,Rs./Quintal,Metric Tonnes
Madhya Pradesh,Shivpuri,Magroni APMC,Groundnut,Big (With Shell),FAQ,2026-01-20,5500.0,6900.0,5500.0,73.2,Rs./Quintal,Metric Tonnes
Madhya Pradesh,Shivpuri,Magroni APMC,Paddy(Common),Paddy,FAQ,2026-01-20,1500.0,3720.0,3680.0,381.6,Rs./Quintal,Metric Tonnes
Madhya Pradesh,Shivpuri,Magroni APMC,Wheat,Wheat,FAQ,2026-01-20,2524.0,2599.0,2599.0,37.0,Rs./Quintal,Metric Tonnes
Madhya Pradesh,Ujjain,Mahidpur APMC,Soyabean,Soyabeen,FAQ,2026-01-20,3315.0,6101.0,5400.0,81.14500000000001,Rs./Quintal,Metric Tonnes
Madhya Pradesh,Ujjain,Mahidpur APMC,Soyabean,Soyabeen,Non-FAQ,2026-01-20,1787.0,4568.0,4100.0,7.91,Rs./Quintal,Metric Tonnes
Madhya Pradesh,Ujjain,Mahidpur APMC,Wheat,Wheat,Non-FAQ,2026-01-20,2220.0,2358.0,2358.0,11.897,Rs./Quintal,Metric Tonnes
Madhya Pradesh,Ujjain,Mahidpur APMC,Wheat,Wheat,FAQ,2026-01-20,2351.0,2753.0,2372.0,85.13600000000001,Rs./Quintal,Metric Tonnes
Madhya Pradesh,Guna,Maksudangarh APMC,Coriander(Leaves),Coriander,FAQ,2026-01-20,10005.0,10005.0,10005.0,0.064,Rs./Bundle,Bundle
Madhya Pradesh,Guna,Maksudangarh APMC,Maize,Local,FAQ,2026-01-20,1354.0,1722.0,1575.0,203.661,Rs./Quintal,Metric Tonnes
Madhya Pradesh,Guna,Maksudangarh APMC,Soyabean,Soyabeen,FAQ,2026-01-20,4860.0,5500.0,5050.0,40.744,Rs./Quintal,Metric Tonnes
Madhya Pradesh,Guna,Maksudangarh APMC,Wheat,Wheat,FAQ,2026-01-20,2101.0,2750.0,2550.0,207.441,Rs./Quintal,Metric Tonnes
Madhya Pradesh,Sagar,Malthone APMC,Lak(Teora),Tiwada,FAQ,2026-01-20,3300.0,3305.0,3305.0,24.0,Rs./Quintal,Metric Tonnes
Madhya Pradesh,Sagar,Malthone APMC,Wheat,Wheat,FAQ,2026-01-20,2385.0,2440.0,2420.0,105.7,Rs./Quintal,Metric Tonnes
Madhya Pradesh,Neemuch,Manasa APMC,Bengal Gram(Gram)(Whole),Gram,FAQ,2026-01-20,4941.0,5122.0,5122.0,1.673,Rs./Quintal,Metric Tonnes
Madhya Pradesh,Neemuch,Manasa APMC,Black Gram(Urd Beans)(Whole),Urda/Urd,Non-FAQ,2026-01-20,5350.0,6201.0,6201.0,1.6210000000000002,Rs./Quintal,Metric Tonnes
Madhya Pradesh,Neemuch,Manasa APMC,Linseed,Flaxseed,FAQ,2026-01-20,7500.0,7771.0,7771.0,0.18200000000000002,Rs./Quintal,Metric Tonnes
Madhya Pradesh,Neemuch,Manasa APMC,Maize,Local,FAQ,2026-01-20,1401.0,1725.0,1693.0,66.938,Rs./Quintal,Metric Tonnes
Madhya Pradesh,Neemuch,Manasa APMC,Maize,Local,Non-FAQ,2026-01-20,800.0,1536.0,1450.0,5.162,Rs./Quintal,Metric Tonnes
Madhya Pradesh,Neemuch,Manasa APMC,Mustard,Mustard,FAQ,2026-01-20,6623.0,6661.0,6661.0,2.184,Rs./Quintal,Metric Tonnes
Madhya Pradesh,Neemuch,Manasa APMC,Onion,Onion,Non-FAQ,2026-01-20,50.0,1312.0,900.0,14.603000000000002,Rs./Quintal,Metric Tonnes
Madhya Pradesh,Neemuch,Manasa APMC,Soyabean,Soyabeen,FAQ,2026-01-20,2500.0,5526.0,5280.0,84.418,Rs./Quintal,Metric Tonnes
Madhya Pradesh,Neemuch,Manasa APMC,Wheat,Wheat,FAQ,2026-01-20,2501.0,2713.0,2630.0,85.128,Rs./Quintal,Metric Tonnes
Madhya Pradesh,Neemuch,Manasa APMC,Wheat,Wheat,Non-FAQ,2026-01-20,2472.0,2637.0,2600.0,38.181000000000004,Rs./Quintal,Metric Tonnes
Madhya Pradesh,Dhar,Manawar APMC,Kabuli Chana(Chickpeas-White),Dollar Gram,FAQ,2026-01-20,6250.0,9330.0,9330.0,108.628,Rs./Quintal,Metric Tonnes
Madhya Pradesh,Dhar,Manawar APMC,Maize,Local,FAQ,2026-01-20,1400.0,2040.0,2010.0,244.30500000000004,Rs./Quintal,Metric Tonnes
Madhya Pradesh,Dhar,Manawar APMC,Maize,Local,Non-FAQ,2026-01-20,1570.0,1900.0,1900.0,21.015,Rs./Quintal,Metric Tonnes
Madhya Pradesh,Dhar,Manawar APMC,Soyabean,Soyabeen,FAQ,2026-01-20,5000.0,5000.0,5000.0,0.052000000000000005,Rs./Quintal,Metric Tonnes
Madhya Pradesh,Dhar,Manawar APMC,Wheat,Wheat,FAQ,2026-01-20,2500.0,3020.0,3010.0,100.32600000000001,Rs./Quintal,Metric Tonnes
Madhya Pradesh,Dhar,Manawar APMC,Wheat,Wheat,Non-FAQ,2026-01-20,1590.0,2610.0,2610.0,35.510000000000005,Rs./Quintal,Metric Tonnes
Madhya Pradesh,Mandla,Mandla APMC,Kodo Millet(Varagu),Kondo,FAQ,2026-01-20,2450.0,2450.0,2450.0,2.0,Rs./Quintal,Metric Tonnes
Madhya Pradesh,Mandla,Mandla APMC,Kutki,Kutki,FAQ,2026-01-20,3600.0,4500.0,4425.0,24.400000000000002,Rs./Quintal,Metric Tonnes
Madhya Pradesh,Mandla,Mandla APMC,Maize,Local,Non-FAQ,2026-01-20,1700.0,1800.0,1800.0,17.900000000000002,Rs./Quintal,Metric Tonnes
Madhya Pradesh,Mandla,Mandla APMC,Niger Seed(Ramtil),Ramatilli,FAQ,2026-01-20,9800.0,9810.0,9810.0,5.9,Rs./Quintal,Metric Tonnes
Madhya Pradesh,Mandla,Mandla APMC,Wheat,Local,FAQ,2026-01-20,2380.0,2380.0,2380.0,3.0,Rs./Quintal,Metric Tonnes
Madhya Pradesh,Mandla,Mandla APMC,Wheat,Mill Quality,Non-FAQ,2026-01-20,2500.0,2590.0,2500.0,48.900000000000006,Rs./Quintal,Metric Tonnes
Madhya Pradesh,Mandla,Mandla APMC,Wheat,Local,Non-FAQ,2026-01-20,2500.0,2500.0,2500.0,3.0,Rs./Quintal,Metric Tonnes
Madhya Pradesh,Mandsaur,Mandsaur APMC,Bengal Gram(Gram)(Whole),Chana Kabuli,Non-FAQ,2026-01-20,2801.0,8956.0,8956.0,2.612,Rs./Quintal,Metric Tonnes
Madhya Pradesh,Mandsaur,Mandsaur APMC,Bengal Gram(Gram)(Whole),Gram,Non-FAQ,2026-01-20,4500.0,5465.0,5200.0,11.053,Rs./Quintal,Metric Tonnes
Madhya Pradesh,Mandsaur,Mandsaur APMC,Black Gram(Urd Beans)(Whole),Urda/Urd,Non-FAQ,2026-01-20,1001.0,6707.0,6707.0,3.322,Rs./Quintal,Metric Tonnes
Madhya Pradesh,Mandsaur,Mandsaur APMC,Garlic,Garlic,FAQ,2026-01-20,3111.0,17000.0,9000.0,229.65200000000002,Rs./Quintal,Metric Tonnes
Madhya Pradesh,Mandsaur,Mandsaur APMC,Groundnut,Big (With Shell),Non-FAQ,2026-01-20,2800.0,8601.0,6201.0,32.893,Rs./Quintal,Metric Tonnes
Madhya Pradesh,Mandsaur,Mandsaur APMC,Lentil(Masur)(Whole),Masur Dal,Non-FAQ,2026-01-20,5252.0,6190.0,6190.0,2.309,Rs./Quintal,Metric Tonnes
Madhya Pradesh,Mandsaur,Mandsaur APMC,Maize,Local,Non-FAQ,2026-01-20,1576.0,2174.0,2174.0,19.753,Rs./Quintal,Metric Tonnes
Madhya Pradesh,Mandsaur,Mandsaur APMC,Mustard,Mustard,FAQ,2026-01-20,6260.0,6580.0,6580.0,4.2909999999999995,Rs./Quintal,Metric Tonnes
Madhya Pradesh,Mandsaur,Mandsaur APMC,Mustard,Mustard,Non-FAQ,2026-01-20,3200.0,6626.0,6544.0,30.011000000000003,Rs./Quintal,Metric Tonnes
Madhya Pradesh,Mandsaur,Mandsaur APMC,Onion,Onion,FAQ,2026-01-20,100.0,1700.0,1450.0,66.286,Rs./Quintal,Metric Tonnes
Madhya Pradesh,Mandsaur,Mandsaur APMC,Onion,Onion,Non-FAQ,2026-01-20,100.0,1634.0,811.0,125.157,Rs./Quintal,Metric Tonnes
Madhya Pradesh,Mandsaur,Mandsaur APMC,"Sesamum(Sesame,Gingelly,Til)",Sesame,Non-FAQ,2026-01-20,4500.0,9731.0,9731.0,1.011,Rs./Quintal,Metric Tonnes
Madhya Pradesh,Mandsaur,Mandsaur APMC,Soyabean,Soyabeen,Non-FAQ,2026-01-20,1723.0,5701.0,5000.0,79.08800000000001,Rs./Quintal,Metric Tonnes
Madhya Pradesh,Mandsaur,Mandsaur APMC,Soyabean,Soyabeen,FAQ,2026-01-20,2811.0,5851.0,5050.0,57.152,Rs./Quintal,Metric Tonnes
Madhya Pradesh,Mandsaur,Mandsaur APMC,Wheat,Wheat,Non-FAQ,2026-01-20,2300.0,2960.0,2660.0,99.661,Rs./Quintal,Metric Tonnes
Madhya Pradesh,Mandsaur,Mandsaur APMC,Wheat,Local,Non-FAQ,2026-01-20,2666.0,2666.0,2666.0,4.152,Rs./Quintal,Metric Tonnes
Madhya Pradesh,Satna,Mehar APMC,Wheat,Wheat,FAQ,2026-01-20,2369.0,2400.0,2400.0,33.134,Rs./Quintal,Metric Tonnes
Madhya Pradesh,Satna,Mehar APMC,Wheat,Local,FAQ,2026-01-20,2395.0,2425.0,2425.0,47.345,Rs./Quintal,Metric Tonnes
Madhya Pradesh,Bhind,Mehgaon APMC,Mustard,Mustard,FAQ,2026-01-20,6500.0,6550.0,6510.0,13.625,Rs./Quintal,Metric Tonnes
Madhya Pradesh,Indore,Mhow APMC,Kabuli Chana(Chickpeas-White),Dollar Gram,FAQ,2026-01-20,3000.0,7010.0,7010.0,0.122,Rs./Quintal,Metric Tonnes
Madhya Pradesh,Indore,Mhow APMC,Kabuli Chana(Chickpeas-White),Bitkey,FAQ,2026-01-20,4201.0,8710.0,8710.0,1.2710000000000001,Rs./Quintal,Metric Tonnes
Madhya Pradesh,Indore,Mhow APMC,Maize,Local,FAQ,2026-01-20,1430.0,1702.0,1702.0,20.502000000000002,Rs./Quintal,Metric Tonnes
Madhya Pradesh,Indore,Mhow APMC,Soyabean,Soyabeen,Non-FAQ,2026-01-20,1500.0,2699.0,2699.0,2.356,Rs./Quintal,Metric Tonnes
Madhya Pradesh,Indore,Mhow APMC,Soyabean,Soyabeen,FAQ,2026-01-20,2000.0,6150.0,4900.0,157.64000000000001,Rs./Quintal,Metric Tonnes
Madhya Pradesh,Indore,Mhow APMC,Wheat,Wheat,Non-FAQ,2026-01-20,2300.0,2510.0,2500.0,17.903000000000002,Rs./Quintal,Metric Tonnes
Madhya Pradesh,Indore,Mhow APMC,Wheat,Wheat,FAQ,2026-01-20,2451.0,2767.0,2451.0,9.276000000000002,Rs./Quintal,Metric Tonnes
Madhya Pradesh,Indore,Mhow APMC,Wheat,Mill Quality,Non-FAQ,2026-01-20,2460.0,2460.0,2460.0,8.0,Rs./Quintal,Metric Tonnes
Madhya Pradesh,Balaghat,Mohgaon APMC,Kodo Millet(Varagu),Kondo,FAQ,2026-01-20,2500.0,2520.0,2515.0,23.1,Rs./Quintal,Metric Tonnes
Madhya Pradesh,Balaghat,Mohgaon APMC,Kutki,Kutki,FAQ,2026-01-20,3550.0,3550.0,3550.0,3.5,Rs./Quintal,Metric Tonnes
Madhya Pradesh,Balaghat,Mohgaon APMC,Wheat,Mill Quality,FAQ,2026-01-20,2500.0,2500.0,2500.0,4.0,Rs./Quintal,Metric Tonnes
Madhya Pradesh,Morena,Morena APMC,Bajra(Pearl Millet/Cumbu),Millet,Non-FAQ,2026-01-20,1800.0,1911.0,1901.0,17.657,Rs./Quintal,Metric Tonnes
Madhya Pradesh,Morena,Morena APMC,Mustard,Mustard,Non-FAQ,2026-01-20,5500.0,6660.0,6630.0,50.379000000000005,Rs./Quintal,Metric Tonnes
Madhya Pradesh,Morena,Morena APMC,Paddy(Common),Basmati 1509,Non-FAQ,2026-01-20,2530.0,2530.0,2530.0,2.59,Rs./Quintal,Metric Tonnes
Madhya Pradesh,Morena,Morena APMC,Potato,Potato,Non-FAQ,2026-01-20,400.0,500.0,500.0,50.0,Rs./Quintal,Metric Tonnes
Madhya Pradesh,Morena,Morena APMC,Wheat,Wheat,Non-FAQ,2026-01-20,2570.0,2603.0,2603.0,11.51,Rs./Quintal,Metric Tonnes
Madhya Pradesh,Bhind,Mow APMC,Mustard,Mustard,FAQ,2026-01-20,6400.0,6645.0,6645.0,4.83,Rs./Quintal,Metric Tonnes
Madhya Pradesh,Bhind,Mow APMC,Wheat,Wheat,FAQ,2026-01-20,2400.0,2520.0,2520.0,16.769000000000002,Rs./Quintal,Metric Tonnes
Madhya Pradesh,Betul,Multai APMC,Maize,Yellow,Non-FAQ,2026-01-20,1527.0,1590.0,1590.0,24.6,Rs./Quintal,Metric Tonnes
Madhya Pradesh,Betul,Multai APMC,Maize,Local,Non-FAQ,2026-01-20,1500.0,1650.0,1601.0,1228.44,Rs./Quintal,Metric Tonnes
Madhya Pradesh,Betul,Multai APMC,Maize,Local,FAQ,2026-01-20,1600.0,1600.0,1600.0,11.8,Rs./Quintal,Metric Tonnes
Madhya Pradesh,Betul,Multai APMC,Maize,Yellow,FAQ,2026-01-20,1650.0,1660.0,1650.0,32.25,Rs./Quintal,Metric Tonnes
Madhya Pradesh,Betul,Multai APMC,Soyabean,Yellow,FAQ,2026-01-20,4701.0,4701.0,4701.0,0.985,Rs./Quintal,Metric Tonnes
Madhya Pradesh,Betul,Multai APMC,Wheat,Mill Quality,Non-FAQ,2026-01-20,2400.0,2625.0,2401.0,54.300000000000004,Rs./Quintal,Metric Tonnes
Madhya Pradesh,Betul,Multai APMC,Wheat,Mill Quality,FAQ,2026-01-20,2625.0,2630.0,2630.0,38.5,Rs./Quintal,Metric Tonnes
Madhya Pradesh,Khandwa,Mundi APMC,Cotton,Without Ginned Cotton,FAQ,2026-01-20,6500.0,8010.0,8010.0,63.292,Rs./Quintal,Metric Tonnes
Madhya Pradesh,Khandwa,Mundi APMC,Maize,Local,FAQ,2026-01-20,1451.0,1451.0,1451.0,1.5150000000000001,Rs./Quintal,Metric Tonnes
Madhya Pradesh,Khandwa,Mundi APMC,Wheat,Wheat,FAQ,2026-01-20,2597.0,2597.0,2597.0,2.1100000000000003,Rs./Quintal,Metric Tonnes
Madhya Pradesh,Khandwa,Mundi APMC,Wheat,Local,FAQ,2026-01-20,2600.0,2600.0,2600.0,1.1500000000000001,Rs./Quintal,Metric Tonnes
Madhya Pradesh,Ashoknagar,Mungawali APMC,Maize,Local,Non-FAQ,2026-01-20,1320.0,1630.0,1550.0,357.221,Rs./Quintal,Metric Tonnes
Madhya Pradesh,Ashoknagar,Mungawali APMC,Soyabean,Soyabeen,Non-FAQ,2026-01-20,5045.0,5045.0,5045.0,0.7610000000000001,Rs./Quintal,Metric Tonnes
Madhya Pradesh,Ashoknagar,Mungawali APMC,Wheat,Wheat,Non-FAQ,2026-01-20,2395.0,2445.0,2445.0,6.46,Rs./Quintal,Metric Tonnes
Madhya Pradesh,Ujjain,Nagda APMC,Soyabean,Soyabeen,Non-FAQ,2026-01-20,3200.0,5330.0,5330.0,3.5460000000000003,Rs./Quintal,Metric Tonnes
Madhya Pradesh,Ujjain,Nagda APMC,Soyabean,Soyabeen,FAQ,2026-01-20,3896.0,5700.0,5700.0,11.176000000000002,Rs./Quintal,Metric Tonnes
Madhya Pradesh,Ujjain,Nagda APMC,Wheat,Wheat,Non-FAQ,2026-01-20,2477.0,2655.0,2655.0,3.825,Rs./Quintal,Metric Tonnes
Madhya Pradesh,Ujjain,Nagda APMC,Wheat,Wheat,FAQ,2026-01-20,2510.0,2683.0,2683.0,7.515000000000001,Rs./Quintal,Metric Tonnes
Madhya Pradesh,Satna,Nagod APMC,Barley(Jau),Barley,Non-FAQ,2026-01-20,2350.0,2350.0,2350.0,5.7,Rs./Quintal,Metric Tonnes
Madhya Pradesh,Satna,Nagod APMC,Barley(Jau),Barley,FAQ,2026-01-20,2276.0,2276.0,2276.0,4.3,Rs./Quintal,Metric Tonnes
Madhya Pradesh,Satna,Nagod APMC,Bengal Gram(Gram)(Whole),Gram,FAQ,2026-01-20,5300.0,5375.0,5300.0,8.6,Rs./Quintal,Metric Tonnes
Madhya Pradesh,Satna,Nagod APMC,Black Gram(Urd Beans)(Whole),Urda/Urd,FAQ,2026-01-20,5210.0,5450.0,5450.0,7.295000000000001,Rs./Quintal,Metric Tonnes
Madhya Pradesh,Satna,Nagod APMC,Kodo Millet(Varagu),Kondo,FAQ,2026-01-20,1600.0,2370.0,2300.0,30.483999999999998,Rs./Quintal,Metric Tonnes
Madhya Pradesh,Satna,Nagod APMC,Lentil(Masur)(Whole),Masur Dal,FAQ,2026-01-20,5900.0,5900.0,5900.0,3.3000000000000003,Rs./Quintal,Metric Tonnes
Madhya Pradesh,Satna,Nagod APMC,Mustard,Sarson(Black),FAQ,2026-01-20,6105.0,6105.0,6105.0,1.5,Rs./Quintal,Metric Tonnes
Madhya Pradesh,Satna,Nagod APMC,Wheat,Wheat,FAQ,2026-01-20,2400.0,2583.0,2570.0,143.495,Rs./Quintal,Metric Tonnes
Madhya Pradesh,Satna,Nagod APMC,Wheat,Mill Quality,Non-FAQ,2026-01-20,2565.0,2570.0,2570.0,13.8,Rs./Quintal,Metric Tonnes
Madhya Pradesh,Mandla,Nainpur APMC,Maize,Yellow,Non-FAQ,2026-01-20,1560.0,1590.0,1590.0,24.0,Rs./Quintal,Metric Tonnes
Madhya Pradesh,Mandla,Nainpur APMC,Wheat,Local,Non-FAQ,2026-01-20,2300.0,2400.0,2400.0,33.2,Rs./Quintal,Metric Tonnes
Madhya Pradesh,Shajapur,Nalkehda APMC,Coriander(Leaves),Coriander,FAQ,2026-01-20,5500.0,5500.0,5500.0,0.024,Rs./Bundle,Bundle
Madhya Pradesh,Shajapur,Nalkehda APMC,Mustard,Mustard,FAQ,2026-01-20,5900.0,5900.0,5900.0,0.098,Rs./Quintal,Metric Tonnes
Madhya Pradesh,Shajapur,Nalkehda APMC,Soyabean,Soyabeen,FAQ,2026-01-20,2151.0,5459.0,5000.0,62.138000000000005,Rs./Quintal,Metric Tonnes
Madhya Pradesh,Shajapur,Nalkehda APMC,Soyabean,Soyabeen,Non-FAQ,2026-01-20,1450.0,3911.0,3911.0,4.742,Rs./Quintal,Metric Tonnes
Madhya Pradesh,Shajapur,Nalkehda APMC,Wheat,Wheat,FAQ,2026-01-20,2260.0,2624.0,2624.0,29.371,Rs./Quintal,Metric Tonnes
Madhya Pradesh,Rajgarh,Narsinghgarh APMC,Bengal Gram(Gram)(Whole),Gram,FAQ,2026-01-20,4925.0,5010.0,5010.0,0.199,Rs./Quintal,Metric Tonnes
Madhya Pradesh,Rajgarh,Narsinghgarh APMC,Coriander(Leaves),Coriander,FAQ,2026-01-20,8900.0,10150.0,10150.0,0.13799999999999998,Rs./Bundle,Bundle
Madhya Pradesh,Rajgarh,Narsinghgarh APMC,Garlic,Garlic,FAQ,2026-01-20,900.0,16600.0,6600.0,19.306,Rs./Quintal,Metric Tonnes
Madhya Pradesh,Rajgarh,Narsinghgarh APMC,Lentil(Masur)(Whole),Masur Dal,FAQ,2026-01-20,5400.0,6225.0,6225.0,0.166,Rs./Quintal,Metric Tonnes
Madhya Pradesh,Rajgarh,Narsinghgarh APMC,Maize,Local,FAQ,2026-01-20,1525.0,1525.0,1525.0,0.199,Rs./Quintal,Metric Tonnes
Madhya Pradesh,Rajgarh,Narsinghgarh APMC,Mustard,Mustard,FAQ,2026-01-20,6610.0,6610.0,6610.0,0.17,Rs./Quintal,Metric Tonnes
Madhya Pradesh,Rajgarh,Narsinghgarh APMC,Onion,Onion,FAQ,2026-01-20,30.0,1720.0,390.0,25.121000000000002,Rs./Quintal,Metric Tonnes
Madhya Pradesh,Rajgarh,Narsinghgarh APMC,Soyabean,Soyabeen,FAQ,2026-01-20,2900.0,6600.0,5300.0,99.638,Rs./Quintal,Metric Tonnes
Madhya Pradesh,Rajgarh,Narsinghgarh APMC,Wheat,Mill Quality,Non-FAQ,2026-01-20,2500.0,2500.0,2500.0,1.082,Rs./Quintal,Metric Tonnes
Madhya Pradesh,Rajgarh,Narsinghgarh APMC,Wheat,Wheat,FAQ,2026-01-20,2450.0,2735.0,2605.0,85.313,Rs./Quintal,Metric Tonnes
Madhya Pradesh,Narsinghpur,Narsinghpur APMC,Bengal Gram(Gram)(Whole),Desi (F.A.Q. Split),FAQ,2026-01-20,4400.0,5946.0,5350.0,55.725,Rs./Quintal,Metric Tonnes
Madhya Pradesh,Narsinghpur,Narsinghpur APMC,Bengal Gram(Gram)(Whole),Desi (F.A.Q. Split),Non-FAQ,2026-01-20,4900.0,5661.0,5440.0,25.700000000000003,Rs./Quintal,Metric Tonnes
Madhya Pradesh,Narsinghpur,Narsinghpur APMC,Black Gram(Urd Beans)(Whole),Urda/Urd,FAQ,2026-01-20,5354.0,7700.0,7700.0,1.545,Rs./Quintal,Metric Tonnes
Madhya Pradesh,Narsinghpur,Narsinghpur APMC,Black Gram(Urd Beans)(Whole),Urda/Urd,Non-FAQ,2026-01-20,4500.0,6697.0,6697.0,0.755,Rs./Quintal,Metric Tonnes
Madhya Pradesh,Narsinghpur,Narsinghpur APMC,Gur(Jaggery),Jaggery,FAQ,2026-01-20,3305.0,3921.0,3350.0,109.807,Rs./Quintal,Metric Tonnes
Madhya Pradesh,Narsinghpur,Narsinghpur APMC,Lentil(Masur)(Whole),Masur Dal,FAQ,2026-01-20,5600.0,5776.0,5600.0,2.205,Rs./Quintal,Metric Tonnes
Madhya Pradesh,Narsinghpur,Narsinghpur APMC,Lentil(Masur)(Whole),Local,FAQ,2026-01-20,4500.0,6000.0,6000.0,5.075,Rs./Quintal,Metric Tonnes
Madhya Pradesh,Narsinghpur,Narsinghpur APMC,Maize,Yellow,FAQ,2026-01-20,1491.0,1700.0,1620.0,323.365,Rs./Quintal,Metric Tonnes
Madhya Pradesh,Narsinghpur,Narsinghpur APMC,Maize,Yellow,Non-FAQ,2026-01-20,1400.0,1721.0,1620.0,664.145,Rs./Quintal,Metric Tonnes
Madhya Pradesh,Narsinghpur,Narsinghpur APMC,Red gram/Arhar/Tur(whole),Arhar Dal(Tur),Non-FAQ,2026-01-20,5600.0,6125.0,6125.0,0.42000000000000004,Rs./Quintal,Metric Tonnes
Madhya Pradesh,Narsinghpur,Narsinghpur APMC,Red gram/Arhar/Tur(whole),Arhar Dal(Tur),FAQ,2026-01-20,4800.0,6841.0,6700.0,10.485,Rs./Quintal,Metric Tonnes
Madhya Pradesh,Narsinghpur,Narsinghpur APMC,Soyabean,Yellow,Non-FAQ,2026-01-20,4551.0,5165.0,5165.0,1.475,Rs./Quintal,Metric Tonnes
Madhya Pradesh,Narsinghpur,Narsinghpur APMC,Soyabean,Yellow,FAQ,2026-01-20,3800.0,5301.0,5200.0,7.590000000000001,Rs./Quintal,Metric Tonnes
Madhya Pradesh,Narsinghpur,Narsinghpur APMC,Wheat,Mill Quality,Non-FAQ,2026-01-20,2450.0,2632.0,2551.0,55.129999999999995,Rs./Quintal,Metric Tonnes
Madhya Pradesh,Sehore,Nasrullaganj APMC,Bengal Gram(Gram)(Whole),Gram,Non-FAQ,2026-01-20,4500.0,5329.0,5100.0,13.662,Rs./Quintal,Metric Tonnes
Madhya Pradesh,Sehore,Nasrullaganj APMC,Bengal Gram(Gram)(Whole),Gram,FAQ,2026-01-20,4800.0,4800.0,4800.0,0.082,Rs./Quintal,Metric Tonnes
Madhya Pradesh,Sehore,Nasrullaganj APMC,Green Gram(Moong)(Whole),Green (Whole),Non-FAQ,2026-01-20,4300.0,5100.0,5100.0,1.244,Rs./Quintal,Metric Tonnes
Madhya Pradesh,Sehore,Nasrullaganj APMC,Maize,Local,Non-FAQ,2026-01-20,1100.0,1668.0,1500.0,682.87,Rs./Quintal,Metric Tonnes
Madhya Pradesh,Sehore,Nasrullaganj APMC,Maize,Local,FAQ,2026-01-20,1176.0,1697.0,1525.0,718.3770000000001,Rs./Quintal,Metric Tonnes
Madhya Pradesh,Sehore,Nasrullaganj APMC,Red gram/Arhar/Tur(whole),Arhar Dal(Tur),Non-FAQ,2026-01-20,6100.0,6271.0,6271.0,2.274,Rs./Quintal,Metric Tonnes
Madhya Pradesh,Sehore,Nasrullaganj APMC,Soyabean,Soyabeen,Non-FAQ,2026-01-20,2100.0,5240.0,5151.0,47.607,Rs./Quintal,Metric Tonnes
Madhya Pradesh,Sehore,Nasrullaganj APMC,Soyabean,Soyabeen,FAQ,2026-01-20,4100.0,5191.0,5191.0,4.182,Rs./Quintal,Metric Tonnes
Madhya Pradesh,Sehore,Nasrullaganj APMC,Wheat,Wheat,FAQ,2026-01-20,2450.0,2559.0,2559.0,3.3369999999999997,Rs./Quintal,Metric Tonnes
Madhya Pradesh,Sehore,Nasrullaganj APMC,Wheat,Wheat,Non-FAQ,2026-01-20,2450.0,2698.0,2555.0,102.046,Rs./Quintal,Metric Tonnes
Madhya Pradesh,Chhatarpur,Naugaon APMC,Bengal Gram(Gram)(Whole),Gram,Non-FAQ,2026-01-20,5005.0,5050.0,5050.0,9.248000000000001,Rs./Quintal,Metric Tonnes
Madhya Pradesh,Chhatarpur,Naugaon APMC,Groundnut,Big (With Shell),Non-FAQ,2026-01-20,5680.0,5880.0,5780.0,34.15,Rs./Quintal,Metric Tonnes
Madhya Pradesh,Chhatarpur,Naugaon APMC,Soyabean,Soyabeen,FAQ,2026-01-20,4760.0,5050.0,4820.0,41.5,Rs./Quintal,Metric Tonnes
Madhya Pradesh,Chhatarpur,Naugaon APMC,Wheat,Wheat,Non-FAQ,2026-01-20,2452.0,2564.0,2540.0,135.334,Rs./Quintal,Metric Tonnes
Madhya Pradesh,Neemuch,Neemuch APMC,Absinthe,chirayta,FAQ,2026-01-20,9400.0,9400.0,9400.0,2.2399999999999998,Rs./Quintal,Metric Tonnes
Madhya Pradesh,Neemuch,Neemuch APMC,Ajwan,Ajwan,FAQ,2026-01-20,10001.0,14700.0,13000.0,4.271,Rs./Quintal,Metric Tonnes
Madhya Pradesh,Neemuch,Neemuch APMC,Asgand,Asgand,FAQ,2026-01-20,15000.0,31800.0,23000.0,5.213000000000001,Rs./Quintal,Metric Tonnes
Madhya Pradesh,Neemuch,Neemuch APMC,Asparagus,Asparagus,FAQ,2026-01-20,29600.0,29600.0,29600.0,0.10200000000000001,Rs./Quintal,Metric Tonnes
Madhya Pradesh,Neemuch,Neemuch APMC,Bengal Gram(Gram)(Whole),Gram,Non-FAQ,2026-01-20,4892.0,5350.0,5350.0,3.933,Rs./Quintal,Metric Tonnes
Madhya Pradesh,Neemuch,Neemuch APMC,Bengal Gram(Gram)(Whole),Gram,FAQ,2026-01-20,4150.0,5480.0,5199.0,29.091000000000005,Rs./Quintal,Metric Tonnes
Madhya Pradesh,Neemuch,Neemuch APMC,Bengal Gram(Gram)(Whole),Chana Kanta,Non-FAQ,2026-01-20,5400.0,5400.0,5400.0,0.618,Rs./Quintal,Metric Tonnes
Madhya Pradesh,Neemuch,Neemuch APMC,Black Gram(Urd Beans)(Whole),Urda/Urd,FAQ,2026-01-20,5590.0,7301.0,7301.0,3.936,Rs./Quintal,Metric Tonnes
Madhya Pradesh,Neemuch,Neemuch APMC,Coriander(Leaves),Coriander,FAQ,2026-01-20,1201.0,9702.0,9400.0,28.649,Rs./Bundle,Bundle
Madhya Pradesh,Neemuch,Neemuch APMC,Garlic,Garlic,FAQ,2026-01-20,3200.0,21000.0,11700.0,109.38499999999999,Rs./Quintal,Metric Tonnes
Madhya Pradesh,Neemuch,Neemuch APMC,Garlic,Average,FAQ,2026-01-20,1100.0,15000.0,12800.0,51.306,Rs./Quintal,Metric Tonnes
Madhya Pradesh,Neemuch,Neemuch APMC,Giloy,Giloy,FAQ,2026-01-20,3200.0,3300.0,3300.0,0.048,Rs./Quintal,Metric Tonnes
Madhya Pradesh,Neemuch,Neemuch APMC,Groundnut,Big (With Shell),FAQ,2026-01-20,5500.0,7301.0,6400.0,52.105,Rs./Quintal,Metric Tonnes
Madhya Pradesh,Neemuch,Neemuch APMC,Groundnut,Big (With Shell),Non-FAQ,2026-01-20,5611.0,6611.0,6611.0,7.187000000000001,Rs./Quintal,Metric Tonnes
Madhya Pradesh,Neemuch,Neemuch APMC,Lentil(Masur)(Whole),Masur Dal,FAQ,2026-01-20,2401.0,6971.0,6971.0,5.228000000000001,Rs./Quintal,Metric Tonnes
Madhya Pradesh,Neemuch,Neemuch APMC,Linseed,Flaxseed,FAQ,2026-01-20,5300.0,8211.0,7621.0,23.292,Rs./Quintal,Metric Tonnes
Madhya Pradesh,Neemuch,Neemuch APMC,Maize,Local,FAQ,2026-01-20,1340.0,2314.0,1650.0,233.29899999999998,Rs./Quintal,Metric Tonnes
Madhya Pradesh,Neemuch,Neemuch APMC,Methi Seeds,Methiseeds,FAQ,2026-01-20,1300.0,6901.0,5700.0,27.643,Rs./Quintal,Metric Tonnes
Madhya Pradesh,Neemuch,Neemuch APMC,Mustard,Mustard,FAQ,2026-01-20,1000.0,8510.0,6440.0,113.434,Rs./Quintal,Metric Tonnes
Madhya Pradesh,Neemuch,Neemuch APMC,Neem Seed,Neem leaves,FAQ,2026-01-20,1200.0,1200.0,1200.0,0.04000000000000001,Rs./Quintal,Metric Tonnes
Madhya Pradesh,Neemuch,Neemuch APMC,Onion,Red,FAQ,2026-01-20,100.0,1712.0,950.0,125.35000000000001,Rs./Quintal,Metric Tonnes
Madhya Pradesh,Neemuch,Neemuch APMC,"Sesamum(Sesame,Gingelly,Til)",Sesame,Non-FAQ,2026-01-20,4001.0,9170.0,9100.0,3.1020000000000003,Rs./Quintal,Metric Tonnes
Madhya Pradesh,Neemuch,Neemuch APMC,"Sesamum(Sesame,Gingelly,Til)",Sesame,FAQ,2026-01-20,9150.0,9551.0,9551.0,3.692,Rs./Quintal,Metric Tonnes
Madhya Pradesh,Neemuch,Neemuch APMC,Soyabean,Soyabeen,FAQ,2026-01-20,3901.0,6554.0,5200.0,335.214,Rs./Quintal,Metric Tonnes
Madhya Pradesh,Neemuch,Neemuch APMC,Wheat,Wheat,FAQ,2026-01-20,2261.0,2811.0,2640.0,166.252,Rs./Quintal,Metric Tonnes
Madhya Pradesh,Neemuch,Neemuch APMC,White Muesli,White Muesli,FAQ,2026-01-20,114500.0,114500.0,114500.0,0.1,Rs./Quintal,Metric Tonnes
Madhya Pradesh,Neemuch,Neemuch APMC,nigella seeds,Kalonji/Nigella,FAQ,2026-01-20,15000.0,24980.0,24980.0,0.9730000000000001,Rs./Quintal,Metric Tonnes
Madhya Pradesh,Neemuch,Neemuch APMC,poppy seeds,Poppy seed,FAQ,2026-01-20,100000.0,147000.0,123000.0,2.102,Rs./Quintal,Metric Tonnes
Madhya Pradesh,Neemuch,Neemuch APMC,poppy seeds,Khaskhas,FAQ,2026-01-20,123600.0,123600.0,123600.0,0.009,Rs./Quintal,Metric Tonnes
Madhya Pradesh,Tikamgarh,Niwadi APMC,Wheat,Wheat,Non-FAQ,2026-01-20,2450.0,2451.0,2451.0,21.5,Rs./Quintal,Metric Tonnes
Madhya Pradesh,Tikamgarh,Niwadi APMC,Wheat,Mill Quality,Non-FAQ,2026-01-20,2510.0,2520.0,2520.0,14.700000000000001,Rs./Quintal,Metric Tonnes
Madhya Pradesh,Raisen,Obedullaganj APMC,Bengal Gram(Gram)(Whole),Gram,FAQ,2026-01-20,4500.0,5326.0,5326.0,3.612,Rs./Quintal,Metric Tonnes
Madhya Pradesh,Raisen,Obedullaganj APMC,Maize,Local,FAQ,2026-01-20,1548.0,1548.0,1548.0,2.95,Rs./Quintal,Metric Tonnes
Madhya Pradesh,Raisen,Obedullaganj APMC,Paddy(Common),Dhan,FAQ,2026-01-20,2010.0,3700.0,3700.0,205.81,Rs./Quintal,Metric Tonnes
Madhya Pradesh,Raisen,Obedullaganj APMC,Paddy(Common),Basmati,FAQ,2026-01-20,3400.0,3900.0,3800.0,422.04600000000005,Rs./Quintal,Metric Tonnes
Madhya Pradesh,Raisen,Obedullaganj APMC,Paddy(Common),Puspa (MR 301),FAQ,2026-01-20,2350.0,4000.0,3750.0,558.729,Rs./Quintal,Metric Tonnes
Madhya Pradesh,Raisen,Obedullaganj APMC,Wheat,Local,FAQ,2026-01-20,2504.0,2750.0,2650.0,88.354,Rs./Quintal,Metric Tonnes
Madhya Pradesh,Raisen,Obedullaganj APMC,Wheat,Malwa Shakti,FAQ,2026-01-20,2503.0,2594.0,2594.0,2.222,Rs./Quintal,Metric Tonnes
Madhya Pradesh,Jabalpur,Paatan APMC,Bengal Gram(Gram)(Whole),Gram,FAQ,2026-01-20,4690.0,5415.0,5415.0,3.544,Rs./Quintal,Metric Tonnes
Madhya Pradesh,Jabalpur,Paatan APMC,Black Gram(Urd Beans)(Whole),Urda/Urd,FAQ,2026-01-20,5000.0,8500.0,8500.0,86.315,Rs./Quintal,Metric Tonnes
Madhya Pradesh,Jabalpur,Paatan APMC,Green Gram(Moong)(Whole),Green (Whole),FAQ,2026-01-20,6340.0,7000.0,7000.0,0.33,Rs./Quintal,Metric Tonnes
Madhya Pradesh,Jabalpur,Paatan APMC,Green Peas,Pea,FAQ,2026-01-20,2030.0,3500.0,3500.0,3.751,Rs./Quintal,Metric Tonnes
Madhya Pradesh,Jabalpur,Paatan APMC,Maize,Local,FAQ,2026-01-20,1445.0,1805.0,1625.0,258.63000000000005,Rs./Quintal,Metric Tonnes
Madhya Pradesh,Jabalpur,Paatan APMC,Paddy(Common),Basmati,FAQ,2026-01-20,2780.0,3375.0,3375.0,4.708,Rs./Quintal,Metric Tonnes
Madhya Pradesh,Jabalpur,Paatan APMC,Red gram/Arhar/Tur(whole),Arhar Dal(Tur),FAQ,2026-01-20,6050.0,6815.0,6815.0,2.381,Rs./Quintal,Metric Tonnes
Madhya Pradesh,Jabalpur,Paatan APMC,Wheat,Mill Quality,FAQ,2026-01-20,2405.0,2650.0,2530.0,49.031000000000006,Rs./Quintal,Metric Tonnes
Madhya Pradesh,Jabalpur,Paatan APMC,Wheat,Wheat,FAQ,2026-01-20,2455.0,2660.0,2515.0,255.112,Rs./Quintal,Metric Tonnes
Madhya Pradesh,Rajgarh,Pachaur APMC,Lentil(Masur)(Whole),Masur Dal,FAQ,2026-01-20,5720.0,6380.0,6380.0,1.848,Rs./Quintal,Metric Tonnes
Madhya Pradesh,Rajgarh,Pachaur APMC,Mustard,Mustard,FAQ,2026-01-20,6070.0,6070.0,6070.0,0.085,Rs./Quintal,Metric Tonnes
Madhya Pradesh,Rajgarh,Pachaur APMC,Soyabean,Soyabeen,FAQ,2026-01-20,1510.0,5375.0,5350.0,83.81900000000002,Rs./Quintal,Metric Tonnes
Madhya Pradesh,Rajgarh,Pachaur APMC,Wheat,Mill Quality,FAQ,2026-01-20,2480.0,2740.0,2550.0,22.67,Rs./Quintal,Metric Tonnes
Madhya Pradesh,Rajgarh,Pachaur APMC,Wheat,Wheat,Non-FAQ,2026-01-20,2515.0,2650.0,2650.0,32.606,Rs./Quintal,Metric Tonnes
Madhya Pradesh,Rajgarh,Pachaur APMC,Wheat,Wheat,FAQ,2026-01-20,1845.0,2765.0,2625.0,129.583,Rs./Quintal,Metric Tonnes
Madhya Pradesh,Seoni,Palari APMC,Maize,Local,FAQ,2026-01-20,1610.0,1615.0,1615.0,100.0,Rs./Quintal,Metric Tonnes
Madhya Pradesh,Seoni,Palari APMC,Maize,Local,Non-FAQ,2026-01-20,1680.0,1700.0,1700.0,71.7,Rs./Quintal,Metric Tonnes
Madhya Pradesh,Seoni,Palari APMC,Wheat,Local,Non-FAQ,2026-01-20,2525.0,2540.0,2530.0,63.0,Rs./Quintal,Metric Tonnes
Madhya Pradesh,Tikamgarh,Palera APMC,Wheat,Mill Quality,FAQ,2026-01-20,2546.0,2552.0,2552.0,15.9,Rs./Quintal,Metric Tonnes
Madhya Pradesh,Tikamgarh,Palera APMC,Wheat,Mill Quality,Non-FAQ,2026-01-20,2534.0,2558.0,2549.0,132.6,Rs./Quintal,Metric Tonnes
Madhya Pradesh,Khandwa,Pandhana APMC,Maize,Yellow,FAQ,2026-01-20,1500.0,1665.0,1665.0,44.885000000000005,Rs./Quintal,Metric Tonnes
Madhya Pradesh,Khandwa,Pandhana APMC,Maize,Local,FAQ,2026-01-20,1090.0,1684.0,1571.0,128.4,Rs./Quintal,Metric Tonnes
Madhya Pradesh,Khandwa,Pandhana APMC,Red gram/Arhar/Tur(whole),Arhar Dal(Tur),FAQ,2026-01-20,5701.0,6500.0,6500.0,1.215,Rs./Quintal,Metric Tonnes
Madhya Pradesh,Khandwa,Pandhana APMC,Soyabean,Soyabeen,FAQ,2026-01-20,4900.0,5066.0,5066.0,1.0150000000000001,Rs./Quintal,Metric Tonnes
Madhya Pradesh,Khandwa,Pandhana APMC,Wheat,Wheat,FAQ,2026-01-20,2326.0,2540.0,2540.0,23.32,Rs./Quintal,Metric Tonnes
Madhya Pradesh,Chhindwara,Pandhurna APMC,Cotton,Without Ginned Cotton,Non-FAQ,2026-01-20,7911.0,8000.0,7950.0,7.995000000000001,Rs./Quintal,Metric Tonnes
Madhya Pradesh,Chhindwara,Pandhurna APMC,Maize,Local,FAQ,2026-01-20,1570.0,1660.0,1630.0,222.849,Rs./Quintal,Metric Tonnes
Madhya Pradesh,Chhindwara,Pandhurna APMC,Maize,Local,Non-FAQ,2026-01-20,1600.0,1657.0,1625.0,103.94600000000001,Rs./Quintal,Metric Tonnes
Madhya Pradesh,Panna,Panna APMC,Bengal Gram(Gram)(Whole),Gram,FAQ,2026-01-20,5245.0,5545.0,5465.0,24.526,Rs./Quintal,Metric Tonnes
Madhya Pradesh,Panna,Panna APMC,Black Gram(Urd Beans)(Whole),Urda/Urd,FAQ,2026-01-20,5695.0,6600.0,6600.0,0.671,Rs./Quintal,Metric Tonnes
Madhya Pradesh,Panna,Panna APMC,Green Peas,Pea,FAQ,2026-01-20,3770.0,4180.0,3800.0,27.319000000000003,Rs./Quintal,Metric Tonnes
Madhya Pradesh,Panna,Panna APMC,Lentil(Masur)(Whole),Masur Dal,FAQ,2026-01-20,5625.0,5955.0,5955.0,4.205,Rs./Quintal,Metric Tonnes
Madhya Pradesh,Panna,Panna APMC,Mustard,Mustard,FAQ,2026-01-20,5895.0,6135.0,6135.0,1.5270000000000001,Rs./Quintal,Metric Tonnes
Madhya Pradesh,Panna,Panna APMC,Wheat,Mill Quality,Non-FAQ,2026-01-20,2440.0,2510.0,2510.0,28.310000000000002,Rs./Quintal,Metric Tonnes
Madhya Pradesh,Panna,Panna APMC,Wheat,Mill Quality,FAQ,2026-01-20,2455.0,2455.0,2455.0,7.984999999999999,Rs./Quintal,Metric Tonnes
Madhya Pradesh,Panna,Panna APMC,buttery,Buttery,FAQ,2026-01-20,3150.0,3540.0,3540.0,16.541,Rs./Quintal,Metric Tonnes
Madhya Pradesh,Damoh,Patharia APMC,Bengal Gram(Gram)(Whole),Gram,Non-FAQ,2026-01-20,4900.0,5000.0,5000.0,11.8,Rs./Quintal,Metric Tonnes
Madhya Pradesh,Damoh,Patharia APMC,Bengal Gram(Gram)(Whole),Gram,FAQ,2026-01-20,3725.0,5275.0,5245.0,18.48,Rs./Quintal,Metric Tonnes
Madhya Pradesh,Damoh,Patharia APMC,Black Gram(Urd Beans)(Whole),Urda/Urd,FAQ,2026-01-20,5200.0,7000.0,7000.0,0.6880000000000001,Rs./Quintal,Metric Tonnes
Madhya Pradesh,Damoh,Patharia APMC,Maize,Local,FAQ,2026-01-20,1420.0,1685.0,1580.0,238.044,Rs./Quintal,Metric Tonnes
Madhya Pradesh,Damoh,Patharia APMC,Maize,Local,Non-FAQ,2026-01-20,1310.0,1450.0,1450.0,50.0,Rs./Quintal,Metric Tonnes
Madhya Pradesh,Damoh,Patharia APMC,Mustard,Mustard,FAQ,2026-01-20,5500.0,5600.0,5600.0,5.5040000000000004,Rs./Quintal,Metric Tonnes
Madhya Pradesh,Damoh,Patharia APMC,Soyabean,Soyabeen,FAQ,2026-01-20,4500.0,5705.0,5340.0,39.903,Rs./Quintal,Metric Tonnes
Madhya Pradesh,Damoh,Patharia APMC,Wheat,Wheat,FAQ,2026-01-20,2492.0,2585.0,2539.0,75.409,Rs./Quintal,Metric Tonnes
Madhya Pradesh,Damoh,Patharia APMC,Wheat,Wheat,Non-FAQ,2026-01-20,2350.0,2350.0,2350.0,6.0,Rs./Quintal,Metric Tonnes
Madhya Pradesh,Panna,Pawai APMC,Wheat,Mill Quality,FAQ,2026-01-20,2515.0,2515.0,2515.0,2.3850000000000002,Rs./Quintal,Metric Tonnes
Madhya Pradesh,Jhabua,Petlawad APMC,Cotton,Without Ginned Cotton,FAQ,2026-01-20,5000.0,8200.0,7580.0,122.402,Rs./Quintal,Metric Tonnes
Madhya Pradesh,Jhabua,Petlawad APMC,Maize,Local,FAQ,2026-01-20,1500.0,1600.0,1600.0,28.352,Rs./Quintal,Metric Tonnes
Madhya Pradesh,Jhabua,Petlawad APMC,Soyabean,Soyabeen,FAQ,2026-01-20,4600.0,5251.0,5251.0,3.075,Rs./Quintal,Metric Tonnes
Madhya Pradesh,Jhabua,Petlawad APMC,Wheat,Wheat,FAQ,2026-01-20,2400.0,2600.0,2500.0,91.179,Rs./Quintal,Metric Tonnes
Madhya Pradesh,Shivpuri,Pichhour APMC,Groundnut,Groundnut seed,Non-FAQ,2026-01-20,5660.0,5900.0,5850.0,21.05,Rs./Quintal,Metric Tonnes
Madhya Pradesh,Shivpuri,Pichhour APMC,Wheat,Wheat,Non-FAQ,2026-01-20,2396.0,2426.0,2418.0,83.0,Rs./Quintal,Metric Tonnes
Madhya Pradesh,Shivpuri,Pichhour APMC,Wheat,Mill Quality,Non-FAQ,2026-01-20,2430.0,2470.0,2450.0,410.5,Rs./Quintal,Metric Tonnes
Madhya Pradesh,Hoshangabad,Pipariya APMC,Bengal Gram(Gram)(Whole),Gram,FAQ,2026-01-20,4100.0,5600.0,5600.0,109.85000000000001,Rs./Quintal,Metric Tonnes
Madhya Pradesh,Hoshangabad,Pipariya APMC,Black Gram(Urd Beans)(Whole),Urda/Urd,Non-FAQ,2026-01-20,6560.0,6560.0,6560.0,0.25,Rs./Quintal,Metric Tonnes
Madhya Pradesh,Hoshangabad,Pipariya APMC,Black Gram(Urd Beans)(Whole),Urda/Urd,FAQ,2026-01-20,7001.0,7001.0,7001.0,0.05,Rs./Quintal,Metric Tonnes
Madhya Pradesh,Hoshangabad,Pipariya APMC,Green Gram(Moong)(Whole),Green (Whole),FAQ,2026-01-20,1130.0,7900.0,6200.0,23.5,Rs./Quintal,Metric Tonnes
Madhya Pradesh,Hoshangabad,Pipariya APMC,Maize,Local,FAQ,2026-01-20,1301.0,1600.0,1600.0,21.6,Rs./Quintal,Metric Tonnes
Madhya Pradesh,Hoshangabad,Pipariya APMC,Paddy(Common),Paddy-Organic,FAQ,2026-01-20,3700.0,3700.0,3700.0,5.390000000000001,Rs./Quintal,Metric Tonnes
Madhya Pradesh,Hoshangabad,Pipariya APMC,Paddy(Common),Puspa (MR 301),FAQ,2026-01-20,3399.0,4003.0,3850.0,1343.356,Rs./Quintal,Metric Tonnes
Madhya Pradesh,Hoshangabad,Pipariya APMC,Paddy(Common),Paddy,FAQ,2026-01-20,3650.0,3850.0,3700.0,213.852,Rs./Quintal,Metric Tonnes
Madhya Pradesh,Hoshangabad,Pipariya APMC,Paddy(Common),Basmati,FAQ,2026-01-20,3850.0,3850.0,3850.0,20.46,Rs./Quintal,Metric Tonnes
Madhya Pradesh,Hoshangabad,Pipariya APMC,Red gram/Arhar/Tur(whole),Arhar Dal(Tur),Non-FAQ,2026-01-20,3750.0,7100.0,5650.0,11.9,Rs./Quintal,Metric Tonnes
Madhya Pradesh,Hoshangabad,Pipariya APMC,Red gram/Arhar/Tur(whole),Arhar Dal(Tur),FAQ,2026-01-20,3050.0,7180.0,6380.0,38.35,Rs./Quintal,Metric Tonnes
Madhya Pradesh,Hoshangabad,Pipariya APMC,Soyabean,Soyabeen,FAQ,2026-01-20,4811.0,4950.0,4950.0,3.8000000000000003,Rs./Quintal,Metric Tonnes
Madhya Pradesh,Hoshangabad,Pipariya APMC,Wheat,Wheat,FAQ,2026-01-20,2425.0,2630.0,2501.0,199.285,Rs./Quintal,Metric Tonnes
Madhya Pradesh,Mandsaur,Piplya APMC,Groundnut,Big (With Shell),FAQ,2026-01-20,6000.0,6691.0,6691.0,1.654,Rs./Quintal,Metric Tonnes
Madhya Pradesh,Mandsaur,Piplya APMC,Soyabean,Soyabeen,FAQ,2026-01-20,2451.0,5555.0,5300.0,29.765,Rs./Quintal,Metric Tonnes
Madhya Pradesh,Mandsaur,Piplya APMC,Wheat,Wheat,Non-FAQ,2026-01-20,2545.0,2636.0,2636.0,12.478000000000002,Rs./Quintal,Metric Tonnes
Madhya Pradesh,Mandsaur,Piplya APMC,Wheat,Lokwan,FAQ,2026-01-20,2591.0,2626.0,2626.0,0.7120000000000001,Rs./Quintal,Metric Tonnes
Madhya Pradesh,Mandsaur,Piplya APMC,Wheat,Wheat,FAQ,2026-01-20,2511.0,2670.0,2600.0,10.948,Rs./Quintal,Metric Tonnes
Madhya Pradesh,Ashoknagar,Piprai APMC,Maize,Local,FAQ,2026-01-20,1440.0,1495.0,1495.0,4.29,Rs./Quintal,Metric Tonnes
Madhya Pradesh,Ashoknagar,Piprai APMC,Paddy(Common),Paddy,FAQ,2026-01-20,3250.0,3311.0,3275.0,27.29,Rs./Quintal,Metric Tonnes
Madhya Pradesh,Shivpuri,Pohari APMC,Black Gram(Urd Beans)(Whole),Urda/Urd,Non-FAQ,2026-01-20,6115.0,6115.0,6115.0,0.24100000000000002,Rs./Quintal,Metric Tonnes
Madhya Pradesh,Shivpuri,Pohari APMC,Groundnut,Big (With Shell),Non-FAQ,2026-01-20,4695.0,6095.0,6095.0,1.1880000000000002,Rs./Quintal,Metric Tonnes
Madhya Pradesh,Shivpuri,Pohari APMC,Maize,Local,Non-FAQ,2026-01-20,1435.0,1435.0,1435.0,2.324,Rs./Quintal,Metric Tonnes
Madhya Pradesh,Shivpuri,Pohari APMC,Mustard,Sarson(Black),FAQ,2026-01-20,5700.0,5700.0,5700.0,1.7850000000000001,Rs./Quintal,Metric Tonnes
Madhya Pradesh,Shivpuri,Pohari APMC,Mustard,Mustard,Non-FAQ,2026-01-20,4750.0,6865.0,5745.0,82.566,Rs./Quintal,Metric Tonnes
Madhya Pradesh,Shivpuri,Pohari APMC,Mustard,Sarson(Black),Non-FAQ,2026-01-20,5695.0,6920.0,6920.0,4.885000000000001,Rs./Quintal,Metric Tonnes
Madhya Pradesh,Shivpuri,Pohari APMC,Soyabean,Soyabeen,Non-FAQ,2026-01-20,4680.0,5700.0,5195.0,36.246,Rs./Quintal,Metric Tonnes
Madhya Pradesh,Shivpuri,Pohari APMC,Wheat,Wheat,Non-FAQ,2026-01-20,2450.0,2510.0,2510.0,0.657,Rs./Quintal,Metric Tonnes
Madhya Pradesh,Morena,Porsa APMC,Bajra(Pearl Millet/Cumbu),Millet,Non-FAQ,2026-01-20,1850.0,1885.0,1870.0,172.70000000000002,Rs./Quintal,Metric Tonnes
Madhya Pradesh,Morena,Porsa APMC,Mustard,Mustard,FAQ,2026-01-20,6480.0,6600.0,6500.0,16.52,Rs./Quintal,Metric Tonnes
Madhya Pradesh,Tikamgarh,Prithvipur APMC,Wheat,Mill Quality,Non-FAQ,2026-01-20,2480.0,2583.0,2500.0,243.5,Rs./Quintal,Metric Tonnes
Madhya Pradesh,Guna,Raghogarh APMC,Maize,Local,FAQ,2026-01-20,1400.0,1620.0,1540.0,134.77100000000002,Rs./Quintal,Metric Tonnes
Madhya Pradesh,Guna,Raghogarh APMC,Wheat,Wheat,FAQ,2026-01-20,2545.0,2630.0,2630.0,6.308,Rs./Quintal,Metric Tonnes
Madhya Pradesh,Sagar,Rahatgarh APMC,Lentil(Masur)(Whole),Local,Non-FAQ,2026-01-20,5740.0,7025.0,7025.0,0.333,Rs./Quintal,Metric Tonnes
Madhya Pradesh,Sagar,Rahatgarh APMC,Maize,Local,Non-FAQ,2026-01-20,1355.0,1641.0,1625.0,149.59400000000002,Rs./Quintal,Metric Tonnes
Madhya Pradesh,Sagar,Rahatgarh APMC,Maize,Local,FAQ,2026-01-20,1540.0,1600.0,1565.0,45.505,Rs./Quintal,Metric Tonnes
Madhya Pradesh,Sagar,Rahatgarh APMC,Wheat,Mill Quality,Non-FAQ,2026-01-20,2200.0,2495.0,2480.0,2.769,Rs./Quintal,Metric Tonnes
Madhya Pradesh,Sagar,Rahatgarh APMC,Wheat,Wheat,Non-FAQ,2026-01-20,2400.0,2400.0,2400.0,8.33,Rs./Quintal,Metric Tonnes
Madhya Pradesh,Raisen,Raisen APMC,Paddy(Common),Basmati,FAQ,2026-01-20,2200.0,4076.0,3800.0,2356.382,Rs./Quintal,Metric Tonnes
Madhya Pradesh,Raisen,Raisen APMC,Paddy(Common),Puspa (MR 301),FAQ,2026-01-20,3400.0,3900.0,3700.0,42.916000000000004,Rs./Quintal,Metric Tonnes
Madhya Pradesh,Raisen,Raisen APMC,Paddy(Common),Paddy,FAQ,2026-01-20,3620.0,3925.0,3900.0,149.42000000000002,Rs./Quintal,Metric Tonnes
Madhya Pradesh,Raisen,Raisen APMC,Paddy(Common),Basmati,Non-FAQ,2026-01-20,1800.0,3855.0,3855.0,8.88,Rs./Quintal,Metric Tonnes
Madhya Pradesh,Raisen,Raisen APMC,Wheat,Mill Quality,FAQ,2026-01-20,2535.0,2610.0,2610.0,13.61,Rs./Quintal,Metric Tonnes
Madhya Pradesh,Dhar,Rajgarh APMC,Maize,Local,Non-FAQ,2026-01-20,1521.0,1770.0,1626.0,9.456999999999999,Rs./Quintal,Metric Tonnes
Madhya Pradesh,Dhar,Rajgarh APMC,Maize,Local,FAQ,2026-01-20,1800.0,1800.0,1800.0,0.10500000000000001,Rs./Quintal,Metric Tonnes
Madhya Pradesh,Dhar,Rajgarh APMC,Soyabean,Yellow,FAQ,2026-01-20,2801.0,6002.0,5400.0,43.68600000000001,Rs./Quintal,Metric Tonnes
Madhya Pradesh,Dhar,Rajgarh APMC,Soyabean,Yellow,Non-FAQ,2026-01-20,4350.0,5581.0,5581.0,15.409,Rs./Quintal,Metric Tonnes
Madhya Pradesh,Dhar,Rajgarh APMC,Soyabean,Soyabeen,FAQ,2026-01-20,3500.0,5050.0,5050.0,1.2880000000000003,Rs./Quintal,Metric Tonnes
Madhya Pradesh,Dhar,Rajgarh APMC,Wheat,Wheat,FAQ,2026-01-20,2400.0,2766.0,2700.0,16.192,Rs./Quintal,Metric Tonnes
Madhya Pradesh,Dhar,Rajgarh APMC,Wheat,Wheat,Non-FAQ,2026-01-20,2436.0,2800.0,2650.0,26.551000000000002,Rs./Quintal,Metric Tonnes
Madhya Pradesh,Dhar,Rajgarh APMC,Wheat,Lokwan,FAQ,2026-01-20,2430.0,2430.0,2430.0,0.15000000000000002,Rs./Quintal,Metric Tonnes
Madhya Pradesh,Chhatarpur,Rajnagar APMC,Barley(Jau),Barley,Non-FAQ,2026-01-20,2010.0,2030.0,2025.0,38.1,Rs./Quintal,Metric Tonnes
Madhya Pradesh,Chhatarpur,Rajnagar APMC,Black Gram(Urd Beans)(Whole),Urda/Urd,Non-FAQ,2026-01-20,4050.0,6110.0,4320.0,51.0,Rs./Quintal,Metric Tonnes
Madhya Pradesh,Chhatarpur,Rajnagar APMC,Mahua,Mahua Flower,FAQ,2026-01-20,4000.0,5000.0,4000.0,23.5,Rs./Quintal,Metric Tonnes
Madhya Pradesh,Chhatarpur,Rajnagar APMC,Wheat,Wheat Mix,FAQ,2026-01-20,2505.0,2505.0,2505.0,4.5,Rs./Quintal,Metric Tonnes
Madhya Pradesh,Chhatarpur,Rajnagar APMC,Wheat,Wheat Mix,Non-FAQ,2026-01-20,2500.0,2550.0,2510.0,452.1,Rs./Quintal,Metric Tonnes
Madhya Pradesh,Satna,Ramnagar APMC,Bengal Gram(Gram)(Whole),Desi (F.A.Q. Split),Non-FAQ,2026-01-20,5000.0,5000.0,5000.0,3.1,Rs./Quintal,Metric Tonnes
Madhya Pradesh,Satna,Ramnagar APMC,Wheat,Mill Quality,Non-FAQ,2026-01-20,2530.0,2570.0,2540.0,47.02,Rs./Quintal,Metric Tonnes
Madhya Pradesh,Shivpuri,Rannod APMC,Maize,Local,FAQ,2026-01-20,1470.0,1588.0,1588.0,12.305,Rs./Quintal,Metric Tonnes
Madhya Pradesh,Ratlam,Ratlam APMC,Bengal Gram(Gram)(Whole),Gram,FAQ,2026-01-20,4301.0,5600.0,5000.0,5.308,Rs./Quintal,Metric Tonnes
Madhya Pradesh,Ratlam,Ratlam APMC,Black Gram(Urd Beans)(Whole),Urda/Urd,FAQ,2026-01-20,6700.0,6700.0,6700.0,0.336,Rs./Quintal,Metric Tonnes
Madhya Pradesh,Ratlam,Ratlam APMC,Cotton,Without Ginned Cotton,FAQ,2026-01-20,6700.0,8000.0,8000.0,9.549,Rs./Quintal,Metric Tonnes
Madhya Pradesh,Ratlam,Ratlam APMC,Garlic,Garlic,FAQ,2026-01-20,2803.0,13351.0,6700.0,17.315,Rs./Quintal,Metric Tonnes
Madhya Pradesh,Ratlam,Ratlam APMC,Garlic,Desi,FAQ,2026-01-20,1500.0,12700.0,6600.0,9.265,Rs./Quintal,Metric Tonnes
Madhya Pradesh,Ratlam,Ratlam APMC,Green Peas,Pea,FAQ,2026-01-20,2201.0,4591.0,4300.0,3.8700000000000006,Rs./Quintal,Metric Tonnes
Madhya Pradesh,Ratlam,Ratlam APMC,Kabuli Chana(Chickpeas-White),Dollar Gram,FAQ,2026-01-20,3900.0,8751.0,5750.0,11.526000000000002,Rs./Quintal,Metric Tonnes
Madhya Pradesh,Ratlam,Ratlam APMC,Maize,Local,FAQ,2026-01-20,1620.0,1700.0,1700.0,10.572000000000001,Rs./Quintal,Metric Tonnes
Madhya Pradesh,Ratlam,Ratlam APMC,Onion,Onion,Non-FAQ,2026-01-20,427.0,1770.0,1200.0,75.123,Rs./Quintal,Metric Tonnes
Madhya Pradesh,Ratlam,Ratlam APMC,Onion,Onion,FAQ,2026-01-20,200.0,1650.0,1401.0,349.762,Rs./Quintal,Metric Tonnes
Madhya Pradesh,Ratlam,Ratlam APMC,Red gram/Arhar/Tur(whole),Arhar Dal(Tur),FAQ,2026-01-20,8001.0,8001.0,8001.0,0.056999999999999995,Rs./Quintal,Metric Tonnes
Madhya Pradesh,Ratlam,Ratlam APMC,Soyabean,Soyabeen,FAQ,2026-01-20,1799.0,5701.0,4600.0,200.487,Rs./Quintal,Metric Tonnes
Madhya Pradesh,Ratlam,Ratlam APMC,Wheat,Wheat,FAQ,2026-01-20,2441.0,3002.0,2700.0,183.82600000000002,Rs./Quintal,Metric Tonnes
Madhya Pradesh,Sehore,Rehati APMC,Maize,Local,Non-FAQ,2026-01-20,1361.0,1578.0,1578.0,6.695,Rs./Quintal,Metric Tonnes
Madhya Pradesh,Sehore,Rehati APMC,Maize,Local,FAQ,2026-01-20,1273.0,1582.0,1490.0,322.56600000000003,Rs./Quintal,Metric Tonnes
Madhya Pradesh,Sehore,Rehati APMC,Wheat,Mill Quality,FAQ,2026-01-20,2420.0,2420.0,2420.0,5.04,Rs./Quintal,Metric Tonnes
Madhya Pradesh,Sehore,Rehati APMC,Wheat,Wheat,FAQ,2026-01-20,2460.0,2475.0,2460.0,2.532,Rs./Quintal,Metric Tonnes
Madhya Pradesh,Sagar,Rehli APMC,Maize,Local,Non-FAQ,2026-01-20,1441.0,1706.0,1600.0,1157.605,Rs./Quintal,Metric Tonnes
Madhya Pradesh,Sagar,Rehli APMC,Wheat,Wheat,Non-FAQ,2026-01-20,2451.0,2620.0,2500.0,114.21600000000001,Rs./Quintal,Metric Tonnes
Madhya Pradesh,Rewa,Rewa APMC,Kodo Millet(Varagu),Kondo,FAQ,2026-01-20,2050.0,2413.0,2413.0,18.5,Rs./Quintal,Metric Tonnes
Madhya Pradesh,Rewa,Rewa APMC,Mustard,Sarson(Black),FAQ,2026-01-20,5856.0,5856.0,5856.0,0.79,Rs./Quintal,Metric Tonnes
Madhya Pradesh,Rewa,Rewa APMC,Wheat,Mill Quality,FAQ,2026-01-20,2438.0,2670.0,2575.0,244.44000000000003,Rs./Quintal,Metric Tonnes
Madhya Pradesh,Rewa,Rewa APMC,Wheat,Wheat,FAQ,2026-01-20,2500.0,2510.0,2500.0,42.2,Rs./Quintal,Metric Tonnes
Madhya Pradesh,Morena,Sabalgarh APMC,Bajra(Pearl Millet/Cumbu),Millet,Non-FAQ,2026-01-20,1940.0,1950.0,1950.0,4.835000000000001,Rs./Quintal,Metric Tonnes
Madhya Pradesh,Morena,Sabalgarh APMC,Mustard,Mustard,Non-FAQ,2026-01-20,6570.0,6600.0,6600.0,3.73,Rs./Quintal,Metric Tonnes
Madhya Pradesh,Morena,Sabalgarh APMC,Mustard,Sarson(Black),Non-FAQ,2026-01-20,6525.0,6675.0,6675.0,13.056000000000001,Rs./Quintal,Metric Tonnes
Madhya Pradesh,Morena,Sabalgarh APMC,Red gram/Arhar/Tur(whole),Arhar Dal(Tur),Non-FAQ,2026-01-20,5685.0,5875.0,5875.0,3.5500000000000003,Rs./Quintal,Metric Tonnes
Madhya Pradesh,Morena,Sabalgarh APMC,"Sesamum(Sesame,Gingelly,Til)",Sesame,Non-FAQ,2026-01-20,9055.0,9055.0,9055.0,0.55,Rs./Quintal,Metric Tonnes
Madhya Pradesh,Morena,Sabalgarh APMC,Wheat,Mill Quality,Non-FAQ,2026-01-20,2522.0,2555.0,2555.0,4.4,Rs./Quintal,Metric Tonnes
Madhya Pradesh,Sagar,Sagar APMC,Bengal Gram(Gram)(Whole),Gram,FAQ,2026-01-20,3805.0,5500.0,5300.0,84.027,Rs./Quintal,Metric Tonnes
Madhya Pradesh,Sagar,Sagar APMC,Lak(Teora),Tiwada,FAQ,2026-01-20,3300.0,3475.0,3450.0,19.233000000000004,Rs./Quintal,Metric Tonnes
Madhya Pradesh,Sagar,Sagar APMC,Lentil(Masur)(Whole),Masur Dal,FAQ,2026-01-20,2900.0,7800.0,5800.0,24.269000000000002,Rs./Quintal,Metric Tonnes
Madhya Pradesh,Sagar,Sagar APMC,Maize,Local,FAQ,2026-01-20,1100.0,1690.0,1490.0,1568.746,Rs./Quintal,Metric Tonnes
Madhya Pradesh,Sagar,Sagar APMC,Maize,Local,Non-FAQ,2026-01-20,1965.0,1995.0,1980.0,103.557,Rs./Quintal,Metric Tonnes
Madhya Pradesh,Sagar,Sagar APMC,Mustard,Mustard,FAQ,2026-01-20,4515.0,7550.0,7550.0,0.675,Rs./Quintal,Metric Tonnes
Madhya Pradesh,Sagar,Sagar APMC,Red gram/Arhar/Tur(whole),Arhar Dal(Tur),FAQ,2026-01-20,5250.0,5800.0,5800.0,0.294,Rs./Quintal,Metric Tonnes
Madhya Pradesh,Sagar,Sagar APMC,Soyabean,Soyabeen,FAQ,2026-01-20,4410.0,5340.0,5055.0,149.519,Rs./Quintal,Metric Tonnes
Madhya Pradesh,Sagar,Sagar APMC,Wheat,Wheat,FAQ,2026-01-20,2350.0,2620.0,2510.0,266.45300000000003,Rs./Quintal,Metric Tonnes
Madhya Pradesh,Sagar,Sagar APMC,buttery,Buttery,FAQ,2026-01-20,3075.0,4450.0,4450.0,9.626000000000001,Rs./Quintal,Metric Tonnes
Madhya Pradesh,Ratlam,Sailana APMC,Bengal Gram(Gram)(Whole),Gram,FAQ,2026-01-20,5201.0,5500.0,5500.0,0.672,Rs./Quintal,Metric Tonnes
Madhya Pradesh,Ratlam,Sailana APMC,Cotton,Without Ginned Cotton,Non-FAQ,2026-01-20,7100.0,7700.0,7600.0,21.8,Rs./Quintal,Metric Tonnes
Madhya Pradesh,Ratlam,Sailana APMC,Cotton,Without Ginned Cotton,FAQ,2026-01-20,7139.0,8350.0,7500.0,382.125,Rs./Quintal,Metric Tonnes
Madhya Pradesh,Ratlam,Sailana APMC,Garlic,Garlic,FAQ,2026-01-20,1500.0,12499.0,5600.0,3.733,Rs./Quintal,Metric Tonnes
Madhya Pradesh,Ratlam,Sailana APMC,Lentil(Masur)(Whole),Masur Dal,FAQ,2026-01-20,5890.0,5890.0,5890.0,0.021,Rs./Quintal,Metric Tonnes
Madhya Pradesh,Ratlam,Sailana APMC,Maize,Local,FAQ,2026-01-20,1831.0,1831.0,1831.0,0.21000000000000002,Rs./Quintal,Metric Tonnes
Madhya Pradesh,Ratlam,Sailana APMC,Onion,Onion,FAQ,2026-01-20,180.0,1780.0,1490.0,42.177,Rs./Quintal,Metric Tonnes
Madhya Pradesh,Ratlam,Sailana APMC,Soyabean,Soyabeen,FAQ,2026-01-20,3722.0,6701.0,4900.0,39.334,Rs./Quintal,Metric Tonnes
Madhya Pradesh,Ratlam,Sailana APMC,Wheat,Wheat,FAQ,2026-01-20,2380.0,3175.0,3150.0,12.877000000000002,Rs./Quintal,Metric Tonnes
Madhya Pradesh,Khargone,Sanawad APMC,Bengal Gram(Gram)(Whole),Gram,FAQ,2026-01-20,4600.0,5700.0,5700.0,0.686,Rs./Quintal,Metric Tonnes
Madhya Pradesh,Khargone,Sanawad APMC,Cotton,Without Ginned Cotton,FAQ,2026-01-20,6900.0,6900.0,6900.0,0.34500000000000003,Rs./Quintal,Metric Tonnes
Madhya Pradesh,Khargone,Sanawad APMC,Cotton,Without Ginned Cotton,Non-FAQ,2026-01-20,6185.0,6650.0,6650.0,3.7350000000000003,Rs./Quintal,Metric Tonnes
Madhya Pradesh,Khargone,Sanawad APMC,Kabuli Chana(Chickpeas-White),Bitkey,FAQ,2026-01-20,4600.0,5100.0,5100.0,26.308999999999997,Rs./Quintal,Metric Tonnes
Madhya Pradesh,Khargone,Sanawad APMC,Kabuli Chana(Chickpeas-White),Dollar Gram,FAQ,2026-01-20,6300.0,8700.0,8700.0,6.7620000000000005,Rs./Quintal,Metric Tonnes
Madhya Pradesh,Khargone,Sanawad APMC,Maize,Local,FAQ,2026-01-20,1400.0,1549.0,1549.0,0.477,Rs./Quintal,Metric Tonnes
Madhya Pradesh,Khargone,Sanawad APMC,Red gram/Arhar/Tur(whole),Arhar Dal(Tur),FAQ,2026-01-20,5195.0,6635.0,6500.0,4.1530000000000005,Rs./Quintal,Metric Tonnes
Madhya Pradesh,Khargone,Sanawad APMC,Soyabean,Soyabeen,FAQ,2026-01-20,4905.0,4905.0,4905.0,0.339,Rs./Quintal,Metric Tonnes
Madhya Pradesh,Khargone,Sanawad APMC,Wheat,Wheat,FAQ,2026-01-20,2410.0,2663.0,2635.0,60.716,Rs./Quintal,Metric Tonnes
Madhya Pradesh,Indore,Sanwer APMC,Black Gram(Urd Beans)(Whole),Urda/Urd,FAQ,2026-01-20,9116.23,9116.25,9116.25,8.5,Rs./Quintal,Metric Tonnes
Madhya Pradesh,Indore,Sanwer APMC,Soyabean,Soyabeen,FAQ,2026-01-20,3300.0,5431.0,5200.0,58.32300000000001,Rs./Quintal,Metric Tonnes
Madhya Pradesh,Indore,Sanwer APMC,Wheat,Wheat,FAQ,2026-01-20,2400.0,2801.0,2400.0,25.263,Rs./Quintal,Metric Tonnes
Madhya Pradesh,Indore,Sanwer APMC,Wheat,Wheat,Non-FAQ,2026-01-20,2200.0,2650.0,2350.0,25.761000000000003,Rs./Quintal,Metric Tonnes
Madhya Pradesh,Rajgarh,Sarangpur APMC,Onion,Local,Non-FAQ,2026-01-20,200.0,510.0,510.0,18.3,Rs./Quintal,Metric Tonnes
Madhya Pradesh,Rajgarh,Sarangpur APMC,Soyabean,Yellow,FAQ,2026-01-20,5310.0,5801.0,5801.0,1.544,Rs./Quintal,Metric Tonnes
Madhya Pradesh,Rajgarh,Sarangpur APMC,Soyabean,Soyabeen,FAQ,2026-01-20,4200.0,4200.0,4200.0,2.295,Rs./Quintal,Metric Tonnes
Madhya Pradesh,Rajgarh,Sarangpur APMC,Soyabean,Yellow,Non-FAQ,2026-01-20,4201.0,5700.0,5700.0,4.274,Rs./Quintal,Metric Tonnes
Madhya Pradesh,Rajgarh,Sarangpur APMC,Wheat,Wheat,Non-FAQ,2026-01-20,2411.0,2727.0,2727.0,2.527,Rs./Quintal,Metric Tonnes
Madhya Pradesh,Rajgarh,Sarangpur APMC,Wheat,Mill Quality,Non-FAQ,2026-01-20,2520.0,2530.0,2530.0,12.5,Rs./Quintal,Metric Tonnes
Madhya Pradesh,Rajgarh,Sarangpur APMC,Wheat,Wheat,FAQ,2026-01-20,2734.0,2734.0,2734.0,0.766,Rs./Quintal,Metric Tonnes
Madhya Pradesh,Rajgarh,Sarangpur APMC,Wheat,Mill Quality,FAQ,2026-01-20,2546.0,2690.0,2550.0,29.231,Rs./Quintal,Metric Tonnes
Madhya Pradesh,Satna,Satna APMC,Barley(Jau),Barley,FAQ,2026-01-20,2300.0,2362.0,2362.0,1.161,Rs./Quintal,Metric Tonnes
Madhya Pradesh,Satna,Satna APMC,Bengal Gram(Gram)(Whole),Gram,FAQ,2026-01-20,4505.0,5485.0,5365.0,19.613,Rs./Quintal,Metric Tonnes
Madhya Pradesh,Satna,Satna APMC,Black Gram(Urd Beans)(Whole),Urda/Urd,FAQ,2026-01-20,4100.0,7240.0,7240.0,4.744,Rs./Quintal,Metric Tonnes
Madhya Pradesh,Satna,Satna APMC,Green Gram(Moong)(Whole),Green (Whole),FAQ,2026-01-20,6050.0,6050.0,6050.0,3.286,Rs./Quintal,Metric Tonnes
Madhya Pradesh,Satna,Satna APMC,Green Peas,Pea,FAQ,2026-01-20,3395.0,3565.0,3565.0,0.684,Rs./Quintal,Metric Tonnes
Madhya Pradesh,Satna,Satna APMC,Kodo Millet(Varagu),Kondo,FAQ,2026-01-20,2100.0,2105.0,2105.0,18.0,Rs./Quintal,Metric Tonnes
Madhya Pradesh,Satna,Satna APMC,Lak(Teora),Tiwada,FAQ,2026-01-20,2835.0,3280.0,3280.0,1.139,Rs./Quintal,Metric Tonnes
Madhya Pradesh,Satna,Satna APMC,Lentil(Masur)(Whole),Masur Dal,FAQ,2026-01-20,4655.0,5940.0,5940.0,11.753,Rs./Quintal,Metric Tonnes
Madhya Pradesh,Satna,Satna APMC,Linseed,Flaxseed,FAQ,2026-01-20,7645.0,8155.0,8155.0,3.12,Rs./Quintal,Metric Tonnes
Madhya Pradesh,Satna,Satna APMC,Mustard,Mustard,FAQ,2026-01-20,6000.0,6600.0,6600.0,38.439,Rs./Quintal,Metric Tonnes
Madhya Pradesh,Satna,Satna APMC,Mustard,Mustard,Non-FAQ,2026-01-20,6600.0,6600.0,6600.0,5.9,Rs./Quintal,Metric Tonnes
Madhya Pradesh,Satna,Satna APMC,Red gram/Arhar/Tur(whole),Arhar Dal(Tur),FAQ,2026-01-20,5300.0,6485.0,6485.0,2.282,Rs./Quintal,Metric Tonnes
Madhya Pradesh,Satna,Satna APMC,"Sesamum(Sesame,Gingelly,Til)",Sesame,FAQ,2026-01-20,8190.0,8405.0,8405.0,0.7130000000000001,Rs./Quintal,Metric Tonnes
Madhya Pradesh,Satna,Satna APMC,Soyabean,Soyabeen,FAQ,2026-01-20,3800.0,4300.0,4300.0,5.632000000000001,Rs./Quintal,Metric Tonnes
Madhya Pradesh,Satna,Satna APMC,Wheat,Wheat,FAQ,2026-01-20,2321.0,2637.0,2580.0,355.333,Rs./Quintal,Metric Tonnes
Madhya Pradesh,Satna,Satna APMC,buttery,Buttery,FAQ,2026-01-20,3135.0,3350.0,3350.0,7.893000000000001,Rs./Quintal,Metric Tonnes
Madhya Pradesh,Chhindwara,Saunsar APMC,Maize,Yellow,FAQ,2026-01-20,1315.48,1800.0,1800.0,388.395,Rs./Quintal,Metric Tonnes
Madhya Pradesh,Chhindwara,Saunsar APMC,Maize,Local,FAQ,2026-01-20,1600.0,1620.0,1600.0,85.42000000000002,Rs./Quintal,Metric Tonnes
Madhya Pradesh,Khargone,Segaon APMC,Cotton,Without Ginned Cotton,FAQ,2026-01-20,7000.0,7200.0,7200.0,6.835,Rs./Quintal,Metric Tonnes
Madhya Pradesh,Khargone,Segaon APMC,Maize,Local,FAQ,2026-01-20,1500.0,1695.0,1575.0,74.26,Rs./Quintal,Metric Tonnes
Madhya Pradesh,Khargone,Segaon APMC,Maize,Local,Non-FAQ,2026-01-20,1600.0,1700.0,1695.0,66.03500000000001,Rs./Quintal,Metric Tonnes
Madhya Pradesh,Khargone,Segaon APMC,Wheat,Wheat,FAQ,2026-01-20,2200.0,2200.0,2200.0,4.675,Rs./Quintal,Metric Tonnes
Madhya Pradesh,Jabalpur,Sehora APMC,Bengal Gram(Gram)(Whole),Desi (F.A.Q. Split),FAQ,2026-01-20,4255.0,5500.0,4905.0,6.34,Rs./Quintal,Metric Tonnes
Madhya Pradesh,Jabalpur,Sehora APMC,Black Gram(Urd Beans)(Whole),Urda/Urd,FAQ,2026-01-20,5300.0,5300.0,5300.0,0.05600000000000001,Rs./Quintal,Metric Tonnes
Madhya Pradesh,Jabalpur,Sehora APMC,Kodo Millet(Varagu),Kondo,FAQ,2026-01-20,2000.0,2000.0,2000.0,7.1000000000000005,Rs./Quintal,Metric Tonnes
Madhya Pradesh,Jabalpur,Sehora APMC,Paddy(Common),Common,FAQ,2026-01-20,550.0,2351.0,1879.0,750.945,Rs./Quintal,Metric Tonnes
Madhya Pradesh,Jabalpur,Sehora APMC,Water chestnut,Water chestnut,FAQ,2026-01-20,9505.0,21700.0,14805.0,6.964,Rs./Quintal,Metric Tonnes
Madhya Pradesh,Jabalpur,Sehora APMC,Wheat,Mill Quality,FAQ,2026-01-20,2300.0,2622.0,2580.0,169.96400000000003,Rs./Quintal,Metric Tonnes
Madhya Pradesh,Sehore,Sehore APMC,Bengal Gram(Gram)(Whole),Chana Kanta,FAQ,2026-01-20,4600.0,5326.0,5326.0,0.808,Rs./Quintal,Metric Tonnes
Madhya Pradesh,Sehore,Sehore APMC,Bengal Gram(Gram)(Whole),Chana Kabuli,FAQ,2026-01-20,4880.0,4880.0,4880.0,0.264,Rs./Quintal,Metric Tonnes
Madhya Pradesh,Sehore,Sehore APMC,Bengal Gram(Gram)(Whole),Gram,FAQ,2026-01-20,5100.0,5100.0,5100.0,1.654,Rs./Quintal,Metric Tonnes
Madhya Pradesh,Sehore,Sehore APMC,Coriander(Leaves),Coriander,FAQ,2026-01-20,8660.0,8660.0,8660.0,0.026000000000000002,Rs./Bundle,Bundle
Madhya Pradesh,Sehore,Sehore APMC,Garlic,Garlic,FAQ,2026-01-20,300.0,13300.0,3000.0,58.503,Rs./Quintal,Metric Tonnes
Madhya Pradesh,Sehore,Sehore APMC,Maize,Local,FAQ,2026-01-20,1300.0,1700.0,1610.0,80.518,Rs./Quintal,Metric Tonnes
Madhya Pradesh,Sehore,Sehore APMC,Mustard,Mustard,FAQ,2026-01-20,5276.0,6501.0,6501.0,3.4670000000000005,Rs./Quintal,Metric Tonnes
Madhya Pradesh,Sehore,Sehore APMC,Onion,Onion,Non-FAQ,2026-01-20,1502.0,1502.0,1502.0,0.053000000000000005,Rs./Quintal,Metric Tonnes
Madhya Pradesh,Sehore,Sehore APMC,Red gram/Arhar/Tur(whole),Arhar Dal(Tur),FAQ,2026-01-20,5200.0,5200.0,5200.0,0.18300000000000002,Rs./Quintal,Metric Tonnes
Madhya Pradesh,Sehore,Sehore APMC,Soyabean,Yellow,FAQ,2026-01-20,2501.0,6621.0,5426.0,166.70100000000002,Rs./Quintal,Metric Tonnes
Madhya Pradesh,Sehore,Sehore APMC,Soyabean,Yellow,Non-FAQ,2026-01-20,3926.0,5421.0,5421.0,3.3560000000000003,Rs./Quintal,Metric Tonnes
Madhya Pradesh,Sehore,Sehore APMC,Wheat,Malwa Shakti,FAQ,2026-01-20,2460.0,2521.0,2500.0,24.589,Rs./Quintal,Metric Tonnes
Madhya Pradesh,Sehore,Sehore APMC,Wheat,Sharbati,FAQ,2026-01-20,2881.0,3120.0,3120.0,3.1660000000000004,Rs./Quintal,Metric Tonnes
Madhya Pradesh,Sehore,Sehore APMC,Wheat,Wheat,FAQ,2026-01-20,2300.0,2713.0,2713.0,8.194,Rs./Quintal,Metric Tonnes
Madhya Pradesh,Sehore,Sehore APMC,Wheat,Lokwan,FAQ,2026-01-20,2300.0,2892.0,2700.0,181.24200000000002,Rs./Quintal,Metric Tonnes
Madhya Pradesh,Sehore,Sehore APMC,Wheat,Mill Quality,FAQ,2026-01-20,2496.0,2610.0,2610.0,14.224000000000002,Rs./Quintal,Metric Tonnes
Madhya Pradesh,Hoshangabad,Semriharchand APMC,Bengal Gram(Gram)(Whole),Desi (F.A.Q. Split),FAQ,2026-01-20,4790.0,4790.0,4790.0,0.085,Rs./Quintal,Metric Tonnes
Madhya Pradesh,Hoshangabad,Semriharchand APMC,Paddy(Common),Basmati,Non-FAQ,2026-01-20,3750.0,3838.0,3775.0,72.435,Rs./Quintal,Metric Tonnes
Madhya Pradesh,Hoshangabad,Semriharchand APMC,Paddy(Common),Paddy,FAQ,2026-01-20,3650.0,3750.0,3750.0,132.835,Rs./Quintal,Metric Tonnes
Madhya Pradesh,Hoshangabad,Semriharchand APMC,Paddy(Common),Puspa (MR 301),FAQ,2026-01-20,3550.0,3985.0,3975.0,658.8430000000001,Rs./Quintal,Metric Tonnes
Madhya Pradesh,Hoshangabad,Semriharchand APMC,Paddy(Common),Basmati,FAQ,2026-01-20,1000.0,4140.0,3800.0,1651.7700000000002,Rs./Quintal,Metric Tonnes
Madhya Pradesh,Hoshangabad,Semriharchand APMC,Paddy(Common),Paddy,Non-FAQ,2026-01-20,3600.0,3600.0,3600.0,11.0,Rs./Quintal,Metric Tonnes
Madhya Pradesh,Hoshangabad,Semriharchand APMC,Paddy(Common),Puspa (MR 301),Non-FAQ,2026-01-20,3500.0,3800.0,3800.0,226.125,Rs./Quintal,Metric Tonnes
Madhya Pradesh,Hoshangabad,Semriharchand APMC,Wheat,Mill Quality,FAQ,2026-01-20,2526.0,2800.0,2800.0,21.67,Rs./Quintal,Metric Tonnes
Madhya Pradesh,Badwani,Sendhwa APMC,Cotton,Without Ginned Cotton,FAQ,2026-01-20,6500.0,7800.0,7500.0,113.782,Rs./Quintal,Metric Tonnes
Madhya Pradesh,Badwani,Sendhwa APMC,Maize,Yellow,Non-FAQ,2026-01-20,1475.0,1475.0,1475.0,5.65,Rs./Quintal,Metric Tonnes
Madhya Pradesh,Badwani,Sendhwa APMC,Maize,Local,FAQ,2026-01-20,1275.0,1665.0,1575.0,433.425,Rs./Quintal,Metric Tonnes
Madhya Pradesh,Badwani,Sendhwa APMC,Soyabean,Soyabeen,FAQ,2026-01-20,5325.0,5405.0,5405.0,0.512,Rs./Quintal,Metric Tonnes
Madhya Pradesh,Seoni,Seoni APMC,Maize,Local,FAQ,2026-01-20,1401.0,1752.0,1730.0,292.79,Rs./Quintal,Metric Tonnes
Madhya Pradesh,Seoni,Seoni APMC,Maize,Yellow,FAQ,2026-01-20,1540.0,1680.0,1600.0,687.77,Rs./Quintal,Metric Tonnes
Madhya Pradesh,Seoni,Seoni APMC,Maize,Local,Non-FAQ,2026-01-20,1500.0,1905.0,1600.0,836.1610000000001,Rs./Quintal,Metric Tonnes
Madhya Pradesh,Seoni,Seoni APMC,Maize,Yellow,Non-FAQ,2026-01-20,1441.0,1915.0,1611.0,1081.891,Rs./Quintal,Metric Tonnes
Madhya Pradesh,Seoni,Seoni APMC,Maize,Maize/Corn-Organic,FAQ,2026-01-20,1560.0,1580.0,1580.0,28.14,Rs./Quintal,Metric Tonnes
Madhya Pradesh,Seoni,Seoni APMC,Wheat,Wheat,FAQ,2026-01-20,2350.0,2520.0,2520.0,62.5,Rs./Quintal,Metric Tonnes
Madhya Pradesh,Seoni,Seoni APMC,Wheat,Wheat,Non-FAQ,2026-01-20,2540.0,2600.0,2550.0,37.510000000000005,Rs./Quintal,Metric Tonnes
Madhya Pradesh,Datia,Sevda APMC,Green Peas,Pea,FAQ,2026-01-20,3500.0,3650.0,3650.0,8.4,Rs./Quintal,Metric Tonnes
Madhya Pradesh,Datia,Sevda APMC,Gur(Jaggery),Jaggery,FAQ,2026-01-20,3500.0,3600.0,3600.0,58.5,Rs./Quintal,Metric Tonnes
Madhya Pradesh,Datia,Sevda APMC,Paddy(Common),Paddy,FAQ,2026-01-20,3005.0,3740.0,3665.0,215.60000000000002,Rs./Quintal,Metric Tonnes
Madhya Pradesh,Datia,Sevda APMC,Paddy(Common),Paddy,Non-FAQ,2026-01-20,3200.0,3670.0,3300.0,52.2,Rs./Quintal,Metric Tonnes
Madhya Pradesh,Datia,Sevda APMC,Paddy(Common),Dhan,Non-FAQ,2026-01-20,3420.0,3680.0,3525.0,115.5,Rs./Quintal,Metric Tonnes
Madhya Pradesh,Datia,Sevda APMC,"Sesamum(Sesame,Gingelly,Til)",Sesame,FAQ,2026-01-20,8000.0,8000.0,8000.0,2.0,Rs./Quintal,Metric Tonnes
Madhya Pradesh,Datia,Sevda APMC,Wheat,Mill Quality,Non-FAQ,2026-01-20,2500.0,2522.0,2515.0,7.0,Rs./Quintal,Metric Tonnes
Madhya Pradesh,Datia,Sevda APMC,Wheat,Mill Quality,FAQ,2026-01-20,2500.0,2560.0,2550.0,86.4,Rs./Quintal,Metric Tonnes
Madhya Pradesh,Ashoknagar,Shadora APMC,Maize,Local,Non-FAQ,2026-01-20,1390.0,1695.0,1525.0,248.439,Rs./Quintal,Metric Tonnes
Madhya Pradesh,Ashoknagar,Shadora APMC,Maize,Local,FAQ,2026-01-20,1370.0,1705.0,1450.0,476.17600000000004,Rs./Quintal,Metric Tonnes
Madhya Pradesh,Sagar,Shahagarh APMC,Soyabean,Soyabeen,FAQ,2026-01-20,5211.0,5211.0,5211.0,3.825,Rs./Quintal,Metric Tonnes
Madhya Pradesh,Shehdol,Shahdol APMC,Wheat,Wheat,Non-FAQ,2026-01-20,2500.0,2500.0,2500.0,6.0,Rs./Quintal,Metric Tonnes
Madhya Pradesh,Shehdol,Shahdol APMC,Wheat,Mill Quality,Non-FAQ,2026-01-20,2400.0,2400.0,2400.0,25.0,Rs./Quintal,Metric Tonnes
Madhya Pradesh,Jabalpur,Shahpura Bhitoni (F&V) APMC,Maize,Local,FAQ,2026-01-20,1620.0,1630.0,1630.0,23.700000000000003,Rs./Quintal,Metric Tonnes
Madhya Pradesh,Jabalpur,Shahpura Bhitoni (F&V) APMC,Maize,Yellow,FAQ,2026-01-20,1500.0,1800.0,1645.0,135.4,Rs./Quintal,Metric Tonnes
Madhya Pradesh,Jabalpur,Shahpura(Jabalpur) APMC,Kodo Millet(Varagu),Kondo,FAQ,2026-01-20,2320.0,2325.0,2325.0,14.0,Rs./Quintal,Metric Tonnes
Madhya Pradesh,Jabalpur,Shahpura(Jabalpur) APMC,Maize,Local,Non-FAQ,2026-01-20,1300.0,1300.0,1300.0,4.945,Rs./Quintal,Metric Tonnes
Madhya Pradesh,Jabalpur,Shahpura(Jabalpur) APMC,Paddy(Common),Paddy,FAQ,2026-01-20,2100.0,2400.0,2400.0,103.85000000000001,Rs./Quintal,Metric Tonnes
Madhya Pradesh,Jabalpur,Shahpura(Jabalpur) APMC,Wheat,Mill Quality,FAQ,2026-01-20,2350.0,2350.0,2350.0,5.7,Rs./Quintal,Metric Tonnes
Madhya Pradesh,Shajapur,Shajapur APMC,Garlic,Garlic,FAQ,2026-01-20,2346.5,8339.0,8339.0,5.147,Rs./Quintal,Metric Tonnes
Madhya Pradesh,Shajapur,Shajapur APMC,Onion,Onion,FAQ,2026-01-20,810.04,1452.0,1452.0,17.676,Rs./Quintal,Metric Tonnes
Madhya Pradesh,Shajapur,Shajapur APMC,Onion,Medium,Non-FAQ,2026-01-20,197.5,1201.6,1201.6,46.935,Rs./Quintal,Metric Tonnes
Madhya Pradesh,Shajapur,Shajapur APMC,Onion,Medium,FAQ,2026-01-20,203.14,1680.0,1343.0,691.9630000000001,Rs./Quintal,Metric Tonnes
Madhya Pradesh,Shajapur,Shajapur APMC,Potato,Potato,Non-FAQ,2026-01-20,300.0,530.0,530.0,33.452,Rs./Quintal,Metric Tonnes
Madhya Pradesh,Shajapur,Shajapur APMC,Potato,Potato,FAQ,2026-01-20,150.0,983.42,840.0,195.15300000000002,Rs./Quintal,Metric Tonnes
Madhya Pradesh,Shajapur,Shajapur APMC,"Sesamum(Sesame,Gingelly,Til)",Sesame,FAQ,2026-01-20,6080.0,6080.0,6080.0,0.018,Rs./Quintal,Metric Tonnes
Madhya Pradesh,Shajapur,Shajapur APMC,Soyabean,Soyabeen,FAQ,2026-01-20,1280.0,6400.0,5345.0,59.048,Rs./Quintal,Metric Tonnes
Madhya Pradesh,Shajapur,Shajapur APMC,Wheat,Wheat,FAQ,2026-01-20,2501.0,2850.0,2576.0,36.701,Rs./Quintal,Metric Tonnes
Madhya Pradesh,Mandsaur,Shamgarh APMC,Bengal Gram(Gram)(Whole),Gram,Non-FAQ,2026-01-20,4290.0,5125.0,5125.0,0.6200000000000001,Rs./Quintal,Metric Tonnes
Madhya Pradesh,Mandsaur,Shamgarh APMC,Black Gram(Urd Beans)(Whole),Urda/Urd,Non-FAQ,2026-01-20,2000.0,6601.0,6601.0,0.6230000000000001,Rs./Quintal,Metric Tonnes
Madhya Pradesh,Mandsaur,Shamgarh APMC,Groundnut,Big (With Shell),Non-FAQ,2026-01-20,5080.0,5590.0,5590.0,0.288,Rs./Quintal,Metric Tonnes
Madhya Pradesh,Mandsaur,Shamgarh APMC,Lentil(Masur)(Whole),Masur Dal,Non-FAQ,2026-01-20,5911.0,6390.0,6390.0,0.384,Rs./Quintal,Metric Tonnes
Madhya Pradesh,Mandsaur,Shamgarh APMC,Maize,Local,Non-FAQ,2026-01-20,1175.0,2108.0,1646.0,13.632,Rs./Quintal,Metric Tonnes
Madhya Pradesh,Mandsaur,Shamgarh APMC,Mustard,Mustard,Non-FAQ,2026-01-20,6175.0,6260.0,6260.0,2.5280000000000005,Rs./Quintal,Metric Tonnes
Madhya Pradesh,Mandsaur,Shamgarh APMC,Onion,Onion,Non-FAQ,2026-01-20,100.0,1720.0,900.0,191.82600000000002,Rs./Quintal,Metric Tonnes
Madhya Pradesh,Mandsaur,Shamgarh APMC,Onion,Onion,FAQ,2026-01-20,100.0,1310.0,1310.0,6.764,Rs./Quintal,Metric Tonnes
Madhya Pradesh,Mandsaur,Shamgarh APMC,Soyabean,Soyabeen,Non-FAQ,2026-01-20,1701.0,5170.0,5150.0,17.056,Rs./Quintal,Metric Tonnes
Madhya Pradesh,Mandsaur,Shamgarh APMC,Wheat,Mill Quality,Non-FAQ,2026-01-20,2542.0,2625.0,2570.0,5.764,Rs./Quintal,Metric Tonnes
Madhya Pradesh,Mandsaur,Shamgarh APMC,Wheat,Wheat,Non-FAQ,2026-01-20,2575.0,3751.0,3751.0,2.8640000000000003,Rs./Quintal,Metric Tonnes
Madhya Pradesh,Vidisha,Shamshabad APMC,Maize,Local,FAQ,2026-01-20,1432.0,1495.0,1495.0,29.130000000000003,Rs./Quintal,Metric Tonnes
Madhya Pradesh,Vidisha,Shamshabad APMC,Mustard,Mustard,FAQ,2026-01-20,5291.0,5291.0,5291.0,0.35400000000000004,Rs./Quintal,Metric Tonnes
Madhya Pradesh,Vidisha,Shamshabad APMC,Paddy(Common),Paddy,Non-FAQ,2026-01-20,2350.0,2400.0,2400.0,27.0,Rs./Quintal,Metric Tonnes
Madhya Pradesh,Vidisha,Shamshabad APMC,Soyabean,Soyabeen,FAQ,2026-01-20,4400.0,5492.0,4775.0,19.385,Rs./Quintal,Metric Tonnes
Madhya Pradesh,Vidisha,Shamshabad APMC,Wheat,Wheat,FAQ,2026-01-20,2440.0,2596.0,2475.0,59.12200000000001,Rs./Quintal,Metric Tonnes
Madhya Pradesh,Sheopur,Sheopurbadod APMC,Bengal Gram(Gram)(Whole),Gram,FAQ,2026-01-20,4891.0,4891.0,4891.0,0.535,Rs./Quintal,Metric Tonnes
Madhya Pradesh,Sheopur,Sheopurbadod APMC,Mustard,Mustard,FAQ,2026-01-20,6690.0,6690.0,6690.0,0.545,Rs./Quintal,Metric Tonnes
Madhya Pradesh,Sheopur,Sheopurbadod APMC,Paddy(Common),Dhan,FAQ,2026-01-20,2105.0,3735.0,3665.0,248.60500000000002,Rs./Quintal,Metric Tonnes
Madhya Pradesh,Sheopur,Sheopurbadod APMC,Wheat,Wheat,FAQ,2026-01-20,2553.0,2577.0,2575.0,21.355000000000004,Rs./Quintal,Metric Tonnes
Madhya Pradesh,Sheopur,Sheopurbadod APMC,Wheat,Wheat Mix,Non-FAQ,2026-01-20,2582.0,2582.0,2582.0,5.2,Rs./Quintal,Metric Tonnes
Madhya Pradesh,Sheopur,Sheopurkalan APMC,Bengal Gram(Gram)(Whole),Gram,FAQ,2026-01-20,5095.0,5275.0,5275.0,1.37,Rs./Quintal,Metric Tonnes
Madhya Pradesh,Sheopur,Sheopurkalan APMC,Coriander(Leaves),Coriander,FAQ,2026-01-20,9430.0,9430.0,9430.0,1.215,Rs./Bundle,Bundle
Madhya Pradesh,Sheopur,Sheopurkalan APMC,Maize,Local,FAQ,2026-01-20,1720.0,1720.0,1720.0,1.5,Rs./Quintal,Metric Tonnes
Madhya Pradesh,Sheopur,Sheopurkalan APMC,Mustard,Mustard,FAQ,2026-01-20,5000.0,6685.0,6625.0,50.893,Rs./Quintal,Metric Tonnes
Madhya Pradesh,Sheopur,Sheopurkalan APMC,Paddy(Common),Dhan,FAQ,2026-01-20,3200.0,3810.0,3705.0,51.025000000000006,Rs./Quintal,Metric Tonnes
Madhya Pradesh,Sheopur,Sheopurkalan APMC,Paddy(Common),Paddy,FAQ,2026-01-20,3100.0,3905.0,3650.0,1078.394,Rs./Quintal,Metric Tonnes
Madhya Pradesh,Sheopur,Sheopurkalan APMC,Paddy(Common),Paddy,Non-FAQ,2026-01-20,3060.0,3845.0,3600.0,636.3380000000001,Rs./Quintal,Metric Tonnes
Madhya Pradesh,Sheopur,Sheopurkalan APMC,Paddy(Common),Dhan,Non-FAQ,2026-01-20,3150.0,3700.0,3150.0,95.267,Rs./Quintal,Metric Tonnes
Madhya Pradesh,Sheopur,Sheopurkalan APMC,Wheat,Wheat,FAQ,2026-01-20,2478.0,2606.0,2550.0,161.631,Rs./Quintal,Metric Tonnes
Madhya Pradesh,Shivpuri,Shivpuri APMC,Barley(Jau),Barley,FAQ,2026-01-20,2000.0,2000.0,2000.0,0.10200000000000001,Rs./Quintal,Metric Tonnes
Madhya Pradesh,Shivpuri,Shivpuri APMC,Maize,Local,FAQ,2026-01-20,1220.0,1515.0,1515.0,17.329,Rs./Quintal,Metric Tonnes
Madhya Pradesh,Shivpuri,Shivpuri APMC,Mustard,Mustard,FAQ,2026-01-20,4300.0,6635.0,5550.0,10.739,Rs./Quintal,Metric Tonnes
Madhya Pradesh,Shivpuri,Shivpuri APMC,Soyabean,Soyabeen,FAQ,2026-01-20,4800.0,5275.0,5175.0,31.560000000000002,Rs./Quintal,Metric Tonnes
Madhya Pradesh,Shivpuri,Shivpuri APMC,Tomato,Tomato,FAQ,2026-01-20,320.0,900.0,450.0,19.200000000000003,Rs./Quintal,Metric Tonnes
Madhya Pradesh,Shivpuri,Shivpuri APMC,Wheat,Wheat,FAQ,2026-01-20,2445.0,2650.0,2615.0,35.796,Rs./Quintal,Metric Tonnes
Madhya Pradesh,Shajapur,Shujalpur APMC,Bengal Gram(Gram)(Whole),Gram,FAQ,2026-01-20,4780.0,5386.0,5386.0,3.511,Rs./Quintal,Metric Tonnes
Madhya Pradesh,Shajapur,Shujalpur APMC,Garlic,Desi,FAQ,2026-01-20,500.0,7900.0,7900.0,1.3070000000000002,Rs./Quintal,Metric Tonnes
Madhya Pradesh,Shajapur,Shujalpur APMC,Kabuli Chana(Chickpeas-White),Dollar Gram,FAQ,2026-01-20,3600.0,8660.0,5651.0,64.179,Rs./Quintal,Metric Tonnes
Madhya Pradesh,Shajapur,Shujalpur APMC,Lentil(Masur)(Whole),Masur Dal,FAQ,2026-01-20,5161.0,5641.0,5641.0,0.7150000000000001,Rs./Quintal,Metric Tonnes
Madhya Pradesh,Shajapur,Shujalpur APMC,Onion,Red,FAQ,2026-01-20,1100.0,1100.0,1100.0,1.352,Rs./Quintal,Metric Tonnes
Madhya Pradesh,Shajapur,Shujalpur APMC,Soyabean,Soyabeen,FAQ,2026-01-20,4616.0,5440.0,5160.0,29.529000000000003,Rs./Quintal,Metric Tonnes
Madhya Pradesh,Shajapur,Shujalpur APMC,Wheat,Wheat,FAQ,2026-01-20,2521.0,2650.0,2650.0,18.572,Rs./Quintal,Metric Tonnes
Madhya Pradesh,Sehore,Shyampur APMC,Soyabean,Yellow,FAQ,2026-01-20,5100.0,5245.0,5245.0,3.383,Rs./Quintal,Metric Tonnes
Madhya Pradesh,Sehore,Shyampur APMC,Soyabean,Soyabeen,FAQ,2026-01-20,4785.0,5410.0,5230.0,1.711,Rs./Quintal,Metric Tonnes
Madhya Pradesh,Sehore,Shyampur APMC,Soyabean,Soyabeen,Non-FAQ,2026-01-20,3205.0,4505.0,4505.0,0.30000000000000004,Rs./Quintal,Metric Tonnes
Madhya Pradesh,Sehore,Shyampur APMC,Wheat,Wheat,FAQ,2026-01-20,2510.0,2510.0,2510.0,1.2000000000000002,Rs./Quintal,Metric Tonnes
Madhya Pradesh,Sehore,Shyampur APMC,Wheat,Mill Quality,FAQ,2026-01-20,2510.0,2600.0,2510.0,10.035,Rs./Quintal,Metric Tonnes
Madhya Pradesh,Sidhi,Sidhi APMC,Paddy(Common),Paddy,FAQ,2026-01-20,2300.0,2300.0,2300.0,30.0,Rs./Quintal,Metric Tonnes
Madhya Pradesh,Sidhi,Sidhi APMC,Wheat,Mill Quality,Non-FAQ,2026-01-20,2450.0,2480.0,2480.0,21.025000000000002,Rs./Quintal,Metric Tonnes
Madhya Pradesh,Raisen,Silvani APMC,Bengal Gram(Gram)(Whole),Gram,FAQ,2026-01-20,4300.0,4955.0,4955.0,1.1,Rs./Quintal,Metric Tonnes
Madhya Pradesh,Raisen,Silvani APMC,Lak(Teora),Tiwada,FAQ,2026-01-20,3285.0,3530.0,3530.0,1.83,Rs./Quintal,Metric Tonnes
Madhya Pradesh,Raisen,Silvani APMC,Maize,Local,FAQ,2026-01-20,1480.0,1580.0,1580.0,8.985,Rs./Quintal,Metric Tonnes
Madhya Pradesh,Raisen,Silvani APMC,Paddy(Common),Basmati,FAQ,2026-01-20,3000.0,3921.0,3800.0,748.448,Rs./Quintal,Metric Tonnes
Madhya Pradesh,Raisen,Silvani APMC,Wheat,Wheat,FAQ,2026-01-20,2500.0,2612.0,2520.0,19.655,Rs./Quintal,Metric Tonnes
Madhya Pradesh,Panna,Simariya APMC,Wheat,Wheat,FAQ,2026-01-20,2450.0,2515.0,2490.0,60.900000000000006,Rs./Quintal,Metric Tonnes
Madhya Pradesh,Harda,Sirali APMC,Bengal Gram(Gram)(Whole),Desi (F.A.Q. Split),FAQ,2026-01-20,5052.0,5052.0,5052.0,0.30800000000000005,Rs./Quintal,Metric Tonnes
Madhya Pradesh,Harda,Sirali APMC,Maize,Local,FAQ,2026-01-20,1080.0,1670.0,1620.0,193.84900000000002,Rs./Quintal,Metric Tonnes
Madhya Pradesh,Harda,Sirali APMC,Soyabean,Soyabeen,FAQ,2026-01-20,4000.0,5271.0,5271.0,1.1460000000000001,Rs./Quintal,Metric Tonnes
Madhya Pradesh,Harda,Sirali APMC,Wheat,Mill Quality,FAQ,2026-01-20,2000.0,2670.0,2526.0,52.68,Rs./Quintal,Metric Tonnes
Madhya Pradesh,Vidisha,Sironj APMC,Bengal Gram(Gram)(Whole),Gram,FAQ,2026-01-20,4500.0,5422.0,5232.0,38.415,Rs./Quintal,Metric Tonnes
Madhya Pradesh,Vidisha,Sironj APMC,Black Gram(Urd Beans)(Whole),Urda/Urd,FAQ,2026-01-20,5500.0,5500.0,5500.0,0.1,Rs./Quintal,Metric Tonnes
Madhya Pradesh,Vidisha,Sironj APMC,Lak(Teora),Tiwada,FAQ,2026-01-20,3012.0,3600.0,3400.0,20.034000000000002,Rs./Quintal,Metric Tonnes
Madhya Pradesh,Vidisha,Sironj APMC,Lentil(Masur)(Whole),Masur Dal,FAQ,2026-01-20,5635.0,5740.0,5740.0,1.149,Rs./Quintal,Metric Tonnes
Madhya Pradesh,Vidisha,Sironj APMC,Maize,Local,FAQ,2026-01-20,1000.0,2645.0,1500.0,868.5700000000002,Rs./Quintal,Metric Tonnes
Madhya Pradesh,Vidisha,Sironj APMC,Mustard,Mustard,FAQ,2026-01-20,4960.0,5425.0,5425.0,1.1580000000000001,Rs./Quintal,Metric Tonnes
Madhya Pradesh,Vidisha,Sironj APMC,Red gram/Arhar/Tur(whole),Arhar Dal(Tur),FAQ,2026-01-20,5845.0,5845.0,5845.0,0.517,Rs./Quintal,Metric Tonnes
Madhya Pradesh,Vidisha,Sironj APMC,Soyabean,Soyabeen,FAQ,2026-01-20,3995.0,5605.0,5605.0,32.419000000000004,Rs./Quintal,Metric Tonnes
Madhya Pradesh,Vidisha,Sironj APMC,Wheat,Sharbati,FAQ,2026-01-20,3005.0,3900.0,3900.0,21.230000000000004,Rs./Quintal,Metric Tonnes
Madhya Pradesh,Vidisha,Sironj APMC,Wheat,Wheat,FAQ,2026-01-20,2400.0,2865.0,2550.0,88.718,Rs./Quintal,Metric Tonnes
Madhya Pradesh,Vidisha,Sironj APMC,buttery,Buttery,FAQ,2026-01-20,2930.0,4255.0,4255.0,3.4310000000000005,Rs./Quintal,Metric Tonnes
Madhya Pradesh,Mandsaur,Sitmau APMC,Garlic,Garlic,FAQ,2026-01-20,4040.0,9000.0,8400.0,2.321,Rs./Quintal,Metric Tonnes
Madhya Pradesh,Mandsaur,Sitmau APMC,Linseed,Flaxseed,FAQ,2026-01-20,7720.0,7720.0,7720.0,0.05600000000000001,Rs./Quintal,Metric Tonnes
Madhya Pradesh,Mandsaur,Sitmau APMC,Maize,Local,FAQ,2026-01-20,1572.0,2101.0,2101.0,4.694,Rs./Quintal,Metric Tonnes
Madhya Pradesh,Mandsaur,Sitmau APMC,Onion,Onion,FAQ,2026-01-20,150.0,1140.0,500.0,18.25,Rs./Quintal,Metric Tonnes
Madhya Pradesh,Mandsaur,Sitmau APMC,Soyabean,Yellow,FAQ,2026-01-20,3701.0,5384.0,4950.0,22.226,Rs./Quintal,Metric Tonnes
Madhya Pradesh,Mandsaur,Sitmau APMC,Wheat,Wheat,FAQ,2026-01-20,2421.0,2850.0,2850.0,50.604000000000006,Rs./Quintal,Metric Tonnes
Madhya Pradesh,Dewas,Sonkatch APMC,Maize,Local,FAQ,2026-01-20,1400.0,1400.0,1400.0,0.7400000000000001,Rs./Quintal,Metric Tonnes
Madhya Pradesh,Dewas,Sonkatch APMC,Mustard,Mustard,FAQ,2026-01-20,4600.0,4600.0,4600.0,2.354,Rs./Quintal,Metric Tonnes
Madhya Pradesh,Dewas,Sonkatch APMC,Soyabean,Soyabeen,FAQ,2026-01-20,2400.0,5500.0,5351.0,38.414,Rs./Quintal,Metric Tonnes
Madhya Pradesh,Dewas,Sonkatch APMC,Wheat,Wheat,FAQ,2026-01-20,2400.0,2706.0,2500.0,86.678,Rs./Quintal,Metric Tonnes
Madhya Pradesh,Shajapur,Soyatkalan APMC,Black Gram(Urd Beans)(Whole),Urda/Urd,Non-FAQ,2026-01-20,5135.0,5135.0,5135.0,0.163,Rs./Quintal,Metric Tonnes
Madhya Pradesh,Shajapur,Soyatkalan APMC,Wheat,Wheat,Non-FAQ,2026-01-20,2475.0,2550.0,2550.0,12.040000000000001,Rs./Quintal,Metric Tonnes
Madhya Pradesh,Mandsaur,Suvasra APMC,Wheat,Wheat,Non-FAQ,2026-01-20,2407.0,2407.0,2407.0,5.422000000000001,Rs./Quintal,Metric Tonnes
Madhya Pradesh,Mandsaur,Suvasra APMC,Wheat,Mill Quality,Non-FAQ,2026-01-20,2501.0,2501.0,2501.0,4.231000000000001,Rs./Quintal,Metric Tonnes
Madhya Pradesh,Ratlam,Taal APMC,Maize,Local,FAQ,2026-01-20,1558.0,1686.0,1686.0,2.94,Rs./Quintal,Metric Tonnes
Madhya Pradesh,Ratlam,Taal APMC,Soyabean,Soyabeen,FAQ,2026-01-20,4000.0,5700.0,5263.0,25.889,Rs./Quintal,Metric Tonnes
Madhya Pradesh,Ratlam,Taal APMC,Soyabean,Yellow,FAQ,2026-01-20,4699.0,5367.0,5246.0,17.61,Rs./Quintal,Metric Tonnes
Madhya Pradesh,Ratlam,Taal APMC,Wheat,Wheat,FAQ,2026-01-20,2426.0,2631.0,2631.0,3.068,Rs./Quintal,Metric Tonnes
Madhya Pradesh,Ujjain,Tarana APMC,Kabuli Chana(Chickpeas-White),Dollar Gram,FAQ,2026-01-20,4151.0,8101.0,8101.0,1.051,Rs./Quintal,Metric Tonnes
Madhya Pradesh,Ujjain,Tarana APMC,Soyabean,Soyabeen,FAQ,2026-01-20,1000.0,5860.0,5350.0,74.152,Rs./Quintal,Metric Tonnes
Madhya Pradesh,Ujjain,Tarana APMC,Wheat,Wheat,FAQ,2026-01-20,1740.0,2700.0,2551.0,90.061,Rs./Quintal,Metric Tonnes
Madhya Pradesh,Narsinghpur,Tendukheda APMC,Gur(Jaggery),Jaggery,FAQ,2026-01-20,3250.0,3250.0,3250.0,6.0,Rs./Quintal,Metric Tonnes
Madhya Pradesh,Jhabua,Thandla APMC,Cotton,Without Ginned Cotton,FAQ,2026-01-20,5400.0,8200.0,7580.0,436.424,Rs./Quintal,Metric Tonnes
Madhya Pradesh,Jhabua,Thandla APMC,Cotton,Long fiber,FAQ,2026-01-20,7100.0,7200.0,7200.0,7.73,Rs./Quintal,Metric Tonnes
Madhya Pradesh,Jhabua,Thandla APMC,Soyabean,Yellow,FAQ,2026-01-20,5190.0,5235.0,5200.0,16.285,Rs./Quintal,Metric Tonnes
Madhya Pradesh,Jhabua,Thandla APMC,Wheat,Mill Quality,FAQ,2026-01-20,2561.0,2561.0,2561.0,4.65,Rs./Quintal,Metric Tonnes
Madhya Pradesh,Tikamgarh,Tikamgarh APMC,Black Gram(Urd Beans)(Whole),Urda/Urd,FAQ,2026-01-20,5400.0,7300.0,7000.0,151.762,Rs./Quintal,Metric Tonnes
Madhya Pradesh,Tikamgarh,Tikamgarh APMC,Mustard,Mustard,FAQ,2026-01-20,6000.0,6200.0,6200.0,75.98,Rs./Quintal,Metric Tonnes
Madhya Pradesh,Tikamgarh,Tikamgarh APMC,Soyabean,Soyabeen,FAQ,2026-01-20,4500.0,5470.0,5380.0,39.150000000000006,Rs./Quintal,Metric Tonnes
Madhya Pradesh,Tikamgarh,Tikamgarh APMC,Wheat,Wheat,FAQ,2026-01-20,2300.0,2570.0,2500.0,1459.284,Rs./Quintal,Metric Tonnes
Madhya Pradesh,Harda,Timarni APMC,Bengal Gram(Gram)(Whole),Gram,FAQ,2026-01-20,4761.0,5301.0,5241.0,2.8600000000000003,Rs./Quintal,Metric Tonnes
Madhya Pradesh,Harda,Timarni APMC,Green Gram(Moong)(Whole),Green (Whole),FAQ,2026-01-20,4501.0,6101.0,6101.0,0.9,Rs./Quintal,Metric Tonnes
Madhya Pradesh,Harda,Timarni APMC,Maize,Local,FAQ,2026-01-20,1100.0,1636.0,1500.0,1336.2790000000002,Rs./Quintal,Metric Tonnes
Madhya Pradesh,Harda,Timarni APMC,Maize,Deshi Red,Non-FAQ,2026-01-20,1325.0,1360.0,1360.0,6.715000000000001,Rs./Quintal,Metric Tonnes
Madhya Pradesh,Harda,Timarni APMC,Soyabean,Soyabeen,FAQ,2026-01-20,2301.0,5401.0,5401.0,6.261,Rs./Quintal,Metric Tonnes
Madhya Pradesh,Harda,Timarni APMC,Wheat,Wheat,FAQ,2026-01-20,2485.0,2574.0,2541.0,66.99,Rs./Quintal,Metric Tonnes
Madhya Pradesh,Raisen,Udaipura APMC,Bengal Gram(Gram)(Whole),Desi (F.A.Q. Split),FAQ,2026-01-20,4505.0,5520.0,5300.0,9.61,Rs./Quintal,Metric Tonnes
Madhya Pradesh,Raisen,Udaipura APMC,Bengal Gram(Gram)(Whole),Gram,FAQ,2026-01-20,5500.0,5500.0,5500.0,0.15000000000000002,Rs./Quintal,Metric Tonnes
Madhya Pradesh,Raisen,Udaipura APMC,Bengal Gram(Gram)(Whole),Desi (F.A.Q. Split),Non-FAQ,2026-01-20,4800.0,5625.0,5625.0,3.1750000000000003,Rs./Quintal,Metric Tonnes
Madhya Pradesh,Raisen,Udaipura APMC,Black Gram(Urd Beans)(Whole),Urda/Urd,FAQ,2026-01-20,4900.0,4900.0,4900.0,0.275,Rs./Quintal,Metric Tonnes
Madhya Pradesh,Raisen,Udaipura APMC,Green Gram(Moong)(Whole),Green (Whole),FAQ,2026-01-20,5700.0,5700.0,5700.0,0.24,Rs./Quintal,Metric Tonnes
Madhya Pradesh,Raisen,Udaipura APMC,Lak(Teora),Tiwada,FAQ,2026-01-20,1855.0,3515.0,3515.0,26.82,Rs./Quintal,Metric Tonnes
Madhya Pradesh,Raisen,Udaipura APMC,Lentil(Masur)(Whole),Masur Dal,FAQ,2026-01-20,3600.0,5850.0,5850.0,1.9050000000000002,Rs./Quintal,Metric Tonnes
Madhya Pradesh,Raisen,Udaipura APMC,Lentil(Masur)(Whole),Masur Dal,Non-FAQ,2026-01-20,4200.0,5400.0,5400.0,0.1,Rs./Quintal,Metric Tonnes
Madhya Pradesh,Raisen,Udaipura APMC,Paddy(Common),Paddy,FAQ,2026-01-20,3100.0,4125.0,3700.0,1065.3590000000002,Rs./Quintal,Metric Tonnes
Madhya Pradesh,Raisen,Udaipura APMC,Red gram/Arhar/Tur(whole),Arhar Dal(Tur),FAQ,2026-01-20,6000.0,7100.0,6200.0,14.14,Rs./Quintal,Metric Tonnes
Madhya Pradesh,Raisen,Udaipura APMC,Red gram/Arhar/Tur(whole),Arhar Dal(Tur),Non-FAQ,2026-01-20,7030.0,7030.0,7030.0,0.8400000000000001,Rs./Quintal,Metric Tonnes
Madhya Pradesh,Raisen,Udaipura APMC,Soyabean,Soyabeen,FAQ,2026-01-20,3500.0,5105.0,5105.0,1.92,Rs./Quintal,Metric Tonnes
Madhya Pradesh,Raisen,Udaipura APMC,Wheat,Mill Quality,Non-FAQ,2026-01-20,2505.0,2570.0,2570.0,2.3000000000000003,Rs./Quintal,Metric Tonnes
Madhya Pradesh,Raisen,Udaipura APMC,Wheat,Mill Quality,FAQ,2026-01-20,2545.0,2565.0,2560.0,16.612000000000002,Rs./Quintal,Metric Tonnes
Madhya Pradesh,Raisen,Udaipura APMC,buttery,Buttery,FAQ,2026-01-20,2300.0,4670.0,4655.0,10.93,Rs./Quintal,Metric Tonnes
Madhya Pradesh,Ujjain,Ujjain APMC,Bengal Gram(Gram)(Whole),Gram,FAQ,2026-01-20,3901.0,5892.0,5892.0,24.89,Rs./Quintal,Metric Tonnes
Madhya Pradesh,Ujjain,Ujjain APMC,Black Gram(Urd Beans)(Whole),Urda/Urd,FAQ,2026-01-20,5631.0,5950.0,5950.0,0.33,Rs./Quintal,Metric Tonnes
Madhya Pradesh,Ujjain,Ujjain APMC,Garlic,Garlic,FAQ,2026-01-20,500.0,13300.0,2000.0,20.352000000000004,Rs./Quintal,Metric Tonnes
Madhya Pradesh,Ujjain,Ujjain APMC,Kabuli Chana(Chickpeas-White),Dollar Gram,FAQ,2026-01-20,3101.0,8801.0,7880.0,12.444,Rs./Quintal,Metric Tonnes
Madhya Pradesh,Ujjain,Ujjain APMC,Paddy(Common),Paddy,FAQ,2026-01-20,2525.0,2525.0,2525.0,17.27,Rs./Quintal,Metric Tonnes
Madhya Pradesh,Ujjain,Ujjain APMC,Potato,Chips,FAQ,2026-01-20,1240.0,1290.0,1240.0,92.0,Rs./Quintal,Metric Tonnes
Madhya Pradesh,Ujjain,Ujjain APMC,Potato,Potato,Non-FAQ,2026-01-20,164.83,886.07,886.07,106.89800000000001,Rs./Quintal,Metric Tonnes
Madhya Pradesh,Ujjain,Ujjain APMC,Potato,Potato,FAQ,2026-01-20,124.99,934.39,600.0,253.108,Rs./Quintal,Metric Tonnes
Madhya Pradesh,Ujjain,Ujjain APMC,Rayee,Raee,FAQ,2026-01-20,6011.0,6011.0,6011.0,0.05,Rs./Quintal,Metric Tonnes
Madhya Pradesh,Ujjain,Ujjain APMC,Soyabean,Soyabeen,FAQ,2026-01-20,1536.0,6301.0,5400.0,348.329,Rs./Quintal,Metric Tonnes
Madhya Pradesh,Ujjain,Ujjain APMC,Soyabean,Yellow,FAQ,2026-01-20,4960.0,4960.0,4960.0,3.6500000000000004,Rs./Quintal,Metric Tonnes
Madhya Pradesh,Ujjain,Ujjain APMC,Wheat,Wheat,FAQ,2026-01-20,1880.0,2971.0,2512.0,196.389,Rs./Quintal,Metric Tonnes
Madhya Pradesh,Umariya,Umariya APMC,Paddy(Common),Dhan,Non-FAQ,2026-01-20,1900.0,1900.0,1900.0,6.0200000000000005,Rs./Quintal,Metric Tonnes
Madhya Pradesh,Umariya,Umariya APMC,Soyabean,Soyabeen,Non-FAQ,2026-01-20,4900.0,4900.0,4900.0,3.4350000000000005,Rs./Quintal,Metric Tonnes
Madhya Pradesh,Umariya,Umariya APMC,Wheat,Wheat,Non-FAQ,2026-01-20,2500.0,2600.0,2525.0,63.35,Rs./Quintal,Metric Tonnes
Madhya Pradesh,Umariya,Umariya APMC,Wheat,Local,Non-FAQ,2026-01-20,2500.0,2500.0,2500.0,7.800000000000001,Rs./Quintal,Metric Tonnes
Madhya Pradesh,Umariya,Umariya APMC,Wheat,Mill Quality,FAQ,2026-01-20,2350.0,2350.0,2350.0,14.700000000000001,Rs./Quintal,Metric Tonnes
Madhya Pradesh,Ujjain,Unhel APMC,Soyabean,Soyabeen,FAQ,2026-01-20,2711.0,5381.0,5353.0,19.671000000000003,Rs./Quintal,Metric Tonnes
Madhya Pradesh,Ujjain,Unhel APMC,Tamarind Fruit,Tamarind,FAQ,2026-01-20,4050.0,4200.0,4200.0,31.265,Rs./Quintal,Metric Tonnes
Madhya Pradesh,Ujjain,Unhel APMC,Wheat,Wheat,FAQ,2026-01-20,2441.0,2581.0,2581.0,29.579000000000004,Rs./Quintal,Metric Tonnes
Madhya Pradesh,Vidisha,Vidisha APMC,Bengal Gram(Gram)(Whole),Gram,FAQ,2026-01-20,3000.0,5600.0,4900.0,80.04400000000001,Rs./Quintal,Metric Tonnes
Madhya Pradesh,Vidisha,Vidisha APMC,Lentil(Masur)(Whole),Masur Dal,FAQ,2026-01-20,6000.0,6220.0,6220.0,2.326,Rs./Quintal,Metric Tonnes
Madhya Pradesh,Vidisha,Vidisha APMC,Maize,Local,FAQ,2026-01-20,1350.0,1557.0,1557.0,65.137,Rs./Quintal,Metric Tonnes
Madhya Pradesh,Vidisha,Vidisha APMC,Mustard,Mustard,FAQ,2026-01-20,6200.0,6850.0,6850.0,0.49900000000000005,Rs./Quintal,Metric Tonnes
Madhya Pradesh,Vidisha,Vidisha APMC,Paddy(Common),Dhan,FAQ,2026-01-20,2200.0,3950.0,3700.0,614.923,Rs./Quintal,Metric Tonnes
Madhya Pradesh,Vidisha,Vidisha APMC,Paddy(Common),Puspa (MR 301),FAQ,2026-01-20,3400.0,3880.0,3400.0,92.26,Rs./Quintal,Metric Tonnes
Madhya Pradesh,Vidisha,Vidisha APMC,Paddy(Common),Red,FAQ,2026-01-20,3099.0,4025.0,4025.0,13.669,Rs./Quintal,Metric Tonnes
Madhya Pradesh,Vidisha,Vidisha APMC,Paddy(Common),Paddy,FAQ,2026-01-20,1361.0,4090.0,3800.0,1743.7470000000003,Rs./Quintal,Metric Tonnes
Madhya Pradesh,Vidisha,Vidisha APMC,Paddy(Common),Basmati,FAQ,2026-01-20,3700.0,3850.0,3750.0,263.375,Rs./Quintal,Metric Tonnes
Madhya Pradesh,Vidisha,Vidisha APMC,Paddy(Common),Paddy-Organic,FAQ,2026-01-20,3600.0,3600.0,3600.0,31.935000000000002,Rs./Quintal,Metric Tonnes
Madhya Pradesh,Vidisha,Vidisha APMC,Soyabean,Soyabeen,FAQ,2026-01-20,4800.0,5440.0,5301.0,29.029000000000003,Rs./Quintal,Metric Tonnes
Madhya Pradesh,Vidisha,Vidisha APMC,Wheat,Wheat,FAQ,2026-01-20,2290.0,3150.0,2630.0,640.937,Rs./Quintal,Metric Tonnes
Madhya Pradesh,Vidisha,Vidisha APMC,Wheat,Sharbati,FAQ,2026-01-20,2740.0,3640.0,3400.0,35.596,Rs./Quintal,Metric Tonnes
Madhya Pradesh,Sheopur,Vijaypur APMC,Mustard,Mustard,FAQ,2026-01-20,5850.0,6670.0,6670.0,6.96,Rs./Quintal,Metric Tonnes
Madhya Pradesh,Sheopur,Vijaypur APMC,Red gram/Arhar/Tur(whole),Arhar Dal(Tur),Non-FAQ,2026-01-20,5200.0,5500.0,5500.0,11.0,Rs./Quintal,Metric Tonnes
Madhya Pradesh,Sheopur,Vijaypur APMC,Wheat,Wheat,Non-FAQ,2026-01-20,2510.0,2510.0,2510.0,13.8,Rs./Quintal,Metric Tonnes
Madhya Pradesh,Sheopur,Vijaypur APMC,Wheat,Wheat,FAQ,2026-01-20,2500.0,2500.0,2500.0,7.0,Rs./Quintal,Metric Tonnes
Madhya Pradesh,Ratlam,A lot APMC,Garlic,Garlic,FAQ,2026-01-21,2001.0,7501.0,3000.0,0.466,Rs./Quintal,Metric Tonnes
Madhya Pradesh,Ratlam,A lot APMC,Maize,Local,FAQ,2026-01-21,1500.0,1500.0,1500.0,0.15000000000000002,Rs./Quintal,Metric Tonnes
Madhya Pradesh,Ratlam,A lot APMC,Onion,Onion,FAQ,2026-01-21,113.0,550.0,550.0,1.452,Rs./Quintal,Metric Tonnes
Madhya Pradesh,Ratlam,A lot APMC,Soyabean,Soyabeen,FAQ,2026-01-21,2500.0,5275.0,5275.0,25.754000000000005,Rs./Quintal,Metric Tonnes
Madhya Pradesh,Ratlam,A lot APMC,Wheat,Wheat,FAQ,2026-01-21,2300.0,2660.0,2650.0,165.77300000000002,Rs./Quintal,Metric Tonnes
Madhya Pradesh,Shajapur,Agar APMC,Asalia,Asalia,FAQ,2026-01-21,4921.0,4921.0,4921.0,0.714,Rs./Quintal,Metric Tonnes
Madhya Pradesh,Shajapur,Agar APMC,Bengal Gram(Gram)(Whole),Gram,FAQ,2026-01-21,4251.0,4905.0,4905.0,12.471,Rs./Quintal,Metric Tonnes
Madhya Pradesh,Shajapur,Agar APMC,Coriander(Leaves),Coriander,FAQ,2026-01-21,7501.0,9470.0,9470.0,4.139,Rs./Bundle,Bundle
Madhya Pradesh,Shajapur,Agar APMC,Garlic,Garlic,FAQ,2026-01-21,1000.0,5656.0,2200.0,0.5690000000000001,Rs./Quintal,Metric Tonnes
Madhya Pradesh,Shajapur,Agar APMC,Kabuli Chana(Chickpeas-White),Dollar Gram,FAQ,2026-01-21,3599.0,3599.0,3599.0,0.07900000000000001,Rs./Quintal,Metric Tonnes
Madhya Pradesh,Shajapur,Agar APMC,Lentil(Masur)(Whole),Masur Dal,FAQ,2026-01-21,4701.0,6500.0,6401.0,3.58,Rs./Quintal,Metric Tonnes
Madhya Pradesh,Shajapur,Agar APMC,Methi Seeds,Methiseeds,FAQ,2026-01-21,4601.0,4601.0,4601.0,0.08600000000000001,Rs./Quintal,Metric Tonnes
Madhya Pradesh,Shajapur,Agar APMC,Mustard,Mustard,FAQ,2026-01-21,5350.0,6531.0,6531.0,6.042000000000001,Rs./Quintal,Metric Tonnes
Madhya Pradesh,Shajapur,Agar APMC,Soyabean,Soyabeen,FAQ,2026-01-21,1530.0,5600.0,5100.0,209.412,Rs./Quintal,Metric Tonnes
Madhya Pradesh,Shajapur,Agar APMC,Wheat,Wheat,FAQ,2026-01-21,2400.0,2625.0,2501.0,151.76600000000002,Rs./Quintal,Metric Tonnes
Madhya Pradesh,Shajapur,Agar APMC,Wheat,Wheat,Non-FAQ,2026-01-21,2490.0,2520.0,2520.0,4.766,Rs./Quintal,Metric Tonnes
Madhya Pradesh,Panna,Ajaygarh APMC,Bengal Gram(Gram)(Whole),Desi (F.A.Q. Split),FAQ,2026-01-21,5350.0,5540.0,5510.0,16.32,Rs./Quintal,Metric Tonnes
Madhya Pradesh,Panna,Ajaygarh APMC,Green Peas,Pea,FAQ,2026-01-21,3750.0,3760.0,3760.0,7.1000000000000005,Rs./Quintal,Metric Tonnes
Madhya Pradesh,Panna,Ajaygarh APMC,Mustard,Mustard,FAQ,2026-01-21,6200.0,6200.0,6200.0,6.300000000000001,Rs./Quintal,Metric Tonnes
Madhya Pradesh,Panna,Ajaygarh APMC,Wheat,Mill Quality,FAQ,2026-01-21,2500.0,2520.0,2520.0,9.0,Rs./Quintal,Metric Tonnes
Madhya Pradesh,Bhind,Alampur APMC,Paddy(Common),Paddy,Non-FAQ,2026-01-21,3495.0,3720.0,3720.0,24.200000000000003,Rs./Quintal,Metric Tonnes
Madhya Pradesh,Bhind,Alampur APMC,Wheat,Wheat,Non-FAQ,2026-01-21,2511.0,2600.0,2600.0,53.0,Rs./Quintal,Metric Tonnes
Madhya Pradesh,Bhind,Alampur APMC,Wheat,Mill Quality,Non-FAQ,2026-01-21,2443.0,2493.0,2493.0,15.0,Rs./Quintal,Metric Tonnes
Madhya Pradesh,Alirajpur,Alirajpur APMC,Cotton,Without Ginned Cotton,FAQ,2026-01-21,6900.0,7300.0,7300.0,14.200000000000001,Rs./Quintal,Metric Tonnes
Madhya Pradesh,Alirajpur,Alirajpur APMC,Groundnut,Big (With Shell),FAQ,2026-01-21,3883.5,5400.0,4500.0,25.200000000000003,Rs./Quintal,Metric Tonnes
Madhya Pradesh,Alirajpur,Alirajpur APMC,Groundnut,Big (With Shell),Non-FAQ,2026-01-21,4000.0,4500.0,4000.0,11.600000000000001,Rs./Quintal,Metric Tonnes
Madhya Pradesh,Alirajpur,Alirajpur APMC,Soyabean,Soyabeen,FAQ,2026-01-21,4000.0,4000.0,4000.0,16.0,Rs./Quintal,Metric Tonnes
Madhya Pradesh,Satna,Amarpatan APMC,Wheat,Mill Quality,FAQ,2026-01-21,2475.0,2500.0,2500.0,10.0,Rs./Quintal,Metric Tonnes
Madhya Pradesh,Chhindwara,Amarwda APMC,Bengal Gram(Gram)(Whole),Gram,FAQ,2026-01-21,4200.0,4200.0,4200.0,4.0,Rs./Quintal,Metric Tonnes
Madhya Pradesh,Chhindwara,Amarwda APMC,Maize,Yellow,FAQ,2026-01-21,1527.0,1710.0,1700.0,362.71000000000004,Rs./Quintal,Metric Tonnes
Madhya Pradesh,Chhindwara,Amarwda APMC,Maize,Local,Non-FAQ,2026-01-21,1575.0,1650.0,1580.0,60.7,Rs./Quintal,Metric Tonnes
Madhya Pradesh,Chhindwara,Amarwda APMC,Maize,Yellow,Non-FAQ,2026-01-21,1600.0,1600.0,1600.0,3.568,Rs./Quintal,Metric Tonnes
Madhya Pradesh,Chhindwara,Amarwda APMC,Maize,Local,FAQ,2026-01-21,1499.0,1750.0,1650.0,1664.67,Rs./Quintal,Metric Tonnes
Madhya Pradesh,Chhindwara,Amarwda APMC,Paddy(Common),Paddy,FAQ,2026-01-21,1700.0,1701.0,1700.0,33.5,Rs./Quintal,Metric Tonnes
Madhya Pradesh,Badwani,Anjad APMC,Maize,Yellow,FAQ,2026-01-21,1400.0,1600.0,1500.0,307.665,Rs./Quintal,Metric Tonnes
Madhya Pradesh,Badwani,Anjad APMC,Maize,Local,FAQ,2026-01-21,1400.0,1650.0,1500.0,112.04000000000002,Rs./Quintal,Metric Tonnes
Madhya Pradesh,Guna,Aron APMC,Bengal Gram(Gram)(Whole),Gram,FAQ,2026-01-21,5200.0,5200.0,5200.0,0.098,Rs./Quintal,Metric Tonnes
Madhya Pradesh,Guna,Aron APMC,Maize,Local,FAQ,2026-01-21,1340.0,1840.0,1470.0,1887.462,Rs./Quintal,Metric Tonnes
Madhya Pradesh,Guna,Aron APMC,Maize,Local,Non-FAQ,2026-01-21,1475.0,1552.0,1552.0,19.32,Rs./Quintal,Metric Tonnes
Madhya Pradesh,Guna,Aron APMC,Wheat,Wheat,FAQ,2026-01-21,2450.0,2528.0,2528.0,13.915000000000001,Rs./Quintal,Metric Tonnes
Madhya Pradesh,Ashoknagar,Ashoknagar APMC,Bengal Gram(Gram)(Whole),Gram,FAQ,2026-01-21,4600.0,5335.0,5300.0,49.603,Rs./Quintal,Metric Tonnes
Madhya Pradesh,Ashoknagar,Ashoknagar APMC,Coriander(Leaves),Coriander,FAQ,2026-01-21,6640.0,9990.0,9990.0,15.139,Rs./Bundle,Bundle
Madhya Pradesh,Ashoknagar,Ashoknagar APMC,Lak(Teora),Tiwada,FAQ,2026-01-21,2120.0,3516.0,3516.0,1.958,Rs./Quintal,Metric Tonnes
Madhya Pradesh,Ashoknagar,Ashoknagar APMC,Lentil(Masur)(Whole),Masur Dal,FAQ,2026-01-21,4611.0,5910.0,5910.0,1.359,Rs./Quintal,Metric Tonnes
Madhya Pradesh,Ashoknagar,Ashoknagar APMC,Maize,Local,FAQ,2026-01-21,1200.0,1780.0,1575.0,1605.641,Rs./Quintal,Metric Tonnes
Madhya Pradesh,Ashoknagar,Ashoknagar APMC,Mustard,Mustard,FAQ,2026-01-21,3830.0,6590.0,6590.0,9.087000000000002,Rs./Quintal,Metric Tonnes
Madhya Pradesh,Ashoknagar,Ashoknagar APMC,Paddy(Common),Dhan,FAQ,2026-01-21,2180.0,3825.0,3625.0,539.8729999999999,Rs./Quintal,Metric Tonnes
Madhya Pradesh,Ashoknagar,Ashoknagar APMC,Soyabean,Soyabeen,FAQ,2026-01-21,3600.0,5405.0,5145.0,180.859,Rs./Quintal,Metric Tonnes
Madhya Pradesh,Ashoknagar,Ashoknagar APMC,Soyabean,Soyabeen,Non-FAQ,2026-01-21,3420.0,4005.0,4005.0,0.6920000000000001,Rs./Quintal,Metric Tonnes
Madhya Pradesh,Ashoknagar,Ashoknagar APMC,Wheat,Wheat,FAQ,2026-01-21,1650.0,3695.0,2550.0,389.009,Rs./Quintal,Metric Tonnes
Madhya Pradesh,Ashoknagar,Ashoknagar APMC,buttery,Buttery,FAQ,2026-01-21,3091.0,4585.0,4585.0,5.877000000000001,Rs./Quintal,Metric Tonnes
Madhya Pradesh,Sehore,Ashta APMC,Bengal Gram(Gram)(Whole),Gram,FAQ,2026-01-21,4190.0,7680.0,5500.0,18.656000000000002,Rs./Quintal,Metric Tonnes
Madhya Pradesh,Sehore,Ashta APMC,Bengal Gram(Gram)(Whole),Chana Kabuli,FAQ,2026-01-21,4926.0,8001.0,8001.0,11.509,Rs./Quintal,Metric Tonnes
Madhya Pradesh,Sehore,Ashta APMC,Kabuli Chana(Chickpeas-White),Dollar Gram,FAQ,2026-01-21,4051.0,7030.0,7030.0,1.079,Rs./Quintal,Metric Tonnes
Madhya Pradesh,Sehore,Ashta APMC,Lentil(Masur)(Whole),Masur Dal,FAQ,2026-01-21,5302.0,5940.0,5940.0,1.0070000000000001,Rs./Quintal,Metric Tonnes
Madhya Pradesh,Sehore,Ashta APMC,Maize,Local,FAQ,2026-01-21,1421.0,1633.0,1580.0,109.328,Rs./Quintal,Metric Tonnes
Madhya Pradesh,Sehore,Ashta APMC,Mustard,Mustard,FAQ,2026-01-21,4801.0,4801.0,4801.0,1.1130000000000002,Rs./Quintal,Metric Tonnes
Madhya Pradesh,Sehore,Ashta APMC,Soyabean,Soyabeen,FAQ,2026-01-21,2400.0,6500.0,5252.0,337.202,Rs./Quintal,Metric Tonnes
Madhya Pradesh,Sehore,Ashta APMC,Soyabean,Soyabeen,Non-FAQ,2026-01-21,3270.0,3270.0,3270.0,0.124,Rs./Quintal,Metric Tonnes
Madhya Pradesh,Sehore,Ashta APMC,Soyabean,Other,FAQ,2026-01-21,4682.0,5171.0,5171.0,2.725,Rs./Quintal,Metric Tonnes
Madhya Pradesh,Sehore,Ashta APMC,Wheat,Wheat,FAQ,2026-01-21,2352.0,4486.0,2800.0,598.4340000000001,Rs./Quintal,Metric Tonnes
Madhya Pradesh,Hoshangabad,Babai APMC,Paddy(Common),Dhan,FAQ,2026-01-21,3400.0,3800.0,3600.0,150.70000000000002,Rs./Quintal,Metric Tonnes
Madhya Pradesh,Hoshangabad,Babai APMC,Wheat,Mill Quality,Non-FAQ,2026-01-21,2300.0,2325.0,2325.0,14.3,Rs./Quintal,Metric Tonnes
Madhya Pradesh,Chhatarpur,Badamalhera APMC,Maize,Local,Non-FAQ,2026-01-21,1475.0,1525.0,1520.0,163.0,Rs./Quintal,Metric Tonnes
Madhya Pradesh,Chhatarpur,Badamalhera APMC,Soyabean,Soyabeen,FAQ,2026-01-21,4860.0,5710.0,5700.0,110.856,Rs./Quintal,Metric Tonnes
Madhya Pradesh,Chhatarpur,Badamalhera APMC,Wheat,Mill Quality,FAQ,2026-01-21,2525.0,2525.0,2525.0,7.5,Rs./Quintal,Metric Tonnes
Madhya Pradesh,Chhatarpur,Badamalhera APMC,Wheat,Mill Quality,Non-FAQ,2026-01-21,2500.0,2570.0,2550.0,406.78000000000003,Rs./Quintal,Metric Tonnes
Madhya Pradesh,Shivpuri,Badarwas APMC,Lentil(Masur)(Whole),Masur Dal,Non-FAQ,2026-01-21,5630.0,5630.0,5630.0,0.34500000000000003,Rs./Quintal,Metric Tonnes
Madhya Pradesh,Shivpuri,Badarwas APMC,Maize,Local,Non-FAQ,2026-01-21,1150.0,1760.0,1545.0,2035.2470000000003,Rs./Quintal,Metric Tonnes
Madhya Pradesh,Shivpuri,Badarwas APMC,Maize,Yellow,Non-FAQ,2026-01-21,1350.0,1360.0,1360.0,23.255000000000003,Rs./Quintal,Metric Tonnes
Madhya Pradesh,Shivpuri,Badarwas APMC,Maize,Local,FAQ,2026-01-21,1195.0,1665.0,1545.0,354.588,Rs./Quintal,Metric Tonnes
Madhya Pradesh,Shivpuri,Badarwas APMC,Mustard,Mustard,Non-FAQ,2026-01-21,5605.0,5605.0,5605.0,0.497,Rs./Quintal,Metric Tonnes
Madhya Pradesh,Shivpuri,Badarwas APMC,Soyabean,Soyabeen,FAQ,2026-01-21,5210.0,5210.0,5210.0,2.057,Rs./Quintal,Metric Tonnes
Madhya Pradesh,Shivpuri,Badarwas APMC,Soyabean,Soyabeen,Non-FAQ,2026-01-21,5170.0,5170.0,5170.0,1.5030000000000001,Rs./Quintal,Metric Tonnes
Madhya Pradesh,Shivpuri,Badarwas APMC,Wheat,Wheat,Non-FAQ,2026-01-21,2390.0,2885.0,2885.0,23.448,Rs./Quintal,Metric Tonnes
Madhya Pradesh,Shivpuri,Badarwas APMC,Wheat,Wheat,FAQ,2026-01-21,2565.0,2565.0,2565.0,0.799,Rs./Quintal,Metric Tonnes
Madhya Pradesh,Ujjain,Badnagar APMC,Bengal Gram(Gram)(Whole),Chana Kabuli,FAQ,2026-01-21,5300.0,5300.0,5300.0,3.0,Rs./Quintal,Metric Tonnes
Madhya Pradesh,Ujjain,Badnagar APMC,Bengal Gram(Gram)(Whole),Gram,FAQ,2026-01-21,3510.0,5800.0,5001.0,2.418,Rs./Quintal,Metric Tonnes
Madhya Pradesh,Ujjain,Badnagar APMC,Green Peas,Pea,FAQ,2026-01-21,1801.0,4300.0,3400.0,5.948,Rs./Quintal,Metric Tonnes
Madhya Pradesh,Ujjain,Badnagar APMC,Kabuli Chana(Chickpeas-White),Dollar Gram,FAQ,2026-01-21,3350.0,8780.0,7590.0,35.068000000000005,Rs./Quintal,Metric Tonnes
Madhya Pradesh,Ujjain,Badnagar APMC,Soyabean,Yellow,FAQ,2026-01-21,1591.0,6921.0,5300.0,537.331,Rs./Quintal,Metric Tonnes
Madhya Pradesh,Ujjain,Badnagar APMC,Wheat,Wheat,FAQ,2026-01-21,1800.0,2700.0,2635.0,25.817000000000004,Rs./Quintal,Metric Tonnes
Madhya Pradesh,Dhar,Badnawar APMC,Bengal Gram(Gram)(Whole),Desi (F.A.Q. Split),FAQ,2026-01-21,4505.0,5100.0,5100.0,0.367,Rs./Quintal,Metric Tonnes
Madhya Pradesh,Dhar,Badnawar APMC,Cotton,Without Ginned Cotton,FAQ,2026-01-21,7000.0,7550.0,7448.0,25.697000000000003,Rs./Quintal,Metric Tonnes
Madhya Pradesh,Dhar,Badnawar APMC,Green Peas,Pea,FAQ,2026-01-21,1905.0,3545.0,3545.0,0.43700000000000006,Rs./Quintal,Metric Tonnes
Madhya Pradesh,Dhar,Badnawar APMC,Kabuli Chana(Chickpeas-White),Dollar Gram,FAQ,2026-01-21,4655.0,5260.0,5260.0,0.27799999999999997,Rs./Quintal,Metric Tonnes
Madhya Pradesh,Dhar,Badnawar APMC,Maize,Local,FAQ,2026-01-21,1630.0,1725.0,1675.0,12.726,Rs./Quintal,Metric Tonnes
Madhya Pradesh,Dhar,Badnawar APMC,Onion,Onion,Non-FAQ,2026-01-21,350.0,375.0,375.0,12.0,Rs./Quintal,Metric Tonnes
Madhya Pradesh,Dhar,Badnawar APMC,Soyabean,Yellow,Non-FAQ,2026-01-21,4270.0,5130.0,5130.0,3.941,Rs./Quintal,Metric Tonnes
Madhya Pradesh,Dhar,Badnawar APMC,Soyabean,Yellow,FAQ,2026-01-21,2250.0,6615.0,5400.0,277.723,Rs./Quintal,Metric Tonnes
Madhya Pradesh,Dhar,Badnawar APMC,Soyabean,Soyabeen,FAQ,2026-01-21,4951.0,5198.0,5198.0,5.773,Rs./Quintal,Metric Tonnes
Madhya Pradesh,Dhar,Badnawar APMC,Wheat,Wheat,Non-FAQ,2026-01-21,2000.0,2000.0,2000.0,0.22799999999999998,Rs./Quintal,Metric Tonnes
Madhya Pradesh,Dhar,Badnawar APMC,Wheat,Wheat,FAQ,2026-01-21,2300.0,2935.0,2665.0,82.577,Rs./Quintal,Metric Tonnes
Madhya Pradesh,Shajapur,Badod APMC,Soyabean,Soyabeen,Non-FAQ,2026-01-21,4590.0,5266.0,5266.0,0.843,Rs./Quintal,Metric Tonnes
Madhya Pradesh,Shajapur,Badod APMC,Wheat,Wheat,Non-FAQ,2026-01-21,2436.0,2548.0,2548.0,10.824,Rs./Quintal,Metric Tonnes
Madhya Pradesh,Khargone,Badwaha APMC,Cotton,Without Ginned Cotton,FAQ,2026-01-21,4380.0,7520.0,7480.0,60.684000000000005,Rs./Quintal,Metric Tonnes
Madhya Pradesh,Khargone,Badwaha APMC,Maize,Local,FAQ,2026-01-21,1500.0,1925.0,1545.0,70.399,Rs./Quintal,Metric Tonnes
Madhya Pradesh,Khargone,Badwaha APMC,Red gram/Arhar/Tur(whole),Arhar Dal(Tur),FAQ,2026-01-21,6235.0,6445.0,6445.0,1.205,Rs./Quintal,Metric Tonnes
Madhya Pradesh,Khargone,Badwaha APMC,Rose(Loose)),Rose(Loose),FAQ,2026-01-21,6500.0,6500.0,6500.0,2.236,Rs./Quintal,Metric Tonnes
Madhya Pradesh,Khargone,Badwaha APMC,Wheat,Wheat,FAQ,2026-01-21,2351.0,2624.0,2609.0,11.601,Rs./Quintal,Metric Tonnes
Madhya Pradesh,Badwani,Badwani APMC,Maize,Local,FAQ,2026-01-21,1525.0,1525.0,1525.0,11.0,Rs./Quintal,Metric Tonnes
Madhya Pradesh,Badwani,Badwani APMC,Wheat,Lokwan,FAQ,2026-01-21,2500.0,2500.0,2500.0,5.0,Rs./Quintal,Metric Tonnes
Madhya Pradesh,Dewas,Bagli APMC,Maize,Yellow,Non-FAQ,2026-01-21,1510.0,1646.0,1586.0,68.686,Rs./Quintal,Metric Tonnes
Madhya Pradesh,Dewas,Bagli APMC,Red gram/Arhar/Tur(whole),Arhar Dal(Tur),Non-FAQ,2026-01-21,6002.0,6912.0,6475.0,1.5,Rs./Quintal,Metric Tonnes
Madhya Pradesh,Dewas,Bagli APMC,Wheat,Mill Quality,Non-FAQ,2026-01-21,2599.0,2769.0,2769.0,0.30000000000000004,Rs./Quintal,Metric Tonnes
Madhya Pradesh,Rewa,Baikunthpur APMC,Mustard,Mustard,Non-FAQ,2026-01-21,5900.0,6000.0,6000.0,25.0,Rs./Quintal,Metric Tonnes
Madhya Pradesh,Rewa,Baikunthpur APMC,Wheat,Mill Quality,Non-FAQ,2026-01-21,2525.0,2550.0,2525.0,35.04,Rs./Quintal,Metric Tonnes
Madhya Pradesh,Rewa,Baikunthpur APMC,Wheat,Wheat,Non-FAQ,2026-01-21,2500.0,2500.0,2500.0,3.6,Rs./Quintal,Metric Tonnes
Madhya Pradesh,Sehore,Baktara APMC,Paddy(Common),Basmati,FAQ,2026-01-21,3100.0,4051.0,3911.0,1048.035,Rs./Quintal,Metric Tonnes
Madhya Pradesh,Sehore,Baktara APMC,Paddy(Common),Basmati,Non-FAQ,2026-01-21,3861.0,4001.0,4001.0,113.00999999999999,Rs./Quintal,Metric Tonnes
Madhya Pradesh,Balaghat,Balaghat APMC,Paddy(Common),Paddy,FAQ,2026-01-21,1800.0,1800.0,1800.0,5.0,Rs./Quintal,Metric Tonnes
Madhya Pradesh,Badwani,Balwadi APMC,Maize,Local,FAQ,2026-01-21,1500.0,1605.0,1500.0,54.54400000000001,Rs./Quintal,Metric Tonnes
Madhya Pradesh,Badwani,Balwadi APMC,Red gram/Arhar/Tur(whole),Arhar Dal(Tur),FAQ,2026-01-21,6500.0,6650.0,6500.0,14.481000000000002,Rs./Quintal,Metric Tonnes
Madhya Pradesh,Sagar,Bamora APMC,Bengal Gram(Gram)(Whole),Desi (F.A.Q. Split),FAQ,2026-01-21,5100.0,5100.0,5100.0,0.78,Rs./Quintal,Metric Tonnes
Madhya Pradesh,Sagar,Bamora APMC,Lentil(Masur)(Whole),Local,FAQ,2026-01-21,5870.0,5870.0,5870.0,0.6040000000000001,Rs./Quintal,Metric Tonnes
Madhya Pradesh,Sagar,Bamora APMC,Wheat,Mill Quality,FAQ,2026-01-21,2625.0,2665.0,2665.0,3.0250000000000004,Rs./Quintal,Metric Tonnes
Madhya Pradesh,Hoshangabad,Banapura APMC,Bengal Gram(Gram)(Whole),Desi (F.A.Q. Split),FAQ,2026-01-21,4200.0,5287.0,5287.0,11.505,Rs./Quintal,Metric Tonnes
Madhya Pradesh,Hoshangabad,Banapura APMC,Kabuli Chana(Chickpeas-White),Dollar Gram,FAQ,2026-01-21,4002.0,4800.0,4800.0,0.395,Rs./Quintal,Metric Tonnes
Madhya Pradesh,Hoshangabad,Banapura APMC,Maize,Yellow,FAQ,2026-01-21,1001.0,1695.0,1580.0,1799.08,Rs./Quintal,Metric Tonnes
Madhya Pradesh,Hoshangabad,Banapura APMC,Maize,Yellow,Non-FAQ,2026-01-21,1475.0,1640.0,1500.0,76.49,Rs./Quintal,Metric Tonnes
Madhya Pradesh,Hoshangabad,Banapura APMC,Soyabean,Yellow,FAQ,2026-01-21,4451.0,5188.0,5100.0,9.605,Rs./Quintal,Metric Tonnes
Madhya Pradesh,Hoshangabad,Banapura APMC,Wheat,Local,FAQ,2026-01-21,2391.0,2518.0,2516.0,300.65000000000003,Rs./Quintal,Metric Tonnes
Madhya Pradesh,Sagar,Banda APMC,Green Peas,Pea,FAQ,2026-01-21,3400.0,3550.0,3550.0,0.30000000000000004,Rs./Quintal,Metric Tonnes
Madhya Pradesh,Sagar,Banda APMC,Maize,Local,FAQ,2026-01-21,1450.0,1640.0,1560.0,322.39000000000004,Rs./Quintal,Metric Tonnes
Madhya Pradesh,Sagar,Banda APMC,Maize,Local,Non-FAQ,2026-01-21,1505.0,1525.0,1515.0,92.05000000000001,Rs./Quintal,Metric Tonnes
Madhya Pradesh,Sagar,Banda APMC,Soyabean,Soyabeen,FAQ,2026-01-21,5000.0,5100.0,5100.0,0.4730000000000001,Rs./Quintal,Metric Tonnes
Madhya Pradesh,Sagar,Banda APMC,Wheat,Wheat,Non-FAQ,2026-01-21,2450.0,2455.0,2455.0,16.25,Rs./Quintal,Metric Tonnes
Madhya Pradesh,Sagar,Banda APMC,Wheat,Wheat,FAQ,2026-01-21,2400.0,2510.0,2510.0,45.77,Rs./Quintal,Metric Tonnes
Madhya Pradesh,Hoshangabad,Bankhedi APMC,Paddy(Common),Kranti,FAQ,2026-01-21,2050.0,2050.0,2050.0,0.36000000000000004,Rs./Quintal,Metric Tonnes
Madhya Pradesh,Hoshangabad,Bankhedi APMC,Paddy(Common),Puspa (MR 301),FAQ,2026-01-21,3450.0,3950.0,3900.0,516.975,Rs./Quintal,Metric Tonnes
Madhya Pradesh,Hoshangabad,Bankhedi APMC,Wheat,Wheat,FAQ,2026-01-21,2401.0,2515.0,2515.0,5.985,Rs./Quintal,Metric Tonnes
Madhya Pradesh,Hoshangabad,Bankhedi APMC,Wheat,Mill Quality,FAQ,2026-01-21,2300.0,2501.0,2501.0,73.05499999999999,Rs./Quintal,Metric Tonnes
Madhya Pradesh,Shivpuri,Barad APMC,Groundnut,Big (With Shell),FAQ,2026-01-21,5100.0,6705.0,6695.0,21.389,Rs./Quintal,Metric Tonnes
Madhya Pradesh,Shivpuri,Barad APMC,Mustard,Mustard,FAQ,2026-01-21,5301.0,6955.0,6925.0,54.333000000000006,Rs./Quintal,Metric Tonnes
Madhya Pradesh,Shivpuri,Barad APMC,Soyabean,Soyabeen,FAQ,2026-01-21,4411.0,5325.0,5325.0,96.156,Rs./Quintal,Metric Tonnes
Madhya Pradesh,Shivpuri,Barad APMC,Wheat,Mill Quality,FAQ,2026-01-21,2500.0,2500.0,2500.0,0.2,Rs./Quintal,Metric Tonnes
Madhya Pradesh,Raisen,Bareli APMC,Bengal Gram(Gram)(Whole),Gram,FAQ,2026-01-21,4576.0,5520.0,5450.0,5.620000000000001,Rs./Quintal,Metric Tonnes
Madhya Pradesh,Raisen,Bareli APMC,Paddy(Common),Puspa (MR 301),FAQ,2026-01-21,3800.0,4005.0,3910.0,280.146,Rs./Quintal,Metric Tonnes
Madhya Pradesh,Raisen,Bareli APMC,Paddy(Common),Dhan,FAQ,2026-01-21,3550.0,3911.0,3600.0,645.54,Rs./Quintal,Metric Tonnes
Madhya Pradesh,Raisen,Bareli APMC,Paddy(Common),Paddy,Non-FAQ,2026-01-21,3211.0,3211.0,3211.0,30.0,Rs./Quintal,Metric Tonnes
Madhya Pradesh,Raisen,Bareli APMC,Paddy(Common),Basmati,FAQ,2026-01-21,3700.0,3935.0,3851.0,723.48,Rs./Quintal,Metric Tonnes
Madhya Pradesh,Raisen,Bareli APMC,Paddy(Common),Paddy,FAQ,2026-01-21,1500.0,3975.0,3850.0,1702.4060000000002,Rs./Quintal,Metric Tonnes
Madhya Pradesh,Raisen,Bareli APMC,Red gram/Arhar/Tur(whole),Arhar Dal(Tur),FAQ,2026-01-21,6500.0,7200.0,7200.0,1.7800000000000002,Rs./Quintal,Metric Tonnes
Madhya Pradesh,Raisen,Bareli APMC,Wheat,Mill Quality,FAQ,2026-01-21,2300.0,2475.0,2441.0,21.555000000000003,Rs./Quintal,Metric Tonnes
Madhya Pradesh,Seoni,Barghat APMC,Paddy(Common),Common,FAQ,2026-01-21,2370.0,2370.0,2370.0,5.0,Rs./Quintal,Metric Tonnes
Madhya Pradesh,Khargone,Bedia APMC,Chili Red,Red,FAQ,2026-01-21,8500.0,18164.0,15800.0,41.54900000000001,Rs./Quintal,Metric Tonnes
Madhya Pradesh,Raisen,Begamganj APMC,Bengal Gram(Gram)(Whole),Gram,Non-FAQ,2026-01-21,4100.0,5445.0,5005.0,39.019000000000005,Rs./Quintal,Metric Tonnes
Madhya Pradesh,Raisen,Begamganj APMC,Lentil(Masur)(Whole),Masur Dal,Non-FAQ,2026-01-21,5000.0,5960.0,5950.0,7.594,Rs./Quintal,Metric Tonnes
Madhya Pradesh,Raisen,Begamganj APMC,Maize,Local,Non-FAQ,2026-01-21,1400.0,1655.0,1625.0,664.6260000000001,Rs./Quintal,Metric Tonnes
Madhya Pradesh,Raisen,Begamganj APMC,Maize,Local,FAQ,2026-01-21,1530.0,1650.0,1650.0,10.614,Rs./Quintal,Metric Tonnes
Madhya Pradesh,Raisen,Begamganj APMC,Mustard,Mustard,Non-FAQ,2026-01-21,6000.0,6000.0,6000.0,0.1,Rs./Quintal,Metric Tonnes
Madhya Pradesh,Raisen,Begamganj APMC,Paddy(Common),Puspa (MR 301),Non-FAQ,2026-01-21,3500.0,3510.0,3510.0,0.551,Rs./Quintal,Metric Tonnes
Madhya Pradesh,Raisen,Begamganj APMC,Paddy(Common),Dhan,Non-FAQ,2026-01-21,1500.0,3805.0,2000.0,3.351,Rs./Quintal,Metric Tonnes
Madhya Pradesh,Raisen,Begamganj APMC,Paddy(Common),Puspa (MR 301),FAQ,2026-01-21,3870.0,3870.0,3870.0,4.8180000000000005,Rs./Quintal,Metric Tonnes
Madhya Pradesh,Raisen,Begamganj APMC,Red gram/Arhar/Tur(whole),Arhar Dal(Tur),Non-FAQ,2026-01-21,5900.0,5900.0,5900.0,0.09300000000000001,Rs./Quintal,Metric Tonnes
Madhya Pradesh,Raisen,Begamganj APMC,Soyabean,Soyabeen,Non-FAQ,2026-01-21,4350.0,5305.0,5305.0,7.715000000000001,Rs./Quintal,Metric Tonnes
Madhya Pradesh,Raisen,Begamganj APMC,Wheat,Wheat,FAQ,2026-01-21,2510.0,2510.0,2510.0,7.525,Rs./Quintal,Metric Tonnes
Madhya Pradesh,Raisen,Begamganj APMC,Wheat,Wheat,Non-FAQ,2026-01-21,2400.0,2625.0,2500.0,325.539,Rs./Quintal,Metric Tonnes
Madhya Pradesh,Shehdol,Beohari APMC,Bengal Gram(Gram)(Whole),Gram,Non-FAQ,2026-01-21,4500.0,4500.0,4500.0,1.5,Rs./Quintal,Metric Tonnes
Madhya Pradesh,Shehdol,Beohari APMC,Kodo Millet(Varagu),Kondo,FAQ,2026-01-21,2400.0,2400.0,2400.0,19.0,Rs./Quintal,Metric Tonnes
Madhya Pradesh,Shehdol,Beohari APMC,Mahua,Mahua Flower,FAQ,2026-01-21,4050.0,4100.0,4100.0,5.960000000000001,Rs./Quintal,Metric Tonnes
Madhya Pradesh,Shehdol,Beohari APMC,Wheat,Mill Quality,FAQ,2026-01-21,2500.0,2510.0,2505.0,54.900000000000006,Rs./Quintal,Metric Tonnes
Madhya Pradesh,Bhopal,Berasia APMC,Bengal Gram(Gram)(Whole),Gram,FAQ,2026-01-21,4600.0,5300.0,5300.0,10.298000000000002,Rs./Quintal,Metric Tonnes
Madhya Pradesh,Bhopal,Berasia APMC,Paddy(Common),Dhan,FAQ,2026-01-21,2200.0,2800.0,2800.0,3.4490000000000003,Rs./Quintal,Metric Tonnes
Madhya Pradesh,Bhopal,Berasia APMC,Paddy(Common),Paddy,FAQ,2026-01-21,2900.0,2900.0,2900.0,5.0,Rs./Quintal,Metric Tonnes
Madhya Pradesh,Bhopal,Berasia APMC,Paddy(Common),Basmati,FAQ,2026-01-21,2120.0,3875.0,3810.0,211.72199999999998,Rs./Quintal,Metric Tonnes
Madhya Pradesh,Bhopal,Berasia APMC,Soyabean,Yellow,FAQ,2026-01-21,3735.0,5850.0,5255.0,135.829,Rs./Quintal,Metric Tonnes
Madhya Pradesh,Bhopal,Berasia APMC,Soyabean,Soyabeen,FAQ,2026-01-21,3455.0,6020.0,5225.0,39.6,Rs./Quintal,Metric Tonnes
Madhya Pradesh,Bhopal,Berasia APMC,Wheat,Mill Quality,FAQ,2026-01-21,2200.0,2580.0,2400.0,47.752,Rs./Quintal,Metric Tonnes
Madhya Pradesh,Bhopal,Berasia APMC,Wheat,Wheat,FAQ,2026-01-21,2300.0,2818.0,2400.0,130.668,Rs./Quintal,Metric Tonnes
Madhya Pradesh,Betul,Betul APMC,Bengal Gram(Gram)(Whole),Gram,FAQ,2026-01-21,4002.0,5051.0,5051.0,3.1300000000000003,Rs./Quintal,Metric Tonnes
Madhya Pradesh,Betul,Betul APMC,Gur(Jaggery),Jaggery,FAQ,2026-01-21,2980.0,3200.0,3200.0,161.57000000000002,Rs./Quintal,Metric Tonnes
Madhya Pradesh,Betul,Betul APMC,Maize,Deshi Red,FAQ,2026-01-21,1390.0,1718.0,1600.0,1888.23,Rs./Quintal,Metric Tonnes
Madhya Pradesh,Betul,Betul APMC,Maize,Yellow,FAQ,2026-01-21,1530.0,1640.0,1639.0,1099.8,Rs./Quintal,Metric Tonnes
Madhya Pradesh,Betul,Betul APMC,Maize,Yellow,Non-FAQ,2026-01-21,14.0,1370.0,1370.0,173.5,Rs./Quintal,Metric Tonnes
Madhya Pradesh,Betul,Betul APMC,Soyabean,Soyabeen,FAQ,2026-01-21,4200.0,5324.0,5240.0,36.205000000000005,Rs./Quintal,Metric Tonnes
Madhya Pradesh,Betul,Betul APMC,Wheat,Mill Quality,FAQ,2026-01-21,2320.0,2651.0,2585.0,476.091,Rs./Quintal,Metric Tonnes
Madhya Pradesh,Datia,Bhander APMC,Groundnut,Big (With Shell),FAQ,2026-01-21,6385.0,6465.0,6465.0,4.0,Rs./Quintal,Metric Tonnes
Madhya Pradesh,Datia,Bhander APMC,Paddy(Common),Dhan,FAQ,2026-01-21,3450.0,3750.0,3665.0,39.85,Rs./Quintal,Metric Tonnes
Madhya Pradesh,Datia,Bhander APMC,Paddy(Common),Paddy,FAQ,2026-01-21,3095.0,3750.0,3700.0,51.95,Rs./Quintal,Metric Tonnes
Madhya Pradesh,Datia,Bhander APMC,Wheat,Mill Quality,FAQ,2026-01-21,2350.0,2587.0,2530.0,273.26500000000004,Rs./Quintal,Metric Tonnes
Madhya Pradesh,Betul,Bhensdehi APMC,Maize,Local,FAQ,2026-01-21,1531.0,1577.0,1577.0,15.505000000000003,Rs./Quintal,Metric Tonnes
Madhya Pradesh,Betul,Bhensdehi APMC,Maize,Local,Non-FAQ,2026-01-21,1371.0,1636.0,1600.0,86.60900000000001,Rs./Quintal,Metric Tonnes
Madhya Pradesh,Khargone,Bhikangaon APMC,Bengal Gram(Gram)(Whole),Gram,FAQ,2026-01-21,5040.0,5100.0,5100.0,2.533,Rs./Quintal,Metric Tonnes
Madhya Pradesh,Khargone,Bhikangaon APMC,Chili Red,Red,FAQ,2026-01-21,13675.0,13675.0,13675.0,12.3,Rs./Quintal,Metric Tonnes
Madhya Pradesh,Khargone,Bhikangaon APMC,Cotton,Without Ginned Cotton,FAQ,2026-01-21,5601.0,7970.0,7800.0,88.42500000000001,Rs./Quintal,Metric Tonnes
Madhya Pradesh,Khargone,Bhikangaon APMC,Maize,Local,FAQ,2026-01-21,1386.0,1931.0,1565.0,218.65200000000002,Rs./Quintal,Metric Tonnes
Madhya Pradesh,Khargone,Bhikangaon APMC,Maize,Local,Non-FAQ,2026-01-21,1525.0,1560.0,1560.0,22.51,Rs./Quintal,Metric Tonnes
Madhya Pradesh,Khargone,Bhikangaon APMC,Red gram/Arhar/Tur(whole),Arhar Dal(Tur),FAQ,2026-01-21,4100.0,7000.0,6440.0,36.702,Rs./Quintal,Metric Tonnes
Madhya Pradesh,Khargone,Bhikangaon APMC,Soyabean,Soyabeen,FAQ,2026-01-21,3500.0,5270.0,5050.0,28.989,Rs./Quintal,Metric Tonnes
Madhya Pradesh,Khargone,Bhikangaon APMC,Wheat,Mill Quality,FAQ,2026-01-21,2450.0,2475.0,2475.0,11.0,Rs./Quintal,Metric Tonnes
Madhya Pradesh,Khargone,Bhikangaon APMC,Wheat,Wheat,FAQ,2026-01-21,2375.0,2726.0,2400.0,66.265,Rs./Quintal,Metric Tonnes
Madhya Pradesh,Bhind,Bhind APMC,Bajra(Pearl Millet/Cumbu),Millet,Non-FAQ,2026-01-21,1850.0,2325.0,1900.0,73.60000000000001,Rs./Quintal,Metric Tonnes
Madhya Pradesh,Bhind,Bhind APMC,Mustard,Other,FAQ,2026-01-21,6685.0,6685.0,6685.0,2.3000000000000003,Rs./Quintal,Metric Tonnes
Madhya Pradesh,Bhind,Bhind APMC,Mustard,Mustard,FAQ,2026-01-21,6265.0,6685.0,6685.0,34.285000000000004,Rs./Quintal,Metric Tonnes
Madhya Pradesh,Bhind,Bhind APMC,Wheat,Wheat,FAQ,2026-01-21,2505.0,2522.0,2522.0,30.6,Rs./Quintal,Metric Tonnes
Madhya Pradesh,Bhind,Bhind APMC,Wheat,Wheat,Non-FAQ,2026-01-21,2350.0,2563.0,2525.0,40.1,Rs./Quintal,Metric Tonnes
Madhya Pradesh,Bhind,Bhind APMC,Wheat,Mill Quality,FAQ,2026-01-21,2550.0,2550.0,2550.0,6.5,Rs./Quintal,Metric Tonnes
Madhya Pradesh,Gwalior,Bhitarwar APMC,Paddy(Common),Dhan,Non-FAQ,2026-01-21,2750.0,3555.0,3555.0,11.375,Rs./Quintal,Metric Tonnes
Madhya Pradesh,Gwalior,Bhitarwar APMC,Paddy(Common),1121,Non-FAQ,2026-01-21,3600.0,3600.0,3600.0,5.4,Rs./Quintal,Metric Tonnes
Madhya Pradesh,Gwalior,Bhitarwar APMC,Wheat,Mill Quality,Non-FAQ,2026-01-21,2315.0,2320.0,2320.0,14.3,Rs./Quintal,Metric Tonnes
Madhya Pradesh,Gwalior,Bhitarwar APMC,Wheat,Mill Quality,FAQ,2026-01-21,2560.0,2565.0,2565.0,14.75,Rs./Quintal,Metric Tonnes
Madhya Pradesh,Bhopal,Bhopal APMC,Bengal Gram(Gram)(Whole),Gram,FAQ,2026-01-21,5055.0,5305.0,5175.0,2.495,Rs./Quintal,Metric Tonnes
Madhya Pradesh,Bhopal,Bhopal APMC,Garlic,Desi,FAQ,2026-01-21,8500.0,9200.0,9200.0,0.639,Rs./Quintal,Metric Tonnes
Madhya Pradesh,Bhopal,Bhopal APMC,Garlic,Garlic,FAQ,2026-01-21,800.0,14450.0,7000.0,47.82900000000001,Rs./Quintal,Metric Tonnes
Madhya Pradesh,Bhopal,Bhopal APMC,Groundnut,Groundnut seed,FAQ,2026-01-21,12849.6,12849.6,12849.6,11.928,Rs./Quintal,Metric Tonnes
Madhya Pradesh,Bhopal,Bhopal APMC,Maize,Local,FAQ,2026-01-21,1275.0,1475.0,1475.0,6.990000000000001,Rs./Quintal,Metric Tonnes
Madhya Pradesh,Bhopal,Bhopal APMC,Mustard,Mustard,FAQ,2026-01-21,7075.0,7075.0,7075.0,0.13999999999999999,Rs./Quintal,Metric Tonnes
Madhya Pradesh,Bhopal,Bhopal APMC,Paddy(Common),Paddy,FAQ,2026-01-21,2300.0,4010.0,3850.0,169.526,Rs./Quintal,Metric Tonnes
Madhya Pradesh,Bhopal,Bhopal APMC,Paddy(Common),Dhan,Non-FAQ,2026-01-21,3725.0,3725.0,3725.0,6.9,Rs./Quintal,Metric Tonnes
Madhya Pradesh,Bhopal,Bhopal APMC,Soyabean,Soyabeen,FAQ,2026-01-21,4600.0,5221.0,5030.0,31.313000000000002,Rs./Quintal,Metric Tonnes
Madhya Pradesh,Bhopal,Bhopal APMC,Wheat,Wheat,FAQ,2026-01-21,2241.0,3435.0,2600.0,94.34,Rs./Quintal,Metric Tonnes
Madhya Pradesh,Rajgarh,Biaora APMC,Bengal Gram(Gram)(Whole),Gram,FAQ,2026-01-21,4600.0,5070.0,5070.0,0.544,Rs./Quintal,Metric Tonnes
Madhya Pradesh,Rajgarh,Biaora APMC,Coriander(Leaves),Coriander,FAQ,2026-01-21,5010.0,10110.0,9500.0,21.443,Rs./Bundle,Bundle
Madhya Pradesh,Rajgarh,Biaora APMC,Maize,Local,FAQ,2026-01-21,1575.0,1775.0,1775.0,4.897,Rs./Quintal,Metric Tonnes
Madhya Pradesh,Rajgarh,Biaora APMC,Maize,Local,Non-FAQ,2026-01-21,1595.0,1595.0,1595.0,1.9640000000000002,Rs./Quintal,Metric Tonnes
Madhya Pradesh,Rajgarh,Biaora APMC,Soyabean,Soyabeen,FAQ,2026-01-21,4160.0,5305.0,5155.0,64.005,Rs./Quintal,Metric Tonnes
Madhya Pradesh,Rajgarh,Biaora APMC,Wheat,Mill Quality,FAQ,2026-01-21,2540.0,2540.0,2540.0,0.869,Rs./Quintal,Metric Tonnes
Madhya Pradesh,Rajgarh,Biaora APMC,Wheat,Wheat,FAQ,2026-01-21,2355.0,2580.0,2545.0,313.225,Rs./Quintal,Metric Tonnes
Madhya Pradesh,Rajgarh,Biaora APMC,Wheat,Wheat,Non-FAQ,2026-01-21,2525.0,2525.0,2525.0,3.043,Rs./Quintal,Metric Tonnes
Madhya Pradesh,Chhatarpur,Bijawar APMC,Soyabean,Black,Non-FAQ,2026-01-21,4200.0,4205.0,4205.0,9.0,Rs./Quintal,Metric Tonnes
Madhya Pradesh,Chhatarpur,Bijawar APMC,Soyabean,Soyabeen,Non-FAQ,2026-01-21,4201.0,4205.0,4205.0,22.5,Rs./Quintal,Metric Tonnes
Madhya Pradesh,Chhatarpur,Bijawar APMC,Wheat,Mill Quality,FAQ,2026-01-21,2436.0,2500.0,2500.0,102.305,Rs./Quintal,Metric Tonnes
Madhya Pradesh,Chhatarpur,Bijawar APMC,Wheat,Mill Quality,Non-FAQ,2026-01-21,2451.0,2511.0,2470.0,73.727,Rs./Quintal,Metric Tonnes
Madhya Pradesh,Chhatarpur,Bijawar APMC,Wheat,Wheat,Non-FAQ,2026-01-21,2500.0,2500.0,2500.0,6.1000000000000005,Rs./Quintal,Metric Tonnes
Madhya Pradesh,Sagar,Bina APMC,Bengal Gram(Gram)(Whole),Gram,FAQ,2026-01-21,4000.0,5655.0,5421.0,56.46000000000001,Rs./Quintal,Metric Tonnes
Madhya Pradesh,Sagar,Bina APMC,Green Peas,Pea,FAQ,2026-01-21,3085.0,4315.0,4315.0,3.6200000000000006,Rs./Quintal,Metric Tonnes
Madhya Pradesh,Sagar,Bina APMC,Lak(Teora),Tiwada,FAQ,2026-01-21,3000.0,3752.0,3752.0,42.935,Rs./Quintal,Metric Tonnes
Madhya Pradesh,Sagar,Bina APMC,Lentil(Masur)(Whole),Masur Dal,FAQ,2026-01-21,5000.0,6601.0,6601.0,20.415000000000003,Rs./Quintal,Metric Tonnes
Madhya Pradesh,Sagar,Bina APMC,Maize,Local,FAQ,2026-01-21,1361.0,1525.0,1525.0,13.280000000000001,Rs./Quintal,Metric Tonnes
Madhya Pradesh,Sagar,Bina APMC,Mustard,Mustard,FAQ,2026-01-21,5870.0,7400.0,7400.0,2.8200000000000003,Rs./Quintal,Metric Tonnes
Madhya Pradesh,Sagar,Bina APMC,Soyabean,Soyabeen,FAQ,2026-01-21,3340.0,5250.0,5090.0,51.52000000000001,Rs./Quintal,Metric Tonnes
Madhya Pradesh,Sagar,Bina APMC,Wheat,Wheat,FAQ,2026-01-21,2300.0,3301.0,2450.0,209.23000000000002,Rs./Quintal,Metric Tonnes
Madhya Pradesh,Sagar,Bina APMC,buttery,Buttery,FAQ,2026-01-21,2851.0,4630.0,4630.0,19.535,Rs./Quintal,Metric Tonnes
Madhya Pradesh,Guna,Binaganj APMC,Bengal Gram(Gram)(Whole),Gram,FAQ,2026-01-21,5165.0,5165.0,5165.0,0.506,Rs./Quintal,Metric Tonnes
Madhya Pradesh,Guna,Binaganj APMC,Coriander(Leaves),Coriander,FAQ,2026-01-21,6000.0,10200.0,10200.0,6.797000000000001,Rs./Bundle,Bundle
Madhya Pradesh,Guna,Binaganj APMC,Maize,Local,Non-FAQ,2026-01-21,1550.0,1640.0,1640.0,14.545,Rs./Quintal,Metric Tonnes
Madhya Pradesh,Guna,Binaganj APMC,Maize,Local,FAQ,2026-01-21,1200.0,1710.0,1630.0,116.926,Rs./Quintal,Metric Tonnes
Madhya Pradesh,Guna,Binaganj APMC,Soyabean,Soyabeen,FAQ,2026-01-21,4650.0,5150.0,4900.0,6.11,Rs./Quintal,Metric Tonnes
Madhya Pradesh,Guna,Binaganj APMC,Wheat,Wheat,FAQ,2026-01-21,2400.0,2605.0,2585.0,40.193000000000005,Rs./Quintal,Metric Tonnes
Madhya Pradesh,Shehdol,Budhar APMC,Paddy(Common),Paddy,Non-FAQ,2026-01-21,2400.0,2400.0,2400.0,13.0,Rs./Quintal,Metric Tonnes
Madhya Pradesh,Shehdol,Budhar APMC,Wheat,Mill Quality,Non-FAQ,2026-01-21,2400.0,2610.0,2610.0,15.0,Rs./Quintal,Metric Tonnes
Madhya Pradesh,Burhanpur,Burhanpur APMC,Bengal Gram(Gram)(Whole),Gram,FAQ,2026-01-21,4900.0,4900.0,4900.0,3.99,Rs./Quintal,Metric Tonnes
Madhya Pradesh,Burhanpur,Burhanpur APMC,Cotton,Medium Fiber,FAQ,2026-01-21,7300.0,7300.0,7300.0,2.722,Rs./Quintal,Metric Tonnes
Madhya Pradesh,Burhanpur,Burhanpur APMC,Maize,Maize/Corn-Organic,FAQ,2026-01-21,1475.0,1500.0,1500.0,15.225000000000001,Rs./Quintal,Metric Tonnes
Madhya Pradesh,Burhanpur,Burhanpur APMC,Maize,Local,Non-FAQ,2026-01-21,1500.0,1674.0,1598.0,50.028,Rs./Quintal,Metric Tonnes
Madhya Pradesh,Burhanpur,Burhanpur APMC,Maize,Local,FAQ,2026-01-21,1200.0,1652.0,1600.0,95.62200000000001,Rs./Quintal,Metric Tonnes
Madhya Pradesh,Burhanpur,Burhanpur APMC,Red gram/Arhar/Tur(whole),Arhar Dal(Tur),Non-FAQ,2026-01-21,6500.0,7650.0,7000.0,74.856,Rs./Quintal,Metric Tonnes
Madhya Pradesh,Burhanpur,Burhanpur APMC,Red gram/Arhar/Tur(whole),Arhar Dal(Tur),FAQ,2026-01-21,6671.0,7637.0,7311.0,25.8,Rs./Quintal,Metric Tonnes
Madhya Pradesh,Burhanpur,Burhanpur APMC,Soyabean,Soyabeen,FAQ,2026-01-21,4251.0,5200.0,5200.0,5.727,Rs./Quintal,Metric Tonnes
Madhya Pradesh,Burhanpur,Burhanpur APMC,Soyabean,Soyabeen,Non-FAQ,2026-01-21,5175.0,5253.0,5253.0,5.4990000000000006,Rs./Quintal,Metric Tonnes
Madhya Pradesh,Burhanpur,Burhanpur APMC,Wheat,Wheat,Non-FAQ,2026-01-21,2350.0,2350.0,2350.0,0.843,Rs./Quintal,Metric Tonnes
Madhya Pradesh,Burhanpur,Burhanpur APMC,Wheat,Wheat,FAQ,2026-01-21,2150.0,2205.0,2205.0,21.060000000000002,Rs./Quintal,Metric Tonnes
Madhya Pradesh,Rewa,Chaakghat APMC,Mustard,Mustard,FAQ,2026-01-21,6000.0,6000.0,6000.0,2.6,Rs./Quintal,Metric Tonnes
Madhya Pradesh,Rewa,Chaakghat APMC,Wheat,Mill Quality,FAQ,2026-01-21,2430.0,2525.0,2520.0,60.773,Rs./Quintal,Metric Tonnes
Madhya Pradesh,Ashoknagar,Chanderi APMC,Maize,Local,Non-FAQ,2026-01-21,1250.0,1608.0,1571.0,326.92900000000003,Rs./Quintal,Metric Tonnes
Madhya Pradesh,Ashoknagar,Chanderi APMC,Mustard,Mustard,Non-FAQ,2026-01-21,4500.0,5305.0,5305.0,0.9900000000000001,Rs./Quintal,Metric Tonnes
Madhya Pradesh,Ashoknagar,Chanderi APMC,Wheat,Mill Quality,FAQ,2026-01-21,2300.0,2300.0,2300.0,16.0,Rs./Quintal,Metric Tonnes
Madhya Pradesh,Ashoknagar,Chanderi APMC,Wheat,Wheat,Non-FAQ,2026-01-21,2489.0,2489.0,2489.0,3.583,Rs./Quintal,Metric Tonnes
Madhya Pradesh,Chhindwara,Chaurai APMC,Maize,Local,Non-FAQ,2026-01-21,1565.0,1701.0,1609.0,119.5,Rs./Quintal,Metric Tonnes
Madhya Pradesh,Chhindwara,Chaurai APMC,Maize,Yellow,FAQ,2026-01-21,1450.0,1767.0,1600.0,2883.1450000000004,Rs./Quintal,Metric Tonnes
Madhya Pradesh,Chhindwara,Chaurai APMC,Maize,Yellow,Non-FAQ,2026-01-21,1615.0,1650.0,1650.0,300.5,Rs./Quintal,Metric Tonnes
Madhya Pradesh,Chhindwara,Chaurai APMC,Maize,Local,FAQ,2026-01-21,1550.0,1670.0,1600.0,436.8,Rs./Quintal,Metric Tonnes
Madhya Pradesh,Chhindwara,Chaurai APMC,Red gram/Arhar/Tur(whole),Arhar Dal(Tur),FAQ,2026-01-21,6000.0,6000.0,6000.0,0.1,Rs./Quintal,Metric Tonnes
Madhya Pradesh,Chhindwara,Chaurai APMC,Wheat,Mill Quality,FAQ,2026-01-21,2400.0,2400.0,2400.0,0.5,Rs./Quintal,Metric Tonnes
Madhya Pradesh,Chhindwara,Chaurai APMC,Wheat,Wheat,FAQ,2026-01-21,2500.0,2500.0,2500.0,4.0,Rs./Quintal,Metric Tonnes
Madhya Pradesh,Rajgarh,Chhapiheda APMC,Wheat,Wheat,FAQ,2026-01-21,2500.0,2650.0,2650.0,29.299000000000003,Rs./Quintal,Metric Tonnes
Madhya Pradesh,Chhatarpur,Chhatarpur APMC,Barley(Jau),Barley,Non-FAQ,2026-01-21,2280.0,2301.0,2301.0,31.75,Rs./Quintal,Metric Tonnes
Madhya Pradesh,Chhatarpur,Chhatarpur APMC,Groundnut,Big (With Shell),FAQ,2026-01-21,6400.0,6650.0,6650.0,48.2,Rs./Quintal,Metric Tonnes
Madhya Pradesh,Chhatarpur,Chhatarpur APMC,Groundnut,Big (With Shell),Non-FAQ,2026-01-21,4600.0,5500.0,4600.0,25.900000000000002,Rs./Quintal,Metric Tonnes
Madhya Pradesh,Chhatarpur,Chhatarpur APMC,Maize,Local,Non-FAQ,2026-01-21,1615.0,1615.0,1615.0,3.5,Rs./Quintal,Metric Tonnes
Madhya Pradesh,Chhatarpur,Chhatarpur APMC,Mustard,Mustard,Non-FAQ,2026-01-21,6100.0,6100.0,6100.0,1.5,Rs./Quintal,Metric Tonnes
Madhya Pradesh,Chhatarpur,Chhatarpur APMC,Soyabean,Soyabeen,Non-FAQ,2026-01-21,4995.0,5150.0,5100.0,83.02000000000001,Rs./Quintal,Metric Tonnes
Madhya Pradesh,Chhatarpur,Chhatarpur APMC,Wheat,Mill Quality,FAQ,2026-01-21,2395.0,2475.0,2401.0,56.34,Rs./Quintal,Metric Tonnes
Madhya Pradesh,Chhatarpur,Chhatarpur APMC,Wheat,Mill Quality,Non-FAQ,2026-01-21,2400.0,2501.0,2500.0,135.31,Rs./Quintal,Metric Tonnes
Madhya Pradesh,Chhatarpur,Chhatarpur APMC,Wheat,Local,FAQ,2026-01-21,2500.0,2500.0,2500.0,7.9,Rs./Quintal,Metric Tonnes
Madhya Pradesh,Chhatarpur,Chhatarpur APMC,Wheat,Wheat,FAQ,2026-01-21,2501.0,2550.0,2540.0,114.11500000000001,Rs./Quintal,Metric Tonnes
Madhya Pradesh,Chhindwara,Chhindwara APMC,Bengal Gram(Gram)(Whole),Gram,FAQ,2026-01-21,5095.0,5095.0,5095.0,0.1,Rs./Quintal,Metric Tonnes
Madhya Pradesh,Chhindwara,Chhindwara APMC,Maize,Yellow,FAQ,2026-01-21,1550.0,1555.0,1555.0,21.0,Rs./Quintal,Metric Tonnes
Madhya Pradesh,Chhindwara,Chhindwara APMC,Maize,Yellow,Non-FAQ,2026-01-21,1338.0,1826.0,1637.0,3719.9,Rs./Quintal,Metric Tonnes
Madhya Pradesh,Chhindwara,Chhindwara APMC,Maize,Local,FAQ,2026-01-21,1450.0,1841.0,1720.0,3057.429,Rs./Quintal,Metric Tonnes
Madhya Pradesh,Chhindwara,Chhindwara APMC,Maize,Maize/Corn-Organic,FAQ,2026-01-21,1620.0,1640.0,1640.0,32.5,Rs./Quintal,Metric Tonnes
Madhya Pradesh,Chhindwara,Chhindwara APMC,Soyabean,Soyabeen,FAQ,2026-01-21,4200.0,5076.0,5076.0,1.77,Rs./Quintal,Metric Tonnes
Madhya Pradesh,Chhindwara,Chhindwara APMC,Wheat,Wheat,FAQ,2026-01-21,2480.0,2715.0,2681.0,53.905,Rs./Quintal,Metric Tonnes
Madhya Pradesh,Chhindwara,Chhindwara APMC,Wheat,Mill Quality,FAQ,2026-01-21,2461.0,2741.0,2581.0,122.75,Rs./Quintal,Metric Tonnes
Madhya Pradesh,Seoni,Chhpara APMC,Maize,Yellow,Non-FAQ,2026-01-21,1625.0,1700.0,1650.0,141.984,Rs./Quintal,Metric Tonnes
Madhya Pradesh,Seoni,Chhpara APMC,Maize,Local,Non-FAQ,2026-01-21,1625.0,1725.0,1650.0,276.656,Rs./Quintal,Metric Tonnes
Madhya Pradesh,Seoni,Chhpara APMC,Maize,Local,FAQ,2026-01-21,1550.0,1790.0,1560.0,386.514,Rs./Quintal,Metric Tonnes
Madhya Pradesh,Seoni,Chhpara APMC,Maize,Yellow,FAQ,2026-01-21,1500.0,1690.0,1600.0,262.2,Rs./Quintal,Metric Tonnes
Madhya Pradesh,Gwalior,Dabra APMC,Paddy(Common),Paddy,FAQ,2026-01-21,3100.0,3600.0,3250.0,169.91500000000002,Rs./Quintal,Metric Tonnes
Madhya Pradesh,Gwalior,Dabra APMC,Paddy(Common),Basmati 1509,FAQ,2026-01-21,2600.0,3600.0,3600.0,118.93,Rs./Quintal,Metric Tonnes
Madhya Pradesh,Gwalior,Dabra APMC,Paddy(Common),1121,FAQ,2026-01-21,3350.0,3800.0,3800.0,137.435,Rs./Quintal,Metric Tonnes
Madhya Pradesh,Gwalior,Dabra APMC,Wheat,Wheat,FAQ,2026-01-21,2500.0,2625.0,2625.0,46.0,Rs./Quintal,Metric Tonnes
Madhya Pradesh,Mandsaur,Daloda APMC,Bengal Gram(Gram)(Whole),Gram,FAQ,2026-01-21,4438.0,5202.0,5150.0,1.8960000000000001,Rs./Quintal,Metric Tonnes
Madhya Pradesh,Mandsaur,Daloda APMC,Black Gram(Urd Beans)(Whole),Urda/Urd,FAQ,2026-01-21,4000.0,5100.0,5100.0,0.8160000000000001,Rs./Quintal,Metric Tonnes
Madhya Pradesh,Mandsaur,Daloda APMC,Garlic,Garlic,FAQ,2026-01-21,1551.0,16000.0,7000.0,253.16,Rs./Quintal,Metric Tonnes
Madhya Pradesh,Mandsaur,Daloda APMC,Lentil(Masur)(Whole),Masur Dal,FAQ,2026-01-21,5291.0,5820.0,5820.0,0.323,Rs./Quintal,Metric Tonnes
Madhya Pradesh,Mandsaur,Daloda APMC,Linseed,Flaxseed,FAQ,2026-01-21,6101.0,7600.0,7600.0,3.17,Rs./Quintal,Metric Tonnes
Madhya Pradesh,Mandsaur,Daloda APMC,Maize,Local,FAQ,2026-01-21,1561.0,1670.0,1670.0,4.726,Rs./Quintal,Metric Tonnes
Madhya Pradesh,Mandsaur,Daloda APMC,Methi Seeds,Methiseeds,FAQ,2026-01-21,4001.0,5801.0,5801.0,1.3890000000000002,Rs./Quintal,Metric Tonnes
Madhya Pradesh,Mandsaur,Daloda APMC,Mustard,Mustard,FAQ,2026-01-21,4622.0,6181.0,6181.0,4.357,Rs./Quintal,Metric Tonnes
Madhya Pradesh,Mandsaur,Daloda APMC,Soyabean,Soyabeen,FAQ,2026-01-21,5053.0,5403.0,5300.0,22.616,Rs./Quintal,Metric Tonnes
Madhya Pradesh,Mandsaur,Daloda APMC,Wheat,Wheat,FAQ,2026-01-21,1300.0,2840.0,2700.0,74.86900000000001,Rs./Quintal,Metric Tonnes
Madhya Pradesh,Damoh,Damoh APMC,Bengal Gram(Gram)(Whole),Gram,FAQ,2026-01-21,2410.0,5900.0,5485.0,204.80900000000003,Rs./Quintal,Metric Tonnes
Madhya Pradesh,Damoh,Damoh APMC,Black Gram(Urd Beans)(Whole),Urda/Urd,FAQ,2026-01-21,1000.0,7440.0,5500.0,57.931,Rs./Quintal,Metric Tonnes
Madhya Pradesh,Damoh,Damoh APMC,Green Gram(Moong)(Whole),Green (Whole),FAQ,2026-01-21,4090.0,6490.0,6490.0,2.125,Rs./Quintal,Metric Tonnes
Madhya Pradesh,Damoh,Damoh APMC,Green Peas,Pea,FAQ,2026-01-21,2225.0,4115.0,4060.0,34.988,Rs./Quintal,Metric Tonnes
Madhya Pradesh,Damoh,Damoh APMC,Lentil(Masur)(Whole),Masur Dal,FAQ,2026-01-21,5410.0,7300.0,6160.0,12.035,Rs./Quintal,Metric Tonnes
Madhya Pradesh,Damoh,Damoh APMC,Linseed,Flaxseed,FAQ,2026-01-21,7855.0,7855.0,7855.0,0.041,Rs./Quintal,Metric Tonnes
Madhya Pradesh,Damoh,Damoh APMC,Maize,Local,FAQ,2026-01-21,1100.0,1640.0,1595.0,531.3290000000001,Rs./Quintal,Metric Tonnes
Madhya Pradesh,Damoh,Damoh APMC,Maize,Local,Non-FAQ,2026-01-21,1500.0,1660.0,1650.0,67.615,Rs./Quintal,Metric Tonnes
Madhya Pradesh,Damoh,Damoh APMC,Mustard,Mustard,FAQ,2026-01-21,5690.0,7210.0,7210.0,8.049,Rs./Quintal,Metric Tonnes
Madhya Pradesh,Damoh,Damoh APMC,Red gram/Arhar/Tur(whole),Arhar Dal(Tur),FAQ,2026-01-21,3450.0,7140.0,6000.0,31.708,Rs./Quintal,Metric Tonnes
Madhya Pradesh,Damoh,Damoh APMC,Soyabean,Soyabeen,FAQ,2026-01-21,4100.0,5300.0,5160.0,41.062000000000005,Rs./Quintal,Metric Tonnes
Madhya Pradesh,Damoh,Damoh APMC,Soyabean,Soyabeen,Non-FAQ,2026-01-21,4500.0,4620.0,4620.0,13.17,Rs./Quintal,Metric Tonnes
Madhya Pradesh,Damoh,Damoh APMC,Wheat,Wheat,Non-FAQ,2026-01-21,2450.0,2550.0,2500.0,65.5,Rs./Quintal,Metric Tonnes
Madhya Pradesh,Damoh,Damoh APMC,buttery,Buttery,FAQ,2026-01-21,3535.0,5000.0,3740.0,103.427,Rs./Quintal,Metric Tonnes
Madhya Pradesh,Datia,Datia APMC,Groundnut,Big (With Shell),FAQ,2026-01-21,6135.0,6600.0,6135.0,27.84,Rs./Quintal,Metric Tonnes
Madhya Pradesh,Datia,Datia APMC,Paddy(Common),Dhan,FAQ,2026-01-21,2005.0,3795.0,3680.0,124.105,Rs./Quintal,Metric Tonnes
Madhya Pradesh,Datia,Datia APMC,Wheat,Wheat,Non-FAQ,2026-01-21,2512.0,2513.0,2513.0,10.0,Rs./Quintal,Metric Tonnes
Madhya Pradesh,Datia,Datia APMC,Wheat,Mill Quality,Non-FAQ,2026-01-21,2570.0,2580.0,2580.0,7.300000000000001,Rs./Quintal,Metric Tonnes
Madhya Pradesh,Datia,Datia APMC,Wheat,Lokwan,FAQ,2026-01-21,2504.0,2504.0,2504.0,2.6,Rs./Quintal,Metric Tonnes
Madhya Pradesh,Datia,Datia APMC,Wheat,Mill Quality,FAQ,2026-01-21,2355.0,2575.0,2520.0,396.908,Rs./Quintal,Metric Tonnes
Madhya Pradesh,Sagar,Deori APMC,Bengal Gram(Gram)(Whole),Gram,FAQ,2026-01-21,5170.0,5300.0,5300.0,9.950000000000001,Rs./Quintal,Metric Tonnes
Madhya Pradesh,Sagar,Deori APMC,Bengal Gram(Gram)(Whole),Gram,Non-FAQ,2026-01-21,5150.0,5200.0,5160.0,68.59,Rs./Quintal,Metric Tonnes
Madhya Pradesh,Sagar,Deori APMC,Maize,Local,FAQ,2026-01-21,1502.0,1645.0,1570.0,298.7,Rs./Quintal,Metric Tonnes
Madhya Pradesh,Sagar,Deori APMC,Maize,Yellow,FAQ,2026-01-21,1600.0,1615.0,1615.0,40.0,Rs./Quintal,Metric Tonnes
Madhya Pradesh,Sagar,Deori APMC,Maize,Local,Non-FAQ,2026-01-21,1575.0,1650.0,1600.0,172.10000000000002,Rs./Quintal,Metric Tonnes
Madhya Pradesh,Sagar,Deori APMC,Onion,Onion,FAQ,2026-01-21,1000.0,1000.0,1000.0,10.0,Rs./Quintal,Metric Tonnes
Madhya Pradesh,Sagar,Deori APMC,Wheat,Mill Quality,Non-FAQ,2026-01-21,2485.0,2515.0,2510.0,36.9,Rs./Quintal,Metric Tonnes
Madhya Pradesh,Sagar,Deori APMC,Wheat,Wheat,FAQ,2026-01-21,2450.0,2485.0,2485.0,68.91000000000001,Rs./Quintal,Metric Tonnes
Madhya Pradesh,Panna,Devandranagar APMC,Wheat,Wheat,Non-FAQ,2026-01-21,2515.0,2525.0,2525.0,8.0,Rs./Quintal,Metric Tonnes
Madhya Pradesh,Panna,Devandranagar APMC,Wheat,Mill Quality,FAQ,2026-01-21,2548.0,2548.0,2548.0,5.863,Rs./Quintal,Metric Tonnes
Madhya Pradesh,Dewas,Dewas APMC,Bengal Gram(Gram)(Whole),Gram,FAQ,2026-01-21,2050.0,5625.0,5625.0,5.516,Rs./Quintal,Metric Tonnes
Madhya Pradesh,Dewas,Dewas APMC,Green Peas,Pea,FAQ,2026-01-21,2300.0,2300.0,2300.0,0.056999999999999995,Rs./Quintal,Metric Tonnes
Madhya Pradesh,Dewas,Dewas APMC,Kabuli Chana(Chickpeas-White),Dollar Gram,FAQ,2026-01-21,3740.0,8410.0,8290.0,46.708,Rs./Quintal,Metric Tonnes
Madhya Pradesh,Dewas,Dewas APMC,Lentil(Masur)(Whole),Masur Dal,FAQ,2026-01-21,3280.0,5700.0,5700.0,0.467,Rs./Quintal,Metric Tonnes
Madhya Pradesh,Dewas,Dewas APMC,Maize,Local,FAQ,2026-01-21,1261.0,1685.0,1600.0,29.54,Rs./Quintal,Metric Tonnes
Madhya Pradesh,Dewas,Dewas APMC,Mustard,Mustard,FAQ,2026-01-21,3850.0,7300.0,5700.0,1.2380000000000002,Rs./Quintal,Metric Tonnes
Madhya Pradesh,Dewas,Dewas APMC,"Sesamum(Sesame,Gingelly,Til)",Sesame,FAQ,2026-01-21,6001.0,6001.0,6001.0,0.095,Rs./Quintal,Metric Tonnes
Madhya Pradesh,Dewas,Dewas APMC,Soyabean,Soyabeen,FAQ,2026-01-21,1000.0,5901.0,5250.0,625.741,Rs./Quintal,Metric Tonnes
Madhya Pradesh,Dewas,Dewas APMC,Soyabean,Soyabeen,Non-FAQ,2026-01-21,1670.0,3750.0,3750.0,1.718,Rs./Quintal,Metric Tonnes
Madhya Pradesh,Dewas,Dewas APMC,Wheat,Wheat,FAQ,2026-01-21,2000.0,2956.0,2450.0,574.418,Rs./Quintal,Metric Tonnes
Madhya Pradesh,Dhar,Dhamnod APMC,Bengal Gram(Gram)(Whole),Gram,FAQ,2026-01-21,4605.0,6905.0,6905.0,3.035,Rs./Quintal,Metric Tonnes
Madhya Pradesh,Dhar,Dhamnod APMC,Bengal Gram(Gram)(Whole),Chana mausami,FAQ,2026-01-21,5105.0,5105.0,5105.0,1.2650000000000001,Rs./Quintal,Metric Tonnes
Madhya Pradesh,Dhar,Dhamnod APMC,Cotton,Without Ginned Cotton,FAQ,2026-01-21,5505.0,7851.0,7595.0,154.044,Rs./Quintal,Metric Tonnes
Madhya Pradesh,Dhar,Dhamnod APMC,Kabuli Chana(Chickpeas-White),Dollar Gram,FAQ,2026-01-21,3505.0,8460.0,8000.0,108.58800000000002,Rs./Quintal,Metric Tonnes
Madhya Pradesh,Dhar,Dhamnod APMC,Maize,Local,FAQ,2026-01-21,1300.0,1735.0,1620.0,242.473,Rs./Quintal,Metric Tonnes
Madhya Pradesh,Dhar,Dhamnod APMC,Maize,Yellow,Non-FAQ,2026-01-21,1405.0,1410.0,1410.0,13.8,Rs./Quintal,Metric Tonnes
Madhya Pradesh,Dhar,Dhamnod APMC,Red gram/Arhar/Tur(whole),Arhar Dal(Tur),FAQ,2026-01-21,5855.0,7255.0,7255.0,1.391,Rs./Quintal,Metric Tonnes
Madhya Pradesh,Dhar,Dhamnod APMC,Soyabean,Soyabeen,FAQ,2026-01-21,4600.0,5700.0,5700.0,19.404,Rs./Quintal,Metric Tonnes
Madhya Pradesh,Dhar,Dhamnod APMC,Wheat,Wheat,FAQ,2026-01-21,2551.0,2800.0,2800.0,51.105000000000004,Rs./Quintal,Metric Tonnes
Madhya Pradesh,Dhar,Dhar APMC,Bengal Gram(Gram)(Whole),Gram,FAQ,2026-01-21,5055.0,5215.0,5215.0,0.7610000000000001,Rs./Quintal,Metric Tonnes
Madhya Pradesh,Dhar,Dhar APMC,Green Peas,Pea,FAQ,2026-01-21,1505.0,3585.0,3585.0,0.8880000000000001,Rs./Quintal,Metric Tonnes
Madhya Pradesh,Dhar,Dhar APMC,Kabuli Chana(Chickpeas-White),Bitkey,FAQ,2026-01-21,4500.0,4975.0,4975.0,0.774,Rs./Quintal,Metric Tonnes
Madhya Pradesh,Dhar,Dhar APMC,Kabuli Chana(Chickpeas-White),Dollar Gram,FAQ,2026-01-21,3005.0,8900.0,8205.0,5.938000000000001,Rs./Quintal,Metric Tonnes
Madhya Pradesh,Dhar,Dhar APMC,Lentil(Masur)(Whole),Masur Dal,FAQ,2026-01-21,4005.0,4005.0,4005.0,0.048,Rs./Quintal,Metric Tonnes
Madhya Pradesh,Dhar,Dhar APMC,Maize,Local,FAQ,2026-01-21,1544.0,1680.0,1625.0,51.309000000000005,Rs./Quintal,Metric Tonnes
Madhya Pradesh,Dhar,Dhar APMC,Soyabean,Soyabeen,Non-FAQ,2026-01-21,1800.0,2728.0,2728.0,0.82,Rs./Quintal,Metric Tonnes
Madhya Pradesh,Dhar,Dhar APMC,Soyabean,Soyabeen,FAQ,2026-01-21,1210.0,5730.0,5400.0,217.74800000000002,Rs./Quintal,Metric Tonnes
Madhya Pradesh,Dhar,Dhar APMC,Wheat,Lokwan,FAQ,2026-01-21,2705.0,2705.0,2705.0,27.0,Rs./Quintal,Metric Tonnes
Madhya Pradesh,Dhar,Dhar APMC,Wheat,Wheat,FAQ,2026-01-21,2304.0,2914.0,2550.0,139.978,Rs./Quintal,Metric Tonnes
Madhya Pradesh,Dindori,Dindori APMC,Kodo Millet(Varagu),Kondo,FAQ,2026-01-21,2200.0,2200.0,2200.0,1.55,Rs./Quintal,Metric Tonnes
Madhya Pradesh,Dindori,Dindori APMC,Kutki,Kutki,FAQ,2026-01-21,4000.0,4000.0,4000.0,1.25,Rs./Quintal,Metric Tonnes
Madhya Pradesh,Dindori,Dindori APMC,Lentil(Masur)(Whole),Local,Non-FAQ,2026-01-21,5000.0,5000.0,5000.0,0.8,Rs./Quintal,Metric Tonnes
Madhya Pradesh,Dindori,Dindori APMC,Maize,Local,Non-FAQ,2026-01-21,1700.0,1700.0,1700.0,6.0,Rs./Quintal,Metric Tonnes
Madhya Pradesh,Dindori,Dindori APMC,Mustard,Sarson(Black),Non-FAQ,2026-01-21,4500.0,4500.0,4500.0,4.0,Rs./Quintal,Metric Tonnes
Madhya Pradesh,Dindori,Dindori APMC,Niger Seed(Ramtil),Ramatilli,Non-FAQ,2026-01-21,8650.0,9600.0,9500.0,7.890000000000001,Rs./Quintal,Metric Tonnes
Madhya Pradesh,Dindori,Dindori APMC,Paddy(Common),Dhan,FAQ,2026-01-21,1850.0,1850.0,1850.0,2.15,Rs./Quintal,Metric Tonnes
Madhya Pradesh,Dindori,Dindori APMC,Paddy(Common),Other,Non-FAQ,2026-01-21,2369.0,2373.0,2372.0,93.9,Rs./Quintal,Metric Tonnes
Madhya Pradesh,Narsinghpur,Gadarwada APMC,Bengal Gram(Gram)(Whole),Gram,Non-FAQ,2026-01-21,5725.0,5725.0,5725.0,0.27999999999999997,Rs./Quintal,Metric Tonnes
Madhya Pradesh,Narsinghpur,Gadarwada APMC,Bengal Gram(Gram)(Whole),Gram,FAQ,2026-01-21,4290.0,5711.0,5521.0,11.605,Rs./Quintal,Metric Tonnes
Madhya Pradesh,Narsinghpur,Gadarwada APMC,Paddy(Common),Basmati,FAQ,2026-01-21,3736.0,3801.0,3801.0,9.600000000000001,Rs./Quintal,Metric Tonnes
Madhya Pradesh,Narsinghpur,Gadarwada APMC,Paddy(Common),Paddy,FAQ,2026-01-21,1601.0,3931.0,3800.0,42.14,Rs./Quintal,Metric Tonnes
Madhya Pradesh,Narsinghpur,Gadarwada APMC,Paddy(Common),Puspa (MR 301),FAQ,2026-01-21,2925.0,4050.0,3900.0,372.225,Rs./Quintal,Metric Tonnes
Madhya Pradesh,Narsinghpur,Gadarwada APMC,Paddy(Common),Kranti,FAQ,2026-01-21,1955.0,2398.0,2398.0,18.044999999999998,Rs./Quintal,Metric Tonnes
Madhya Pradesh,Narsinghpur,Gadarwada APMC,Red gram/Arhar/Tur(whole),Arhar Dal(Tur),FAQ,2026-01-21,6600.0,7100.0,7100.0,2.43,Rs./Quintal,Metric Tonnes
Madhya Pradesh,Narsinghpur,Gadarwada APMC,Soyabean,Soyabeen,FAQ,2026-01-21,4500.0,5201.0,5000.0,7.220000000000001,Rs./Quintal,Metric Tonnes
Madhya Pradesh,Narsinghpur,Gadarwada APMC,Wheat,Mill Quality,FAQ,2026-01-21,2314.0,2513.0,2501.0,69.54,Rs./Quintal,Metric Tonnes
Madhya Pradesh,Raisen,Gairatganj APMC,Bengal Gram(Gram)(Whole),Gram,Non-FAQ,2026-01-21,4155.0,5370.0,5370.0,12.8,Rs./Quintal,Metric Tonnes
Madhya Pradesh,Raisen,Gairatganj APMC,Bengal Gram(Gram)(Whole),Gram,FAQ,2026-01-21,5335.0,5335.0,5335.0,6.2,Rs./Quintal,Metric Tonnes
Madhya Pradesh,Raisen,Gairatganj APMC,Lentil(Masur)(Whole),Masur Dal,Non-FAQ,2026-01-21,5750.0,5821.0,5821.0,0.30000000000000004,Rs./Quintal,Metric Tonnes
Madhya Pradesh,Raisen,Gairatganj APMC,Maize,Local,Non-FAQ,2026-01-21,1505.0,1551.0,1531.0,23.849000000000004,Rs./Quintal,Metric Tonnes
Madhya Pradesh,Raisen,Gairatganj APMC,Paddy(Common),Dhan,Non-FAQ,2026-01-21,1920.0,3940.0,3870.0,363.56600000000003,Rs./Quintal,Metric Tonnes
Madhya Pradesh,Raisen,Gairatganj APMC,Paddy(Common),Basmati,FAQ,2026-01-21,3500.0,3900.0,3855.0,312.3,Rs./Quintal,Metric Tonnes
Madhya Pradesh,Raisen,Gairatganj APMC,Soyabean,Soyabeen,Non-FAQ,2026-01-21,5210.0,5306.0,5306.0,0.2,Rs./Quintal,Metric Tonnes
Madhya Pradesh,Raisen,Gairatganj APMC,Soyabean,Soyabeen,FAQ,2026-01-21,5141.0,5141.0,5141.0,0.1,Rs./Quintal,Metric Tonnes
Madhya Pradesh,Raisen,Gairatganj APMC,Wheat,Wheat,Non-FAQ,2026-01-21,2450.0,2850.0,2850.0,9.607,Rs./Quintal,Metric Tonnes
Madhya Pradesh,Raisen,Gairatganj APMC,Wheat,Wheat,FAQ,2026-01-21,2500.0,2500.0,2500.0,7.5,Rs./Quintal,Metric Tonnes
Madhya Pradesh,Dhar,Gandhwani APMC,Cotton,Without Ginned Cotton,FAQ,2026-01-21,6851.0,7980.0,7925.0,252.066,Rs./Quintal,Metric Tonnes
Madhya Pradesh,Dhar,Gandhwani APMC,Maize,Local,FAQ,2026-01-21,1411.0,1610.0,1500.0,73.404,Rs./Quintal,Metric Tonnes
Madhya Pradesh,Dhar,Gandhwani APMC,Soyabean,Soyabeen,FAQ,2026-01-21,4738.0,4900.0,4900.0,3.53,Rs./Quintal,Metric Tonnes
Madhya Pradesh,Dhar,Gandhwani APMC,Wheat,Wheat,FAQ,2026-01-21,2500.0,2582.0,2560.0,35.230000000000004,Rs./Quintal,Metric Tonnes
Madhya Pradesh,Vidisha,Ganjbasoda APMC,Bengal Gram(Gram)(Whole),Gram,FAQ,2026-01-21,4200.0,5582.0,4850.0,148.87,Rs./Quintal,Metric Tonnes
Madhya Pradesh,Vidisha,Ganjbasoda APMC,Bengal Gram(Gram)(Whole),Desi (F.A.Q. Split),FAQ,2026-01-21,4890.0,4901.0,4890.0,10.0,Rs./Quintal,Metric Tonnes
Madhya Pradesh,Vidisha,Ganjbasoda APMC,Bengal Gram(Gram)(Whole),Gram,Non-FAQ,2026-01-21,5312.0,5312.0,5312.0,0.5,Rs./Quintal,Metric Tonnes
Madhya Pradesh,Vidisha,Ganjbasoda APMC,Black Gram(Urd Beans)(Whole),Urda/Urd,FAQ,2026-01-21,5000.0,6710.0,6710.0,1.69,Rs./Quintal,Metric Tonnes
Madhya Pradesh,Vidisha,Ganjbasoda APMC,Jowar(Sorghum),Jowar (Yellow),FAQ,2026-01-21,5600.0,7401.0,5600.0,14.516,Rs./Quintal,Metric Tonnes
Madhya Pradesh,Vidisha,Ganjbasoda APMC,Lak(Teora),Tiwada,FAQ,2026-01-21,2400.0,3530.0,3200.0,89.918,Rs./Quintal,Metric Tonnes
Madhya Pradesh,Vidisha,Ganjbasoda APMC,Lentil(Masur)(Whole),Masur Dal,FAQ,2026-01-21,5200.0,6120.0,6000.0,23.814,Rs./Quintal,Metric Tonnes
Madhya Pradesh,Vidisha,Ganjbasoda APMC,Maize,Local,FAQ,2026-01-21,1200.0,1673.0,1500.0,310.366,Rs./Quintal,Metric Tonnes
Madhya Pradesh,Vidisha,Ganjbasoda APMC,Mustard,Mustard,FAQ,2026-01-21,5780.0,6730.0,6730.0,14.619,Rs./Quintal,Metric Tonnes
Madhya Pradesh,Vidisha,Ganjbasoda APMC,Paddy(Common),Dhan,FAQ,2026-01-21,3700.0,3700.0,3700.0,23.87,Rs./Quintal,Metric Tonnes
Madhya Pradesh,Vidisha,Ganjbasoda APMC,Paddy(Common),Puspa (MR 301),FAQ,2026-01-21,3645.0,3700.0,3700.0,15.9,Rs./Quintal,Metric Tonnes
Madhya Pradesh,Vidisha,Ganjbasoda APMC,Paddy(Common),Paddy,FAQ,2026-01-21,1700.0,4017.0,3800.0,1107.605,Rs./Quintal,Metric Tonnes
Madhya Pradesh,Vidisha,Ganjbasoda APMC,Paddy(Common),Paddy-Organic,FAQ,2026-01-21,3800.0,3800.0,3800.0,5.010000000000001,Rs./Quintal,Metric Tonnes
Madhya Pradesh,Vidisha,Ganjbasoda APMC,Soyabean,Soyabeen,FAQ,2026-01-21,3510.0,6290.0,5000.0,163.387,Rs./Quintal,Metric Tonnes
Madhya Pradesh,Vidisha,Ganjbasoda APMC,Soyabean,Yellow,FAQ,2026-01-21,5300.0,5300.0,5300.0,0.6880000000000001,Rs./Quintal,Metric Tonnes
Madhya Pradesh,Vidisha,Ganjbasoda APMC,Wheat,Mill Quality,FAQ,2026-01-21,2340.0,2540.0,2540.0,0.21200000000000002,Rs./Quintal,Metric Tonnes
Madhya Pradesh,Vidisha,Ganjbasoda APMC,Wheat,Wheat,FAQ,2026-01-21,2410.0,2650.0,2650.0,12.768,Rs./Quintal,Metric Tonnes
Madhya Pradesh,Vidisha,Ganjbasoda APMC,Wheat,Malwa Shakti,FAQ,2026-01-21,2380.0,2391.0,2391.0,2.488,Rs./Quintal,Metric Tonnes
Madhya Pradesh,Vidisha,Ganjbasoda APMC,Wheat,Sujatha,FAQ,2026-01-21,2200.0,2866.0,2600.0,333.394,Rs./Quintal,Metric Tonnes
Madhya Pradesh,Vidisha,Ganjbasoda APMC,Wheat,Sharbati,FAQ,2026-01-21,2600.0,3465.0,3465.0,31.186000000000003,Rs./Quintal,Metric Tonnes
Madhya Pradesh,Vidisha,Ganjbasoda APMC,Wheat,Local,FAQ,2026-01-21,2400.0,2425.0,2425.0,1.2560000000000002,Rs./Quintal,Metric Tonnes
Madhya Pradesh,Sagar,Garhakota APMC,Bengal Gram(Gram)(Whole),Gram,FAQ,2026-01-21,5300.0,5420.0,5420.0,3.2119999999999997,Rs./Quintal,Metric Tonnes
Madhya Pradesh,Sagar,Garhakota APMC,Bengal Gram(Gram)(Whole),Chana Kanta,FAQ,2026-01-21,5225.0,5225.0,5225.0,1.01,Rs./Quintal,Metric Tonnes
Madhya Pradesh,Sagar,Garhakota APMC,Black Gram(Urd Beans)(Whole),Urda/Urd,FAQ,2026-01-21,6750.0,6750.0,6750.0,0.10500000000000001,Rs./Quintal,Metric Tonnes
Madhya Pradesh,Sagar,Garhakota APMC,Green Peas,Pea,FAQ,2026-01-21,3000.0,3100.0,3100.0,6.131,Rs./Quintal,Metric Tonnes
Madhya Pradesh,Sagar,Garhakota APMC,Maize,Local,Non-FAQ,2026-01-21,1510.0,1520.0,1520.0,25.230000000000004,Rs./Quintal,Metric Tonnes
Madhya Pradesh,Sagar,Garhakota APMC,Maize,Local,FAQ,2026-01-21,1550.0,1625.0,1600.0,68.416,Rs./Quintal,Metric Tonnes
Madhya Pradesh,Sagar,Garhakota APMC,Soyabean,Soyabeen,FAQ,2026-01-21,4800.0,5175.0,5175.0,3.5240000000000005,Rs./Quintal,Metric Tonnes
Madhya Pradesh,Sagar,Garhakota APMC,Wheat,Wheat,FAQ,2026-01-21,2430.0,2625.0,2460.0,8.48,Rs./Quintal,Metric Tonnes
Madhya Pradesh,Mandsaur,Garoth APMC,Onion,Onion,Non-FAQ,2026-01-21,500.0,500.0,500.0,5.73,Rs./Quintal,Metric Tonnes
Madhya Pradesh,Indore,Gautampura APMC,Garlic,Garlic,FAQ,2026-01-21,1100.0,5000.0,5000.0,9.57,Rs./Quintal,Metric Tonnes
Madhya Pradesh,Indore,Gautampura APMC,Soyabean,Soyabeen,FAQ,2026-01-21,4955.0,5365.0,5365.0,3.887,Rs./Quintal,Metric Tonnes
Madhya Pradesh,Indore,Gautampura APMC,Wheat,Wheat,FAQ,2026-01-21,2311.0,2710.0,2710.0,33.936,Rs./Quintal,Metric Tonnes
Madhya Pradesh,Seoni,Ghansour APMC,Green Peas,Pea,FAQ,2026-01-21,2700.0,2710.0,2710.0,7.1000000000000005,Rs./Quintal,Metric Tonnes
Madhya Pradesh,Seoni,Ghansour APMC,Maize,Local,FAQ,2026-01-21,1611.0,1621.0,1621.0,46.7,Rs./Quintal,Metric Tonnes
Madhya Pradesh,Seoni,Ghansour APMC,Maize,Local,Non-FAQ,2026-01-21,1535.0,1610.0,1610.0,25.400000000000002,Rs./Quintal,Metric Tonnes
Madhya Pradesh,Seoni,Ghansour APMC,Maize,Yellow,FAQ,2026-01-21,1400.0,1520.0,1500.0,382.07,Rs./Quintal,Metric Tonnes
Madhya Pradesh,Seoni,Ghansour APMC,Wheat,Mill Quality,FAQ,2026-01-21,2400.0,2400.0,2400.0,19.400000000000002,Rs./Quintal,Metric Tonnes
Madhya Pradesh,Seoni,Ghansour APMC,Wheat,Wheat,FAQ,2026-01-21,2400.0,2400.0,2400.0,16.0,Rs./Quintal,Metric Tonnes
Madhya Pradesh,Bhind,Gohad APMC,Bajra(Pearl Millet/Cumbu),Millet,FAQ,2026-01-21,1805.0,1835.0,1835.0,2.665,Rs./Quintal,Metric Tonnes
Madhya Pradesh,Bhind,Gohad APMC,Mustard,Mustard,FAQ,2026-01-21,6455.0,6800.0,6600.0,80.02000000000001,Rs./Quintal,Metric Tonnes
Madhya Pradesh,Bhind,Gohad APMC,Paddy(Common),Paddy,FAQ,2026-01-21,3120.0,3120.0,3120.0,35.06,Rs./Quintal,Metric Tonnes
Madhya Pradesh,Bhind,Gohad APMC,Paddy(Common),Basmati 1509,FAQ,2026-01-21,2900.0,3260.0,3200.0,15.355000000000002,Rs./Quintal,Metric Tonnes
Madhya Pradesh,Bhind,Gohad APMC,Wheat,Mill Quality,Non-FAQ,2026-01-21,2595.0,2595.0,2595.0,7.6000000000000005,Rs./Quintal,Metric Tonnes
Madhya Pradesh,Bhind,Gohad APMC,Wheat,Wheat,FAQ,2026-01-21,2515.0,2605.0,2555.0,28.710000000000004,Rs./Quintal,Metric Tonnes
Madhya Pradesh,Bhind,Gohad APMC,Wheat,Wheat-Organic,FAQ,2026-01-21,2500.0,2500.0,2500.0,25.0,Rs./Quintal,Metric Tonnes
Madhya Pradesh,Dindori,Gorakhpur APMC,Green Peas,Pea,FAQ,2026-01-21,3250.0,3265.0,3265.0,12.4,Rs./Quintal,Metric Tonnes
Madhya Pradesh,Dindori,Gorakhpur APMC,Paddy(Common),Paddy,FAQ,2026-01-21,2371.0,2371.0,2371.0,5.2,Rs./Quintal,Metric Tonnes
Madhya Pradesh,Dindori,Gorakhpur APMC,Soyabean,Yellow,Non-FAQ,2026-01-21,4200.0,4300.0,4300.0,15.0,Rs./Quintal,Metric Tonnes
Madhya Pradesh,Narsinghpur,Gotegaon APMC,Black Gram(Urd Beans)(Whole),Urda/Urd,FAQ,2026-01-21,7450.0,7605.0,7605.0,13.0,Rs./Quintal,Metric Tonnes
Madhya Pradesh,Narsinghpur,Gotegaon APMC,Gur(Jaggery),Jaggery,FAQ,2026-01-21,3296.0,3600.0,3570.0,49.300000000000004,Rs./Quintal,Metric Tonnes
Madhya Pradesh,Narsinghpur,Gotegaon APMC,Maize,Local,FAQ,2026-01-21,1425.0,1897.0,1611.0,995.8000000000001,Rs./Quintal,Metric Tonnes
Madhya Pradesh,Narsinghpur,Gotegaon APMC,Maize,Local,Non-FAQ,2026-01-21,1450.0,3550.0,3550.0,37.9,Rs./Quintal,Metric Tonnes
Madhya Pradesh,Narsinghpur,Gotegaon APMC,Wheat,Wheat,FAQ,2026-01-21,2530.0,2595.0,2590.0,85.4,Rs./Quintal,Metric Tonnes
Madhya Pradesh,Guna,Guna APMC,Bengal Gram(Gram)(Whole),Gram,FAQ,2026-01-21,3905.0,5545.0,5375.0,18.033,Rs./Quintal,Metric Tonnes
Madhya Pradesh,Guna,Guna APMC,Coriander(Leaves),Coriander,FAQ,2026-01-21,5225.0,10100.0,9600.0,81.69200000000001,Rs./Bundle,Bundle
Madhya Pradesh,Guna,Guna APMC,Green Gram(Moong)(Whole),Green (Whole),FAQ,2026-01-21,5955.0,7305.0,7305.0,2.665,Rs./Quintal,Metric Tonnes
Madhya Pradesh,Guna,Guna APMC,Lentil(Masur)(Whole),Masur Dal,FAQ,2026-01-21,5100.0,5100.0,5100.0,0.082,Rs./Quintal,Metric Tonnes
Madhya Pradesh,Guna,Guna APMC,Maize,Local,FAQ,2026-01-21,1200.0,1875.0,1500.0,2572.212,Rs./Quintal,Metric Tonnes
Madhya Pradesh,Guna,Guna APMC,Maize,Local,Non-FAQ,2026-01-21,1395.0,1645.0,1550.0,80.75900000000001,Rs./Quintal,Metric Tonnes
Madhya Pradesh,Guna,Guna APMC,Mustard,Mustard,FAQ,2026-01-21,5455.0,6230.0,6230.0,1.1640000000000001,Rs./Quintal,Metric Tonnes
Madhya Pradesh,Guna,Guna APMC,Paddy(Common),Dhan,FAQ,2026-01-21,1510.0,3500.0,3500.0,10.571,Rs./Quintal,Metric Tonnes
Madhya Pradesh,Guna,Guna APMC,Soyabean,Soyabeen,FAQ,2026-01-21,4300.0,4705.0,4705.0,0.596,Rs./Quintal,Metric Tonnes
Madhya Pradesh,Guna,Guna APMC,Wheat,Wheat,FAQ,2026-01-21,2275.0,3795.0,2590.0,688.408,Rs./Quintal,Metric Tonnes
Madhya Pradesh,Dewas,Haatpipliya APMC,Maize,Local,Non-FAQ,2026-01-21,1220.0,1641.0,1641.0,16.641000000000002,Rs./Quintal,Metric Tonnes
Madhya Pradesh,Dewas,Haatpipliya APMC,Soyabean,Soyabeen,FAQ,2026-01-21,5221.0,5221.0,5221.0,3.18,Rs./Quintal,Metric Tonnes
Madhya Pradesh,Dewas,Haatpipliya APMC,Soyabean,Soyabeen,Non-FAQ,2026-01-21,3310.0,5555.0,5271.0,18.566,Rs./Quintal,Metric Tonnes
Madhya Pradesh,Dewas,Haatpipliya APMC,Wheat,Wheat,Non-FAQ,2026-01-21,2241.0,2675.0,2491.0,25.307000000000002,Rs./Quintal,Metric Tonnes
Madhya Pradesh,Rewa,Hanumana APMC,Wheat,Mill Quality,FAQ,2026-01-21,2445.0,2520.0,2500.0,101.45,Rs./Quintal,Metric Tonnes
Madhya Pradesh,Harda,Harda APMC,Bengal Gram(Gram)(Whole),Chana Kabuli,FAQ,2026-01-21,2300.0,5643.0,5100.0,304.604,Rs./Quintal,Metric Tonnes
Madhya Pradesh,Harda,Harda APMC,Bengal Gram(Gram)(Whole),Desi (F.A.Q. Split),FAQ,2026-01-21,3299.0,5400.0,5399.0,44.537000000000006,Rs./Quintal,Metric Tonnes
Madhya Pradesh,Harda,Harda APMC,Black Gram(Urd Beans)(Whole),Urda/Urd,FAQ,2026-01-21,4401.0,5701.0,5701.0,0.752,Rs./Quintal,Metric Tonnes
Madhya Pradesh,Harda,Harda APMC,Green Gram(Moong)(Whole),Green (Whole),FAQ,2026-01-21,1300.0,8050.0,6401.0,22.840000000000003,Rs./Quintal,Metric Tonnes
Madhya Pradesh,Harda,Harda APMC,Kabuli Chana(Chickpeas-White),Dollar Gram,FAQ,2026-01-21,1313.0,8405.0,7400.0,34.395,Rs./Quintal,Metric Tonnes
Madhya Pradesh,Harda,Harda APMC,Maize,Yellow,FAQ,2026-01-21,870.0,1637.0,1580.0,921.331,Rs./Quintal,Metric Tonnes
Madhya Pradesh,Harda,Harda APMC,Mustard,Mustard,FAQ,2026-01-21,6501.0,6600.0,6600.0,0.095,Rs./Quintal,Metric Tonnes
Madhya Pradesh,Harda,Harda APMC,Red gram/Arhar/Tur(whole),Arhar Dal(Tur),FAQ,2026-01-21,5530.0,5630.0,5630.0,1.336,Rs./Quintal,Metric Tonnes
Madhya Pradesh,Harda,Harda APMC,Soyabean,Yellow,FAQ,2026-01-21,1200.0,5459.0,5000.0,38.734,Rs./Quintal,Metric Tonnes
Madhya Pradesh,Harda,Harda APMC,Wheat,Mill Quality,FAQ,2026-01-21,2200.0,2596.0,2560.0,217.42800000000003,Rs./Quintal,Metric Tonnes
Madhya Pradesh,Chhatarpur,Harpalpur APMC,Groundnut,Big (With Shell),FAQ,2026-01-21,5400.0,5900.0,5900.0,3.6100000000000003,Rs./Quintal,Metric Tonnes
Madhya Pradesh,Chhatarpur,Harpalpur APMC,Wheat,Wheat,FAQ,2026-01-21,2549.0,2610.0,2600.0,61.184000000000005,Rs./Quintal,Metric Tonnes
Madhya Pradesh,Khandwa,Harsood APMC,Bengal Gram(Gram)(Whole),Gram,FAQ,2026-01-21,4601.0,5150.0,5150.0,1.486,Rs./Quintal,Metric Tonnes
Madhya Pradesh,Khandwa,Harsood APMC,Green Gram(Moong)(Whole),Green (Whole),FAQ,2026-01-21,5691.0,5691.0,5691.0,0.036,Rs./Quintal,Metric Tonnes
Madhya Pradesh,Khandwa,Harsood APMC,Maize,Yellow,Non-FAQ,2026-01-21,1470.0,1665.0,1615.0,127.89500000000001,Rs./Quintal,Metric Tonnes
Madhya Pradesh,Khandwa,Harsood APMC,Maize,Yellow,FAQ,2026-01-21,1250.0,1630.0,1611.0,111.45400000000001,Rs./Quintal,Metric Tonnes
Madhya Pradesh,Khandwa,Harsood APMC,Red gram/Arhar/Tur(whole),Arhar Dal(Tur),FAQ,2026-01-21,6100.0,6270.0,6150.0,2.615,Rs./Quintal,Metric Tonnes
Madhya Pradesh,Khandwa,Harsood APMC,Soyabean,Yellow,FAQ,2026-01-21,501.0,5240.0,5191.0,14.479,Rs./Quintal,Metric Tonnes
Madhya Pradesh,Khandwa,Harsood APMC,Wheat,Mill Quality,FAQ,2026-01-21,2590.0,2590.0,2590.0,7.0,Rs./Quintal,Metric Tonnes
Madhya Pradesh,Khandwa,Harsood APMC,Wheat,Wheat,FAQ,2026-01-21,2466.0,2549.0,2500.0,103.208,Rs./Quintal,Metric Tonnes
Madhya Pradesh,Damoh,Hata APMC,Bengal Gram(Gram)(Whole),Gram,Non-FAQ,2026-01-21,5220.0,5300.0,5230.0,23.912000000000003,Rs./Quintal,Metric Tonnes
Madhya Pradesh,Damoh,Hata APMC,Wheat,Wheat,Non-FAQ,2026-01-21,2220.0,2290.0,2290.0,34.685,Rs./Quintal,Metric Tonnes
Madhya Pradesh,Hoshangabad,Hoshangabad APMC,Bengal Gram(Gram)(Whole),Gram,Non-FAQ,2026-01-21,5130.0,5170.0,5170.0,6.6000000000000005,Rs./Quintal,Metric Tonnes
Madhya Pradesh,Hoshangabad,Hoshangabad APMC,Paddy(Common),Basmati,Non-FAQ,2026-01-21,3790.0,3790.0,3790.0,3.9200000000000004,Rs./Quintal,Metric Tonnes
Madhya Pradesh,Hoshangabad,Hoshangabad APMC,Paddy(Common),Dhan,Non-FAQ,2026-01-21,3380.0,3850.0,3700.0,42.82900000000001,Rs./Quintal,Metric Tonnes
Madhya Pradesh,Hoshangabad,Hoshangabad APMC,Wheat,Mill Quality,Non-FAQ,2026-01-21,2405.0,2445.0,2410.0,95.77100000000002,Rs./Quintal,Metric Tonnes
Madhya Pradesh,Sehore,Ichhawar APMC,Bengal Gram(Gram)(Whole),Gram,FAQ,2026-01-21,5200.0,5200.0,5200.0,0.073,Rs./Quintal,Metric Tonnes
Madhya Pradesh,Sehore,Ichhawar APMC,Maize,Local,Non-FAQ,2026-01-21,1551.0,1599.0,1570.0,26.013,Rs./Quintal,Metric Tonnes
Madhya Pradesh,Sehore,Ichhawar APMC,Maize,Local,FAQ,2026-01-21,1360.0,1618.0,1571.0,28.575000000000003,Rs./Quintal,Metric Tonnes
Madhya Pradesh,Sehore,Ichhawar APMC,Soyabean,Soyabeen,FAQ,2026-01-21,4380.0,5361.0,5150.0,12.616,Rs./Quintal,Metric Tonnes
Madhya Pradesh,Sehore,Ichhawar APMC,Wheat,Wheat,FAQ,2026-01-21,2270.0,2933.0,2500.0,35.096,Rs./Quintal,Metric Tonnes
Madhya Pradesh,Indore,Indore APMC,Bengal Gram(Gram)(Whole),Gram,FAQ,2026-01-21,2605.0,7555.0,7555.0,13.553,Rs./Quintal,Metric Tonnes
Madhya Pradesh,Indore,Indore APMC,Bengal Gram(Gram)(Whole),Desi (F.A.Q. Split),FAQ,2026-01-21,5245.0,5245.0,5245.0,1.066,Rs./Quintal,Metric Tonnes
Madhya Pradesh,Indore,Indore APMC,Black Gram(Urd Beans)(Whole),Urda/Urd,FAQ,2026-01-21,5505.0,5505.0,5505.0,0.142,Rs./Quintal,Metric Tonnes
Madhya Pradesh,Indore,Indore APMC,Chili Red,Red,FAQ,2026-01-21,5910.0,15110.0,15110.0,3.7950000000000004,Rs./Quintal,Metric Tonnes
Madhya Pradesh,Indore,Indore APMC,Garlic,Garlic,FAQ,2026-01-21,1000.0,16600.0,3000.0,220.43400000000003,Rs./Quintal,Metric Tonnes
Madhya Pradesh,Indore,Indore APMC,Green Gram(Moong)(Whole),Green (Whole),FAQ,2026-01-21,2905.0,8330.26,8330.26,34.399,Rs./Quintal,Metric Tonnes
Madhya Pradesh,Indore,Indore APMC,Green Peas,Pea,FAQ,2026-01-21,2600.0,3680.02,3680.02,25.166,Rs./Quintal,Metric Tonnes
Madhya Pradesh,Indore,Indore APMC,Kabuli Chana(Chickpeas-White),Dollar Gram,FAQ,2026-01-21,2000.0,9140.0,8300.0,378.245,Rs./Quintal,Metric Tonnes
Madhya Pradesh,Indore,Indore APMC,Lentil(Masur)(Whole),Masur Dal,FAQ,2026-01-21,5170.0,5170.0,5170.0,0.059,Rs./Quintal,Metric Tonnes
Madhya Pradesh,Indore,Indore APMC,Maize,Local,FAQ,2026-01-21,1300.0,1629.0,1629.0,26.295,Rs./Quintal,Metric Tonnes
Madhya Pradesh,Indore,Indore APMC,Mustard,Mustard,FAQ,2026-01-21,6705.0,6705.0,6705.0,0.034,Rs./Quintal,Metric Tonnes
Madhya Pradesh,Indore,Indore APMC,Onion,Onion,Non-FAQ,2026-01-21,500.0,1869.0,1105.0,779.432,Rs./Quintal,Metric Tonnes
Madhya Pradesh,Indore,Indore APMC,Onion,Other,FAQ,2026-01-21,274.0,1800.0,1766.0,395.25100000000003,Rs./Quintal,Metric Tonnes
Madhya Pradesh,Indore,Indore APMC,Onion,Onion,FAQ,2026-01-21,353.0,1764.0,1764.0,593.267,Rs./Quintal,Metric Tonnes
Madhya Pradesh,Indore,Indore APMC,Potato,Local,FAQ,2026-01-21,233.0,1163.0,848.0,605.1460000000001,Rs./Quintal,Metric Tonnes
Madhya Pradesh,Indore,Indore APMC,Potato,Other,FAQ,2026-01-21,575.0,575.0,575.0,5.0,Rs./Quintal,Metric Tonnes
Madhya Pradesh,Indore,Indore APMC,Potato,Local,Non-FAQ,2026-01-21,228.0,862.0,784.0,161.44000000000003,Rs./Quintal,Metric Tonnes
Madhya Pradesh,Indore,Indore APMC,Red gram/Arhar/Tur(whole),Arhar Dal(Tur),FAQ,2026-01-21,4850.0,7290.0,6750.0,407.516,Rs./Quintal,Metric Tonnes
Madhya Pradesh,Indore,Indore APMC,Soyabean,Soyabeen,FAQ,2026-01-21,900.0,6415.0,4900.0,180.472,Rs./Quintal,Metric Tonnes
Madhya Pradesh,Indore,Indore APMC,Wheat,Wheat,Non-FAQ,2026-01-21,2740.0,2740.0,2740.0,25.0,Rs./Quintal,Metric Tonnes
Madhya Pradesh,Indore,Indore APMC,Wheat,Wheat,FAQ,2026-01-21,1500.0,3066.0,2700.0,228.78200000000004,Rs./Quintal,Metric Tonnes
Madhya Pradesh,Ashoknagar,Isagarh APMC,Maize,Yellow,FAQ,2026-01-21,1325.0,1325.0,1325.0,15.0,Rs./Quintal,Metric Tonnes
Madhya Pradesh,Ashoknagar,Isagarh APMC,Maize,Local,FAQ,2026-01-21,1395.0,1665.0,1460.0,466.91700000000003,Rs./Quintal,Metric Tonnes
Madhya Pradesh,Ashoknagar,Isagarh APMC,Wheat,Wheat,FAQ,2026-01-21,2620.0,2800.0,2800.0,2.355,Rs./Quintal,Metric Tonnes
Madhya Pradesh,Hoshangabad,Itarsi APMC,Bengal Gram(Gram)(Whole),Gram,FAQ,2026-01-21,4831.0,5251.0,4900.0,28.27,Rs./Quintal,Metric Tonnes
Madhya Pradesh,Hoshangabad,Itarsi APMC,Green Gram(Moong)(Whole),Green (Whole),FAQ,2026-01-21,1800.0,6750.0,6750.0,1.675,Rs./Quintal,Metric Tonnes
Madhya Pradesh,Hoshangabad,Itarsi APMC,Maize,Local,FAQ,2026-01-21,900.0,1700.0,1500.0,845.7600000000001,Rs./Quintal,Metric Tonnes
Madhya Pradesh,Hoshangabad,Itarsi APMC,Mustard,Mustard,FAQ,2026-01-21,5701.0,6800.0,6800.0,3.0,Rs./Quintal,Metric Tonnes
Madhya Pradesh,Hoshangabad,Itarsi APMC,Paddy(Common),Red,FAQ,2026-01-21,3585.0,3850.0,3850.0,35.330000000000005,Rs./Quintal,Metric Tonnes
Madhya Pradesh,Hoshangabad,Itarsi APMC,Paddy(Common),Dhan,FAQ,2026-01-21,2200.0,4030.0,3845.0,516.5100000000001,Rs./Quintal,Metric Tonnes
Madhya Pradesh,Hoshangabad,Itarsi APMC,Paddy(Common),Paddy,FAQ,2026-01-21,2000.0,4010.0,3820.0,1186.03,Rs./Quintal,Metric Tonnes
Madhya Pradesh,Hoshangabad,Itarsi APMC,Soyabean,Soyabeen,FAQ,2026-01-21,3050.0,5361.0,4200.0,10.350000000000001,Rs./Quintal,Metric Tonnes
Madhya Pradesh,Hoshangabad,Itarsi APMC,Wheat,Wheat,FAQ,2026-01-21,1800.0,2561.0,2500.0,268.71500000000003,Rs./Quintal,Metric Tonnes
Madhya Pradesh,Jabalpur,Jabalpur APMC,Bengal Gram(Gram)(Whole),Gram,FAQ,2026-01-21,4200.0,5465.0,5400.0,42.614000000000004,Rs./Quintal,Metric Tonnes
Madhya Pradesh,Jabalpur,Jabalpur APMC,Black Gram(Urd Beans)(Whole),Urda/Urd,FAQ,2026-01-21,5800.0,7845.0,7500.0,29.798000000000002,Rs./Quintal,Metric Tonnes
Madhya Pradesh,Jabalpur,Jabalpur APMC,Green Gram(Moong)(Whole),Green (Whole),FAQ,2026-01-21,5480.0,6500.0,6500.0,1.7489999999999999,Rs./Quintal,Metric Tonnes
Madhya Pradesh,Jabalpur,Jabalpur APMC,Green Gram(Moong)(Whole),Green (Whole),Non-FAQ,2026-01-21,3200.0,4705.0,4705.0,0.663,Rs./Quintal,Metric Tonnes
Madhya Pradesh,Jabalpur,Jabalpur APMC,Green Peas,Pea,FAQ,2026-01-21,1865.0,3695.0,3530.0,30.692000000000004,Rs./Quintal,Metric Tonnes
Madhya Pradesh,Jabalpur,Jabalpur APMC,Kodo Millet(Varagu),Kondo,FAQ,2026-01-21,2200.0,2400.0,2400.0,13.200000000000001,Rs./Quintal,Metric Tonnes
Madhya Pradesh,Jabalpur,Jabalpur APMC,Kutki,Kutki,FAQ,2026-01-21,3600.0,4300.0,4300.0,13.100000000000001,Rs./Quintal,Metric Tonnes
Madhya Pradesh,Jabalpur,Jabalpur APMC,Lentil(Masur)(Whole),Masur Dal,FAQ,2026-01-21,4705.0,5655.0,4905.0,8.268,Rs./Quintal,Metric Tonnes
Madhya Pradesh,Jabalpur,Jabalpur APMC,Linseed,Flaxseed,FAQ,2026-01-21,7485.0,8085.0,8085.0,0.454,Rs./Quintal,Metric Tonnes
Madhya Pradesh,Jabalpur,Jabalpur APMC,Maize,Local,Non-FAQ,2026-01-21,1650.0,1650.0,1650.0,26.0,Rs./Quintal,Metric Tonnes
Madhya Pradesh,Jabalpur,Jabalpur APMC,Maize,Deshi Red,FAQ,2026-01-21,1400.0,1500.0,1500.0,25.0,Rs./Quintal,Metric Tonnes
Madhya Pradesh,Jabalpur,Jabalpur APMC,Maize,Local,FAQ,2026-01-21,1200.0,1675.0,1640.0,476.26700000000005,Rs./Quintal,Metric Tonnes
Madhya Pradesh,Jabalpur,Jabalpur APMC,Mustard,Mustard,FAQ,2026-01-21,5855.0,6630.0,6630.0,1.2560000000000002,Rs./Quintal,Metric Tonnes
Madhya Pradesh,Jabalpur,Jabalpur APMC,Paddy(Common),Dhan,FAQ,2026-01-21,1650.0,3050.0,1875.0,81.76100000000001,Rs./Quintal,Metric Tonnes
Madhya Pradesh,Jabalpur,Jabalpur APMC,Red gram/Arhar/Tur(whole),Arhar Dal(Tur),FAQ,2026-01-21,6310.0,7350.0,6900.0,13.062000000000001,Rs./Quintal,Metric Tonnes
Madhya Pradesh,Jabalpur,Jabalpur APMC,Wheat,Wheat,Non-FAQ,2026-01-21,2580.0,2580.0,2580.0,2.84,Rs./Quintal,Metric Tonnes
Madhya Pradesh,Jabalpur,Jabalpur APMC,Wheat,Wheat,FAQ,2026-01-21,2141.0,2680.0,2580.0,361.72800000000007,Rs./Quintal,Metric Tonnes
Madhya Pradesh,Jabalpur,Jabalpur APMC,buttery,Buttery,FAQ,2026-01-21,2865.0,4360.0,4360.0,12.088000000000001,Rs./Quintal,Metric Tonnes
Madhya Pradesh,Sagar,Jaisinagar APMC,Maize,Local,FAQ,2026-01-21,1395.0,1635.0,1560.0,314.991,Rs./Quintal,Metric Tonnes
Madhya Pradesh,Sagar,Jaisinagar APMC,Maize,Yellow,FAQ,2026-01-21,1425.0,1625.0,1525.0,292.14000000000004,Rs./Quintal,Metric Tonnes
Madhya Pradesh,Sagar,Jaisinagar APMC,Wheat,Mill Quality,FAQ,2026-01-21,2400.0,2470.0,2470.0,61.85,Rs./Quintal,Metric Tonnes
Madhya Pradesh,Sagar,Jaisinagar APMC,Wheat,Wheat,FAQ,2026-01-21,2410.0,2490.0,2490.0,13.55,Rs./Quintal,Metric Tonnes
Madhya Pradesh,Anupur,Jaithari APMC,Harrah,Harrah,FAQ,2026-01-21,1310.0,1310.0,1310.0,4.0,Rs./Quintal,Metric Tonnes
Madhya Pradesh,Ratlam,Jaora APMC,Ajwan,Ajwan,FAQ,2026-01-21,11851.0,11900.0,11900.0,0.063,Rs./Quintal,Metric Tonnes
Madhya Pradesh,Ratlam,Jaora APMC,Asalia,Asalia,FAQ,2026-01-21,5671.0,5671.0,5671.0,0.048,Rs./Quintal,Metric Tonnes
Madhya Pradesh,Ratlam,Jaora APMC,Bengal Gram(Gram)(Whole),Gram,FAQ,2026-01-21,4691.0,6021.0,5100.0,19.353,Rs./Quintal,Metric Tonnes
Madhya Pradesh,Ratlam,Jaora APMC,Black Gram(Urd Beans)(Whole),Urda/Urd,FAQ,2026-01-21,4810.0,7011.0,7011.0,1.645,Rs./Quintal,Metric Tonnes
Madhya Pradesh,Ratlam,Jaora APMC,Coriander(Leaves),Coriander,FAQ,2026-01-21,7700.0,9350.0,9350.0,0.16200000000000003,Rs./Bundle,Bundle
Madhya Pradesh,Ratlam,Jaora APMC,Garlic,Garlic,FAQ,2026-01-21,500.0,16001.0,8000.0,78.866,Rs./Quintal,Metric Tonnes
Madhya Pradesh,Ratlam,Jaora APMC,Green Peas,Pea,FAQ,2026-01-21,1130.0,3690.0,3690.0,1.604,Rs./Quintal,Metric Tonnes
Madhya Pradesh,Ratlam,Jaora APMC,Groundnut,Big (With Shell),FAQ,2026-01-21,4050.0,5977.0,5977.0,0.09300000000000001,Rs./Quintal,Metric Tonnes
Madhya Pradesh,Ratlam,Jaora APMC,Isabgul(Psyllium),Isabgol,FAQ,2026-01-21,12700.0,12700.0,12700.0,0.025,Rs./Quintal,Metric Tonnes
Madhya Pradesh,Ratlam,Jaora APMC,Kabuli Chana(Chickpeas-White),Dollar Gram,FAQ,2026-01-21,3400.0,9001.0,7000.0,100.46300000000001,Rs./Quintal,Metric Tonnes
Madhya Pradesh,Ratlam,Jaora APMC,Lentil(Masur)(Whole),Masur Dal,FAQ,2026-01-21,5001.0,6361.0,6251.0,2.531,Rs./Quintal,Metric Tonnes
Madhya Pradesh,Ratlam,Jaora APMC,Linseed,Flaxseed,FAQ,2026-01-21,7445.0,8100.0,7445.0,6.723000000000001,Rs./Quintal,Metric Tonnes
Madhya Pradesh,Ratlam,Jaora APMC,Maize,Local,FAQ,2026-01-21,1693.0,1697.0,1693.0,0.492,Rs./Quintal,Metric Tonnes
Madhya Pradesh,Ratlam,Jaora APMC,Methi Seeds,Methiseeds,FAQ,2026-01-21,4000.0,7200.0,6201.0,44.727000000000004,Rs./Quintal,Metric Tonnes
Madhya Pradesh,Ratlam,Jaora APMC,Mustard,Mustard,FAQ,2026-01-21,4851.0,6351.0,6300.0,24.01,Rs./Quintal,Metric Tonnes
Madhya Pradesh,Ratlam,Jaora APMC,Onion,Onion,FAQ,2026-01-21,611.0,1492.0,700.0,40.587,Rs./Quintal,Metric Tonnes
Madhya Pradesh,Ratlam,Jaora APMC,"Sesamum(Sesame,Gingelly,Til)",Sesame,FAQ,2026-01-21,4800.0,8100.0,8100.0,0.5860000000000001,Rs./Quintal,Metric Tonnes
Madhya Pradesh,Ratlam,Jaora APMC,Soyabean,Soyabeen,FAQ,2026-01-21,1851.0,5500.0,5141.0,230.28300000000002,Rs./Quintal,Metric Tonnes
Madhya Pradesh,Ratlam,Jaora APMC,Soyabean,Soyabeen,Non-FAQ,2026-01-21,5301.0,5301.0,5301.0,0.18100000000000002,Rs./Quintal,Metric Tonnes
Madhya Pradesh,Ratlam,Jaora APMC,Wheat,Wheat,FAQ,2026-01-21,2000.0,3434.0,2651.0,478.77600000000007,Rs./Quintal,Metric Tonnes
Madhya Pradesh,Ratlam,Jaora APMC,nigella,Kalonji,FAQ,2026-01-21,11201.0,11201.0,11201.0,0.027000000000000003,Rs./Quintal,Metric Tonnes
Madhya Pradesh,Ratlam,Jaora APMC,poppy seeds,Khaskhas,FAQ,2026-01-21,103400.0,140900.0,140900.0,0.135,Rs./Quintal,Metric Tonnes
Madhya Pradesh,Tikamgarh,Jatara APMC,Wheat,Wheat,Non-FAQ,2026-01-21,2480.0,2535.0,2500.0,219.775,Rs./Quintal,Metric Tonnes
Madhya Pradesh,Tikamgarh,Jatara APMC,Wheat,Mill Quality,Non-FAQ,2026-01-21,2480.0,2535.0,2515.0,59.205999999999996,Rs./Quintal,Metric Tonnes
Madhya Pradesh,Neemuch,Javad APMC,Garlic,Garlic,FAQ,2026-01-21,1100.0,15000.0,11700.0,12.754000000000001,Rs./Quintal,Metric Tonnes
Madhya Pradesh,Neemuch,Javad APMC,Maize,Local,FAQ,2026-01-21,1305.0,1631.0,1631.0,55.914,Rs./Quintal,Metric Tonnes
Madhya Pradesh,Damoh,Javera APMC,Bengal Gram(Gram)(Whole),Gram,FAQ,2026-01-21,5175.0,5175.0,5175.0,3.4990000000000006,Rs./Quintal,Metric Tonnes
Madhya Pradesh,Damoh,Javera APMC,Maize,Local,Non-FAQ,2026-01-21,1460.0,1600.0,1600.0,134.85,Rs./Quintal,Metric Tonnes
Madhya Pradesh,Damoh,Javera APMC,Maize,Yellow,Non-FAQ,2026-01-21,1350.0,1400.0,1400.0,40.900000000000006,Rs./Quintal,Metric Tonnes
Madhya Pradesh,Damoh,Javera APMC,Maize,Local,FAQ,2026-01-21,1510.0,1610.0,1610.0,62.99,Rs./Quintal,Metric Tonnes
Madhya Pradesh,Damoh,Javera APMC,Wheat,Mill Quality,FAQ,2026-01-21,2465.0,2465.0,2465.0,32.0,Rs./Quintal,Metric Tonnes
Madhya Pradesh,Sehore,Jawar APMC,Mustard,Mustard,FAQ,2026-01-21,5251.0,5951.0,5951.0,0.739,Rs./Quintal,Metric Tonnes
Madhya Pradesh,Sehore,Jawar APMC,Soyabean,Soyabeen,FAQ,2026-01-21,3201.0,5861.0,4300.0,68.155,Rs./Quintal,Metric Tonnes
Madhya Pradesh,Sehore,Jawar APMC,Wheat,Wheat,FAQ,2026-01-21,2198.0,2831.0,2499.0,68.873,Rs./Quintal,Metric Tonnes
Madhya Pradesh,Rajgarh,Jeerapur APMC,Lentil(Masur)(Whole),Masur Dal,Non-FAQ,2026-01-21,6200.0,6200.0,6200.0,0.6960000000000001,Rs./Quintal,Metric Tonnes
Madhya Pradesh,Rajgarh,Jeerapur APMC,Wheat,Wheat,FAQ,2026-01-21,2500.0,2640.0,2605.0,69.74,Rs./Quintal,Metric Tonnes
Madhya Pradesh,Jhabua,Jhabua APMC,Cotton,Without Ginned Cotton,FAQ,2026-01-21,7000.0,7725.0,7400.0,163.86800000000002,Rs./Quintal,Metric Tonnes
Madhya Pradesh,Jhabua,Jhabua APMC,Maize,Yellow,FAQ,2026-01-21,1625.0,1650.0,1650.0,10.690000000000001,Rs./Quintal,Metric Tonnes
Madhya Pradesh,Jhabua,Jhabua APMC,Wheat,Local,Non-FAQ,2026-01-21,2401.0,2401.0,2401.0,5.0,Rs./Quintal,Metric Tonnes
Madhya Pradesh,Alirajpur,Jobat APMC,Cotton,Medium Fiber,FAQ,2026-01-21,6500.0,7400.0,6800.0,96.188,Rs./Quintal,Metric Tonnes
Madhya Pradesh,Alirajpur,Jobat APMC,Cotton,Without Ginned Cotton,Non-FAQ,2026-01-21,6500.0,7600.0,6800.0,51.67000000000001,Rs./Quintal,Metric Tonnes
Madhya Pradesh,Alirajpur,Jobat APMC,Cotton,Without Ginned Cotton,FAQ,2026-01-21,6900.0,8000.0,7400.0,221.06,Rs./Quintal,Metric Tonnes
Madhya Pradesh,Alirajpur,Jobat APMC,Maize,Maize/Corn-Organic,FAQ,2026-01-21,1400.0,1400.0,1400.0,5.0,Rs./Quintal,Metric Tonnes
Madhya Pradesh,Alirajpur,Jobat APMC,Maize,Local,FAQ,2026-01-21,1600.0,1600.0,1600.0,9.600000000000001,Rs./Quintal,Metric Tonnes
Madhya Pradesh,Alirajpur,Jobat APMC,Wheat,Wheat,FAQ,2026-01-21,2401.0,2401.0,2401.0,2.5,Rs./Quintal,Metric Tonnes
Madhya Pradesh,Morena,Kailaras APMC,Bajra(Pearl Millet/Cumbu),Millet,FAQ,2026-01-21,1923.0,1960.0,1950.0,39.398,Rs./Quintal,Metric Tonnes
Madhya Pradesh,Morena,Kailaras APMC,Mustard,Mustard,FAQ,2026-01-21,6450.0,6725.0,6634.0,43.77,Rs./Quintal,Metric Tonnes
Madhya Pradesh,Morena,Kailaras APMC,"Sesamum(Sesame,Gingelly,Til)",Sesame,FAQ,2026-01-21,8890.0,8890.0,8890.0,0.05,Rs./Quintal,Metric Tonnes
Madhya Pradesh,Morena,Kailaras APMC,Soyabean,Soyabeen,FAQ,2026-01-21,4927.0,4981.0,4981.0,0.9,Rs./Quintal,Metric Tonnes
Madhya Pradesh,Morena,Kailaras APMC,Wheat,Wheat,FAQ,2026-01-21,2551.0,2601.0,2601.0,5.2330000000000005,Rs./Quintal,Metric Tonnes
Madhya Pradesh,Shajapur,Kalapipal APMC,Bengal Gram(Gram)(Whole),Gram,FAQ,2026-01-21,5051.0,5051.0,5051.0,0.049,Rs./Quintal,Metric Tonnes
Madhya Pradesh,Shajapur,Kalapipal APMC,Coriander(Leaves),Coriander,FAQ,2026-01-21,7600.0,7600.0,7600.0,0.020000000000000004,Rs./Bundle,Bundle
Madhya Pradesh,Shajapur,Kalapipal APMC,Garlic,Garlic,FAQ,2026-01-21,550.0,10751.0,6900.0,22.113,Rs./Quintal,Metric Tonnes
Madhya Pradesh,Shajapur,Kalapipal APMC,Lentil(Masur)(Whole),Masur Dal,FAQ,2026-01-21,5651.0,5900.0,5900.0,1.006,Rs./Quintal,Metric Tonnes
Madhya Pradesh,Shajapur,Kalapipal APMC,Lentil(Masur)(Whole),Masur Dal,Non-FAQ,2026-01-21,5201.0,5800.0,5800.0,0.168,Rs./Quintal,Metric Tonnes
Madhya Pradesh,Shajapur,Kalapipal APMC,Mustard,Mustard,FAQ,2026-01-21,6200.0,6200.0,6200.0,0.099,Rs./Quintal,Metric Tonnes
Madhya Pradesh,Shajapur,Kalapipal APMC,Onion,Onion,FAQ,2026-01-21,100.0,1580.0,701.0,21.354,Rs./Quintal,Metric Tonnes
Madhya Pradesh,Shajapur,Kalapipal APMC,Potato,Potato,FAQ,2026-01-21,435.0,585.0,585.0,5.162,Rs./Quintal,Metric Tonnes
Madhya Pradesh,Shajapur,Kalapipal APMC,Soyabean,Yellow,Non-FAQ,2026-01-21,2801.0,2801.0,2801.0,0.09000000000000001,Rs./Quintal,Metric Tonnes
Madhya Pradesh,Shajapur,Kalapipal APMC,Soyabean,Yellow,FAQ,2026-01-21,2001.0,5365.0,5200.0,37.955000000000005,Rs./Quintal,Metric Tonnes
Madhya Pradesh,Shajapur,Kalapipal APMC,Wheat,Wheat,Non-FAQ,2026-01-21,2426.0,2748.0,2451.0,10.459000000000001,Rs./Quintal,Metric Tonnes
Madhya Pradesh,Shajapur,Kalapipal APMC,Wheat,Wheat,FAQ,2026-01-21,2425.0,2748.0,2560.0,15.597000000000001,Rs./Quintal,Metric Tonnes
Madhya Pradesh,Shajapur,Kalapipal APMC,Wheat,Lokwan,Non-FAQ,2026-01-21,2716.0,2716.0,2716.0,1.367,Rs./Quintal,Metric Tonnes
Madhya Pradesh,Dewas,Kannod APMC,Bengal Gram(Gram)(Whole),Gram,FAQ,2026-01-21,4701.0,5080.0,4800.0,2.9410000000000003,Rs./Quintal,Metric Tonnes
Madhya Pradesh,Dewas,Kannod APMC,Green Gram(Moong)(Whole),Green (Whole),FAQ,2026-01-21,5801.0,5801.0,5801.0,0.313,Rs./Quintal,Metric Tonnes
Madhya Pradesh,Dewas,Kannod APMC,Maize,Local,FAQ,2026-01-21,1321.0,1660.0,1551.0,161.735,Rs./Quintal,Metric Tonnes
Madhya Pradesh,Dewas,Kannod APMC,Red gram/Arhar/Tur(whole),Arhar Dal(Tur),FAQ,2026-01-21,5501.0,6876.0,6000.0,8.455,Rs./Quintal,Metric Tonnes
Madhya Pradesh,Dewas,Kannod APMC,Soyabean,Soyabeen,FAQ,2026-01-21,4070.0,5190.0,4951.0,6.552,Rs./Quintal,Metric Tonnes
Madhya Pradesh,Dewas,Kannod APMC,Wheat,Wheat,FAQ,2026-01-21,2400.0,2585.0,2400.0,20.502000000000002,Rs./Quintal,Metric Tonnes
Madhya Pradesh,Narsinghpur,Kareli APMC,Bengal Gram(Gram)(Whole),Gram,FAQ,2026-01-21,3151.0,6366.0,5200.0,118.405,Rs./Quintal,Metric Tonnes
Madhya Pradesh,Narsinghpur,Kareli APMC,Black Gram(Urd Beans)(Whole),Urda/Urd,FAQ,2026-01-21,6440.0,7600.0,7600.0,0.605,Rs./Quintal,Metric Tonnes
Madhya Pradesh,Narsinghpur,Kareli APMC,Gur(Jaggery),Jaggery,FAQ,2026-01-21,3175.0,3988.0,3935.0,303.321,Rs./Quintal,Metric Tonnes
Madhya Pradesh,Narsinghpur,Kareli APMC,Lentil(Masur)(Whole),Masur Dal,FAQ,2026-01-21,5471.0,6340.0,6140.0,32.980000000000004,Rs./Quintal,Metric Tonnes
Madhya Pradesh,Narsinghpur,Kareli APMC,Maize,Local,FAQ,2026-01-21,1461.0,1626.0,1600.0,52.78,Rs./Quintal,Metric Tonnes
Madhya Pradesh,Narsinghpur,Kareli APMC,Red gram/Arhar/Tur(whole),Arhar Dal(Tur),FAQ,2026-01-21,6001.0,7075.0,7075.0,5.44,Rs./Quintal,Metric Tonnes
Madhya Pradesh,Narsinghpur,Kareli APMC,Soyabean,Soyabeen,FAQ,2026-01-21,4000.0,6200.0,5156.0,24.5,Rs./Quintal,Metric Tonnes
Madhya Pradesh,Narsinghpur,Kareli APMC,Wheat,Wheat,FAQ,2026-01-21,2300.0,2600.0,2500.0,43.865,Rs./Quintal,Metric Tonnes
Madhya Pradesh,Narsinghpur,Kareli APMC,buttery,Buttery,FAQ,2026-01-21,3000.0,4800.0,4800.0,0.635,Rs./Quintal,Metric Tonnes
Madhya Pradesh,Shivpuri,Karera APMC,Groundnut,Big (With Shell),FAQ,2026-01-21,5150.0,6201.0,6201.0,20.490000000000002,Rs./Quintal,Metric Tonnes
Madhya Pradesh,Shivpuri,Karera APMC,Groundnut,Big (With Shell),Non-FAQ,2026-01-21,6400.0,6500.0,6500.0,24.315,Rs./Quintal,Metric Tonnes
Madhya Pradesh,Shivpuri,Karera APMC,Wheat,Mill Quality,FAQ,2026-01-21,2350.0,2411.0,2411.0,53.14500000000001,Rs./Quintal,Metric Tonnes
Madhya Pradesh,Shivpuri,Karera APMC,Wheat,Wheat,Non-FAQ,2026-01-21,2400.0,2540.0,2540.0,50.105000000000004,Rs./Quintal,Metric Tonnes
Madhya Pradesh,Khargone,Karhi APMC,Cotton,Without Ginned Cotton,FAQ,2026-01-21,6900.0,7710.0,7200.0,53.79500000000001,Rs./Quintal,Metric Tonnes
Madhya Pradesh,Khargone,Karhi APMC,Maize,Local,FAQ,2026-01-21,1605.0,1720.0,1720.0,11.89,Rs./Quintal,Metric Tonnes
Madhya Pradesh,Khargone,Karhi APMC,Soyabean,Soyabeen,FAQ,2026-01-21,5250.0,5250.0,5250.0,1.3,Rs./Quintal,Metric Tonnes
Madhya Pradesh,Khargone,Kasrawad APMC,Wheat,Wheat,FAQ,2026-01-21,2525.0,2782.77,2685.0,253.15700000000004,Rs./Quintal,Metric Tonnes
Madhya Pradesh,Khargone,Kasrawad APMC,Wheat,Wheat Mix,FAQ,2026-01-21,2625.0,2630.0,2630.0,9.295,Rs./Quintal,Metric Tonnes
Madhya Pradesh,Khargone,Kasrawad APMC,Wheat,Mill Quality,FAQ,2026-01-21,2600.0,2680.0,2680.0,7.565000000000001,Rs./Quintal,Metric Tonnes
Madhya Pradesh,Katni,Katni APMC,Barley(Jau),Barley,Non-FAQ,2026-01-21,2399.0,2433.0,2425.0,2.849,Rs./Quintal,Metric Tonnes
Madhya Pradesh,Katni,Katni APMC,Bengal Gram(Gram)(Whole),Gram,Non-FAQ,2026-01-21,3500.0,5621.0,5560.0,107.931,Rs./Quintal,Metric Tonnes
Madhya Pradesh,Katni,Katni APMC,Bengal Gram(Gram)(Whole),Gram,FAQ,2026-01-21,4900.0,4900.0,4900.0,0.15000000000000002,Rs./Quintal,Metric Tonnes
Madhya Pradesh,Katni,Katni APMC,Cummin Seed(Jeera),Cummin Seed(Jeera),FAQ,2026-01-21,19960.14,19960.14,19960.14,8.58,Rs./Quintal,Metric Tonnes
Madhya Pradesh,Katni,Katni APMC,Green Gram(Moong)(Whole),Green (Whole),Non-FAQ,2026-01-21,2900.0,5100.0,5100.0,0.537,Rs./Quintal,Metric Tonnes
Madhya Pradesh,Katni,Katni APMC,Lentil(Masur)(Whole),Masur Dal,FAQ,2026-01-21,5575.0,5575.0,5575.0,40.04,Rs./Quintal,Metric Tonnes
Madhya Pradesh,Katni,Katni APMC,Lentil(Masur)(Whole),Masur Dal,Non-FAQ,2026-01-21,5500.0,5900.0,5900.0,3.9770000000000003,Rs./Quintal,Metric Tonnes
Madhya Pradesh,Katni,Katni APMC,Maize,Local,Non-FAQ,2026-01-21,1560.0,1571.0,1571.0,6.115,Rs./Quintal,Metric Tonnes
Madhya Pradesh,Katni,Katni APMC,Mustard,Mustard,Non-FAQ,2026-01-21,4600.0,7000.0,6354.0,49.728,Rs./Quintal,Metric Tonnes
Madhya Pradesh,Katni,Katni APMC,Paddy(Common),Dhan,Non-FAQ,2026-01-21,1700.0,2271.0,1900.0,97.113,Rs./Quintal,Metric Tonnes
Madhya Pradesh,Katni,Katni APMC,Potato,Potato,FAQ,2026-01-21,420.0,420.0,420.0,30.55,Rs./Quintal,Metric Tonnes
Madhya Pradesh,Katni,Katni APMC,Red gram/Arhar/Tur(whole),Arhar Dal(Tur),FAQ,2026-01-21,6027.06,7756.97,6027.06,501.341,Rs./Quintal,Metric Tonnes
Madhya Pradesh,Katni,Katni APMC,Red gram/Arhar/Tur(whole),Arhar Dal(Tur),Non-FAQ,2026-01-21,4800.0,6752.0,6752.0,3.535,Rs./Quintal,Metric Tonnes
Madhya Pradesh,Katni,Katni APMC,"Sesamum(Sesame,Gingelly,Til)",Sesame,Non-FAQ,2026-01-21,8010.0,8010.0,8010.0,0.068,Rs./Quintal,Metric Tonnes
Madhya Pradesh,Katni,Katni APMC,Wheat,Mill Quality,FAQ,2026-01-21,2475.0,2710.0,2475.0,59.300000000000004,Rs./Quintal,Metric Tonnes
Madhya Pradesh,Katni,Katni APMC,Wheat,Mill Quality,Non-FAQ,2026-01-21,2400.0,2480.0,2480.0,76.4,Rs./Quintal,Metric Tonnes
Madhya Pradesh,Katni,Katni APMC,Wheat,Wheat,Non-FAQ,2026-01-21,2221.0,2660.0,2540.0,303.539,Rs./Quintal,Metric Tonnes
Madhya Pradesh,Katni,Katni APMC,Wheat,Wheat,FAQ,2026-01-21,2475.0,2600.0,2600.0,93.11000000000001,Rs./Quintal,Metric Tonnes
Madhya Pradesh,Seoni,Keolari APMC,Maize,Local,FAQ,2026-01-21,1630.0,1720.0,1708.0,545.6,Rs./Quintal,Metric Tonnes
Madhya Pradesh,Sagar,Kesli APMC,Wheat,Wheat,FAQ,2026-01-21,2465.0,2500.0,2490.0,50.643,Rs./Quintal,Metric Tonnes
Madhya Pradesh,Ujjain,Khachrod APMC,Soyabean,Soyabeen,FAQ,2026-01-21,4401.0,5231.0,5061.0,23.115000000000002,Rs./Quintal,Metric Tonnes
Madhya Pradesh,Ujjain,Khachrod APMC,Wheat,Local,FAQ,2026-01-21,2500.0,2716.0,2716.0,0.9730000000000001,Rs./Quintal,Metric Tonnes
Madhya Pradesh,Ujjain,Khachrod APMC,Wheat,Wheat,FAQ,2026-01-21,2550.0,2700.0,2691.0,13.847999999999999,Rs./Quintal,Metric Tonnes
Madhya Pradesh,Ujjain,Khachrod APMC,Wheat,Wheat Mix,FAQ,2026-01-21,2400.0,2400.0,2400.0,8.01,Rs./Quintal,Metric Tonnes
Madhya Pradesh,Khandwa,Khandwa APMC,Bengal Gram(Gram)(Whole),Gram,FAQ,2026-01-21,4500.0,5400.0,5350.0,9.928,Rs./Quintal,Metric Tonnes
Madhya Pradesh,Khandwa,Khandwa APMC,Cotton,Without Ginned Cotton,FAQ,2026-01-21,6600.0,8010.0,7690.0,136.673,Rs./Quintal,Metric Tonnes
Madhya Pradesh,Khandwa,Khandwa APMC,Maize,Local,FAQ,2026-01-21,1327.0,1741.0,1575.0,532.572,Rs./Quintal,Metric Tonnes
Madhya Pradesh,Khandwa,Khandwa APMC,Onion,Local,FAQ,2026-01-21,600.0,800.0,800.0,52.6,Rs./Quintal,Metric Tonnes
Madhya Pradesh,Khandwa,Khandwa APMC,Red gram/Arhar/Tur(whole),Arhar Dal(Tur),FAQ,2026-01-21,3400.0,7112.0,6000.0,67.754,Rs./Quintal,Metric Tonnes
Madhya Pradesh,Khandwa,Khandwa APMC,Soyabean,Yellow,FAQ,2026-01-21,3400.0,5771.0,4950.0,76.863,Rs./Quintal,Metric Tonnes
Madhya Pradesh,Khandwa,Khandwa APMC,Wheat,Mill Quality,FAQ,2026-01-21,2101.0,2703.0,2550.0,201.901,Rs./Quintal,Metric Tonnes
Madhya Pradesh,Khandwa,Khandwa APMC,Wheat,Wheat,FAQ,2026-01-21,2518.0,2661.0,2661.0,48.11000000000001,Rs./Quintal,Metric Tonnes
Madhya Pradesh,Shivpuri,Khanyadhana APMC,Wheat,Mill Quality,FAQ,2026-01-21,2350.0,2495.0,2450.0,147.5,Rs./Quintal,Metric Tonnes
Madhya Pradesh,Shivpuri,Khanyadhana APMC,Wheat,Mill Quality,Non-FAQ,2026-01-21,2385.0,2545.0,2545.0,78.10000000000001,Rs./Quintal,Metric Tonnes
Madhya Pradesh,Tikamgarh,Khargapur APMC,Barley(Jau),Barley,FAQ,2026-01-21,2300.0,2300.0,2300.0,3.215,Rs./Quintal,Metric Tonnes
Madhya Pradesh,Tikamgarh,Khargapur APMC,Neem Seed,Neem Seed,FAQ,2026-01-21,1400.0,1900.0,1800.0,25.130000000000003,Rs./Quintal,Metric Tonnes
Madhya Pradesh,Tikamgarh,Khargapur APMC,Wheat,Mill Quality,FAQ,2026-01-21,2450.0,2589.0,2500.0,954.301,Rs./Quintal,Metric Tonnes
Madhya Pradesh,Khargone,Khargone APMC,Bengal Gram(Gram)(Whole),Gram,FAQ,2026-01-21,5200.0,5200.0,5200.0,0.137,Rs./Quintal,Metric Tonnes
Madhya Pradesh,Khargone,Khargone APMC,Cotton,Without Ginned Cotton,FAQ,2026-01-21,5635.0,8100.0,7885.0,322.685,Rs./Quintal,Metric Tonnes
Madhya Pradesh,Khargone,Khargone APMC,Maize,Local,Non-FAQ,2026-01-21,1375.0,1700.0,1566.0,69.23,Rs./Quintal,Metric Tonnes
Madhya Pradesh,Khargone,Khargone APMC,Maize,Local,FAQ,2026-01-21,1251.0,1750.0,1551.0,633.5140000000001,Rs./Quintal,Metric Tonnes
Madhya Pradesh,Khargone,Khargone APMC,Red gram/Arhar/Tur(whole),Arhar Dal(Tur),FAQ,2026-01-21,6000.0,7500.0,6400.0,230.506,Rs./Quintal,Metric Tonnes
Madhya Pradesh,Khargone,Khargone APMC,Soyabean,Soyabeen,FAQ,2026-01-21,3939.0,5445.0,5180.0,78.19900000000001,Rs./Quintal,Metric Tonnes
Madhya Pradesh,Khargone,Khargone APMC,Wheat,Wheat,FAQ,2026-01-21,2400.0,2800.0,2600.0,247.49099999999999,Rs./Quintal,Metric Tonnes
Madhya Pradesh,Khargone,Khargone APMC,Wheat,Sujatha,FAQ,2026-01-21,2550.0,2615.0,2615.0,5.265000000000001,Rs./Quintal,Metric Tonnes
Madhya Pradesh,Khargone,Khargone APMC,Wheat,Wheat,Non-FAQ,2026-01-21,2696.0,2696.0,2696.0,15.86,Rs./Quintal,Metric Tonnes
Madhya Pradesh,Dewas,Khategaon APMC,Bengal Gram(Gram)(Whole),Gram,FAQ,2026-01-21,2899.0,5226.0,5201.0,16.608,Rs./Quintal,Metric Tonnes
Madhya Pradesh,Dewas,Khategaon APMC,Black Gram(Urd Beans)(Whole),Urda/Urd,FAQ,2026-01-21,7511.0,7630.0,7620.0,15.39,Rs./Quintal,Metric Tonnes
Madhya Pradesh,Dewas,Khategaon APMC,Green Gram(Moong)(Whole),Green (Whole),FAQ,2026-01-21,1000.0,5140.0,5140.0,0.7610000000000001,Rs./Quintal,Metric Tonnes
Madhya Pradesh,Dewas,Khategaon APMC,Kabuli Chana(Chickpeas-White),Russian,FAQ,2026-01-21,4860.0,5201.0,5201.0,2.0940000000000003,Rs./Quintal,Metric Tonnes
Madhya Pradesh,Dewas,Khategaon APMC,Kabuli Chana(Chickpeas-White),Dollar Gram,FAQ,2026-01-21,2300.0,8251.0,8031.0,33.994,Rs./Quintal,Metric Tonnes
Madhya Pradesh,Dewas,Khategaon APMC,Maize,Local,FAQ,2026-01-21,601.0,1620.0,1550.0,892.3370000000001,Rs./Quintal,Metric Tonnes
Madhya Pradesh,Dewas,Khategaon APMC,Red gram/Arhar/Tur(whole),Arhar Dal(Tur),FAQ,2026-01-21,4900.0,6125.0,6051.0,2.418,Rs./Quintal,Metric Tonnes
Madhya Pradesh,Dewas,Khategaon APMC,Soyabean,Soyabeen,FAQ,2026-01-21,3000.0,5244.0,5141.0,52.50800000000001,Rs./Quintal,Metric Tonnes
Madhya Pradesh,Dewas,Khategaon APMC,Wheat,Wheat,FAQ,2026-01-21,2461.0,2590.0,2520.0,128.625,Rs./Quintal,Metric Tonnes
Madhya Pradesh,Shivpuri,Khatora APMC,Bengal Gram(Gram)(Whole),Gram,Non-FAQ,2026-01-21,4650.0,4650.0,4650.0,2.2,Rs./Quintal,Metric Tonnes
Madhya Pradesh,Shivpuri,Khatora APMC,Bengal Gram(Gram)(Whole),Gram,FAQ,2026-01-21,4627.0,4627.0,4627.0,2.2,Rs./Quintal,Metric Tonnes
Madhya Pradesh,Shivpuri,Khatora APMC,Maize,Local,FAQ,2026-01-21,1385.0,1411.0,1411.0,41.2,Rs./Quintal,Metric Tonnes
Madhya Pradesh,Shivpuri,Khatora APMC,Maize,Local,Non-FAQ,2026-01-21,1350.0,1618.0,1470.0,149.072,Rs./Quintal,Metric Tonnes
Madhya Pradesh,Shivpuri,Khatora APMC,Wheat,Wheat,Non-FAQ,2026-01-21,2699.0,2699.0,2699.0,0.8119999999999999,Rs./Quintal,Metric Tonnes
Madhya Pradesh,Shivpuri,Khatora APMC,Wheat,Wheat,FAQ,2026-01-21,2600.0,2660.0,2600.0,4.7,Rs./Quintal,Metric Tonnes
Madhya Pradesh,Badwani,Khetia APMC,Cotton,Without Ginned Cotton,FAQ,2026-01-21,6800.0,8980.0,7900.0,263.239,Rs./Quintal,Metric Tonnes
Madhya Pradesh,Badwani,Khetia APMC,Groundnut,Big (With Shell),FAQ,2026-01-21,7125.0,7125.0,7125.0,0.27999999999999997,Rs./Quintal,Metric Tonnes
Madhya Pradesh,Badwani,Khetia APMC,Maize,Yellow,FAQ,2026-01-21,1595.0,1725.0,1690.0,58.400000000000006,Rs./Quintal,Metric Tonnes
Madhya Pradesh,Badwani,Khetia APMC,Soyabean,Soyabeen,FAQ,2026-01-21,2805.0,4300.0,4300.0,2.795,Rs./Quintal,Metric Tonnes
Madhya Pradesh,Rajgarh,Khilchipur APMC,Bengal Gram(Gram)(Whole),Gram,FAQ,2026-01-21,5155.0,5155.0,5155.0,0.03,Rs./Quintal,Metric Tonnes
Madhya Pradesh,Rajgarh,Khilchipur APMC,Lentil(Masur)(Whole),Masur Dal,FAQ,2026-01-21,6330.0,6330.0,6330.0,0.04000000000000001,Rs./Quintal,Metric Tonnes
Madhya Pradesh,Rajgarh,Khilchipur APMC,Maize,Local,FAQ,2026-01-21,1438.0,1766.0,1690.0,53.913000000000004,Rs./Quintal,Metric Tonnes
Madhya Pradesh,Rajgarh,Khilchipur APMC,Soyabean,Soyabeen,FAQ,2026-01-21,4600.0,5265.0,5265.0,4.564,Rs./Quintal,Metric Tonnes
Madhya Pradesh,Rajgarh,Khilchipur APMC,Wheat,Mill Quality,FAQ,2026-01-21,2105.0,2575.0,2569.0,25.354,Rs./Quintal,Metric Tonnes
Madhya Pradesh,Harda,Khirakiya APMC,Bengal Gram(Gram)(Whole),Desi (F.A.Q. Split),Non-FAQ,2026-01-21,4752.0,4998.0,4998.0,1.9620000000000002,Rs./Quintal,Metric Tonnes
Madhya Pradesh,Harda,Khirakiya APMC,Bengal Gram(Gram)(Whole),Gram,Non-FAQ,2026-01-21,4801.0,4850.0,4850.0,0.42000000000000004,Rs./Quintal,Metric Tonnes
Madhya Pradesh,Harda,Khirakiya APMC,Green Gram(Moong)(Whole),Green (Whole),Non-FAQ,2026-01-21,3101.0,7440.0,7440.0,0.54,Rs./Quintal,Metric Tonnes
Madhya Pradesh,Harda,Khirakiya APMC,Maize,Local,Non-FAQ,2026-01-21,1000.0,1669.0,1620.0,417.623,Rs./Quintal,Metric Tonnes
Madhya Pradesh,Harda,Khirakiya APMC,Red gram/Arhar/Tur(whole),Arhar Dal(Tur),Non-FAQ,2026-01-21,5991.0,5991.0,5991.0,0.524,Rs./Quintal,Metric Tonnes
Madhya Pradesh,Harda,Khirakiya APMC,Soyabean,Soyabeen,Non-FAQ,2026-01-21,4099.0,5356.0,5356.0,32.509,Rs./Quintal,Metric Tonnes
Madhya Pradesh,Harda,Khirakiya APMC,Soyabean,Yellow,Non-FAQ,2026-01-21,3950.0,5035.0,5035.0,6.061,Rs./Quintal,Metric Tonnes
Madhya Pradesh,Harda,Khirakiya APMC,Soyabean,Yellow,FAQ,2026-01-21,3762.0,5296.0,5180.0,59.906,Rs./Quintal,Metric Tonnes
Madhya Pradesh,Harda,Khirakiya APMC,Wheat,Mill Quality,Non-FAQ,2026-01-21,2510.0,2599.0,2550.0,50.962,Rs./Quintal,Metric Tonnes
Madhya Pradesh,Rajgarh,Khujner APMC,Wheat,Mill Quality,FAQ,2026-01-21,2555.0,2555.0,2555.0,7.085,Rs./Quintal,Metric Tonnes
Madhya Pradesh,Sagar,Khurai APMC,Bengal Gram(Gram)(Whole),Gram,FAQ,2026-01-21,4550.0,5726.0,5000.0,65.47000000000001,Rs./Quintal,Metric Tonnes
Madhya Pradesh,Sagar,Khurai APMC,Black Gram(Urd Beans)(Whole),Urda/Urd,FAQ,2026-01-21,6800.0,6800.0,6800.0,0.096,Rs./Quintal,Metric Tonnes
Madhya Pradesh,Sagar,Khurai APMC,Green Peas,Pea,FAQ,2026-01-21,2450.0,3770.0,3770.0,1.736,Rs./Quintal,Metric Tonnes
Madhya Pradesh,Sagar,Khurai APMC,Lak(Teora),Tiwada,FAQ,2026-01-21,3360.0,3500.0,3500.0,11.205,Rs./Quintal,Metric Tonnes
Madhya Pradesh,Sagar,Khurai APMC,Lentil(Masur)(Whole),Masur Dal,FAQ,2026-01-21,5000.0,7310.0,6000.0,3.686,Rs./Quintal,Metric Tonnes
Madhya Pradesh,Sagar,Khurai APMC,Maize,Local,FAQ,2026-01-21,1472.0,1640.0,1640.0,14.950000000000001,Rs./Quintal,Metric Tonnes
Madhya Pradesh,Sagar,Khurai APMC,Mustard,Mustard,FAQ,2026-01-21,5780.0,6751.0,6751.0,0.8570000000000001,Rs./Quintal,Metric Tonnes
Madhya Pradesh,Sagar,Khurai APMC,Soyabean,Soyabeen,FAQ,2026-01-21,4465.0,5300.0,5231.0,16.949,Rs./Quintal,Metric Tonnes
Madhya Pradesh,Sagar,Khurai APMC,Wheat,Wheat,FAQ,2026-01-21,2448.0,3120.0,2551.0,92.245,Rs./Quintal,Metric Tonnes
Madhya Pradesh,Shivpuri,Kolaras APMC,Bengal Gram(Gram)(Whole),Gram,Non-FAQ,2026-01-21,4000.0,5380.0,5380.0,4.905,Rs./Quintal,Metric Tonnes
Madhya Pradesh,Shivpuri,Kolaras APMC,Bengal Gram(Gram)(Whole),Gram,FAQ,2026-01-21,5190.0,5190.0,5190.0,2.624,Rs./Quintal,Metric Tonnes
Madhya Pradesh,Shivpuri,Kolaras APMC,Black Gram(Urd Beans)(Whole),Urda/Urd,Non-FAQ,2026-01-21,5100.0,6945.0,6755.0,8.699,Rs./Quintal,Metric Tonnes
Madhya Pradesh,Shivpuri,Kolaras APMC,Black Gram(Urd Beans)(Whole),Urda/Urd,FAQ,2026-01-21,5280.0,5280.0,5280.0,33.589,Rs./Quintal,Metric Tonnes
Madhya Pradesh,Shivpuri,Kolaras APMC,Groundnut,Big (With Shell),Non-FAQ,2026-01-21,5700.0,6215.0,6215.0,1.4380000000000002,Rs./Quintal,Metric Tonnes
Madhya Pradesh,Shivpuri,Kolaras APMC,Groundnut,Big (With Shell),FAQ,2026-01-21,5450.0,5450.0,5450.0,12.0,Rs./Quintal,Metric Tonnes
Madhya Pradesh,Shivpuri,Kolaras APMC,Lentil(Masur)(Whole),Masur Dal,Non-FAQ,2026-01-21,5500.0,5500.0,5500.0,0.11699999999999999,Rs./Quintal,Metric Tonnes
Madhya Pradesh,Shivpuri,Kolaras APMC,Maize,Local,Non-FAQ,2026-01-21,1230.0,1835.0,1640.0,1109.785,Rs./Quintal,Metric Tonnes
Madhya Pradesh,Shivpuri,Kolaras APMC,Mustard,Mustard,Non-FAQ,2026-01-21,5300.0,6595.0,6595.0,14.01,Rs./Quintal,Metric Tonnes
Madhya Pradesh,Shivpuri,Kolaras APMC,Mustard,Mustard,FAQ,2026-01-21,5800.0,6835.0,6835.0,42.30500000000001,Rs./Quintal,Metric Tonnes
Madhya Pradesh,Shivpuri,Kolaras APMC,Red gram/Arhar/Tur(whole),Arhar Dal(Tur),Non-FAQ,2026-01-21,5825.0,5825.0,5825.0,0.659,Rs./Quintal,Metric Tonnes
Madhya Pradesh,Shivpuri,Kolaras APMC,Soyabean,Soyabeen,Non-FAQ,2026-01-21,4780.0,5100.0,5100.0,9.345,Rs./Quintal,Metric Tonnes
Madhya Pradesh,Shivpuri,Kolaras APMC,Soyabean,Soyabeen,FAQ,2026-01-21,4305.0,5170.0,5170.0,9.106,Rs./Quintal,Metric Tonnes
Madhya Pradesh,Shivpuri,Kolaras APMC,Wheat,Wheat,FAQ,2026-01-21,2500.0,2535.0,2525.0,18.926,Rs./Quintal,Metric Tonnes
Madhya Pradesh,Shivpuri,Kolaras APMC,Wheat,Wheat,Non-FAQ,2026-01-21,2495.0,2525.0,2525.0,3.3049999999999997,Rs./Quintal,Metric Tonnes
Madhya Pradesh,Mandla,Krishi Upaj Mandi Samiti Bichhiya,Kutki,Kutki,FAQ,2026-01-21,4030.0,4450.0,4100.0,55.18,Rs./Quintal,Metric Tonnes
Madhya Pradesh,Mandla,Krishi Upaj Mandi Samiti Bichhiya,Maize,Local,Non-FAQ,2026-01-21,1500.0,1500.0,1500.0,7.5,Rs./Quintal,Metric Tonnes
Madhya Pradesh,Mandla,Krishi Upaj Mandi Samiti Bichhiya,Mustard,Mustard,Non-FAQ,2026-01-21,5000.0,5000.0,5000.0,4.0,Rs./Quintal,Metric Tonnes
Madhya Pradesh,Mandla,Krishi Upaj Mandi Samiti Bichhiya,Niger Seed(Ramtil),Ramatilli,Non-FAQ,2026-01-21,9501.0,9800.0,9800.0,8.0,Rs./Quintal,Metric Tonnes
Madhya Pradesh,Mandla,Krishi Upaj Mandi Samiti Bichhiya,Paddy(Common),Dhan,Non-FAQ,2026-01-21,2100.0,2100.0,2100.0,7.0,Rs./Quintal,Metric Tonnes
Madhya Pradesh,Mandla,Krishi Upaj Mandi Samiti Bichhiya,Paddy(Common),Dhan,FAQ,2026-01-21,2030.0,2160.0,2160.0,54.58,Rs./Quintal,Metric Tonnes
Madhya Pradesh,Mandla,Krishi Upaj Mandi Samiti Bichhiya,Paddy(Common),Common,FAQ,2026-01-21,2070.0,2090.0,2085.0,47.24,Rs./Quintal,Metric Tonnes
Madhya Pradesh,Mandla,Krishi Upaj Mandi Samiti Bichhiya,Paddy(Common),Common,Non-FAQ,2026-01-21,1950.0,1980.0,1950.0,139.5,Rs./Quintal,Metric Tonnes
Madhya Pradesh,Mandla,Krishi Upaj Mandi Samiti Bichhiya,Wheat,Mill Quality,Non-FAQ,2026-01-21,2300.0,2300.0,2300.0,3.0,Rs./Quintal,Metric Tonnes
Madhya Pradesh,Dhar,Kukshi APMC,Cotton,Without Ginned Cotton,Non-FAQ,2026-01-21,5400.0,7460.0,7440.0,33.64,Rs./Quintal,Metric Tonnes
Madhya Pradesh,Dhar,Kukshi APMC,Cotton,Without Ginned Cotton,FAQ,2026-01-21,6500.0,7900.0,7500.0,231.462,Rs./Quintal,Metric Tonnes
Madhya Pradesh,Dhar,Kukshi APMC,Kabuli Chana(Chickpeas-White),Dollar Gram,FAQ,2026-01-21,7712.0,7712.0,7712.0,7.1000000000000005,Rs./Quintal,Metric Tonnes
Madhya Pradesh,Dhar,Kukshi APMC,Maize,Local,FAQ,2026-01-21,1240.0,1900.0,1600.0,159.37,Rs./Quintal,Metric Tonnes
Madhya Pradesh,Dhar,Kukshi APMC,Maize,Deshi White,FAQ,2026-01-21,1605.0,1655.0,1655.0,4.4750000000000005,Rs./Quintal,Metric Tonnes
Madhya Pradesh,Dhar,Kukshi APMC,Maize,Local,Non-FAQ,2026-01-21,1230.0,1655.0,1640.0,46.595,Rs./Quintal,Metric Tonnes
Madhya Pradesh,Dhar,Kukshi APMC,Soyabean,Soyabeen,FAQ,2026-01-21,4680.0,4720.0,4720.0,12.41,Rs./Quintal,Metric Tonnes
Madhya Pradesh,Dhar,Kukshi APMC,Wheat,Wheat,FAQ,2026-01-21,2300.0,2610.0,2500.0,134.656,Rs./Quintal,Metric Tonnes
Madhya Pradesh,Dhar,Kukshi APMC,Wheat,Wheat,Non-FAQ,2026-01-21,2450.0,2580.0,2580.0,21.265,Rs./Quintal,Metric Tonnes
Madhya Pradesh,Guna,Kumbhraj APMC,Bengal Gram(Gram)(Whole),Gram,Non-FAQ,2026-01-21,5195.0,5310.0,5310.0,15.517,Rs./Quintal,Metric Tonnes
Madhya Pradesh,Guna,Kumbhraj APMC,Coriander(Leaves),Coriander,FAQ,2026-01-21,8850.0,9950.0,9950.0,6.41,Rs./Bundle,Bundle
Madhya Pradesh,Guna,Kumbhraj APMC,Maize,Local,FAQ,2026-01-21,1465.0,1695.0,1540.0,375.158,Rs./Quintal,Metric Tonnes
Madhya Pradesh,Guna,Kumbhraj APMC,Maize,Local,Non-FAQ,2026-01-21,1545.0,1600.0,1560.0,13.545,Rs./Quintal,Metric Tonnes
Madhya Pradesh,Guna,Kumbhraj APMC,Maize,Yellow,Non-FAQ,2026-01-21,1540.0,1625.0,1610.0,18.251,Rs./Quintal,Metric Tonnes
Madhya Pradesh,Guna,Kumbhraj APMC,Soyabean,Soyabeen,FAQ,2026-01-21,4845.0,4845.0,4845.0,0.511,Rs./Quintal,Metric Tonnes
Madhya Pradesh,Guna,Kumbhraj APMC,Wheat,Wheat Mix,FAQ,2026-01-21,2450.0,2515.0,2515.0,25.469,Rs./Quintal,Metric Tonnes
Madhya Pradesh,Guna,Kumbhraj APMC,Wheat,Mill Quality,FAQ,2026-01-21,2305.0,2405.0,2405.0,8.950000000000001,Rs./Quintal,Metric Tonnes
Madhya Pradesh,Guna,Kumbhraj APMC,Wheat,Wheat,FAQ,2026-01-21,2500.0,2595.0,2595.0,6.640000000000001,Rs./Quintal,Metric Tonnes
Madhya Pradesh,Guna,Kumbhraj APMC,Wheat,Wheat,Non-FAQ,2026-01-21,2645.0,2650.0,2650.0,2.0140000000000002,Rs./Quintal,Metric Tonnes
Madhya Pradesh,Vidisha,Kurwai APMC,Wheat,Wheat,Non-FAQ,2026-01-21,2650.0,2650.0,2650.0,10.628,Rs./Quintal,Metric Tonnes
Madhya Pradesh,Bhind,Lahar APMC,Bajra(Pearl Millet/Cumbu),Millet,FAQ,2026-01-21,1850.0,1955.0,1955.0,27.205000000000002,Rs./Quintal,Metric Tonnes
Madhya Pradesh,Bhind,Lahar APMC,Mustard,Mustard,FAQ,2026-01-21,6492.0,6610.0,6531.0,11.4,Rs./Quintal,Metric Tonnes
Madhya Pradesh,Bhind,Lahar APMC,"Sesamum(Sesame,Gingelly,Til)",Sesame,FAQ,2026-01-21,8400.0,8400.0,8400.0,0.4,Rs./Quintal,Metric Tonnes
Madhya Pradesh,Bhind,Lahar APMC,Wheat,Local,FAQ,2026-01-21,2530.0,2540.0,2540.0,9.9,Rs./Quintal,Metric Tonnes
Madhya Pradesh,Bhind,Lahar APMC,Wheat,Wheat,FAQ,2026-01-21,2503.0,2580.0,2536.0,74.0,Rs./Quintal,Metric Tonnes
Madhya Pradesh,Seoni,Lakhnadon APMC,Maize,Local,Non-FAQ,2026-01-21,1515.0,1581.0,1581.0,53.400000000000006,Rs./Quintal,Metric Tonnes
Madhya Pradesh,Seoni,Lakhnadon APMC,Maize,Yellow,FAQ,2026-01-21,1574.0,1625.0,1595.0,153.9,Rs./Quintal,Metric Tonnes
Madhya Pradesh,Seoni,Lakhnadon APMC,Maize,Yellow,Non-FAQ,2026-01-21,1500.0,1550.0,1550.0,25.0,Rs./Quintal,Metric Tonnes
Madhya Pradesh,Seoni,Lakhnadon APMC,Maize,Local,FAQ,2026-01-21,1650.0,1700.0,1700.0,23.400000000000002,Rs./Quintal,Metric Tonnes
Madhya Pradesh,Seoni,Lakhnadon APMC,Wheat,Mill Quality,Non-FAQ,2026-01-21,2400.0,2411.0,2411.0,19.0,Rs./Quintal,Metric Tonnes
Madhya Pradesh,Gwalior,Lashkar APMC,Bajra(Pearl Millet/Cumbu),Millet,FAQ,2026-01-21,1880.0,1880.0,1880.0,2.2,Rs./Quintal,Metric Tonnes
Madhya Pradesh,Gwalior,Lashkar APMC,Bengal Gram(Gram)(Whole),Gram,FAQ,2026-01-21,5370.0,5370.0,5370.0,1.3,Rs./Quintal,Metric Tonnes
Madhya Pradesh,Gwalior,Lashkar APMC,Green Peas,Pea,FAQ,2026-01-21,3600.0,3600.0,3600.0,3.6,Rs./Quintal,Metric Tonnes
Madhya Pradesh,Gwalior,Lashkar APMC,Jowar(Sorghum),Jowar (Yellow),FAQ,2026-01-21,1960.0,1960.0,1960.0,30.355000000000004,Rs./Quintal,Metric Tonnes
Madhya Pradesh,Gwalior,Lashkar APMC,Mustard,Mustard,FAQ,2026-01-21,5900.0,7015.0,6830.0,74.875,Rs./Quintal,Metric Tonnes
Madhya Pradesh,Gwalior,Lashkar APMC,Paddy(Common),Dhan,FAQ,2026-01-21,3100.0,3585.0,3300.0,107.5,Rs./Quintal,Metric Tonnes
Madhya Pradesh,Gwalior,Lashkar APMC,Wheat,Wheat,FAQ,2026-01-21,2520.0,2580.0,2540.0,72.24,Rs./Quintal,Metric Tonnes
Madhya Pradesh,Vidisha,Lateri APMC,Maize,Yellow,Non-FAQ,2026-01-21,1230.0,1320.0,1230.0,47.0,Rs./Quintal,Metric Tonnes
Madhya Pradesh,Vidisha,Lateri APMC,Maize,Local,Non-FAQ,2026-01-21,1100.0,1580.0,1550.0,67.26,Rs./Quintal,Metric Tonnes
Madhya Pradesh,Vidisha,Lateri APMC,Maize,Local,FAQ,2026-01-21,1200.0,1730.0,1540.0,804.5680000000001,Rs./Quintal,Metric Tonnes
Madhya Pradesh,Vidisha,Lateri APMC,Wheat,Mill Quality,Non-FAQ,2026-01-21,2600.0,2625.0,2625.0,43.010000000000005,Rs./Quintal,Metric Tonnes
Madhya Pradesh,Vidisha,Lateri APMC,Wheat,Wheat,Non-FAQ,2026-01-21,2415.0,2415.0,2415.0,0.37400000000000005,Rs./Quintal,Metric Tonnes
Madhya Pradesh,Chhatarpur,LavKush Nagar(Laundi) APMC,Bengal Gram(Gram)(Whole),Desi (F.A.Q. Split),FAQ,2026-01-21,5400.0,5400.0,5400.0,2.6,Rs./Quintal,Metric Tonnes
Madhya Pradesh,Chhatarpur,LavKush Nagar(Laundi) APMC,Bengal Gram(Gram)(Whole),Desi (F.A.Q. Split),Non-FAQ,2026-01-21,5100.0,5100.0,5100.0,2.8000000000000003,Rs./Quintal,Metric Tonnes
Madhya Pradesh,Chhatarpur,LavKush Nagar(Laundi) APMC,Mustard,Mustard,Non-FAQ,2026-01-21,5875.0,6150.0,6050.0,65.312,Rs./Quintal,Metric Tonnes
Madhya Pradesh,Chhatarpur,LavKush Nagar(Laundi) APMC,Mustard,Mustard,FAQ,2026-01-21,6100.0,6500.0,6100.0,33.5,Rs./Quintal,Metric Tonnes
Madhya Pradesh,Chhatarpur,LavKush Nagar(Laundi) APMC,Red gram/Arhar/Tur(whole),Arhar Dal(Tur),Non-FAQ,2026-01-21,5200.0,5200.0,5200.0,1.5,Rs./Quintal,Metric Tonnes
Madhya Pradesh,Chhatarpur,LavKush Nagar(Laundi) APMC,"Sesamum(Sesame,Gingelly,Til)",White,Non-FAQ,2026-01-21,7500.0,8200.0,7500.0,9.700000000000001,Rs./Quintal,Metric Tonnes
Madhya Pradesh,Dewas,Loharda APMC,Bengal Gram(Gram)(Whole),Gram,FAQ,2026-01-21,4870.0,5040.0,5040.0,12.16,Rs./Quintal,Metric Tonnes
Madhya Pradesh,Dewas,Loharda APMC,Black Gram(Urd Beans)(Whole),Urda/Urd,FAQ,2026-01-21,8390.0,8630.0,8630.0,11.26,Rs./Quintal,Metric Tonnes
Madhya Pradesh,Dewas,Loharda APMC,Maize,Local,FAQ,2026-01-21,1359.0,1600.0,1541.0,282.14000000000004,Rs./Quintal,Metric Tonnes
Madhya Pradesh,Dewas,Loharda APMC,Red gram/Arhar/Tur(whole),Arhar Dal(Tur),FAQ,2026-01-21,6381.0,6381.0,6381.0,1.0050000000000001,Rs./Quintal,Metric Tonnes
Madhya Pradesh,Dewas,Loharda APMC,Wheat,Wheat,FAQ,2026-01-21,2406.0,2700.0,2540.0,60.05700000000001,Rs./Quintal,Metric Tonnes
Madhya Pradesh,Shivpuri,Magroni APMC,Groundnut,Big (With Shell),FAQ,2026-01-21,6084.0,7100.0,6200.0,10.200000000000001,Rs./Quintal,Metric Tonnes
Madhya Pradesh,Shivpuri,Magroni APMC,Paddy(Common),Paddy,FAQ,2026-01-21,1276.0,3726.0,3671.0,380.20000000000005,Rs./Quintal,Metric Tonnes
Madhya Pradesh,Shivpuri,Magroni APMC,Wheat,Wheat,FAQ,2026-01-21,2500.0,2558.0,2558.0,63.7,Rs./Quintal,Metric Tonnes
Madhya Pradesh,Ujjain,Mahidpur APMC,Mustard,Mustard,FAQ,2026-01-21,5500.0,5688.0,5688.0,0.924,Rs./Quintal,Metric Tonnes
Madhya Pradesh,Ujjain,Mahidpur APMC,Soyabean,Soyabeen,Non-FAQ,2026-01-21,940.0,4450.0,4450.0,3.6840000000000006,Rs./Quintal,Metric Tonnes
Madhya Pradesh,Ujjain,Mahidpur APMC,Soyabean,Soyabeen,FAQ,2026-01-21,2440.0,5876.0,5250.0,62.10900000000001,Rs./Quintal,Metric Tonnes
Madhya Pradesh,Ujjain,Mahidpur APMC,Wheat,Wheat,FAQ,2026-01-21,2231.0,2749.0,2451.0,51.202,Rs./Quintal,Metric Tonnes
Madhya Pradesh,Guna,Maksudangarh APMC,Bengal Gram(Gram)(Whole),Gram,FAQ,2026-01-21,4700.0,4700.0,4700.0,0.10600000000000001,Rs./Quintal,Metric Tonnes
Madhya Pradesh,Guna,Maksudangarh APMC,Coriander(Leaves),Coriander,FAQ,2026-01-21,7500.0,9600.0,9600.0,0.41500000000000004,Rs./Bundle,Bundle
Madhya Pradesh,Guna,Maksudangarh APMC,Maize,Local,Non-FAQ,2026-01-21,1473.0,1726.0,1575.0,265.196,Rs./Quintal,Metric Tonnes
Madhya Pradesh,Guna,Maksudangarh APMC,Maize,Local,FAQ,2026-01-21,1361.0,1676.0,1560.0,196.055,Rs./Quintal,Metric Tonnes
Madhya Pradesh,Guna,Maksudangarh APMC,Soyabean,Soyabeen,Non-FAQ,2026-01-21,4970.0,4970.0,4970.0,0.31000000000000005,Rs./Quintal,Metric Tonnes
Madhya Pradesh,Guna,Maksudangarh APMC,Soyabean,Soyabeen,FAQ,2026-01-21,4255.0,5835.0,5090.0,13.323,Rs./Quintal,Metric Tonnes
Madhya Pradesh,Guna,Maksudangarh APMC,Wheat,Wheat,FAQ,2026-01-21,2351.0,2671.0,2531.0,271.30300000000005,Rs./Quintal,Metric Tonnes
Madhya Pradesh,Sagar,Malthone APMC,Wheat,Wheat,FAQ,2026-01-21,2390.0,2540.0,2450.0,97.80000000000001,Rs./Quintal,Metric Tonnes
Madhya Pradesh,Neemuch,Manasa APMC,Bengal Gram(Gram)(Whole),Gram,FAQ,2026-01-21,4601.0,5241.0,4801.0,3.215,Rs./Quintal,Metric Tonnes
Madhya Pradesh,Neemuch,Manasa APMC,Black Gram(Urd Beans)(Whole),Urda/Urd,Non-FAQ,2026-01-21,4701.0,7201.0,6801.0,3.478,Rs./Quintal,Metric Tonnes
Madhya Pradesh,Neemuch,Manasa APMC,Coriander(Leaves),Coriander,FAQ,2026-01-21,8001.0,9471.0,9471.0,1.911,Rs./Bundle,Bundle
Madhya Pradesh,Neemuch,Manasa APMC,Linseed,Flaxseed,FAQ,2026-01-21,6666.0,7902.0,7902.0,2.0140000000000002,Rs./Quintal,Metric Tonnes
Madhya Pradesh,Neemuch,Manasa APMC,Maize,Local,FAQ,2026-01-21,1510.0,1695.0,1651.0,71.002,Rs./Quintal,Metric Tonnes
Madhya Pradesh,Neemuch,Manasa APMC,Maize,Local,Non-FAQ,2026-01-21,800.0,1551.0,1481.0,2.54,Rs./Quintal,Metric Tonnes
Madhya Pradesh,Neemuch,Manasa APMC,Methi Seeds,Methiseeds,FAQ,2026-01-21,5151.0,5691.0,5691.0,3.0170000000000003,Rs./Quintal,Metric Tonnes
Madhya Pradesh,Neemuch,Manasa APMC,Onion,Onion,Non-FAQ,2026-01-21,210.0,1220.0,1220.0,4.883,Rs./Quintal,Metric Tonnes
Madhya Pradesh,Neemuch,Manasa APMC,Soyabean,Soyabeen,FAQ,2026-01-21,1612.0,5345.0,5190.0,103.108,Rs./Quintal,Metric Tonnes
Madhya Pradesh,Neemuch,Manasa APMC,Wheat,Wheat,Non-FAQ,2026-01-21,2551.0,2665.0,2665.0,4.2,Rs./Quintal,Metric Tonnes
Madhya Pradesh,Neemuch,Manasa APMC,Wheat,Wheat,FAQ,2026-01-21,2451.0,2730.0,2600.0,43.018,Rs./Quintal,Metric Tonnes
Madhya Pradesh,Dhar,Manawar APMC,Kabuli Chana(Chickpeas-White),Dollar Gram,FAQ,2026-01-21,6550.0,7825.0,7825.0,16.479,Rs./Quintal,Metric Tonnes
Madhya Pradesh,Dhar,Manawar APMC,Maize,Yellow,FAQ,2026-01-21,1600.0,1600.0,1600.0,3.7750000000000004,Rs./Quintal,Metric Tonnes
Madhya Pradesh,Dhar,Manawar APMC,Maize,Local,FAQ,2026-01-21,1495.0,1661.0,1600.0,180.72500000000002,Rs./Quintal,Metric Tonnes
Madhya Pradesh,Dhar,Manawar APMC,Soyabean,Soyabeen,FAQ,2026-01-21,5010.0,5050.0,5050.0,4.474,Rs./Quintal,Metric Tonnes
Madhya Pradesh,Dhar,Manawar APMC,Wheat,Wheat,FAQ,2026-01-21,2550.0,2680.0,2650.0,132.385,Rs./Quintal,Metric Tonnes
Madhya Pradesh,Dhar,Manawar APMC,Wheat,Wheat,Non-FAQ,2026-01-21,2510.0,2550.0,2550.0,39.900000000000006,Rs./Quintal,Metric Tonnes
Madhya Pradesh,Mandla,Mandla APMC,Behada,Behada,FAQ,2026-01-21,1000.0,1000.0,1000.0,2.0,Rs./Quintal,Metric Tonnes
Madhya Pradesh,Mandla,Mandla APMC,Flax seeds,Flax seeds,FAQ,2026-01-21,7000.0,8500.0,8500.0,1.7800000000000002,Rs./Quintal,Metric Tonnes
Madhya Pradesh,Mandla,Mandla APMC,Harrah,Harrah,FAQ,2026-01-21,1000.0,1000.0,1000.0,2.0,Rs./Quintal,Metric Tonnes
Madhya Pradesh,Mandla,Mandla APMC,Kutki,Kutki,FAQ,2026-01-21,4400.0,4420.0,4400.0,17.5,Rs./Quintal,Metric Tonnes
Madhya Pradesh,Mandla,Mandla APMC,Maize,Local,Non-FAQ,2026-01-21,1800.0,1800.0,1800.0,14.100000000000001,Rs./Quintal,Metric Tonnes
Madhya Pradesh,Mandla,Mandla APMC,Maize,Local,FAQ,2026-01-21,1500.0,1500.0,1500.0,8.0,Rs./Quintal,Metric Tonnes
Madhya Pradesh,Mandla,Mandla APMC,Niger Seed(Ramtil),Ramatilli,FAQ,2026-01-21,9800.0,9850.0,9850.0,4.3,Rs./Quintal,Metric Tonnes
Madhya Pradesh,Mandla,Mandla APMC,Wheat,Local,Non-FAQ,2026-01-21,2300.0,2305.0,2305.0,23.1,Rs./Quintal,Metric Tonnes
Madhya Pradesh,Mandla,Mandla APMC,Wheat,Mill Quality,FAQ,2026-01-21,2410.0,2425.0,2425.0,30.0,Rs./Quintal,Metric Tonnes
Madhya Pradesh,Mandla,Mandla APMC,Wheat,Local,FAQ,2026-01-21,2405.0,2409.0,2409.0,10.0,Rs./Quintal,Metric Tonnes
Madhya Pradesh,Mandla,Mandla APMC,Wheat,Mill Quality,Non-FAQ,2026-01-21,2430.0,2450.0,2450.0,25.5,Rs./Quintal,Metric Tonnes
Madhya Pradesh,Mandsaur,Mandsaur APMC,Barley(Jau),Barley,Non-FAQ,2026-01-21,2516.0,2516.0,2516.0,1.239,Rs./Quintal,Metric Tonnes
Madhya Pradesh,Mandsaur,Mandsaur APMC,Bengal Gram(Gram)(Whole),Chana Kabuli,Non-FAQ,2026-01-21,3200.0,7352.0,6500.0,2.4770000000000003,Rs./Quintal,Metric Tonnes
Madhya Pradesh,Mandsaur,Mandsaur APMC,Bengal Gram(Gram)(Whole),Gram,Non-FAQ,2026-01-21,2800.0,5425.0,5000.0,13.591000000000001,Rs./Quintal,Metric Tonnes
Madhya Pradesh,Mandsaur,Mandsaur APMC,Black Gram(Urd Beans)(Whole),Urda/Urd,Non-FAQ,2026-01-21,2599.0,7000.0,7000.0,3.978,Rs./Quintal,Metric Tonnes
Madhya Pradesh,Mandsaur,Mandsaur APMC,Garlic,Garlic,FAQ,2026-01-21,2890.0,18500.0,7000.0,281.185,Rs./Quintal,Metric Tonnes
Madhya Pradesh,Mandsaur,Mandsaur APMC,Garlic,Garlic-Organic,FAQ,2026-01-21,4001.0,9300.0,7000.0,8.522,Rs./Quintal,Metric Tonnes
Madhya Pradesh,Mandsaur,Mandsaur APMC,Groundnut,Big (With Shell),Non-FAQ,2026-01-21,2500.0,8801.0,7101.0,88.99000000000001,Rs./Quintal,Metric Tonnes
Madhya Pradesh,Mandsaur,Mandsaur APMC,Groundnut,Groundnut seed,Non-FAQ,2026-01-21,5090.0,8600.0,6301.0,4.431,Rs./Quintal,Metric Tonnes
Madhya Pradesh,Mandsaur,Mandsaur APMC,Groundnut,Big (With Shell),FAQ,2026-01-21,6070.0,6070.0,6070.0,0.09200000000000001,Rs./Quintal,Metric Tonnes
Madhya Pradesh,Mandsaur,Mandsaur APMC,Isabgul(Psyllium),Isabgol,FAQ,2026-01-21,12981.0,14300.0,14300.0,0.258,Rs./Quintal,Metric Tonnes
Madhya Pradesh,Mandsaur,Mandsaur APMC,Lentil(Masur)(Whole),Masur Dal,Non-FAQ,2026-01-21,5201.0,6500.0,6500.0,3.106,Rs./Quintal,Metric Tonnes
Madhya Pradesh,Mandsaur,Mandsaur APMC,Maize,Local,Non-FAQ,2026-01-21,1100.0,2371.0,1690.0,46.088,Rs./Quintal,Metric Tonnes
Madhya Pradesh,Mandsaur,Mandsaur APMC,Mustard,Mustard,Non-FAQ,2026-01-21,4000.0,6586.0,6480.0,40.032000000000004,Rs./Quintal,Metric Tonnes
Madhya Pradesh,Mandsaur,Mandsaur APMC,Onion,Onion,FAQ,2026-01-21,200.0,1640.0,1500.0,64.104,Rs./Quintal,Metric Tonnes
Madhya Pradesh,Mandsaur,Mandsaur APMC,Onion,Onion,Non-FAQ,2026-01-21,300.0,1665.0,652.0,233.41100000000003,Rs./Quintal,Metric Tonnes
Madhya Pradesh,Mandsaur,Mandsaur APMC,Onion,Onion-Organic,FAQ,2026-01-21,100.0,1600.0,200.0,20.783,Rs./Quintal,Metric Tonnes
Madhya Pradesh,Mandsaur,Mandsaur APMC,"Sesamum(Sesame,Gingelly,Til)",Sesame,Non-FAQ,2026-01-21,2701.0,9480.0,9480.0,2.009,Rs./Quintal,Metric Tonnes
Madhya Pradesh,Mandsaur,Mandsaur APMC,Soyabean,Soyabeen,Non-FAQ,2026-01-21,2000.0,5900.0,5000.0,143.907,Rs./Quintal,Metric Tonnes
Madhya Pradesh,Mandsaur,Mandsaur APMC,Soyabean,Soyabeen,FAQ,2026-01-21,2000.0,5600.0,4500.0,89.44400000000002,Rs./Quintal,Metric Tonnes
Madhya Pradesh,Mandsaur,Mandsaur APMC,Wheat,Wheat,Non-FAQ,2026-01-21,2300.0,3041.0,2600.0,243.96,Rs./Quintal,Metric Tonnes
Madhya Pradesh,Mandsaur,Mandsaur APMC,Wheat,Wheat,FAQ,2026-01-21,2726.0,2726.0,2726.0,2.668,Rs./Quintal,Metric Tonnes
Madhya Pradesh,Satna,Mehar APMC,Kodo Millet(Varagu),Kondo,FAQ,2026-01-21,2075.0,2075.0,2075.0,9.0,Rs./Quintal,Metric Tonnes
Madhya Pradesh,Satna,Mehar APMC,Wheat,Local,Non-FAQ,2026-01-21,2475.0,2520.0,2500.0,33.830000000000005,Rs./Quintal,Metric Tonnes
Madhya Pradesh,Satna,Mehar APMC,Wheat,Wheat,Non-FAQ,2026-01-21,2400.0,2425.0,2400.0,35.19,Rs./Quintal,Metric Tonnes
Madhya Pradesh,Bhind,Mehgaon APMC,Mustard,Mustard,FAQ,2026-01-21,6500.0,6520.0,6510.0,12.26,Rs./Quintal,Metric Tonnes
Madhya Pradesh,Indore,Mhow APMC,Bengal Gram(Gram)(Whole),Gram,FAQ,2026-01-21,6901.0,6901.0,6901.0,0.523,Rs./Quintal,Metric Tonnes
Madhya Pradesh,Indore,Mhow APMC,Kabuli Chana(Chickpeas-White),Bitkey,FAQ,2026-01-21,3450.0,5141.0,5141.0,1.5430000000000001,Rs./Quintal,Metric Tonnes
Madhya Pradesh,Indore,Mhow APMC,Maize,Local,FAQ,2026-01-21,1400.0,1672.0,1672.0,1.7890000000000001,Rs./Quintal,Metric Tonnes
Madhya Pradesh,Indore,Mhow APMC,Soyabean,Soyabeen,FAQ,2026-01-21,2071.0,6281.0,5451.0,162.955,Rs./Quintal,Metric Tonnes
Madhya Pradesh,Indore,Mhow APMC,Soyabean,Soyabeen,Non-FAQ,2026-01-21,3500.0,3500.0,3500.0,0.674,Rs./Quintal,Metric Tonnes
Madhya Pradesh,Indore,Mhow APMC,Wheat,Wheat,Non-FAQ,2026-01-21,2505.0,2525.0,2525.0,5.48,Rs./Quintal,Metric Tonnes
Madhya Pradesh,Indore,Mhow APMC,Wheat,Wheat,FAQ,2026-01-21,2375.0,2731.0,2481.0,58.265,Rs./Quintal,Metric Tonnes
Madhya Pradesh,Balaghat,Mohgaon APMC,Kutki,Kutki,FAQ,2026-01-21,3000.0,3100.0,3000.0,7.0,Rs./Quintal,Metric Tonnes
Madhya Pradesh,Balaghat,Mohgaon APMC,Wheat,Wheat Mix,FAQ,2026-01-21,2455.0,2455.0,2455.0,12.0,Rs./Quintal,Metric Tonnes
Madhya Pradesh,Shajapur,Momanbadodiya APMC,Soyabean,Soyabeen,FAQ,2026-01-21,5000.0,5000.0,5000.0,1.3,Rs./Quintal,Metric Tonnes
Madhya Pradesh,Morena,Morena APMC,Bajra(Pearl Millet/Cumbu),Millet,Non-FAQ,2026-01-21,1793.0,1887.0,1882.0,22.081000000000003,Rs./Quintal,Metric Tonnes
Madhya Pradesh,Morena,Morena APMC,Mustard,Mustard,FAQ,2026-01-21,6100.0,6100.0,6100.0,25.0,Rs./Quintal,Metric Tonnes
Madhya Pradesh,Morena,Morena APMC,Mustard,Mustard,Non-FAQ,2026-01-21,6470.0,6665.0,6600.0,26.8,Rs./Quintal,Metric Tonnes
Madhya Pradesh,Morena,Morena APMC,Paddy(Common),Dhan,Non-FAQ,2026-01-21,3455.0,3625.0,3625.0,7.63,Rs./Quintal,Metric Tonnes
Madhya Pradesh,Morena,Morena APMC,Potato,Potato,Non-FAQ,2026-01-21,600.0,600.0,600.0,10.0,Rs./Quintal,Metric Tonnes
Madhya Pradesh,Morena,Morena APMC,Wheat,Mill Quality,Non-FAQ,2026-01-21,2571.0,2571.0,2571.0,1.9800000000000002,Rs./Quintal,Metric Tonnes
Madhya Pradesh,Morena,Morena APMC,Wheat,Wheat,Non-FAQ,2026-01-21,2540.0,2576.0,2575.0,17.074,Rs./Quintal,Metric Tonnes
Madhya Pradesh,Bhind,Mow APMC,Mustard,Mustard,FAQ,2026-01-21,6350.0,6605.0,6605.0,6.311,Rs./Quintal,Metric Tonnes
Madhya Pradesh,Bhind,Mow APMC,Wheat,Wheat,FAQ,2026-01-21,2470.0,2565.0,2565.0,10.96,Rs./Quintal,Metric Tonnes
Madhya Pradesh,Betul,Multai APMC,Maize,Local,Non-FAQ,2026-01-21,1621.0,1651.0,1651.0,46.821,Rs./Quintal,Metric Tonnes
Madhya Pradesh,Betul,Multai APMC,Maize,Yellow,FAQ,2026-01-21,1550.0,1660.0,1660.0,92.54,Rs./Quintal,Metric Tonnes
Madhya Pradesh,Betul,Multai APMC,Maize,Local,FAQ,2026-01-21,1568.0,1568.0,1568.0,12.100000000000001,Rs./Quintal,Metric Tonnes
Madhya Pradesh,Betul,Multai APMC,Maize,Yellow,Non-FAQ,2026-01-21,1500.0,1580.0,1580.0,149.5,Rs./Quintal,Metric Tonnes
Madhya Pradesh,Betul,Multai APMC,Maize,Deshi Red,Non-FAQ,2026-01-21,1551.0,1580.0,1580.0,35.1,Rs./Quintal,Metric Tonnes
Madhya Pradesh,Khandwa,Mundi APMC,Cotton,Without Ginned Cotton,FAQ,2026-01-21,7601.0,8010.0,8010.0,65.209,Rs./Quintal,Metric Tonnes
Madhya Pradesh,Khandwa,Mundi APMC,Red gram/Arhar/Tur(whole),Arhar Dal(Tur),FAQ,2026-01-21,5510.0,6270.0,5595.0,1.332,Rs./Quintal,Metric Tonnes
Madhya Pradesh,Khandwa,Mundi APMC,Wheat,Wheat,FAQ,2026-01-21,2495.0,2570.0,2570.0,9.374,Rs./Quintal,Metric Tonnes
Madhya Pradesh,Ashoknagar,Mungawali APMC,Maize,Local,Non-FAQ,2026-01-21,1315.0,1630.0,1575.0,393.576,Rs./Quintal,Metric Tonnes
Madhya Pradesh,Ashoknagar,Mungawali APMC,Paddy(Common),Dhan,Non-FAQ,2026-01-21,3580.0,3580.0,3580.0,3.0,Rs./Quintal,Metric Tonnes
Madhya Pradesh,Ashoknagar,Mungawali APMC,Soyabean,Soyabeen,Non-FAQ,2026-01-21,4800.0,5065.0,5065.0,1.3900000000000001,Rs./Quintal,Metric Tonnes
Madhya Pradesh,Ashoknagar,Mungawali APMC,Wheat,Wheat,Non-FAQ,2026-01-21,2300.0,2600.0,2600.0,11.274000000000001,Rs./Quintal,Metric Tonnes
Madhya Pradesh,Ujjain,Nagda APMC,Soyabean,Soyabeen,FAQ,2026-01-21,3611.0,5241.0,5241.0,8.123000000000001,Rs./Quintal,Metric Tonnes
Madhya Pradesh,Ujjain,Nagda APMC,Soyabean,Soyabeen,Non-FAQ,2026-01-21,4786.0,5192.0,5192.0,6.398,Rs./Quintal,Metric Tonnes
Madhya Pradesh,Ujjain,Nagda APMC,Wheat,Wheat,FAQ,2026-01-21,2640.0,2640.0,2640.0,0.10900000000000001,Rs./Quintal,Metric Tonnes
Madhya Pradesh,Ujjain,Nagda APMC,Wheat,Wheat,Non-FAQ,2026-01-21,2459.0,2661.0,2493.0,20.568,Rs./Quintal,Metric Tonnes
Madhya Pradesh,Satna,Nagod APMC,Barley(Jau),Barley,Non-FAQ,2026-01-21,2400.0,2400.0,2400.0,5.33,Rs./Quintal,Metric Tonnes
Madhya Pradesh,Satna,Nagod APMC,Bengal Gram(Gram)(Whole),Gram,FAQ,2026-01-21,5200.0,5435.0,5435.0,11.8,Rs./Quintal,Metric Tonnes
Madhya Pradesh,Satna,Nagod APMC,Black Gram(Urd Beans)(Whole),Urda/Urd,FAQ,2026-01-21,5400.0,6270.0,6270.0,6.5,Rs./Quintal,Metric Tonnes
Madhya Pradesh,Satna,Nagod APMC,Kodo Millet(Varagu),Kondo,FAQ,2026-01-21,2275.0,2380.0,2380.0,19.8,Rs./Quintal,Metric Tonnes
Madhya Pradesh,Satna,Nagod APMC,Mustard,Mustard,FAQ,2026-01-21,6250.0,6325.0,6325.0,3.8000000000000003,Rs./Quintal,Metric Tonnes
Madhya Pradesh,Satna,Nagod APMC,Wheat,Wheat,FAQ,2026-01-21,2350.0,2590.0,2400.0,294.46999999999997,Rs./Quintal,Metric Tonnes
Madhya Pradesh,Satna,Nagod APMC,Wheat,Mill Quality,Non-FAQ,2026-01-21,2505.0,2560.0,2560.0,36.0,Rs./Quintal,Metric Tonnes
Madhya Pradesh,Satna,Nagod APMC,buttery,Buttery,FAQ,2026-01-21,3250.0,3250.0,3250.0,1.0,Rs./Quintal,Metric Tonnes
Madhya Pradesh,Mandla,Nainpur APMC,Maize,Yellow,Non-FAQ,2026-01-21,1600.0,1660.0,1660.0,18.430000000000003,Rs./Quintal,Metric Tonnes
Madhya Pradesh,Mandla,Nainpur APMC,Wheat,Mill Quality,Non-FAQ,2026-01-21,2450.0,2450.0,2450.0,6.04,Rs./Quintal,Metric Tonnes
Madhya Pradesh,Shajapur,Nalkehda APMC,Bengal Gram(Gram)(Whole),Gram,FAQ,2026-01-21,4100.0,4100.0,4100.0,0.041,Rs./Quintal,Metric Tonnes
Madhya Pradesh,Shajapur,Nalkehda APMC,Coriander(Leaves),Coriander,FAQ,2026-01-21,8811.0,9401.0,9401.0,0.18500000000000003,Rs./Bundle,Bundle
Madhya Pradesh,Shajapur,Nalkehda APMC,Lentil(Masur)(Whole),Masur Dal,FAQ,2026-01-21,4600.0,6100.0,6100.0,0.31600000000000006,Rs./Quintal,Metric Tonnes
Madhya Pradesh,Shajapur,Nalkehda APMC,Mustard,Mustard,FAQ,2026-01-21,5740.0,5740.0,5740.0,0.042,Rs./Quintal,Metric Tonnes
Madhya Pradesh,Shajapur,Nalkehda APMC,Soyabean,Soyabeen,FAQ,2026-01-21,2409.0,5600.0,5250.0,52.838,Rs./Quintal,Metric Tonnes
Madhya Pradesh,Shajapur,Nalkehda APMC,Soyabean,Soyabeen,Non-FAQ,2026-01-21,2000.0,3400.0,3400.0,2.15,Rs./Quintal,Metric Tonnes
Madhya Pradesh,Shajapur,Nalkehda APMC,Wheat,Wheat,FAQ,2026-01-21,2400.0,2670.0,2540.0,96.808,Rs./Quintal,Metric Tonnes
Madhya Pradesh,Rajgarh,Narsinghgarh APMC,Bengal Gram(Gram)(Whole),Gram,FAQ,2026-01-21,4050.0,5200.0,5200.0,1.6640000000000001,Rs./Quintal,Metric Tonnes
Madhya Pradesh,Rajgarh,Narsinghgarh APMC,Coriander(Leaves),Coriander,FAQ,2026-01-21,7500.0,9100.0,8600.0,0.373,Rs./Bundle,Bundle
Madhya Pradesh,Rajgarh,Narsinghgarh APMC,Garlic,Garlic,FAQ,2026-01-21,500.0,16500.0,8000.0,14.556000000000001,Rs./Quintal,Metric Tonnes
Madhya Pradesh,Rajgarh,Narsinghgarh APMC,Lentil(Masur)(Whole),Masur Dal,FAQ,2026-01-21,5475.0,6575.0,6575.0,0.53,Rs./Quintal,Metric Tonnes
Madhya Pradesh,Rajgarh,Narsinghgarh APMC,Mustard,Mustard,FAQ,2026-01-21,4800.0,6680.0,6680.0,0.6900000000000001,Rs./Quintal,Metric Tonnes
Madhya Pradesh,Rajgarh,Narsinghgarh APMC,Onion,Onion,FAQ,2026-01-21,130.0,1650.0,370.0,28.608,Rs./Quintal,Metric Tonnes
Madhya Pradesh,Rajgarh,Narsinghgarh APMC,Soyabean,Soyabeen,FAQ,2026-01-21,2300.0,5740.0,5000.0,168.626,Rs./Quintal,Metric Tonnes
Madhya Pradesh,Rajgarh,Narsinghgarh APMC,Wheat,Wheat,FAQ,2026-01-21,2420.0,2740.0,2560.0,144.89200000000002,Rs./Quintal,Metric Tonnes
Madhya Pradesh,Narsinghpur,Narsinghpur APMC,Bengal Gram(Gram)(Whole),Desi (F.A.Q. Split),Non-FAQ,2026-01-21,4200.0,5901.0,5440.0,69.33,Rs./Quintal,Metric Tonnes
Madhya Pradesh,Narsinghpur,Narsinghpur APMC,Black Gram(Urd Beans)(Whole),Urda/Urd,Non-FAQ,2026-01-21,6500.0,7516.0,7516.0,1.615,Rs./Quintal,Metric Tonnes
Madhya Pradesh,Narsinghpur,Narsinghpur APMC,Green Gram(Moong)(Whole),Green (Whole),Non-FAQ,2026-01-21,4500.0,6511.0,6511.0,1.415,Rs./Quintal,Metric Tonnes
Madhya Pradesh,Narsinghpur,Narsinghpur APMC,Gur(Jaggery),Jaggery,FAQ,2026-01-21,3305.0,3725.0,3500.0,99.2,Rs./Quintal,Metric Tonnes
Madhya Pradesh,Narsinghpur,Narsinghpur APMC,Lentil(Masur)(Whole),Local,Non-FAQ,2026-01-21,5291.0,5900.0,5801.0,3.0850000000000004,Rs./Quintal,Metric Tonnes
Madhya Pradesh,Narsinghpur,Narsinghpur APMC,Maize,Yellow,Non-FAQ,2026-01-21,1100.0,1537.0,1537.0,12.535,Rs./Quintal,Metric Tonnes
Madhya Pradesh,Narsinghpur,Narsinghpur APMC,Maize,Yellow,FAQ,2026-01-21,1300.0,1810.0,1640.0,989.375,Rs./Quintal,Metric Tonnes
Madhya Pradesh,Narsinghpur,Narsinghpur APMC,Red gram/Arhar/Tur(whole),Arhar Dal(Tur),Non-FAQ,2026-01-21,6500.0,6951.0,6951.0,1.955,Rs./Quintal,Metric Tonnes
Madhya Pradesh,Narsinghpur,Narsinghpur APMC,Soyabean,Yellow,FAQ,2026-01-21,4600.0,5090.0,5090.0,2.09,Rs./Quintal,Metric Tonnes
Madhya Pradesh,Narsinghpur,Narsinghpur APMC,Soyabean,Yellow,Non-FAQ,2026-01-21,4870.0,5131.0,5131.0,1.225,Rs./Quintal,Metric Tonnes
Madhya Pradesh,Narsinghpur,Narsinghpur APMC,Wheat,Mill Quality,Non-FAQ,2026-01-21,2400.0,2510.0,2510.0,9.440000000000001,Rs./Quintal,Metric Tonnes
Madhya Pradesh,Narsinghpur,Narsinghpur APMC,Wheat,Mill Quality,FAQ,2026-01-21,2451.0,2562.0,2521.0,45.650000000000006,Rs./Quintal,Metric Tonnes
Madhya Pradesh,Narsinghpur,Narsinghpur APMC,Wheat,Local,FAQ,2026-01-21,2500.0,2561.0,2521.0,10.755,Rs./Quintal,Metric Tonnes
Madhya Pradesh,Sehore,Nasrullaganj APMC,Bengal Gram(Gram)(Whole),Gram,Non-FAQ,2026-01-21,4000.0,5295.0,5281.0,8.433,Rs./Quintal,Metric Tonnes
Madhya Pradesh,Sehore,Nasrullaganj APMC,Maize,Local,FAQ,2026-01-21,1251.0,1678.0,1450.0,1154.4080000000001,Rs./Quintal,Metric Tonnes
Madhya Pradesh,Sehore,Nasrullaganj APMC,Maize,Local,Non-FAQ,2026-01-21,690.0,1682.0,1450.0,629.094,Rs./Quintal,Metric Tonnes
Madhya Pradesh,Sehore,Nasrullaganj APMC,Red gram/Arhar/Tur(whole),Arhar Dal(Tur),Non-FAQ,2026-01-21,6000.0,6800.0,6800.0,1.161,Rs./Quintal,Metric Tonnes
Madhya Pradesh,Sehore,Nasrullaganj APMC,Soyabean,Soyabeen,Non-FAQ,2026-01-21,2804.0,5116.0,4800.0,36.373000000000005,Rs./Quintal,Metric Tonnes
Madhya Pradesh,Sehore,Nasrullaganj APMC,Wheat,Wheat,FAQ,2026-01-21,2499.0,2499.0,2499.0,0.44400000000000006,Rs./Quintal,Metric Tonnes
Madhya Pradesh,Sehore,Nasrullaganj APMC,Wheat,Wheat,Non-FAQ,2026-01-21,2100.0,2689.0,2500.0,182.99900000000002,Rs./Quintal,Metric Tonnes
Madhya Pradesh,Chhatarpur,Naugaon APMC,Groundnut,Big (With Shell),Non-FAQ,2026-01-21,5680.0,5940.0,5780.0,70.63,Rs./Quintal,Metric Tonnes
Madhya Pradesh,Chhatarpur,Naugaon APMC,Mustard,Mustard,Non-FAQ,2026-01-21,5765.0,5980.0,5980.0,33.89,Rs./Quintal,Metric Tonnes
Madhya Pradesh,Chhatarpur,Naugaon APMC,Soyabean,Soyabeen,FAQ,2026-01-21,4795.0,4875.0,4875.0,18.8,Rs./Quintal,Metric Tonnes
Madhya Pradesh,Chhatarpur,Naugaon APMC,Wheat,Wheat,Non-FAQ,2026-01-21,2505.0,2551.0,2531.0,151.769,Rs./Quintal,Metric Tonnes
Madhya Pradesh,Neemuch,Neemuch APMC,Absinthe,chirayta,FAQ,2026-01-21,5480.0,9253.0,9100.0,6.347,Rs./Quintal,Metric Tonnes
Madhya Pradesh,Neemuch,Neemuch APMC,Ajwan,Ajwan,FAQ,2026-01-21,6291.0,7500.0,7500.0,0.254,Rs./Quintal,Metric Tonnes
Madhya Pradesh,Neemuch,Neemuch APMC,Ajwan,Celery-Organic,FAQ,2026-01-21,12421.0,12421.0,12421.0,0.638,Rs./Quintal,Metric Tonnes
Madhya Pradesh,Neemuch,Neemuch APMC,Asgand,Asgand,FAQ,2026-01-21,11500.0,29900.0,22500.0,5.481000000000001,Rs./Quintal,Metric Tonnes
Madhya Pradesh,Neemuch,Neemuch APMC,Asparagus,Asparagus,FAQ,2026-01-21,30000.0,30000.0,30000.0,1.022,Rs./Quintal,Metric Tonnes
Madhya Pradesh,Neemuch,Neemuch APMC,Barley(Jau),Barley,FAQ,2026-01-21,2295.0,2507.0,2507.0,29.463,Rs./Quintal,Metric Tonnes
Madhya Pradesh,Neemuch,Neemuch APMC,Bengal Gram(Gram)(Whole),Gram,FAQ,2026-01-21,2900.0,5500.0,5300.0,46.94,Rs./Quintal,Metric Tonnes
Madhya Pradesh,Neemuch,Neemuch APMC,Bengal Gram(Gram)(Whole),Gram,Non-FAQ,2026-01-21,5050.0,5050.0,5050.0,0.08000000000000002,Rs./Quintal,Metric Tonnes
Madhya Pradesh,Neemuch,Neemuch APMC,Black Gram(Urd Beans)(Whole),Urda/Urd,FAQ,2026-01-21,5410.0,8001.0,6500.0,8.678,Rs./Quintal,Metric Tonnes
Madhya Pradesh,Neemuch,Neemuch APMC,Coriander(Leaves),Coriander,FAQ,2026-01-21,100.0,10280.0,8800.0,69.106,Rs./Bundle,Bundle
Madhya Pradesh,Neemuch,Neemuch APMC,Garlic,Average,FAQ,2026-01-21,1450.0,18000.0,9000.0,36.49100000000001,Rs./Quintal,Metric Tonnes
Madhya Pradesh,Neemuch,Neemuch APMC,Garlic,Garlic,FAQ,2026-01-21,2950.0,20000.0,9000.0,125.43,Rs./Quintal,Metric Tonnes
Madhya Pradesh,Neemuch,Neemuch APMC,Green Gram(Moong)(Whole),Green (Whole),FAQ,2026-01-21,5500.0,5500.0,5500.0,0.131,Rs./Quintal,Metric Tonnes
Madhya Pradesh,Neemuch,Neemuch APMC,Groundnut,Big (With Shell),Non-FAQ,2026-01-21,6111.0,6111.0,6111.0,1.1800000000000002,Rs./Quintal,Metric Tonnes
Madhya Pradesh,Neemuch,Neemuch APMC,Groundnut,Big (With Shell),FAQ,2026-01-21,3940.0,7500.0,6951.0,85.40100000000001,Rs./Quintal,Metric Tonnes
Madhya Pradesh,Neemuch,Neemuch APMC,Isabgul(Psyllium),Isabgol,FAQ,2026-01-21,11511.0,11511.0,11511.0,0.083,Rs./Quintal,Metric Tonnes
Madhya Pradesh,Neemuch,Neemuch APMC,Isabgul(Psyllium),Organic,FAQ,2026-01-21,10800.0,10800.0,10800.0,0.06899999999999999,Rs./Quintal,Metric Tonnes
Madhya Pradesh,Neemuch,Neemuch APMC,Lentil(Masur)(Whole),Masur Dal,FAQ,2026-01-21,4671.0,6871.0,6221.0,4.548,Rs./Quintal,Metric Tonnes
Madhya Pradesh,Neemuch,Neemuch APMC,Linseed,Flaxseed,FAQ,2026-01-21,4950.0,7900.0,7461.0,39.038000000000004,Rs./Quintal,Metric Tonnes
Madhya Pradesh,Neemuch,Neemuch APMC,Maize,Local,FAQ,2026-01-21,1300.0,2100.0,1665.0,235.425,Rs./Quintal,Metric Tonnes
Madhya Pradesh,Neemuch,Neemuch APMC,Maize,Yellow,FAQ,2026-01-21,1627.0,1627.0,1627.0,1.5230000000000001,Rs./Quintal,Metric Tonnes
Madhya Pradesh,Neemuch,Neemuch APMC,Methi Seeds,Methiseeds,FAQ,2026-01-21,4550.0,6800.0,6000.0,21.002000000000002,Rs./Quintal,Metric Tonnes
Madhya Pradesh,Neemuch,Neemuch APMC,Mustard,Mustard,FAQ,2026-01-21,5001.0,8050.0,5400.0,75.964,Rs./Quintal,Metric Tonnes
Madhya Pradesh,Neemuch,Neemuch APMC,Onion,Onion,FAQ,2026-01-21,286.0,1600.0,1600.0,6.668000000000001,Rs./Quintal,Metric Tonnes
Madhya Pradesh,Neemuch,Neemuch APMC,Onion,Red,FAQ,2026-01-21,180.0,1760.0,1561.0,109.706,Rs./Quintal,Metric Tonnes
Madhya Pradesh,Neemuch,Neemuch APMC,"Sesamum(Sesame,Gingelly,Til)",Sesame,FAQ,2026-01-21,9450.0,9500.0,9500.0,4.176,Rs./Quintal,Metric Tonnes
Madhya Pradesh,Neemuch,Neemuch APMC,Soyabean,Soyabeen,FAQ,2026-01-21,3620.0,5395.0,4700.0,308.18000000000006,Rs./Quintal,Metric Tonnes
Madhya Pradesh,Neemuch,Neemuch APMC,Wheat,Wheat,FAQ,2026-01-21,2400.0,2850.0,2600.0,233.538,Rs./Quintal,Metric Tonnes
Madhya Pradesh,Neemuch,Neemuch APMC,nigella seeds,Kalonji/Nigella,FAQ,2026-01-21,23500.0,24800.0,24400.0,1.266,Rs./Quintal,Metric Tonnes
Madhya Pradesh,Neemuch,Neemuch APMC,poppy seeds,Poppy seed,FAQ,2026-01-21,71400.0,146000.0,117000.0,7.4879999999999995,Rs./Quintal,Metric Tonnes
Madhya Pradesh,Tikamgarh,Niwadi APMC,Groundnut,Big (With Shell),FAQ,2026-01-21,6100.0,6200.0,6200.0,36.0,Rs./Quintal,Metric Tonnes
Madhya Pradesh,Tikamgarh,Niwadi APMC,Groundnut,Big (With Shell),Non-FAQ,2026-01-21,5960.0,6999.0,6120.0,104.59000000000002,Rs./Quintal,Metric Tonnes
Madhya Pradesh,Tikamgarh,Niwadi APMC,Soyabean,Yellow,Non-FAQ,2026-01-21,5000.0,5000.0,5000.0,0.8500000000000001,Rs./Quintal,Metric Tonnes
Madhya Pradesh,Tikamgarh,Niwadi APMC,Soyabean,Yellow,FAQ,2026-01-21,4950.0,4950.0,4950.0,3.458,Rs./Quintal,Metric Tonnes
Madhya Pradesh,Tikamgarh,Niwadi APMC,Wheat,Mill Quality,Non-FAQ,2026-01-21,2330.0,2545.0,2500.0,1232.4920000000002,Rs./Quintal,Metric Tonnes
Madhya Pradesh,Raisen,Obedullaganj APMC,Bengal Gram(Gram)(Whole),Gram,FAQ,2026-01-21,4480.0,5400.0,5275.0,5.9,Rs./Quintal,Metric Tonnes
Madhya Pradesh,Raisen,Obedullaganj APMC,Maize,Local,FAQ,2026-01-21,1565.0,1572.0,1570.0,8.973,Rs./Quintal,Metric Tonnes
Madhya Pradesh,Raisen,Obedullaganj APMC,Paddy(Common),Basmati 1509,FAQ,2026-01-21,2500.0,2780.0,2780.0,23.634,Rs./Quintal,Metric Tonnes
Madhya Pradesh,Raisen,Obedullaganj APMC,Paddy(Common),Kranti,FAQ,2026-01-21,1500.0,1500.0,1500.0,7.138,Rs./Quintal,Metric Tonnes
Madhya Pradesh,Raisen,Obedullaganj APMC,Paddy(Common),Basmati,FAQ,2026-01-21,3125.0,4000.0,3800.0,642.029,Rs./Quintal,Metric Tonnes
Madhya Pradesh,Raisen,Obedullaganj APMC,Paddy(Common),Dhan,FAQ,2026-01-21,2925.0,3811.0,3761.0,197.9,Rs./Quintal,Metric Tonnes
Madhya Pradesh,Raisen,Obedullaganj APMC,Paddy(Common),Puspa (MR 301),FAQ,2026-01-21,2250.0,4005.0,3850.0,654.5210000000001,Rs./Quintal,Metric Tonnes
Madhya Pradesh,Raisen,Obedullaganj APMC,Paddy(Common),Paddy,FAQ,2026-01-21,3500.0,3800.0,3800.0,115.45,Rs./Quintal,Metric Tonnes
Madhya Pradesh,Raisen,Obedullaganj APMC,Red gram/Arhar/Tur(whole),Arhar Dal(Tur),FAQ,2026-01-21,5300.0,5300.0,5300.0,0.82,Rs./Quintal,Metric Tonnes
Madhya Pradesh,Raisen,Obedullaganj APMC,Wheat,Malwa Shakti,FAQ,2026-01-21,2411.0,2547.0,2547.0,18.458000000000002,Rs./Quintal,Metric Tonnes
Madhya Pradesh,Raisen,Obedullaganj APMC,Wheat,Wheat,FAQ,2026-01-21,2400.0,2500.0,2500.0,24.5,Rs./Quintal,Metric Tonnes
Madhya Pradesh,Raisen,Obedullaganj APMC,Wheat,Local,FAQ,2026-01-21,2400.0,2700.0,2597.0,81.10900000000001,Rs./Quintal,Metric Tonnes
Madhya Pradesh,Raisen,Obedullaganj APMC,Wheat,Local,Non-FAQ,2026-01-21,2350.0,2350.0,2350.0,0.21800000000000003,Rs./Quintal,Metric Tonnes
Madhya Pradesh,Jabalpur,Paatan APMC,Bengal Gram(Gram)(Whole),Gram,FAQ,2026-01-21,5195.0,5355.0,5240.0,3.1500000000000004,Rs./Quintal,Metric Tonnes
Madhya Pradesh,Jabalpur,Paatan APMC,Black Gram(Urd Beans)(Whole),Urda/Urd,FAQ,2026-01-21,5905.0,8700.0,8700.0,4.3100000000000005,Rs./Quintal,Metric Tonnes
Madhya Pradesh,Jabalpur,Paatan APMC,Green Gram(Moong)(Whole),Green (Whole),FAQ,2026-01-21,5815.0,6300.0,6300.0,0.24700000000000003,Rs./Quintal,Metric Tonnes
Madhya Pradesh,Jabalpur,Paatan APMC,Green Peas,Pea,FAQ,2026-01-21,2175.0,2730.0,2730.0,0.9400000000000001,Rs./Quintal,Metric Tonnes
Madhya Pradesh,Jabalpur,Paatan APMC,Lentil(Masur)(Whole),Masur Dal,FAQ,2026-01-21,5055.0,5555.0,5555.0,0.2,Rs./Quintal,Metric Tonnes
Madhya Pradesh,Jabalpur,Paatan APMC,Maize,Local,FAQ,2026-01-21,1390.0,1660.0,1640.0,261.233,Rs./Quintal,Metric Tonnes
Madhya Pradesh,Jabalpur,Paatan APMC,Mustard,Mustard,FAQ,2026-01-21,5900.0,5900.0,5900.0,0.1,Rs./Quintal,Metric Tonnes
Madhya Pradesh,Jabalpur,Paatan APMC,Paddy(Common),Basmati,FAQ,2026-01-21,3000.0,3390.0,3390.0,3.579,Rs./Quintal,Metric Tonnes
Madhya Pradesh,Jabalpur,Paatan APMC,Paddy(Common),Dhan,FAQ,2026-01-21,1600.0,1980.0,1980.0,7.501000000000001,Rs./Quintal,Metric Tonnes
Madhya Pradesh,Jabalpur,Paatan APMC,Red gram/Arhar/Tur(whole),Arhar Dal(Tur),FAQ,2026-01-21,6700.0,6700.0,6700.0,0.122,Rs./Quintal,Metric Tonnes
Madhya Pradesh,Jabalpur,Paatan APMC,Wheat,Mill Quality,FAQ,2026-01-21,2325.0,2900.0,2890.0,173.39000000000001,Rs./Quintal,Metric Tonnes
Madhya Pradesh,Jabalpur,Paatan APMC,Wheat,Wheat,FAQ,2026-01-21,2255.0,2900.0,2850.0,282.23,Rs./Quintal,Metric Tonnes
Madhya Pradesh,Rajgarh,Pachaur APMC,Bengal Gram(Gram)(Whole),Gram,FAQ,2026-01-21,5000.0,5205.0,5205.0,1.1420000000000001,Rs./Quintal,Metric Tonnes
Madhya Pradesh,Rajgarh,Pachaur APMC,Lentil(Masur)(Whole),Masur Dal,FAQ,2026-01-21,5880.0,6645.0,6645.0,5.357,Rs./Quintal,Metric Tonnes
Madhya Pradesh,Rajgarh,Pachaur APMC,Mustard,Mustard,FAQ,2026-01-21,6005.0,6005.0,6005.0,0.121,Rs./Quintal,Metric Tonnes
Madhya Pradesh,Rajgarh,Pachaur APMC,Soyabean,Soyabeen,FAQ,2026-01-21,3700.0,5300.0,5300.0,106.828,Rs./Quintal,Metric Tonnes
Madhya Pradesh,Rajgarh,Pachaur APMC,Soyabean,Soyabeen,Non-FAQ,2026-01-21,3605.0,3605.0,3605.0,0.209,Rs./Quintal,Metric Tonnes
Madhya Pradesh,Rajgarh,Pachaur APMC,Wheat,Wheat,FAQ,2026-01-21,2400.0,2735.0,2600.0,189.453,Rs./Quintal,Metric Tonnes
Madhya Pradesh,Rajgarh,Pachaur APMC,Wheat,Mill Quality,FAQ,2026-01-21,2480.0,2750.0,2750.0,15.280000000000001,Rs./Quintal,Metric Tonnes
Madhya Pradesh,Rajgarh,Pachaur APMC,Wheat,Wheat,Non-FAQ,2026-01-21,2540.0,2750.0,2750.0,35.943000000000005,Rs./Quintal,Metric Tonnes
Madhya Pradesh,Seoni,Palari APMC,Maize,Local,Non-FAQ,2026-01-21,1600.0,1605.0,1600.0,182.0,Rs./Quintal,Metric Tonnes
Madhya Pradesh,Seoni,Palari APMC,Wheat,Local,FAQ,2026-01-21,2400.0,2415.0,2415.0,30.0,Rs./Quintal,Metric Tonnes
Madhya Pradesh,Tikamgarh,Palera APMC,Soyabean,Soyabeen,Non-FAQ,2026-01-21,4605.0,4805.0,4650.0,13.0,Rs./Quintal,Metric Tonnes
Madhya Pradesh,Tikamgarh,Palera APMC,Wheat,Mill Quality,Non-FAQ,2026-01-21,2538.0,2562.0,2561.0,137.20000000000002,Rs./Quintal,Metric Tonnes
Madhya Pradesh,Khandwa,Pandhana APMC,Cotton,Without Ginned Cotton,FAQ,2026-01-21,7300.0,7300.0,7300.0,0.9750000000000001,Rs./Quintal,Metric Tonnes
Madhya Pradesh,Khandwa,Pandhana APMC,Maize,Yellow,FAQ,2026-01-21,1670.0,1670.0,1670.0,3.8350000000000004,Rs./Quintal,Metric Tonnes
Madhya Pradesh,Khandwa,Pandhana APMC,Maize,Local,FAQ,2026-01-21,1471.0,1765.0,1551.0,137.299,Rs./Quintal,Metric Tonnes
Madhya Pradesh,Khandwa,Pandhana APMC,Red gram/Arhar/Tur(whole),Arhar Dal(Tur),FAQ,2026-01-21,5799.0,6571.0,6571.0,1.6219999999999999,Rs./Quintal,Metric Tonnes
Madhya Pradesh,Khandwa,Pandhana APMC,Soyabean,Soyabeen,FAQ,2026-01-21,4867.0,5100.0,5100.0,2.346,Rs./Quintal,Metric Tonnes
Madhya Pradesh,Khandwa,Pandhana APMC,Soyabean,Yellow,FAQ,2026-01-21,4837.0,4951.0,4951.0,27.110000000000003,Rs./Quintal,Metric Tonnes
Madhya Pradesh,Khandwa,Pandhana APMC,Wheat,Wheat,FAQ,2026-01-21,2350.0,2576.0,2576.0,14.314,Rs./Quintal,Metric Tonnes
Madhya Pradesh,Chhindwara,Pandhurna APMC,Cotton,Without Ginned Cotton,FAQ,2026-01-21,7800.0,8000.0,7900.0,29.62,Rs./Quintal,Metric Tonnes
Madhya Pradesh,Chhindwara,Pandhurna APMC,Groundnut,Big (With Shell),FAQ,2026-01-21,5800.0,5800.0,5800.0,12.18,Rs./Quintal,Metric Tonnes
Madhya Pradesh,Chhindwara,Pandhurna APMC,Maize,Local,Non-FAQ,2026-01-21,1550.0,1625.0,1625.0,68.07300000000001,Rs./Quintal,Metric Tonnes
Madhya Pradesh,Chhindwara,Pandhurna APMC,Maize,Local,FAQ,2026-01-21,1620.0,1630.0,1630.0,37.476,Rs./Quintal,Metric Tonnes
Madhya Pradesh,Chhindwara,Pandhurna APMC,Soyabean,Soyabeen,Non-FAQ,2026-01-21,5000.0,5150.0,5150.0,7.604000000000001,Rs./Quintal,Metric Tonnes
Madhya Pradesh,Panna,Panna APMC,Bengal Gram(Gram)(Whole),Gram,FAQ,2026-01-21,5370.0,5590.0,5460.0,52.451,Rs./Quintal,Metric Tonnes
Madhya Pradesh,Panna,Panna APMC,Black Gram(Urd Beans)(Whole),Urda/Urd,FAQ,2026-01-21,5740.0,6975.0,5900.0,32.096,Rs./Quintal,Metric Tonnes
Madhya Pradesh,Panna,Panna APMC,Green Peas,Pea,FAQ,2026-01-21,3490.0,4050.0,3914.0,16.563,Rs./Quintal,Metric Tonnes
Madhya Pradesh,Panna,Panna APMC,Lentil(Masur)(Whole),Masur Dal,FAQ,2026-01-21,5825.0,5930.0,5930.0,2.17,Rs./Quintal,Metric Tonnes
Madhya Pradesh,Panna,Panna APMC,Mustard,Mustard,FAQ,2026-01-21,5655.0,7560.0,7560.0,5.736000000000001,Rs./Quintal,Metric Tonnes
Madhya Pradesh,Panna,Panna APMC,Wheat,Mill Quality,Non-FAQ,2026-01-21,2440.0,2460.0,2460.0,25.02,Rs./Quintal,Metric Tonnes
Madhya Pradesh,Panna,Panna APMC,Wheat,Mill Quality,FAQ,2026-01-21,2450.0,2500.0,2487.0,42.592000000000006,Rs./Quintal,Metric Tonnes
Madhya Pradesh,Panna,Panna APMC,buttery,Buttery,FAQ,2026-01-21,3180.0,3545.0,3450.0,29.229000000000003,Rs./Quintal,Metric Tonnes
Madhya Pradesh,Damoh,Patharia APMC,Bengal Gram(Gram)(Whole),Gram,FAQ,2026-01-21,4720.0,5415.0,5320.0,51.6,Rs./Quintal,Metric Tonnes
Madhya Pradesh,Damoh,Patharia APMC,Green Peas,Pea,FAQ,2026-01-21,3500.0,3500.0,3500.0,0.12,Rs./Quintal,Metric Tonnes
Madhya Pradesh,Damoh,Patharia APMC,Lentil(Masur)(Whole),Masur Dal,FAQ,2026-01-21,4695.0,6030.0,6030.0,0.439,Rs./Quintal,Metric Tonnes
Madhya Pradesh,Damoh,Patharia APMC,Maize,Local,Non-FAQ,2026-01-21,1350.0,1450.0,1400.0,59.226,Rs./Quintal,Metric Tonnes
Madhya Pradesh,Damoh,Patharia APMC,Maize,Local,FAQ,2026-01-21,1430.0,1665.0,1560.0,431.5810000000001,Rs./Quintal,Metric Tonnes
Madhya Pradesh,Damoh,Patharia APMC,Red gram/Arhar/Tur(whole),Arhar Dal(Tur),FAQ,2026-01-21,6400.0,6795.0,6795.0,2.6790000000000003,Rs./Quintal,Metric Tonnes
Madhya Pradesh,Damoh,Patharia APMC,Soyabean,Soyabeen,FAQ,2026-01-21,4110.0,5685.0,5155.0,43.34,Rs./Quintal,Metric Tonnes
Madhya Pradesh,Damoh,Patharia APMC,Wheat,Wheat,FAQ,2026-01-21,2466.0,2535.0,2498.0,58.49400000000001,Rs./Quintal,Metric Tonnes
Madhya Pradesh,Jhabua,Petlawad APMC,Cotton,Without Ginned Cotton,FAQ,2026-01-21,6800.0,7561.0,7550.0,56.065,Rs./Quintal,Metric Tonnes
Madhya Pradesh,Jhabua,Petlawad APMC,Maize,Local,FAQ,2026-01-21,1350.0,1400.0,1400.0,15.524000000000001,Rs./Quintal,Metric Tonnes
Madhya Pradesh,Jhabua,Petlawad APMC,Wheat,Malwa Shakti,FAQ,2026-01-21,2451.0,2451.0,2451.0,4.902000000000001,Rs./Quintal,Metric Tonnes
Madhya Pradesh,Jhabua,Petlawad APMC,Wheat,Wheat,FAQ,2026-01-21,2410.0,2500.0,2500.0,50.234,Rs./Quintal,Metric Tonnes
Madhya Pradesh,Shivpuri,Pichhour APMC,Barley(Jau),Barley,Non-FAQ,2026-01-21,2205.0,2230.0,2215.0,45.35,Rs./Quintal,Metric Tonnes
Madhya Pradesh,Shivpuri,Pichhour APMC,Groundnut,Big (With Shell),FAQ,2026-01-21,6052.0,6969.0,6969.0,67.34500000000001,Rs./Quintal,Metric Tonnes
Madhya Pradesh,Shivpuri,Pichhour APMC,Groundnut,Big (With Shell),Non-FAQ,2026-01-21,6385.0,6485.0,6485.0,42.1,Rs./Quintal,Metric Tonnes
Madhya Pradesh,Shivpuri,Pichhour APMC,Wheat,Mill Quality,Non-FAQ,2026-01-21,2450.0,2485.0,2470.0,135.20000000000002,Rs./Quintal,Metric Tonnes
Madhya Pradesh,Shivpuri,Pichhour APMC,Wheat,Wheat,Non-FAQ,2026-01-21,2390.0,2425.0,2425.0,24.1,Rs./Quintal,Metric Tonnes
Madhya Pradesh,Hoshangabad,Pipariya APMC,Bengal Gram(Gram)(Whole),Gram,FAQ,2026-01-21,4050.0,5600.0,5000.0,136.45000000000002,Rs./Quintal,Metric Tonnes
Madhya Pradesh,Hoshangabad,Pipariya APMC,Black Gram(Urd Beans)(Whole),Urda/Urd,Non-FAQ,2026-01-21,6700.0,6811.0,6811.0,0.55,Rs./Quintal,Metric Tonnes
Madhya Pradesh,Hoshangabad,Pipariya APMC,Black Gram(Urd Beans)(Whole),Urda/Urd,FAQ,2026-01-21,5711.0,6770.0,6770.0,1.2000000000000002,Rs./Quintal,Metric Tonnes
Madhya Pradesh,Hoshangabad,Pipariya APMC,Green Gram(Moong)(Whole),Green (Whole),Non-FAQ,2026-01-21,3200.0,5450.0,5450.0,0.9500000000000001,Rs./Quintal,Metric Tonnes
Madhya Pradesh,Hoshangabad,Pipariya APMC,Green Gram(Moong)(Whole),Green (Whole),FAQ,2026-01-21,1200.0,7190.0,7190.0,6.25,Rs./Quintal,Metric Tonnes
Madhya Pradesh,Hoshangabad,Pipariya APMC,Maize,Local,FAQ,2026-01-21,1011.0,1618.0,1618.0,32.95,Rs./Quintal,Metric Tonnes
Madhya Pradesh,Hoshangabad,Pipariya APMC,Mustard,Mustard,FAQ,2026-01-21,5500.0,5500.0,5500.0,0.05,Rs./Quintal,Metric Tonnes
Madhya Pradesh,Hoshangabad,Pipariya APMC,Paddy(Common),Paddy,FAQ,2026-01-21,3490.0,3961.0,3940.0,49.635000000000005,Rs./Quintal,Metric Tonnes
Madhya Pradesh,Hoshangabad,Pipariya APMC,Paddy(Common),1121,FAQ,2026-01-21,3600.0,3650.0,3600.0,23.568,Rs./Quintal,Metric Tonnes
Madhya Pradesh,Hoshangabad,Pipariya APMC,Paddy(Common),Puspa (MR 301),FAQ,2026-01-21,2800.0,3977.0,3850.0,2327.947,Rs./Quintal,Metric Tonnes
Madhya Pradesh,Hoshangabad,Pipariya APMC,Paddy(Common),Basmati,FAQ,2026-01-21,3930.0,3950.0,3945.0,180.675,Rs./Quintal,Metric Tonnes
Madhya Pradesh,Hoshangabad,Pipariya APMC,Red gram/Arhar/Tur(whole),Arhar Dal(Tur),FAQ,2026-01-21,5201.0,7010.0,7010.0,17.6,Rs./Quintal,Metric Tonnes
Madhya Pradesh,Hoshangabad,Pipariya APMC,Red gram/Arhar/Tur(whole),Arhar Dal(Tur),Non-FAQ,2026-01-21,5970.0,6900.0,6900.0,1.8,Rs./Quintal,Metric Tonnes
Madhya Pradesh,Hoshangabad,Pipariya APMC,Soyabean,Soyabeen,FAQ,2026-01-21,4611.0,5000.0,5000.0,3.1,Rs./Quintal,Metric Tonnes
Madhya Pradesh,Hoshangabad,Pipariya APMC,Wheat,Wheat,FAQ,2026-01-21,2281.0,2550.0,2500.0,877.34,Rs./Quintal,Metric Tonnes
Madhya Pradesh,Mandsaur,Piplya APMC,Garlic,Garlic,FAQ,2026-01-21,1000.0,13401.0,6000.0,148.46099999999998,Rs./Quintal,Metric Tonnes
Madhya Pradesh,Mandsaur,Piplya APMC,Garlic,Average,FAQ,2026-01-21,5453.0,5453.0,5453.0,0.585,Rs./Quintal,Metric Tonnes
Madhya Pradesh,Mandsaur,Piplya APMC,Groundnut,Big (With Shell),FAQ,2026-01-21,6220.0,6450.0,6450.0,1.1800000000000002,Rs./Quintal,Metric Tonnes
Madhya Pradesh,Mandsaur,Piplya APMC,Methi Seeds,Methiseeds,FAQ,2026-01-21,5601.0,5601.0,5601.0,0.596,Rs./Quintal,Metric Tonnes
Madhya Pradesh,Mandsaur,Piplya APMC,Soyabean,Soyabeen,FAQ,2026-01-21,700.0,5461.0,4851.0,25.749000000000002,Rs./Quintal,Metric Tonnes
Madhya Pradesh,Mandsaur,Piplya APMC,Wheat,Local,FAQ,2026-01-21,2459.0,2459.0,2459.0,1.7640000000000002,Rs./Quintal,Metric Tonnes
Madhya Pradesh,Mandsaur,Piplya APMC,Wheat,Wheat,FAQ,2026-01-21,2499.0,2725.0,2635.0,9.039,Rs./Quintal,Metric Tonnes
Madhya Pradesh,Mandsaur,Piplya APMC,Wheat,Lokwan,FAQ,2026-01-21,2584.0,2677.0,2677.0,2.9510000000000005,Rs./Quintal,Metric Tonnes
Madhya Pradesh,Ashoknagar,Piprai APMC,Maize,Local,FAQ,2026-01-21,1402.0,1560.0,1513.0,42.422000000000004,Rs./Quintal,Metric Tonnes
Madhya Pradesh,Ashoknagar,Piprai APMC,Soyabean,Soyabeen,FAQ,2026-01-21,5170.0,5170.0,5170.0,0.225,Rs./Quintal,Metric Tonnes
Madhya Pradesh,Ashoknagar,Piprai APMC,Wheat,Wheat,FAQ,2026-01-21,2451.0,2569.0,2569.0,2.37,Rs./Quintal,Metric Tonnes
Madhya Pradesh,Shivpuri,Pohari APMC,Bengal Gram(Gram)(Whole),Gram,Non-FAQ,2026-01-21,5050.0,5050.0,5050.0,0.7000000000000001,Rs./Quintal,Metric Tonnes
Madhya Pradesh,Shivpuri,Pohari APMC,Groundnut,Big (With Shell),Non-FAQ,2026-01-21,6000.0,6500.0,6500.0,1.436,Rs./Quintal,Metric Tonnes
Madhya Pradesh,Shivpuri,Pohari APMC,Mustard,Mustard,Non-FAQ,2026-01-21,4505.0,6865.0,5800.0,78.38900000000001,Rs./Quintal,Metric Tonnes
Madhya Pradesh,Shivpuri,Pohari APMC,Mustard,Mustard,FAQ,2026-01-21,5155.0,5155.0,5155.0,0.254,Rs./Quintal,Metric Tonnes
Madhya Pradesh,Shivpuri,Pohari APMC,Soyabean,Soyabeen,Non-FAQ,2026-01-21,4475.0,5190.0,4615.0,36.924,Rs./Quintal,Metric Tonnes
Madhya Pradesh,Shivpuri,Pohari APMC,Wheat,Wheat,Non-FAQ,2026-01-21,2400.0,2530.0,2530.0,4.715,Rs./Quintal,Metric Tonnes
Madhya Pradesh,Shivpuri,Pohari APMC,Wheat,Mill Quality,Non-FAQ,2026-01-21,2425.0,2425.0,2425.0,4.018,Rs./Quintal,Metric Tonnes
Madhya Pradesh,Morena,Porsa APMC,Bajra(Pearl Millet/Cumbu),Millet,Non-FAQ,2026-01-21,1855.0,1875.0,1865.0,31.5,Rs./Quintal,Metric Tonnes
Madhya Pradesh,Morena,Porsa APMC,Bengal Gram(Gram)(Whole),Gram,Non-FAQ,2026-01-21,4550.0,4680.0,4680.0,17.025000000000002,Rs./Quintal,Metric Tonnes
Madhya Pradesh,Morena,Porsa APMC,Bengal Gram(Gram)(Whole),Gram,FAQ,2026-01-21,4635.0,4635.0,4635.0,4.2,Rs./Quintal,Metric Tonnes
Madhya Pradesh,Morena,Porsa APMC,Mustard,Mustard,Non-FAQ,2026-01-21,6525.0,6525.0,6525.0,2.22,Rs./Quintal,Metric Tonnes
Madhya Pradesh,Morena,Porsa APMC,Mustard,Mustard,FAQ,2026-01-21,6500.0,6575.0,6500.0,10.950000000000001,Rs./Quintal,Metric Tonnes
Madhya Pradesh,Balaghat,Praswada APMC,Wheat,Wheat,FAQ,2026-01-21,2425.0,2425.0,2425.0,12.0,Rs./Quintal,Metric Tonnes
Madhya Pradesh,Tikamgarh,Prithvipur APMC,Wheat,Mill Quality,Non-FAQ,2026-01-21,2470.0,2540.0,2540.0,252.8,Rs./Quintal,Metric Tonnes
Madhya Pradesh,Guna,Raghogarh APMC,Maize,Local,FAQ,2026-01-21,1455.0,1730.0,1645.0,117.81099999999999,Rs./Quintal,Metric Tonnes
Madhya Pradesh,Guna,Raghogarh APMC,Wheat,Wheat,FAQ,2026-01-21,2490.0,2630.0,2630.0,4.146,Rs./Quintal,Metric Tonnes
Madhya Pradesh,Sagar,Rahatgarh APMC,Maize,Local,FAQ,2026-01-21,1475.0,1565.0,1500.0,67.985,Rs./Quintal,Metric Tonnes
Madhya Pradesh,Sagar,Rahatgarh APMC,Maize,Local,Non-FAQ,2026-01-21,1355.0,1648.0,1575.0,171.649,Rs./Quintal,Metric Tonnes
Madhya Pradesh,Sagar,Rahatgarh APMC,Wheat,Mill Quality,Non-FAQ,2026-01-21,2531.0,2565.0,2531.0,9.831000000000001,Rs./Quintal,Metric Tonnes
Madhya Pradesh,Sagar,Rahatgarh APMC,Wheat,Wheat,Non-FAQ,2026-01-21,2410.0,2475.0,2475.0,15.9,Rs./Quintal,Metric Tonnes
Madhya Pradesh,Raisen,Raisen APMC,Bengal Gram(Gram)(Whole),Gram,FAQ,2026-01-21,5191.0,5191.0,5191.0,2.539,Rs./Quintal,Metric Tonnes
Madhya Pradesh,Raisen,Raisen APMC,Paddy(Common),Paddy,FAQ,2026-01-21,3680.0,3980.0,3850.0,231.51999999999998,Rs./Quintal,Metric Tonnes
Madhya Pradesh,Raisen,Raisen APMC,Paddy(Common),White Ponni,FAQ,2026-01-21,3855.0,3855.0,3855.0,4.025,Rs./Quintal,Metric Tonnes
Madhya Pradesh,Raisen,Raisen APMC,Paddy(Common),Basmati,FAQ,2026-01-21,1850.0,4028.0,3850.0,2169.301,Rs./Quintal,Metric Tonnes
Madhya Pradesh,Raisen,Raisen APMC,Paddy(Common),Paddy fine,FAQ,2026-01-21,3840.0,3840.0,3840.0,4.082,Rs./Quintal,Metric Tonnes
Madhya Pradesh,Raisen,Raisen APMC,Paddy(Common),Puspa (MR 301),FAQ,2026-01-21,3550.0,3800.0,3700.0,103.33699999999999,Rs./Quintal,Metric Tonnes
Madhya Pradesh,Raisen,Raisen APMC,Soyabean,Soyabeen,FAQ,2026-01-21,4565.0,4565.0,4565.0,0.8050000000000002,Rs./Quintal,Metric Tonnes
Madhya Pradesh,Raisen,Raisen APMC,Wheat,Mill Quality,FAQ,2026-01-21,2601.0,2601.0,2601.0,5.005,Rs./Quintal,Metric Tonnes
Madhya Pradesh,Raisen,Raisen APMC,Wheat,Wheat,FAQ,2026-01-21,2590.0,2609.0,2590.0,35.615,Rs./Quintal,Metric Tonnes
Madhya Pradesh,Dhar,Rajgarh APMC,Bengal Gram(Gram)(Whole),Gram,FAQ,2026-01-21,4100.0,4251.0,4251.0,0.41100000000000003,Rs./Quintal,Metric Tonnes
Madhya Pradesh,Dhar,Rajgarh APMC,Garlic,Garlic,FAQ,2026-01-21,5000.0,5000.0,5000.0,0.028000000000000004,Rs./Quintal,Metric Tonnes
Madhya Pradesh,Dhar,Rajgarh APMC,Kabuli Chana(Chickpeas-White),Dollar Gram,FAQ,2026-01-21,7581.0,7581.0,7581.0,0.262,Rs./Quintal,Metric Tonnes
Madhya Pradesh,Dhar,Rajgarh APMC,Maize,Local,Non-FAQ,2026-01-21,1500.0,1600.0,1500.0,1.763,Rs./Quintal,Metric Tonnes
Madhya Pradesh,Dhar,Rajgarh APMC,Maize,Yellow,Non-FAQ,2026-01-21,1500.0,1500.0,1500.0,12.0,Rs./Quintal,Metric Tonnes
Madhya Pradesh,Dhar,Rajgarh APMC,Soyabean,Yellow,FAQ,2026-01-21,2501.0,6251.0,5801.0,54.400000000000006,Rs./Quintal,Metric Tonnes
Madhya Pradesh,Dhar,Rajgarh APMC,Soyabean,Soyabeen,FAQ,2026-01-21,4800.0,4800.0,4800.0,2.5,Rs./Quintal,Metric Tonnes
Madhya Pradesh,Dhar,Rajgarh APMC,Soyabean,Soyabeen,Non-FAQ,2026-01-21,4800.0,4800.0,4800.0,4.0,Rs./Quintal,Metric Tonnes
Madhya Pradesh,Dhar,Rajgarh APMC,Soyabean,Yellow,Non-FAQ,2026-01-21,4100.0,5391.0,5391.0,22.606,Rs./Quintal,Metric Tonnes
Madhya Pradesh,Dhar,Rajgarh APMC,Wheat,Wheat,Non-FAQ,2026-01-21,2475.0,2740.0,2660.0,27.979000000000003,Rs./Quintal,Metric Tonnes
Madhya Pradesh,Dhar,Rajgarh APMC,Wheat,Wheat,FAQ,2026-01-21,2400.0,2771.0,2721.0,78.10000000000001,Rs./Quintal,Metric Tonnes
Madhya Pradesh,Chhatarpur,Rajnagar APMC,Black Gram(Urd Beans)(Whole),Urda/Urd,Non-FAQ,2026-01-21,4550.0,5025.0,5025.0,18.5,Rs./Quintal,Metric Tonnes
Madhya Pradesh,Chhatarpur,Rajnagar APMC,Groundnut,Big (With Shell),Non-FAQ,2026-01-21,6000.0,6000.0,6000.0,5.800000000000001,Rs./Quintal,Metric Tonnes
Madhya Pradesh,Chhatarpur,Rajnagar APMC,Mustard,Mustard,Non-FAQ,2026-01-21,5830.0,6025.0,5840.0,53.0,Rs./Quintal,Metric Tonnes
Madhya Pradesh,Chhatarpur,Rajnagar APMC,Paddy(Common),Dhan,Non-FAQ,2026-01-21,1700.0,1700.0,1700.0,15.0,Rs./Quintal,Metric Tonnes
Madhya Pradesh,Chhatarpur,Rajnagar APMC,Wheat,Wheat Mix,Non-FAQ,2026-01-21,2505.0,2530.0,2510.0,174.95000000000002,Rs./Quintal,Metric Tonnes
Madhya Pradesh,Satna,Ramnagar APMC,Wheat,Mill Quality,Non-FAQ,2026-01-21,2540.0,2565.0,2540.0,106.88,Rs./Quintal,Metric Tonnes
Madhya Pradesh,Shivpuri,Rannod APMC,Maize,Local,FAQ,2026-01-21,1349.0,1538.0,1538.0,13.580000000000002,Rs./Quintal,Metric Tonnes
Madhya Pradesh,Ratlam,Ratlam APMC,Bengal Gram(Gram)(Whole),Gram,FAQ,2026-01-21,4501.0,7000.0,5250.0,3.039,Rs./Quintal,Metric Tonnes
Madhya Pradesh,Ratlam,Ratlam APMC,Cotton,Without Ginned Cotton,FAQ,2026-01-21,7600.0,8050.0,8050.0,7.32,Rs./Quintal,Metric Tonnes
Madhya Pradesh,Ratlam,Ratlam APMC,Garlic,Garlic,FAQ,2026-01-21,2000.0,13601.0,7000.0,18.198,Rs./Quintal,Metric Tonnes
Madhya Pradesh,Ratlam,Ratlam APMC,Green Peas,Pea,FAQ,2026-01-21,2450.0,4511.0,3300.0,8.313,Rs./Quintal,Metric Tonnes
Madhya Pradesh,Ratlam,Ratlam APMC,Kabuli Chana(Chickpeas-White),Dollar Gram,FAQ,2026-01-21,3750.0,9360.0,8400.0,18.122,Rs./Quintal,Metric Tonnes
Madhya Pradesh,Ratlam,Ratlam APMC,Lentil(Masur)(Whole),Masur Dal,FAQ,2026-01-21,5000.0,5000.0,5000.0,0.094,Rs./Quintal,Metric Tonnes
Madhya Pradesh,Ratlam,Ratlam APMC,Maize,Local,FAQ,2026-01-21,1596.0,2073.0,2073.0,17.311000000000003,Rs./Quintal,Metric Tonnes
Madhya Pradesh,Ratlam,Ratlam APMC,Onion,Onion,FAQ,2026-01-21,200.0,1782.0,1001.0,370.819,Rs./Quintal,Metric Tonnes
Madhya Pradesh,Ratlam,Ratlam APMC,Onion,Onion,Non-FAQ,2026-01-21,200.0,1631.0,1415.0,111.90899999999999,Rs./Quintal,Metric Tonnes
Madhya Pradesh,Ratlam,Ratlam APMC,Soyabean,Soyabeen,FAQ,2026-01-21,1800.0,5500.0,5250.0,177.237,Rs./Quintal,Metric Tonnes
Madhya Pradesh,Ratlam,Ratlam APMC,Wheat,Wheat,FAQ,2026-01-21,2340.0,3026.0,2490.0,268.596,Rs./Quintal,Metric Tonnes
Madhya Pradesh,Sehore,Rehati APMC,Maize,Local,FAQ,2026-01-21,1000.0,1579.0,1400.0,350.781,Rs./Quintal,Metric Tonnes
Madhya Pradesh,Sehore,Rehati APMC,Paddy(Common),Puspa (MR 301),FAQ,2026-01-21,3800.0,3800.0,3800.0,5.0,Rs./Quintal,Metric Tonnes
Madhya Pradesh,Sehore,Rehati APMC,Wheat,Wheat,FAQ,2026-01-21,2457.0,2535.0,2535.0,2.644,Rs./Quintal,Metric Tonnes
Madhya Pradesh,Sagar,Rehli APMC,Maize,Local,Non-FAQ,2026-01-21,1451.0,1708.0,1600.0,1104.295,Rs./Quintal,Metric Tonnes
Madhya Pradesh,Sagar,Rehli APMC,Soyabean,Soyabeen,Non-FAQ,2026-01-21,4976.0,5023.0,5023.0,9.581999999999999,Rs./Quintal,Metric Tonnes
Madhya Pradesh,Rewa,Rewa APMC,Kodo Millet(Varagu),Kondo,FAQ,2026-01-21,2290.0,2411.0,2411.0,14.880000000000003,Rs./Quintal,Metric Tonnes
Madhya Pradesh,Rewa,Rewa APMC,Mustard,Sarson(Black),FAQ,2026-01-21,5942.0,6002.0,6002.0,2.3000000000000003,Rs./Quintal,Metric Tonnes
Madhya Pradesh,Rewa,Rewa APMC,Wheat,Wheat,FAQ,2026-01-21,2450.0,2525.0,2500.0,34.5,Rs./Quintal,Metric Tonnes
Madhya Pradesh,Rewa,Rewa APMC,Wheat,Mill Quality,FAQ,2026-01-21,2399.0,2629.0,2551.0,333.01500000000004,Rs./Quintal,Metric Tonnes
Madhya Pradesh,Morena,Sabalgarh APMC,Bajra(Pearl Millet/Cumbu),Millet,Non-FAQ,2026-01-21,1907.0,1916.0,1916.0,4.95,Rs./Quintal,Metric Tonnes
Madhya Pradesh,Morena,Sabalgarh APMC,Mustard,Sarson(Black),Non-FAQ,2026-01-21,6550.0,6665.0,6665.0,8.950000000000001,Rs./Quintal,Metric Tonnes
Madhya Pradesh,Morena,Sabalgarh APMC,Mustard,Mustard,Non-FAQ,2026-01-21,6610.0,6655.0,6655.0,1.6350000000000002,Rs./Quintal,Metric Tonnes
Madhya Pradesh,Morena,Sabalgarh APMC,Red gram/Arhar/Tur(whole),Arhar Dal(Tur),Non-FAQ,2026-01-21,5405.0,5405.0,5405.0,0.795,Rs./Quintal,Metric Tonnes
Madhya Pradesh,Morena,Sabalgarh APMC,Wheat,Mill Quality,Non-FAQ,2026-01-21,2511.0,2511.0,2511.0,2.0,Rs./Quintal,Metric Tonnes
Madhya Pradesh,Sagar,Sagar APMC,Green Peas,Pea,FAQ,2026-01-21,3811.0,3811.0,3811.0,42.010000000000005,Rs./Quintal,Metric Tonnes
Madhya Pradesh,Sagar,Sagar APMC,Maize,Local,Non-FAQ,2026-01-21,1945.0,1990.0,1980.0,166.90300000000002,Rs./Quintal,Metric Tonnes
Madhya Pradesh,Sagar,Sagar APMC,Maize,Local,FAQ,2026-01-21,1405.0,1480.0,1405.0,69.05,Rs./Quintal,Metric Tonnes
Madhya Pradesh,Sagar,Sagar APMC,Wheat,Wheat,FAQ,2026-01-21,2325.0,2345.0,2325.0,24.3,Rs./Quintal,Metric Tonnes
Madhya Pradesh,Ratlam,Sailana APMC,Bengal Gram(Gram)(Whole),Gram,FAQ,2026-01-21,5091.0,5401.0,5401.0,0.13,Rs./Quintal,Metric Tonnes
Madhya Pradesh,Ratlam,Sailana APMC,Cotton,Without Ginned Cotton,FAQ,2026-01-21,755.0,8305.0,7500.0,523.774,Rs./Quintal,Metric Tonnes
Madhya Pradesh,Ratlam,Sailana APMC,Cotton,Long fiber,FAQ,2026-01-21,7250.0,7350.0,7300.0,40.5,Rs./Quintal,Metric Tonnes
Madhya Pradesh,Ratlam,Sailana APMC,Cotton,Without Ginned Cotton,Non-FAQ,2026-01-21,7421.0,7610.0,7600.0,47.785000000000004,Rs./Quintal,Metric Tonnes
Madhya Pradesh,Ratlam,Sailana APMC,Garlic,Garlic,FAQ,2026-01-21,1000.0,10800.0,6000.0,3.8640000000000003,Rs./Quintal,Metric Tonnes
Madhya Pradesh,Ratlam,Sailana APMC,Green Peas,Pea,FAQ,2026-01-21,2901.0,3800.0,3800.0,0.022000000000000002,Rs./Quintal,Metric Tonnes
Madhya Pradesh,Ratlam,Sailana APMC,Maize,Local,FAQ,2026-01-21,1675.0,1700.0,1700.0,8.956000000000001,Rs./Quintal,Metric Tonnes
Madhya Pradesh,Ratlam,Sailana APMC,Methi Seeds,Methiseeds,FAQ,2026-01-21,4391.0,5936.0,5936.0,0.06,Rs./Quintal,Metric Tonnes
Madhya Pradesh,Ratlam,Sailana APMC,Onion,Onion,FAQ,2026-01-21,100.0,1690.0,1650.0,62.752,Rs./Quintal,Metric Tonnes
Madhya Pradesh,Ratlam,Sailana APMC,Soyabean,Soyabeen,FAQ,2026-01-21,2800.0,6700.0,5451.0,33.830000000000005,Rs./Quintal,Metric Tonnes
Madhya Pradesh,Ratlam,Sailana APMC,Soyabean,Yellow,FAQ,2026-01-21,4100.0,4200.0,4120.0,29.095,Rs./Quintal,Metric Tonnes
Madhya Pradesh,Ratlam,Sailana APMC,Wheat,Wheat,FAQ,2026-01-21,2400.0,3200.0,2751.0,14.332,Rs./Quintal,Metric Tonnes
Madhya Pradesh,Khargone,Sanawad APMC,Bengal Gram(Gram)(Whole),Gram,FAQ,2026-01-21,5270.0,6400.0,6400.0,0.394,Rs./Quintal,Metric Tonnes
Madhya Pradesh,Khargone,Sanawad APMC,Chili Red,Red,FAQ,2026-01-21,16365.77,16365.77,16365.77,12.065000000000001,Rs./Quintal,Metric Tonnes
Madhya Pradesh,Khargone,Sanawad APMC,Cotton,Without Ginned Cotton,Non-FAQ,2026-01-21,3280.0,5850.0,5850.0,6.015000000000001,Rs./Quintal,Metric Tonnes
Madhya Pradesh,Khargone,Sanawad APMC,Cotton,Without Ginned Cotton,FAQ,2026-01-21,6800.0,7700.0,6800.0,11.785,Rs./Quintal,Metric Tonnes
Madhya Pradesh,Khargone,Sanawad APMC,Green Gram(Moong)(Whole),Green (Whole),FAQ,2026-01-21,7680.0,7680.0,7680.0,0.33,Rs./Quintal,Metric Tonnes
Madhya Pradesh,Khargone,Sanawad APMC,Kabuli Chana(Chickpeas-White),Bitkey,FAQ,2026-01-21,4675.0,4675.0,4675.0,0.503,Rs./Quintal,Metric Tonnes
Madhya Pradesh,Khargone,Sanawad APMC,Kabuli Chana(Chickpeas-White),Dollar Gram,FAQ,2026-01-21,6000.0,8580.0,8580.0,5.050000000000001,Rs./Quintal,Metric Tonnes
Madhya Pradesh,Khargone,Sanawad APMC,Maize,Local,FAQ,2026-01-21,1570.0,1570.0,1570.0,0.885,Rs./Quintal,Metric Tonnes
Madhya Pradesh,Khargone,Sanawad APMC,Red gram/Arhar/Tur(whole),Arhar Dal(Tur),FAQ,2026-01-21,6065.0,7145.0,7145.0,2.025,Rs./Quintal,Metric Tonnes
Madhya Pradesh,Khargone,Sanawad APMC,Soyabean,Soyabeen,FAQ,2026-01-21,3195.0,3225.0,3225.0,0.455,Rs./Quintal,Metric Tonnes
Madhya Pradesh,Khargone,Sanawad APMC,Wheat,Wheat,FAQ,2026-01-21,2400.0,2629.0,2615.0,38.418000000000006,Rs./Quintal,Metric Tonnes
Madhya Pradesh,Indore,Sanwer APMC,Soyabean,Soyabeen,FAQ,2026-01-21,4311.0,5500.0,5175.0,44.727000000000004,Rs./Quintal,Metric Tonnes
Madhya Pradesh,Indore,Sanwer APMC,Wheat,Wheat,FAQ,2026-01-21,2350.0,2824.0,2500.0,60.11000000000001,Rs./Quintal,Metric Tonnes
Madhya Pradesh,Indore,Sanwer APMC,Wheat,Wheat,Non-FAQ,2026-01-21,2425.0,2650.0,2650.0,11.397,Rs./Quintal,Metric Tonnes
Madhya Pradesh,Rajgarh,Sarangpur APMC,Lentil(Masur)(Whole),Masur Dal,FAQ,2026-01-21,6000.0,6200.0,6200.0,1.9300000000000002,Rs./Quintal,Metric Tonnes
Madhya Pradesh,Rajgarh,Sarangpur APMC,Onion,Local,Non-FAQ,2026-01-21,400.0,600.0,600.0,5.800000000000001,Rs./Quintal,Metric Tonnes
Madhya Pradesh,Rajgarh,Sarangpur APMC,Soyabean,Soyabeen,FAQ,2026-01-21,4750.0,5030.0,5030.0,3.2680000000000002,Rs./Quintal,Metric Tonnes
Madhya Pradesh,Rajgarh,Sarangpur APMC,Soyabean,Yellow,Non-FAQ,2026-01-21,3480.0,5286.0,5286.0,10.126000000000001,Rs./Quintal,Metric Tonnes
Madhya Pradesh,Rajgarh,Sarangpur APMC,Wheat,Mill Quality,Non-FAQ,2026-01-21,2425.0,2480.0,2480.0,40.5,Rs./Quintal,Metric Tonnes
Madhya Pradesh,Rajgarh,Sarangpur APMC,Wheat,Mill Quality,FAQ,2026-01-21,2400.0,2540.0,2540.0,20.619,Rs./Quintal,Metric Tonnes
Madhya Pradesh,Rajgarh,Sarangpur APMC,Wheat,Wheat,Non-FAQ,2026-01-21,2758.0,2758.0,2758.0,1.042,Rs./Quintal,Metric Tonnes
Madhya Pradesh,Rajgarh,Sarangpur APMC,Wheat,Lokwan,FAQ,2026-01-21,2612.0,2612.0,2612.0,0.272,Rs./Quintal,Metric Tonnes
Madhya Pradesh,Satna,Satna APMC,Barley(Jau),Barley,FAQ,2026-01-21,2300.0,2380.0,2380.0,3.737,Rs./Quintal,Metric Tonnes
Madhya Pradesh,Satna,Satna APMC,Bengal Gram(Gram)(Whole),Gram,FAQ,2026-01-21,3975.0,5500.0,5405.0,17.603,Rs./Quintal,Metric Tonnes
Madhya Pradesh,Satna,Satna APMC,Black Gram(Urd Beans)(Whole),Urda/Urd,FAQ,2026-01-21,5200.0,7580.0,7580.0,5.0520000000000005,Rs./Quintal,Metric Tonnes
Madhya Pradesh,Satna,Satna APMC,Green Gram(Moong)(Whole),Green (Whole),FAQ,2026-01-21,4505.0,5655.0,5655.0,0.313,Rs./Quintal,Metric Tonnes
Madhya Pradesh,Satna,Satna APMC,Green Peas,Pea,FAQ,2026-01-21,3255.0,3615.0,3615.0,0.6440000000000001,Rs./Quintal,Metric Tonnes
Madhya Pradesh,Satna,Satna APMC,Lak(Teora),Tiwada,FAQ,2026-01-21,3185.0,3430.0,3330.0,2.247,Rs./Quintal,Metric Tonnes
Madhya Pradesh,Satna,Satna APMC,Lentil(Masur)(Whole),Masur Dal,FAQ,2026-01-21,5430.0,6240.0,6240.0,12.896,Rs./Quintal,Metric Tonnes
Madhya Pradesh,Satna,Satna APMC,Linseed,Flaxseed,FAQ,2026-01-21,6900.0,8045.0,8045.0,1.4880000000000002,Rs./Quintal,Metric Tonnes
Madhya Pradesh,Satna,Satna APMC,Mustard,Mustard,FAQ,2026-01-21,4000.0,6620.0,6515.0,31.283,Rs./Quintal,Metric Tonnes
Madhya Pradesh,Satna,Satna APMC,Mustard,Mustard,Non-FAQ,2026-01-21,6550.0,6550.0,6550.0,3.0,Rs./Quintal,Metric Tonnes
Madhya Pradesh,Satna,Satna APMC,Red gram/Arhar/Tur(whole),Arhar Dal(Tur),FAQ,2026-01-21,6000.0,6700.0,6495.0,4.862,Rs./Quintal,Metric Tonnes
Madhya Pradesh,Satna,Satna APMC,"Sesamum(Sesame,Gingelly,Til)",Sesame,FAQ,2026-01-21,7100.0,8305.0,8305.0,6.152000000000001,Rs./Quintal,Metric Tonnes
Madhya Pradesh,Satna,Satna APMC,Soyabean,Soyabeen,FAQ,2026-01-21,4100.0,5195.0,5195.0,6.03,Rs./Quintal,Metric Tonnes
Madhya Pradesh,Satna,Satna APMC,Soyabean,Soyabeen,Non-FAQ,2026-01-21,4450.0,4500.0,4500.0,4.2,Rs./Quintal,Metric Tonnes
Madhya Pradesh,Satna,Satna APMC,Wheat,Wheat,FAQ,2026-01-21,2450.0,2630.0,2480.0,332.71500000000003,Rs./Quintal,Metric Tonnes
Madhya Pradesh,Satna,Satna APMC,Wheat,Wheat,Non-FAQ,2026-01-21,2525.0,2531.0,2531.0,30.872000000000003,Rs./Quintal,Metric Tonnes
Madhya Pradesh,Satna,Satna APMC,buttery,Buttery,FAQ,2026-01-21,2750.0,3370.0,3370.0,9.31,Rs./Quintal,Metric Tonnes
Madhya Pradesh,Chhindwara,Saunsar APMC,Maize,Yellow,FAQ,2026-01-21,1580.0,2415.92,1800.04,917.338,Rs./Quintal,Metric Tonnes
Madhya Pradesh,Khargone,Segaon APMC,Maize,Local,Non-FAQ,2026-01-21,1550.0,1680.0,1680.0,18.82,Rs./Quintal,Metric Tonnes
Madhya Pradesh,Khargone,Segaon APMC,Maize,Local,FAQ,2026-01-21,1500.0,1615.0,1550.0,91.815,Rs./Quintal,Metric Tonnes
Madhya Pradesh,Khargone,Segaon APMC,Wheat,Wheat,FAQ,2026-01-21,2500.0,2510.0,2500.0,19.69,Rs./Quintal,Metric Tonnes
Madhya Pradesh,Jabalpur,Sehora APMC,Bengal Gram(Gram)(Whole),Desi (F.A.Q. Split),FAQ,2026-01-21,4525.0,5455.0,5350.0,4.087,Rs./Quintal,Metric Tonnes
Madhya Pradesh,Jabalpur,Sehora APMC,Bengal Gram(Gram)(Whole),Gram,FAQ,2026-01-21,4000.0,5405.0,5405.0,1.7940000000000003,Rs./Quintal,Metric Tonnes
Madhya Pradesh,Jabalpur,Sehora APMC,Lentil(Masur)(Whole),Masur Dal,FAQ,2026-01-21,5355.0,5355.0,5355.0,0.279,Rs./Quintal,Metric Tonnes
Madhya Pradesh,Jabalpur,Sehora APMC,Paddy(Common),Common,FAQ,2026-01-21,1400.0,2361.0,1855.0,534.1640000000001,Rs./Quintal,Metric Tonnes
Madhya Pradesh,Jabalpur,Sehora APMC,Water chestnut,Water chestnut,FAQ,2026-01-21,12605.0,23760.0,14705.0,13.719999999999999,Rs./Quintal,Metric Tonnes
Madhya Pradesh,Jabalpur,Sehora APMC,Wheat,Mill Quality,FAQ,2026-01-21,2000.0,2624.0,2600.0,207.49,Rs./Quintal,Metric Tonnes
Madhya Pradesh,Sehore,Sehore APMC,Bengal Gram(Gram)(Whole),Gram,FAQ,2026-01-21,4880.0,4900.0,4900.0,0.34500000000000003,Rs./Quintal,Metric Tonnes
Madhya Pradesh,Sehore,Sehore APMC,Bengal Gram(Gram)(Whole),Chana Kanta,FAQ,2026-01-21,4700.0,4831.0,4800.0,1.284,Rs./Quintal,Metric Tonnes
Madhya Pradesh,Sehore,Sehore APMC,Coriander(Leaves),Coriander,FAQ,2026-01-21,8950.0,8950.0,8950.0,0.05600000000000001,Rs./Bundle,Bundle
Madhya Pradesh,Sehore,Sehore APMC,Maize,Local,FAQ,2026-01-21,1468.0,1702.0,1621.0,85.301,Rs./Quintal,Metric Tonnes
Madhya Pradesh,Sehore,Sehore APMC,Mustard,Mustard,FAQ,2026-01-21,5276.0,5900.0,5900.0,1.027,Rs./Quintal,Metric Tonnes
Madhya Pradesh,Sehore,Sehore APMC,Potato,Potato,FAQ,2026-01-21,120.0,502.0,502.0,1.734,Rs./Quintal,Metric Tonnes
Madhya Pradesh,Sehore,Sehore APMC,Red gram/Arhar/Tur(whole),Arhar Dal(Tur),FAQ,2026-01-21,4000.0,5600.0,5600.0,1.4900000000000002,Rs./Quintal,Metric Tonnes
Madhya Pradesh,Sehore,Sehore APMC,Soyabean,Yellow,Non-FAQ,2026-01-21,3991.0,5352.0,5352.0,10.721,Rs./Quintal,Metric Tonnes
Madhya Pradesh,Sehore,Sehore APMC,Soyabean,Yellow,FAQ,2026-01-21,2000.0,6400.0,5200.0,247.01300000000003,Rs./Quintal,Metric Tonnes
Madhya Pradesh,Sehore,Sehore APMC,Wheat,Sharbati,FAQ,2026-01-21,2900.0,2900.0,2900.0,2.253,Rs./Quintal,Metric Tonnes
Madhya Pradesh,Sehore,Sehore APMC,Wheat,Malwa Shakti,FAQ,2026-01-21,2170.0,2552.0,2460.0,44.363,Rs./Quintal,Metric Tonnes
Madhya Pradesh,Sehore,Sehore APMC,Wheat,Wheat Mix,FAQ,2026-01-21,2450.0,2600.0,2600.0,5.79,Rs./Quintal,Metric Tonnes
Madhya Pradesh,Sehore,Sehore APMC,Wheat,Lokwan,FAQ,2026-01-21,2431.0,3760.0,2600.0,175.679,Rs./Quintal,Metric Tonnes
Madhya Pradesh,Sehore,Sehore APMC,Wheat,Wheat,FAQ,2026-01-21,2170.0,2641.0,2470.0,15.680000000000001,Rs./Quintal,Metric Tonnes
Madhya Pradesh,Sehore,Sehore APMC,Wheat,Mill Quality,FAQ,2026-01-21,2465.0,2467.0,2465.0,2.761,Rs./Quintal,Metric Tonnes
Madhya Pradesh,Hoshangabad,Semriharchand APMC,Paddy(Common),Puspa (MR 301),FAQ,2026-01-21,3600.0,4000.0,3800.0,937.9440000000001,Rs./Quintal,Metric Tonnes
Madhya Pradesh,Hoshangabad,Semriharchand APMC,Paddy(Common),Basmati,FAQ,2026-01-21,1000.0,4127.0,3800.0,1366.9350000000002,Rs./Quintal,Metric Tonnes
Madhya Pradesh,Hoshangabad,Semriharchand APMC,Paddy(Common),Dhan,FAQ,2026-01-21,2025.0,2025.0,2025.0,30.505000000000003,Rs./Quintal,Metric Tonnes
Madhya Pradesh,Hoshangabad,Semriharchand APMC,Paddy(Common),Paddy,FAQ,2026-01-21,3750.0,3750.0,3750.0,142.81,Rs./Quintal,Metric Tonnes
Madhya Pradesh,Hoshangabad,Semriharchand APMC,Paddy(Common),Basmati,Non-FAQ,2026-01-21,3800.0,3900.0,3900.0,85.36000000000001,Rs./Quintal,Metric Tonnes
Madhya Pradesh,Hoshangabad,Semriharchand APMC,Paddy(Common),Puspa (MR 301),Non-FAQ,2026-01-21,3600.0,3800.0,3600.0,222.30500000000004,Rs./Quintal,Metric Tonnes
Madhya Pradesh,Hoshangabad,Semriharchand APMC,Wheat,Mill Quality,FAQ,2026-01-21,2500.0,2500.0,2500.0,6.025,Rs./Quintal,Metric Tonnes
Madhya Pradesh,Badwani,Sendhwa APMC,Cotton,Without Ginned Cotton,FAQ,2026-01-21,5500.0,7685.0,6950.0,75.635,Rs./Quintal,Metric Tonnes
Madhya Pradesh,Badwani,Sendhwa APMC,Maize,Local,FAQ,2026-01-21,1535.0,1600.0,1600.0,9.13,Rs./Quintal,Metric Tonnes
Madhya Pradesh,Badwani,Sendhwa APMC,Maize,Local,Non-FAQ,2026-01-21,1560.0,1560.0,1560.0,1.1199999999999999,Rs./Quintal,Metric Tonnes
Madhya Pradesh,Badwani,Sendhwa APMC,Maize,Deshi Red,FAQ,2026-01-21,1510.0,1520.0,1520.0,18.8,Rs./Quintal,Metric Tonnes
Madhya Pradesh,Badwani,Sendhwa APMC,Soyabean,Soyabeen,FAQ,2026-01-21,5050.0,5400.0,5180.0,9.243,Rs./Quintal,Metric Tonnes
Madhya Pradesh,Seoni,Seoni APMC,Maize,Sweet Corn (For Biscuits),Non-FAQ,2026-01-21,1572.0,1572.0,1572.0,12.4,Rs./Quintal,Metric Tonnes
Madhya Pradesh,Seoni,Seoni APMC,Maize,Maize/Corn-Organic,FAQ,2026-01-21,1620.0,1650.0,1620.0,35.800000000000004,Rs./Quintal,Metric Tonnes
Madhya Pradesh,Seoni,Seoni APMC,Maize,Yellow,Non-FAQ,2026-01-21,1500.0,1920.0,1605.0,654.825,Rs./Quintal,Metric Tonnes
Madhya Pradesh,Seoni,Seoni APMC,Maize,Other,Non-FAQ,2026-01-21,1550.0,1550.0,1550.0,4.95,Rs./Quintal,Metric Tonnes
Madhya Pradesh,Seoni,Seoni APMC,Maize,Yellow,FAQ,2026-01-21,1540.0,1660.0,1600.0,557.39,Rs./Quintal,Metric Tonnes
Madhya Pradesh,Seoni,Seoni APMC,Maize,Local,Non-FAQ,2026-01-21,1525.0,1793.0,1640.0,572.715,Rs./Quintal,Metric Tonnes
Madhya Pradesh,Seoni,Seoni APMC,Maize,Local,FAQ,2026-01-21,1500.0,1910.0,1600.0,481.295,Rs./Quintal,Metric Tonnes
Madhya Pradesh,Seoni,Seoni APMC,Soyabean,Soyabeen,FAQ,2026-01-21,4880.0,4880.0,4880.0,1.7300000000000002,Rs./Quintal,Metric Tonnes
Madhya Pradesh,Seoni,Seoni APMC,Wheat,Wheat,Non-FAQ,2026-01-21,2525.0,2525.0,2525.0,6.5,Rs./Quintal,Metric Tonnes
Madhya Pradesh,Datia,Sevda APMC,Paddy(Common),Paddy,FAQ,2026-01-21,3200.0,3850.0,3690.0,277.1,Rs./Quintal,Metric Tonnes
Madhya Pradesh,Datia,Sevda APMC,Paddy(Common),Paddy,Non-FAQ,2026-01-21,3200.0,3680.0,3600.0,21.700000000000003,Rs./Quintal,Metric Tonnes
Madhya Pradesh,Datia,Sevda APMC,Paddy(Common),Dhan,Non-FAQ,2026-01-21,3021.0,3750.0,3690.0,58.7,Rs./Quintal,Metric Tonnes
Madhya Pradesh,Datia,Sevda APMC,Wheat,Mill Quality,FAQ,2026-01-21,2500.0,2539.0,2537.0,41.900000000000006,Rs./Quintal,Metric Tonnes
Madhya Pradesh,Datia,Sevda APMC,Wheat,Mill Quality,Non-FAQ,2026-01-21,2433.0,2502.0,2502.0,15.5,Rs./Quintal,Metric Tonnes
Madhya Pradesh,Ashoknagar,Shadora APMC,Maize,Local,Non-FAQ,2026-01-21,1330.0,1660.0,1540.0,270.139,Rs./Quintal,Metric Tonnes
Madhya Pradesh,Ashoknagar,Shadora APMC,Maize,Local,FAQ,2026-01-21,1295.0,1750.0,1500.0,463.033,Rs./Quintal,Metric Tonnes
Madhya Pradesh,Sagar,Shahagarh APMC,Soyabean,Soyabeen,Non-FAQ,2026-01-21,4700.0,4700.0,4700.0,4.25,Rs./Quintal,Metric Tonnes
Madhya Pradesh,Shehdol,Shahdol APMC,Wheat,Mill Quality,Non-FAQ,2026-01-21,2400.0,2400.0,2400.0,5.0,Rs./Quintal,Metric Tonnes
Madhya Pradesh,Jabalpur,Shahpura Bhitoni (F&V) APMC,Maize,Yellow,FAQ,2026-01-21,1300.0,1655.0,1615.0,101.415,Rs./Quintal,Metric Tonnes
Madhya Pradesh,Jabalpur,Shahpura Bhitoni (F&V) APMC,Wheat,Mill Quality,FAQ,2026-01-21,2490.0,2530.0,2500.0,21.928,Rs./Quintal,Metric Tonnes
Madhya Pradesh,Jabalpur,Shahpura(Jabalpur) APMC,Kodo Millet(Varagu),Kondo,FAQ,2026-01-21,2200.0,2300.0,2300.0,17.5,Rs./Quintal,Metric Tonnes
Madhya Pradesh,Jabalpur,Shahpura(Jabalpur) APMC,Kutki,Kutki,FAQ,2026-01-21,4175.0,4300.0,4300.0,25.35,Rs./Quintal,Metric Tonnes
Madhya Pradesh,Jabalpur,Shahpura(Jabalpur) APMC,Niger Seed(Ramtil),Ramatilli,Non-FAQ,2026-01-21,9000.0,9900.0,9000.0,24.632,Rs./Quintal,Metric Tonnes
Madhya Pradesh,Jabalpur,Shahpura(Jabalpur) APMC,Paddy(Common),Paddy,Non-FAQ,2026-01-21,1850.0,1850.0,1850.0,31.0,Rs./Quintal,Metric Tonnes
Madhya Pradesh,Jabalpur,Shahpura(Jabalpur) APMC,Paddy(Common),Paddy,FAQ,2026-01-21,2350.0,2400.0,2400.0,89.775,Rs./Quintal,Metric Tonnes
Madhya Pradesh,Jabalpur,Shahpura(Jabalpur) APMC,Wheat,Wheat,Non-FAQ,2026-01-21,2500.0,2500.0,2500.0,0.4,Rs./Quintal,Metric Tonnes
Madhya Pradesh,Shajapur,Shajapur APMC,Garlic,Garlic,FAQ,2026-01-21,2133.2,9600.0,9600.0,6.936,Rs./Quintal,Metric Tonnes
Madhya Pradesh,Shajapur,Shajapur APMC,Garlic,Desi,FAQ,2026-01-21,3600.0,6300.0,6300.0,0.869,Rs./Quintal,Metric Tonnes
Madhya Pradesh,Shajapur,Shajapur APMC,Mustard,Mustard,FAQ,2026-01-21,5325.0,5325.0,5325.0,0.82,Rs./Quintal,Metric Tonnes
Madhya Pradesh,Shajapur,Shajapur APMC,Onion,Medium,FAQ,2026-01-21,176.0,6902.0,1492.0,815.299,Rs./Quintal,Metric Tonnes
Madhya Pradesh,Shajapur,Shajapur APMC,Onion,Onion,FAQ,2026-01-21,802.0,1560.0,1560.0,47.729000000000006,Rs./Quintal,Metric Tonnes
Madhya Pradesh,Shajapur,Shajapur APMC,Potato,Potato,FAQ,2026-01-21,200.0,1001.0,700.0,220.774,Rs./Quintal,Metric Tonnes
Madhya Pradesh,Shajapur,Shajapur APMC,Potato,Local,FAQ,2026-01-21,501.0,501.0,501.0,18.049000000000003,Rs./Quintal,Metric Tonnes
Madhya Pradesh,Shajapur,Shajapur APMC,Soyabean,Soyabeen,FAQ,2026-01-21,1690.0,6411.0,5115.0,89.968,Rs./Quintal,Metric Tonnes
Madhya Pradesh,Shajapur,Shajapur APMC,Wheat,Wheat,FAQ,2026-01-21,2400.0,2792.0,2642.0,46.613,Rs./Quintal,Metric Tonnes
Madhya Pradesh,Mandsaur,Shamgarh APMC,Bengal Gram(Gram)(Whole),Gram,Non-FAQ,2026-01-21,3000.0,5250.0,5250.0,0.673,Rs./Quintal,Metric Tonnes
Madhya Pradesh,Mandsaur,Shamgarh APMC,Black Gram(Urd Beans)(Whole),Urda/Urd,Non-FAQ,2026-01-21,2901.0,7300.0,7300.0,0.792,Rs./Quintal,Metric Tonnes
Madhya Pradesh,Mandsaur,Shamgarh APMC,Groundnut,Big (With Shell),Non-FAQ,2026-01-21,5100.0,7910.0,7910.0,1.0230000000000001,Rs./Quintal,Metric Tonnes
Madhya Pradesh,Mandsaur,Shamgarh APMC,Lentil(Masur)(Whole),Masur Dal,Non-FAQ,2026-01-21,6200.0,6551.0,6551.0,0.31600000000000006,Rs./Quintal,Metric Tonnes
Madhya Pradesh,Mandsaur,Shamgarh APMC,Maize,Local,Non-FAQ,2026-01-21,1450.0,1980.0,1640.0,13.879,Rs./Quintal,Metric Tonnes
Madhya Pradesh,Mandsaur,Shamgarh APMC,Mustard,Mustard,Non-FAQ,2026-01-21,6328.0,6328.0,6328.0,0.845,Rs./Quintal,Metric Tonnes
Madhya Pradesh,Mandsaur,Shamgarh APMC,Onion,Onion,Non-FAQ,2026-01-21,310.0,1600.0,1300.0,116.36099999999999,Rs./Quintal,Metric Tonnes
Madhya Pradesh,Mandsaur,Shamgarh APMC,Onion,Onion,FAQ,2026-01-21,260.0,1432.0,900.0,28.336000000000002,Rs./Quintal,Metric Tonnes
Madhya Pradesh,Mandsaur,Shamgarh APMC,Soyabean,Soyabeen,Non-FAQ,2026-01-21,1850.0,5151.0,5151.0,27.242000000000004,Rs./Quintal,Metric Tonnes
Madhya Pradesh,Mandsaur,Shamgarh APMC,Wheat,Wheat,Non-FAQ,2026-01-21,2500.0,3301.0,2612.0,2.258,Rs./Quintal,Metric Tonnes
Madhya Pradesh,Mandsaur,Shamgarh APMC,Wheat,Mill Quality,Non-FAQ,2026-01-21,2550.0,2603.0,2590.0,6.3260000000000005,Rs./Quintal,Metric Tonnes
Madhya Pradesh,Vidisha,Shamshabad APMC,Bengal Gram(Gram)(Whole),Gram,FAQ,2026-01-21,4601.0,4601.0,4601.0,0.279,Rs./Quintal,Metric Tonnes
Madhya Pradesh,Vidisha,Shamshabad APMC,Bengal Gram(Gram)(Whole),Chana Kanta,FAQ,2026-01-21,4700.0,4700.0,4700.0,0.45,Rs./Quintal,Metric Tonnes
Madhya Pradesh,Vidisha,Shamshabad APMC,Maize,Local,FAQ,2026-01-21,1401.0,1500.0,1431.0,14.042,Rs./Quintal,Metric Tonnes
Madhya Pradesh,Vidisha,Shamshabad APMC,Paddy(Common),Paddy,Non-FAQ,2026-01-21,2300.0,2400.0,2400.0,20.1,Rs./Quintal,Metric Tonnes
Madhya Pradesh,Vidisha,Shamshabad APMC,Soyabean,Soyabeen,FAQ,2026-01-21,4100.0,5270.0,5270.0,15.32,Rs./Quintal,Metric Tonnes
Madhya Pradesh,Vidisha,Shamshabad APMC,Wheat,Wheat,FAQ,2026-01-21,2351.0,2600.0,2471.0,54.72200000000001,Rs./Quintal,Metric Tonnes
Madhya Pradesh,Sheopur,Sheopurbadod APMC,Bengal Gram(Gram)(Whole),Gram,FAQ,2026-01-21,5100.0,5100.0,5100.0,1.035,Rs./Quintal,Metric Tonnes
Madhya Pradesh,Sheopur,Sheopurbadod APMC,Paddy(Common),Dhan,FAQ,2026-01-21,1005.0,3800.0,3670.0,199.054,Rs./Quintal,Metric Tonnes
Madhya Pradesh,Sheopur,Sheopurbadod APMC,Wheat,Wheat,FAQ,2026-01-21,2535.0,2565.0,2560.0,8.370000000000001,Rs./Quintal,Metric Tonnes
Madhya Pradesh,Sheopur,Sheopurkalan APMC,Bengal Gram(Gram)(Whole),Gram,FAQ,2026-01-21,4800.0,5230.0,5230.0,4.767,Rs./Quintal,Metric Tonnes
Madhya Pradesh,Sheopur,Sheopurkalan APMC,Coriander(Leaves),Coriander,FAQ,2026-01-21,9100.0,9750.0,9750.0,3.715,Rs./Bundle,Bundle
Madhya Pradesh,Sheopur,Sheopurkalan APMC,Mustard,Mustard,FAQ,2026-01-21,3150.0,6680.0,6570.0,48.05500000000001,Rs./Quintal,Metric Tonnes
Madhya Pradesh,Sheopur,Sheopurkalan APMC,Paddy(Common),Paddy,FAQ,2026-01-21,2550.0,3900.0,3700.0,1138.178,Rs./Quintal,Metric Tonnes
Madhya Pradesh,Sheopur,Sheopurkalan APMC,Paddy(Common),Dhan,Non-FAQ,2026-01-21,3150.0,3720.0,3150.0,125.92200000000001,Rs./Quintal,Metric Tonnes
Madhya Pradesh,Sheopur,Sheopurkalan APMC,Paddy(Common),Dhan,FAQ,2026-01-21,3500.0,3825.0,3730.0,85.245,Rs./Quintal,Metric Tonnes
Madhya Pradesh,Sheopur,Sheopurkalan APMC,Paddy(Common),Red,FAQ,2026-01-21,3755.0,3755.0,3755.0,5.3100000000000005,Rs./Quintal,Metric Tonnes
Madhya Pradesh,Sheopur,Sheopurkalan APMC,Paddy(Common),Paddy,Non-FAQ,2026-01-21,3120.0,3890.0,3650.0,417.379,Rs./Quintal,Metric Tonnes
Madhya Pradesh,Sheopur,Sheopurkalan APMC,Soyabean,Soyabeen,Non-FAQ,2026-01-21,4330.0,4330.0,4330.0,0.76,Rs./Quintal,Metric Tonnes
Madhya Pradesh,Sheopur,Sheopurkalan APMC,Wheat,Wheat,Non-FAQ,2026-01-21,2350.0,2420.0,2420.0,2.998,Rs./Quintal,Metric Tonnes
Madhya Pradesh,Sheopur,Sheopurkalan APMC,Wheat,Wheat,FAQ,2026-01-21,2480.0,2576.0,2541.0,149.55100000000002,Rs./Quintal,Metric Tonnes
Madhya Pradesh,Sheopur,Sheopurkalan APMC,Wheat,Other,FAQ,2026-01-21,2460.0,2510.0,2510.0,36.96,Rs./Quintal,Metric Tonnes
Madhya Pradesh,Shivpuri,Shivpuri APMC,Maize,Local,FAQ,2026-01-21,930.0,1570.0,1570.0,10.968000000000002,Rs./Quintal,Metric Tonnes
Madhya Pradesh,Shivpuri,Shivpuri APMC,Mustard,Mustard,FAQ,2026-01-21,5150.0,6100.0,6100.0,6.815000000000001,Rs./Quintal,Metric Tonnes
Madhya Pradesh,Shivpuri,Shivpuri APMC,Soyabean,Soyabeen,FAQ,2026-01-21,4890.0,5150.0,5150.0,17.086000000000002,Rs./Quintal,Metric Tonnes
Madhya Pradesh,Shivpuri,Shivpuri APMC,Wheat,Wheat,FAQ,2026-01-21,2455.0,2575.0,2540.0,22.374000000000002,Rs./Quintal,Metric Tonnes
Madhya Pradesh,Shajapur,Shujalpur APMC,Bengal Gram(Gram)(Whole),Gram,FAQ,2026-01-21,4101.0,5601.0,5601.0,8.002,Rs./Quintal,Metric Tonnes
Madhya Pradesh,Shajapur,Shujalpur APMC,Bengal Gram(Gram)(Whole),Chana Kabuli,FAQ,2026-01-21,4470.0,4496.0,4496.0,0.596,Rs./Quintal,Metric Tonnes
Madhya Pradesh,Shajapur,Shujalpur APMC,Coriander(Leaves),Coriander,FAQ,2026-01-21,7570.0,7570.0,7570.0,0.054000000000000006,Rs./Bundle,Bundle
Madhya Pradesh,Shajapur,Shujalpur APMC,Garlic,Desi,FAQ,2026-01-21,2000.0,7501.0,7501.0,1.62,Rs./Quintal,Metric Tonnes
Madhya Pradesh,Shajapur,Shujalpur APMC,Kabuli Chana(Chickpeas-White),Dollar Gram,FAQ,2026-01-21,4001.0,8491.0,6761.0,55.462,Rs./Quintal,Metric Tonnes
Madhya Pradesh,Shajapur,Shujalpur APMC,Lentil(Masur)(Whole),Masur Dal,FAQ,2026-01-21,5201.0,6501.0,6501.0,3.599,Rs./Quintal,Metric Tonnes
Madhya Pradesh,Shajapur,Shujalpur APMC,Onion,Red,FAQ,2026-01-21,141.0,925.0,925.0,2.4290000000000003,Rs./Quintal,Metric Tonnes
Madhya Pradesh,Shajapur,Shujalpur APMC,Soyabean,Soyabeen,FAQ,2026-01-21,3781.0,5340.0,5330.0,42.923,Rs./Quintal,Metric Tonnes
Madhya Pradesh,Shajapur,Shujalpur APMC,Wheat,Wheat,FAQ,2026-01-21,2491.0,2681.0,2631.0,14.130000000000003,Rs./Quintal,Metric Tonnes
Madhya Pradesh,Sehore,Shyampur APMC,Soyabean,Soyabeen,Non-FAQ,2026-01-21,5165.0,5165.0,5165.0,0.1,Rs./Quintal,Metric Tonnes
Madhya Pradesh,Sehore,Shyampur APMC,Soyabean,Soyabeen,FAQ,2026-01-21,5060.0,5313.0,5313.0,1.311,Rs./Quintal,Metric Tonnes
Madhya Pradesh,Sehore,Shyampur APMC,Wheat,Wheat,Non-FAQ,2026-01-21,2515.0,2515.0,2515.0,1.9800000000000002,Rs./Quintal,Metric Tonnes
Madhya Pradesh,Sehore,Shyampur APMC,Wheat,Mill Quality,FAQ,2026-01-21,2600.0,2600.0,2600.0,0.87,Rs./Quintal,Metric Tonnes
Madhya Pradesh,Sehore,Shyampur APMC,Wheat,Wheat,FAQ,2026-01-21,2505.0,2505.0,2505.0,0.1,Rs./Quintal,Metric Tonnes
Madhya Pradesh,Sidhi,Sidhi APMC,Wheat,Mill Quality,Non-FAQ,2026-01-21,2400.0,2455.0,2400.0,60.256,Rs./Quintal,Metric Tonnes
Madhya Pradesh,Raisen,Silvani APMC,Lak(Teora),Tiwada,FAQ,2026-01-21,3365.0,3500.0,3500.0,1.25,Rs./Quintal,Metric Tonnes
Madhya Pradesh,Raisen,Silvani APMC,Maize,Local,FAQ,2026-01-21,1465.0,1500.0,1500.0,4.4,Rs./Quintal,Metric Tonnes
Madhya Pradesh,Raisen,Silvani APMC,Paddy(Common),Kranti,FAQ,2026-01-21,1300.0,1300.0,1300.0,0.48,Rs./Quintal,Metric Tonnes
Madhya Pradesh,Raisen,Silvani APMC,Paddy(Common),Paddy-Organic,FAQ,2026-01-21,3811.0,3811.0,3811.0,18.425,Rs./Quintal,Metric Tonnes
Madhya Pradesh,Raisen,Silvani APMC,Paddy(Common),Dhan,FAQ,2026-01-21,3600.0,3810.0,3600.0,22.990000000000002,Rs./Quintal,Metric Tonnes
Madhya Pradesh,Raisen,Silvani APMC,Paddy(Common),Basmati,FAQ,2026-01-21,3000.0,3925.0,3800.0,744.21,Rs./Quintal,Metric Tonnes
Madhya Pradesh,Raisen,Silvani APMC,Red gram/Arhar/Tur(whole),Arhar Dal(Tur),FAQ,2026-01-21,6765.0,6765.0,6765.0,0.2,Rs./Quintal,Metric Tonnes
Madhya Pradesh,Raisen,Silvani APMC,Wheat,Wheat,FAQ,2026-01-21,2512.0,2572.0,2572.0,1.615,Rs./Quintal,Metric Tonnes
Madhya Pradesh,Panna,Simariya APMC,Wheat,Wheat,FAQ,2026-01-21,2400.0,2490.0,2490.0,36.12,Rs./Quintal,Metric Tonnes
Madhya Pradesh,Singroli,Singroli APMC,Wheat,Wheat,Non-FAQ,2026-01-21,2500.0,2500.0,2500.0,5.0,Rs./Quintal,Metric Tonnes
Madhya Pradesh,Harda,Sirali APMC,Bengal Gram(Gram)(Whole),Desi (F.A.Q. Split),FAQ,2026-01-21,5001.0,5001.0,5001.0,0.11399999999999999,Rs./Quintal,Metric Tonnes
Madhya Pradesh,Harda,Sirali APMC,Maize,Local,FAQ,2026-01-21,1248.0,1645.0,1600.0,162.645,Rs./Quintal,Metric Tonnes
Madhya Pradesh,Harda,Sirali APMC,Soyabean,Soyabeen,FAQ,2026-01-21,3200.0,5291.0,5291.0,6.322,Rs./Quintal,Metric Tonnes
Madhya Pradesh,Harda,Sirali APMC,Wheat,Mill Quality,FAQ,2026-01-21,2490.0,2634.0,2515.0,76.627,Rs./Quintal,Metric Tonnes
Madhya Pradesh,Vidisha,Sironj APMC,Bengal Gram(Gram)(Whole),Gram,FAQ,2026-01-21,4480.0,5380.0,5380.0,52.492999999999995,Rs./Quintal,Metric Tonnes
Madhya Pradesh,Vidisha,Sironj APMC,Lak(Teora),Tiwada,FAQ,2026-01-21,3045.0,3455.0,3455.0,8.040000000000001,Rs./Quintal,Metric Tonnes
Madhya Pradesh,Vidisha,Sironj APMC,Lentil(Masur)(Whole),Masur Dal,FAQ,2026-01-21,5000.0,5730.0,5730.0,0.233,Rs./Quintal,Metric Tonnes
Madhya Pradesh,Vidisha,Sironj APMC,Maize,Local,FAQ,2026-01-21,1200.0,1702.0,1560.0,996.0600000000001,Rs./Quintal,Metric Tonnes
Madhya Pradesh,Vidisha,Sironj APMC,Mustard,Mustard,FAQ,2026-01-21,4295.0,6300.0,6300.0,2.813,Rs./Quintal,Metric Tonnes
Madhya Pradesh,Vidisha,Sironj APMC,Red gram/Arhar/Tur(whole),Arhar Dal(Tur),FAQ,2026-01-21,6515.0,6515.0,6515.0,0.15400000000000003,Rs./Quintal,Metric Tonnes
Madhya Pradesh,Vidisha,Sironj APMC,Soyabean,Soyabeen,FAQ,2026-01-21,3611.0,5465.0,5270.0,36.213,Rs./Quintal,Metric Tonnes
Madhya Pradesh,Vidisha,Sironj APMC,Wheat,Wheat,FAQ,2026-01-21,2400.0,3470.0,2905.0,98.70400000000001,Rs./Quintal,Metric Tonnes
Madhya Pradesh,Vidisha,Sironj APMC,Wheat,Sharbati,FAQ,2026-01-21,3100.0,3790.0,3105.0,23.725,Rs./Quintal,Metric Tonnes
Madhya Pradesh,Vidisha,Sironj APMC,buttery,Buttery,FAQ,2026-01-21,3375.0,4465.0,4465.0,1.9640000000000002,Rs./Quintal,Metric Tonnes
Madhya Pradesh,Mandsaur,Sitmau APMC,Bengal Gram(Gram)(Whole),Gram,FAQ,2026-01-21,5000.0,5000.0,5000.0,0.03,Rs./Quintal,Metric Tonnes
Madhya Pradesh,Mandsaur,Sitmau APMC,Garlic,Garlic,FAQ,2026-01-21,2500.0,4500.0,4500.0,4.192,Rs./Quintal,Metric Tonnes
Madhya Pradesh,Mandsaur,Sitmau APMC,Maize,Local,FAQ,2026-01-21,1600.0,1651.0,1651.0,2.241,Rs./Quintal,Metric Tonnes
Madhya Pradesh,Mandsaur,Sitmau APMC,Mustard,Mustard,FAQ,2026-01-21,5101.0,5601.0,5601.0,1.04,Rs./Quintal,Metric Tonnes
Madhya Pradesh,Mandsaur,Sitmau APMC,Onion,Onion,FAQ,2026-01-21,210.0,1060.0,900.0,20.950000000000003,Rs./Quintal,Metric Tonnes
Madhya Pradesh,Mandsaur,Sitmau APMC,Onion,Onion-Organic,FAQ,2026-01-21,380.0,380.0,380.0,2.998,Rs./Quintal,Metric Tonnes
Madhya Pradesh,Mandsaur,Sitmau APMC,Soyabean,Yellow,FAQ,2026-01-21,1200.0,5325.0,5100.0,30.243000000000002,Rs./Quintal,Metric Tonnes
Madhya Pradesh,Mandsaur,Sitmau APMC,Wheat,Mill Quality,FAQ,2026-01-21,2600.0,2600.0,2600.0,1.0470000000000002,Rs./Quintal,Metric Tonnes
Madhya Pradesh,Mandsaur,Sitmau APMC,Wheat,Wheat,FAQ,2026-01-21,2521.0,2770.0,2600.0,13.947000000000001,Rs./Quintal,Metric Tonnes
Madhya Pradesh,Dewas,Sonkatch APMC,Maize,Local,FAQ,2026-01-21,1571.0,1624.0,1624.0,4.18,Rs./Quintal,Metric Tonnes
Madhya Pradesh,Dewas,Sonkatch APMC,Mustard,Mustard,FAQ,2026-01-21,4400.0,4400.0,4400.0,0.141,Rs./Quintal,Metric Tonnes
Madhya Pradesh,Dewas,Sonkatch APMC,Soyabean,Soyabeen,FAQ,2026-01-21,3000.0,5700.0,4901.0,42.884,Rs./Quintal,Metric Tonnes
Madhya Pradesh,Dewas,Sonkatch APMC,Wheat,Wheat,FAQ,2026-01-21,2400.0,2690.0,2440.0,72.943,Rs./Quintal,Metric Tonnes
Madhya Pradesh,Shajapur,Soyatkalan APMC,Garlic,Garlic,FAQ,2026-01-21,2100.0,8005.0,8005.0,0.5790000000000001,Rs./Quintal,Metric Tonnes
Madhya Pradesh,Shajapur,Soyatkalan APMC,Groundnut,Big (With Shell),Non-FAQ,2026-01-21,5580.0,5580.0,5580.0,0.03,Rs./Quintal,Metric Tonnes
Madhya Pradesh,Shajapur,Soyatkalan APMC,Soyabean,Soyabeen,FAQ,2026-01-21,4600.0,4945.0,4945.0,0.851,Rs./Quintal,Metric Tonnes
Madhya Pradesh,Shajapur,Soyatkalan APMC,Soyabean,Soyabeen,Non-FAQ,2026-01-21,3200.0,3200.0,3200.0,0.15000000000000002,Rs./Quintal,Metric Tonnes
Madhya Pradesh,Shajapur,Soyatkalan APMC,Wheat,Wheat,FAQ,2026-01-21,2600.0,2600.0,2600.0,2.3329999999999997,Rs./Quintal,Metric Tonnes
Madhya Pradesh,Shajapur,Soyatkalan APMC,Wheat,Wheat,Non-FAQ,2026-01-21,2515.0,2540.0,2535.0,6.370000000000001,Rs./Quintal,Metric Tonnes
Madhya Pradesh,Shajapur,Susner APMC,Maize,Local,Non-FAQ,2026-01-21,1500.0,1609.0,1609.0,0.835,Rs./Quintal,Metric Tonnes
Madhya Pradesh,Shajapur,Susner APMC,Soyabean,Soyabeen,Non-FAQ,2026-01-21,4925.0,4925.0,4925.0,0.29900000000000004,Rs./Quintal,Metric Tonnes
Madhya Pradesh,Shajapur,Susner APMC,Wheat,Wheat,Non-FAQ,2026-01-21,2570.0,2570.0,2570.0,0.395,Rs./Quintal,Metric Tonnes
Madhya Pradesh,Mandsaur,Suvasra APMC,Maize,Local,Non-FAQ,2026-01-21,1571.0,1630.0,1630.0,2.17,Rs./Quintal,Metric Tonnes
Madhya Pradesh,Ratlam,Taal APMC,Maize,Local,FAQ,2026-01-21,1490.0,1551.0,1551.0,9.861,Rs./Quintal,Metric Tonnes
Madhya Pradesh,Ratlam,Taal APMC,Soyabean,Yellow,FAQ,2026-01-21,4701.0,5299.0,5128.0,42.715,Rs./Quintal,Metric Tonnes
Madhya Pradesh,Ratlam,Taal APMC,Soyabean,Soyabeen,FAQ,2026-01-21,4702.0,5151.0,5151.0,20.243000000000002,Rs./Quintal,Metric Tonnes
Madhya Pradesh,Ratlam,Taal APMC,Wheat,Wheat,FAQ,2026-01-21,2288.0,2757.0,2757.0,3.91,Rs./Quintal,Metric Tonnes
Madhya Pradesh,Ujjain,Tarana APMC,Bengal Gram(Gram)(Whole),Gram,FAQ,2026-01-21,4010.0,4551.0,4551.0,28.493000000000002,Rs./Quintal,Metric Tonnes
Madhya Pradesh,Ujjain,Tarana APMC,Soyabean,Soyabeen,FAQ,2026-01-21,2202.0,5500.0,5200.0,78.24600000000001,Rs./Quintal,Metric Tonnes
Madhya Pradesh,Ujjain,Tarana APMC,Wheat,Wheat,FAQ,2026-01-21,2000.0,2821.0,2541.0,117.40100000000001,Rs./Quintal,Metric Tonnes
Madhya Pradesh,Narsinghpur,Tendukheda APMC,Bengal Gram(Gram)(Whole),Gram,FAQ,2026-01-21,5300.0,5601.0,5315.0,68.7,Rs./Quintal,Metric Tonnes
Madhya Pradesh,Narsinghpur,Tendukheda APMC,Gur(Jaggery),Jaggery,FAQ,2026-01-21,3150.0,3740.0,3740.0,79.9,Rs./Quintal,Metric Tonnes
Madhya Pradesh,Narsinghpur,Tendukheda APMC,Lentil(Masur)(Whole),Masur Dal,FAQ,2026-01-21,6098.0,6398.0,6398.0,11.090000000000002,Rs./Quintal,Metric Tonnes
Madhya Pradesh,Narsinghpur,Tendukheda APMC,Maize,Local,FAQ,2026-01-21,1611.0,1671.0,1671.0,31.5,Rs./Quintal,Metric Tonnes
Madhya Pradesh,Narsinghpur,Tendukheda APMC,Wheat,Wheat,FAQ,2026-01-21,2495.0,2499.0,2497.0,31.900000000000002,Rs./Quintal,Metric Tonnes
Madhya Pradesh,Jhabua,Thandla APMC,Cotton,Long fiber,FAQ,2026-01-21,7150.0,7650.0,7550.0,48.660000000000004,Rs./Quintal,Metric Tonnes
Madhya Pradesh,Jhabua,Thandla APMC,Cotton,Without Ginned Cotton,FAQ,2026-01-21,7200.0,8200.0,7450.0,456.021,Rs./Quintal,Metric Tonnes
Madhya Pradesh,Jhabua,Thandla APMC,Soyabean,Yellow,FAQ,2026-01-21,4800.0,4850.0,4850.0,8.14,Rs./Quintal,Metric Tonnes
Madhya Pradesh,Jhabua,Thandla APMC,Wheat,Mill Quality,FAQ,2026-01-21,2530.0,2530.0,2530.0,3.821,Rs./Quintal,Metric Tonnes
Madhya Pradesh,Tikamgarh,Tikamgarh APMC,Black Gram(Urd Beans)(Whole),Urda/Urd,FAQ,2026-01-21,5000.0,7550.0,7000.0,191.986,Rs./Quintal,Metric Tonnes
Madhya Pradesh,Tikamgarh,Tikamgarh APMC,Soyabean,Soyabeen,FAQ,2026-01-21,4805.0,5425.0,4975.0,60.44800000000001,Rs./Quintal,Metric Tonnes
Madhya Pradesh,Tikamgarh,Tikamgarh APMC,Wheat,Wheat,FAQ,2026-01-21,2370.0,2555.0,2500.0,756.1790000000001,Rs./Quintal,Metric Tonnes
Madhya Pradesh,Harda,Timarni APMC,Bengal Gram(Gram)(Whole),Gram,FAQ,2026-01-21,4899.0,5311.0,5311.0,9.994,Rs./Quintal,Metric Tonnes
Madhya Pradesh,Harda,Timarni APMC,Green Gram(Moong)(Whole),Green (Whole),FAQ,2026-01-21,5100.0,7400.0,7400.0,0.539,Rs./Quintal,Metric Tonnes
Madhya Pradesh,Harda,Timarni APMC,Maize,Deshi Red,Non-FAQ,2026-01-21,1282.0,1441.0,1441.0,23.310000000000002,Rs./Quintal,Metric Tonnes
Madhya Pradesh,Harda,Timarni APMC,Maize,Local,FAQ,2026-01-21,1276.0,1630.0,1561.0,1345.7610000000002,Rs./Quintal,Metric Tonnes
Madhya Pradesh,Harda,Timarni APMC,Soyabean,Soyabeen,FAQ,2026-01-21,3131.0,5371.0,5371.0,18.878,Rs./Quintal,Metric Tonnes
Madhya Pradesh,Harda,Timarni APMC,Wheat,Wheat,FAQ,2026-01-21,2302.0,2533.0,2520.0,80.41300000000001,Rs./Quintal,Metric Tonnes
Madhya Pradesh,Raisen,Udaipura APMC,Bengal Gram(Gram)(Whole),Gram,FAQ,2026-01-21,5110.0,5110.0,5110.0,2.955,Rs./Quintal,Metric Tonnes
Madhya Pradesh,Raisen,Udaipura APMC,Bengal Gram(Gram)(Whole),Desi (F.A.Q. Split),Non-FAQ,2026-01-21,4705.0,4705.0,4705.0,0.38,Rs./Quintal,Metric Tonnes
Madhya Pradesh,Raisen,Udaipura APMC,Bengal Gram(Gram)(Whole),Desi (F.A.Q. Split),FAQ,2026-01-21,4400.0,5605.0,5100.0,31.915,Rs./Quintal,Metric Tonnes
Madhya Pradesh,Raisen,Udaipura APMC,Black Gram(Urd Beans)(Whole),Urda/Urd,FAQ,2026-01-21,5510.0,5510.0,5510.0,0.05,Rs./Quintal,Metric Tonnes
Madhya Pradesh,Raisen,Udaipura APMC,Green Gram(Moong)(Whole),Green (Whole),FAQ,2026-01-21,3375.0,5700.0,5700.0,1.465,Rs./Quintal,Metric Tonnes
Madhya Pradesh,Raisen,Udaipura APMC,Lak(Teora),Tiwada,FAQ,2026-01-21,2880.0,3400.0,3300.0,34.1,Rs./Quintal,Metric Tonnes
Madhya Pradesh,Raisen,Udaipura APMC,Lentil(Masur)(Whole),Masur Dal,FAQ,2026-01-21,5100.0,5900.0,5900.0,2.295,Rs./Quintal,Metric Tonnes
Madhya Pradesh,Raisen,Udaipura APMC,Paddy(Common),Paddy,FAQ,2026-01-21,2205.0,4020.0,3800.0,1341.7420000000002,Rs./Quintal,Metric Tonnes
Madhya Pradesh,Raisen,Udaipura APMC,Paddy(Common),Basmati,FAQ,2026-01-21,3700.0,3800.0,3800.0,155.34000000000003,Rs./Quintal,Metric Tonnes
Madhya Pradesh,Raisen,Udaipura APMC,Red gram/Arhar/Tur(whole),Arhar Dal(Tur),FAQ,2026-01-21,6605.0,7255.0,7255.0,16.555000000000003,Rs./Quintal,Metric Tonnes
Madhya Pradesh,Raisen,Udaipura APMC,Soyabean,Yellow,FAQ,2026-01-21,4720.0,4720.0,4720.0,0.1,Rs./Quintal,Metric Tonnes
Madhya Pradesh,Raisen,Udaipura APMC,Soyabean,Soyabeen,FAQ,2026-01-21,4000.0,5200.0,5200.0,4.71,Rs./Quintal,Metric Tonnes
Madhya Pradesh,Raisen,Udaipura APMC,Wheat,Mill Quality,FAQ,2026-01-21,2490.0,2550.0,2505.0,39.855000000000004,Rs./Quintal,Metric Tonnes
Madhya Pradesh,Raisen,Udaipura APMC,Wheat,Mill Quality,Non-FAQ,2026-01-21,2515.0,2515.0,2515.0,1.8,Rs./Quintal,Metric Tonnes
Madhya Pradesh,Raisen,Udaipura APMC,buttery,Buttery,FAQ,2026-01-21,2605.0,4500.0,4500.0,11.185,Rs./Quintal,Metric Tonnes
Madhya Pradesh,Ujjain,Ujjain APMC,Bengal Gram(Gram)(Whole),Gram,FAQ,2026-01-21,4690.0,4967.0,4967.0,0.17200000000000001,Rs./Quintal,Metric Tonnes
Madhya Pradesh,Ujjain,Ujjain APMC,Black Gram(Urd Beans)(Whole),Urda/Urd,FAQ,2026-01-21,6290.0,6290.0,6290.0,0.292,Rs./Quintal,Metric Tonnes
Madhya Pradesh,Ujjain,Ujjain APMC,Garlic,Garlic,FAQ,2026-01-21,500.0,12000.0,6000.0,24.858000000000004,Rs./Quintal,Metric Tonnes
Madhya Pradesh,Ujjain,Ujjain APMC,Green Peas,Pea,FAQ,2026-01-21,2400.0,2400.0,2400.0,0.047,Rs./Quintal,Metric Tonnes
Madhya Pradesh,Ujjain,Ujjain APMC,Kabuli Chana(Chickpeas-White),Dollar Gram,FAQ,2026-01-21,5100.0,8251.0,8251.0,4.309,Rs./Quintal,Metric Tonnes
Madhya Pradesh,Ujjain,Ujjain APMC,Potato,Potato,FAQ,2026-01-21,107.39,1440.0,600.0,266.16,Rs./Quintal,Metric Tonnes
Madhya Pradesh,Ujjain,Ujjain APMC,Potato,Potato,Non-FAQ,2026-01-21,162.16,925.0,925.0,157.681,Rs./Quintal,Metric Tonnes
Madhya Pradesh,Ujjain,Ujjain APMC,Soyabean,Soyabeen,FAQ,2026-01-21,1000.0,6170.0,5400.0,371.08400000000006,Rs./Quintal,Metric Tonnes
Madhya Pradesh,Ujjain,Ujjain APMC,Wheat,Wheat,FAQ,2026-01-21,2218.0,2841.0,2530.0,225.06300000000002,Rs./Quintal,Metric Tonnes
Madhya Pradesh,Ujjain,Ujjain APMC,Wheat,Local,FAQ,2026-01-21,2506.0,2506.0,2506.0,1.119,Rs./Quintal,Metric Tonnes
Madhya Pradesh,Umariya,Umariya APMC,Soyabean,Soyabeen,Non-FAQ,2026-01-21,4900.0,4900.0,4900.0,5.075,Rs./Quintal,Metric Tonnes
Madhya Pradesh,Umariya,Umariya APMC,Wheat,Wheat,Non-FAQ,2026-01-21,2345.0,2550.0,2360.0,56.665,Rs./Quintal,Metric Tonnes
Madhya Pradesh,Umariya,Umariya APMC,Wheat,Mill Quality,Non-FAQ,2026-01-21,2400.0,2400.0,2400.0,8.0,Rs./Quintal,Metric Tonnes
Madhya Pradesh,Umariya,Umariya APMC,Wheat,Mill Quality,FAQ,2026-01-21,2300.0,2300.0,2300.0,6.6000000000000005,Rs./Quintal,Metric Tonnes
Madhya Pradesh,Ujjain,Unhel APMC,Soyabean,Soyabeen,FAQ,2026-01-21,3490.0,5320.0,5261.0,39.503,Rs./Quintal,Metric Tonnes
Madhya Pradesh,Ujjain,Unhel APMC,Wheat,Wheat,FAQ,2026-01-21,2483.0,2640.0,2640.0,2.5220000000000002,Rs./Quintal,Metric Tonnes
Madhya Pradesh,Balaghat,Varaseoni APMC,Paddy(Common),Paddy,FAQ,2026-01-21,1855.0,3775.0,3480.0,111.26500000000001,Rs./Quintal,Metric Tonnes
Madhya Pradesh,Vidisha,Vidisha APMC,Bengal Gram(Gram)(Whole),Gram,FAQ,2026-01-21,4540.0,5485.0,5150.0,75.891,Rs./Quintal,Metric Tonnes
Madhya Pradesh,Vidisha,Vidisha APMC,Lak(Teora),Tiwada,FAQ,2026-01-21,3271.0,3271.0,3271.0,3.5200000000000005,Rs./Quintal,Metric Tonnes
Madhya Pradesh,Vidisha,Vidisha APMC,Lentil(Masur)(Whole),Masur Dal,FAQ,2026-01-21,5785.0,6000.0,6000.0,1.2690000000000001,Rs./Quintal,Metric Tonnes
Madhya Pradesh,Vidisha,Vidisha APMC,Maize,Local,FAQ,2026-01-21,1300.0,1552.0,1400.0,153.175,Rs./Quintal,Metric Tonnes
Madhya Pradesh,Vidisha,Vidisha APMC,Mustard,Mustard,FAQ,2026-01-21,5800.0,6505.0,6505.0,1.924,Rs./Quintal,Metric Tonnes
Madhya Pradesh,Vidisha,Vidisha APMC,Paddy(Common),Paddy-Organic,FAQ,2026-01-21,3600.0,3600.0,3600.0,22.1,Rs./Quintal,Metric Tonnes
Madhya Pradesh,Vidisha,Vidisha APMC,Paddy(Common),Puspa (MR 301),FAQ,2026-01-21,3400.0,3900.0,3400.0,169.625,Rs./Quintal,Metric Tonnes
Madhya Pradesh,Vidisha,Vidisha APMC,Paddy(Common),Paddy,FAQ,2026-01-21,1300.0,4037.0,3800.0,1783.9360000000001,Rs./Quintal,Metric Tonnes
Madhya Pradesh,Vidisha,Vidisha APMC,Paddy(Common),Dhan,FAQ,2026-01-21,1800.0,3800.0,3700.0,492.52600000000007,Rs./Quintal,Metric Tonnes
Madhya Pradesh,Vidisha,Vidisha APMC,Paddy(Common),Basmati,FAQ,2026-01-21,3800.0,3850.0,3800.0,215.45000000000002,Rs./Quintal,Metric Tonnes
Madhya Pradesh,Vidisha,Vidisha APMC,Paddy(Common),Red,FAQ,2026-01-21,3740.0,3885.0,3885.0,10.624,Rs./Quintal,Metric Tonnes
Madhya Pradesh,Vidisha,Vidisha APMC,Soyabean,Soyabeen,FAQ,2026-01-21,4725.0,5300.0,5300.0,28.313000000000002,Rs./Quintal,Metric Tonnes
Madhya Pradesh,Vidisha,Vidisha APMC,Wheat,Sharbati,FAQ,2026-01-21,2773.0,4100.0,2900.0,24.85,Rs./Quintal,Metric Tonnes
Madhya Pradesh,Vidisha,Vidisha APMC,Wheat,Wheat,FAQ,2026-01-21,2430.0,3382.0,2630.0,649.3330000000001,Rs./Quintal,Metric Tonnes
Madhya Pradesh,Sheopur,Vijaypur APMC,Bajra(Pearl Millet/Cumbu),Millet,Non-FAQ,2026-01-21,1905.0,1915.0,1915.0,17.0,Rs./Quintal,Metric Tonnes
Madhya Pradesh,Sheopur,Vijaypur APMC,Red gram/Arhar/Tur(whole),Arhar Dal(Tur),Non-FAQ,2026-01-21,5300.0,5300.0,5300.0,3.0,Rs./Quintal,Metric Tonnes
Madhya Pradesh,Sheopur,Vijaypur APMC,Wheat,Wheat,Non-FAQ,2026-01-21,2450.0,2500.0,2500.0,40.6,Rs./Quintal,Metric Tonnes
Madhya Pradesh,Sheopur,Vijaypur APMC,Wheat,Wheat,FAQ,2026-01-21,2400.0,2450.0,2450.0,21.0,Rs./Quintal,Metric Tonnes
Madhya Pradesh,Ratlam,A lot APMC,Garlic,Garlic,FAQ,2026-01-22,501.0,6602.0,6602.0,1.118,Rs./Quintal,Metric Tonnes
Madhya Pradesh,Ratlam,A lot APMC,Maize,Local,FAQ,2026-01-22,1401.0,1461.0,1461.0,0.5790000000000001,Rs./Quintal,Metric Tonnes
Madhya Pradesh,Ratlam,A lot APMC,Onion,Onion,FAQ,2026-01-22,70.0,561.0,561.0,1.183,Rs./Quintal,Metric Tonnes
Madhya Pradesh,Ratlam,A lot APMC,Soyabean,Soyabeen,FAQ,2026-01-22,2391.0,5398.0,5379.0,43.24100000000001,Rs./Quintal,Metric Tonnes
Madhya Pradesh,Ratlam,A lot APMC,Wheat,Wheat,Non-FAQ,2026-01-22,2413.0,2413.0,2413.0,8.035,Rs./Quintal,Metric Tonnes
Madhya Pradesh,Ratlam,A lot APMC,Wheat,Wheat,FAQ,2026-01-22,2400.0,2671.0,2522.0,82.991,Rs./Quintal,Metric Tonnes
Madhya Pradesh,Shajapur,Agar APMC,Asalia,Asalia,FAQ,2026-01-22,4401.0,5551.0,5551.0,0.78,Rs./Quintal,Metric Tonnes
Madhya Pradesh,Shajapur,Agar APMC,Bengal Gram(Gram)(Whole),Gram,FAQ,2026-01-22,4201.0,5299.0,4201.0,1.582,Rs./Quintal,Metric Tonnes
Madhya Pradesh,Shajapur,Agar APMC,Coriander(Leaves),Coriander,FAQ,2026-01-22,8284.0,9475.0,9475.0,3.5280000000000005,Rs./Bundle,Bundle
Madhya Pradesh,Shajapur,Agar APMC,Kabuli Chana(Chickpeas-White),Dollar Gram,FAQ,2026-01-22,3699.0,6500.0,6500.0,0.315,Rs./Quintal,Metric Tonnes
Madhya Pradesh,Shajapur,Agar APMC,Lentil(Masur)(Whole),Masur Dal,FAQ,2026-01-22,5901.0,6690.0,6690.0,3.94,Rs./Quintal,Metric Tonnes
Madhya Pradesh,Shajapur,Agar APMC,Linseed,Flaxseed,FAQ,2026-01-22,6501.0,6501.0,6501.0,0.253,Rs./Quintal,Metric Tonnes
Madhya Pradesh,Shajapur,Agar APMC,Maize,Local,FAQ,2026-01-22,1422.0,1581.0,1581.0,3.516,Rs./Quintal,Metric Tonnes
Madhya Pradesh,Shajapur,Agar APMC,Methi Seeds,Methiseeds,FAQ,2026-01-22,4401.0,4710.0,4710.0,0.477,Rs./Quintal,Metric Tonnes
Madhya Pradesh,Shajapur,Agar APMC,Mustard,Mustard,FAQ,2026-01-22,3700.0,6280.0,4800.0,12.102,Rs./Quintal,Metric Tonnes
Madhya Pradesh,Shajapur,Agar APMC,Soyabean,Soyabeen,FAQ,2026-01-22,1525.0,6101.0,5531.0,212.72199999999998,Rs./Quintal,Metric Tonnes
Madhya Pradesh,Shajapur,Agar APMC,Wheat,Wheat,FAQ,2026-01-22,2186.0,2673.0,2490.0,106.51400000000001,Rs./Quintal,Metric Tonnes
Madhya Pradesh,Panna,Ajaygarh APMC,Mustard,Mustard,FAQ,2026-01-22,6200.0,6200.0,6200.0,3.7,Rs./Quintal,Metric Tonnes
Madhya Pradesh,Panna,Ajaygarh APMC,"Sesamum(Sesame,Gingelly,Til)",Sesame,FAQ,2026-01-22,8000.0,8160.0,8160.0,5.800000000000001,Rs./Quintal,Metric Tonnes
Madhya Pradesh,Panna,Ajaygarh APMC,Wheat,Mill Quality,FAQ,2026-01-22,2500.0,2550.0,2550.0,21.400000000000002,Rs./Quintal,Metric Tonnes
Madhya Pradesh,Bhind,Alampur APMC,Paddy(Common),Paddy,Non-FAQ,2026-01-22,3255.0,3640.0,3600.0,18.0,Rs./Quintal,Metric Tonnes
Madhya Pradesh,Bhind,Alampur APMC,Wheat,Mill Quality,Non-FAQ,2026-01-22,2400.0,2461.0,2410.0,65.0,Rs./Quintal,Metric Tonnes
Madhya Pradesh,Alirajpur,Alirajpur APMC,Cotton,Without Ginned Cotton,FAQ,2026-01-22,6000.0,7000.0,7000.0,15.600000000000001,Rs./Quintal,Metric Tonnes
Madhya Pradesh,Alirajpur,Alirajpur APMC,Groundnut,Big (With Shell),FAQ,2026-01-22,3960.4,5700.0,5600.0,67.8,Rs./Quintal,Metric Tonnes
Madhya Pradesh,Alirajpur,Alirajpur APMC,Groundnut,Big (With Shell),Non-FAQ,2026-01-22,4000.0,5311.0,4000.0,18.913999999999998,Rs./Quintal,Metric Tonnes
Madhya Pradesh,Alirajpur,Alirajpur APMC,Soyabean,Soyabeen,FAQ,2026-01-22,4000.0,4000.0,4000.0,7.5,Rs./Quintal,Metric Tonnes
Madhya Pradesh,Alirajpur,Alirajpur APMC,Wheat,Wheat,FAQ,2026-01-22,2400.0,2575.0,2400.0,53.010000000000005,Rs./Quintal,Metric Tonnes
Madhya Pradesh,Satna,Amarpatan APMC,Wheat,Mill Quality,FAQ,2026-01-22,2454.0,2490.0,2490.0,16.345,Rs./Quintal,Metric Tonnes
Madhya Pradesh,Satna,Amarpatan APMC,Wheat,Wheat,FAQ,2026-01-22,2500.0,2520.0,2520.0,27.6,Rs./Quintal,Metric Tonnes
Madhya Pradesh,Chhindwara,Amarwda APMC,Kutki,Kutki,FAQ,2026-01-22,4611.0,4671.0,4671.0,20.3,Rs./Quintal,Metric Tonnes
Madhya Pradesh,Chhindwara,Amarwda APMC,Maize,Yellow,FAQ,2026-01-22,1500.0,1780.0,1675.0,813.4100000000001,Rs./Quintal,Metric Tonnes
Madhya Pradesh,Chhindwara,Amarwda APMC,Maize,Local,FAQ,2026-01-22,1450.0,1700.0,1650.0,1254.0600000000002,Rs./Quintal,Metric Tonnes
Madhya Pradesh,Chhindwara,Amarwda APMC,Maize,Maize/Corn-Organic,FAQ,2026-01-22,1590.0,1590.0,1590.0,6.0,Rs./Quintal,Metric Tonnes
Madhya Pradesh,Chhindwara,Amarwda APMC,Maize,Yellow,Non-FAQ,2026-01-22,1630.0,1630.0,1630.0,12.0,Rs./Quintal,Metric Tonnes
Madhya Pradesh,Chhindwara,Amarwda APMC,Maize,Local,Non-FAQ,2026-01-22,1480.0,1675.0,1600.0,201.63,Rs./Quintal,Metric Tonnes
Madhya Pradesh,Badwani,Anjad APMC,Maize,Yellow,FAQ,2026-01-22,1400.0,1670.0,1600.0,127.14000000000001,Rs./Quintal,Metric Tonnes
Madhya Pradesh,Badwani,Anjad APMC,Maize,Local,FAQ,2026-01-22,1450.0,1650.0,1600.0,210.10000000000002,Rs./Quintal,Metric Tonnes
Madhya Pradesh,Badwani,Anjad APMC,Wheat,Wheat,FAQ,2026-01-22,2200.0,2250.0,2200.0,53.0,Rs./Quintal,Metric Tonnes
Madhya Pradesh,Anupur,Anuppur APMC,Kodo Millet(Varagu),Kondo,FAQ,2026-01-22,2350.0,2350.0,2350.0,4.0,Rs./Quintal,Metric Tonnes
Madhya Pradesh,Anupur,Anuppur APMC,Wheat,Wheat,Non-FAQ,2026-01-22,2500.0,2500.0,2500.0,7.0,Rs./Quintal,Metric Tonnes
Madhya Pradesh,Anupur,Anuppur APMC,Wheat,Wheat,FAQ,2026-01-22,2500.0,2500.0,2500.0,7.5,Rs./Quintal,Metric Tonnes
Madhya Pradesh,Guna,Aron APMC,Bengal Gram(Gram)(Whole),Gram,FAQ,2026-01-22,5151.0,5262.0,5262.0,1.0970000000000002,Rs./Quintal,Metric Tonnes
Madhya Pradesh,Guna,Aron APMC,Maize,Local,Non-FAQ,2026-01-22,1290.0,1624.0,1624.0,63.305,Rs./Quintal,Metric Tonnes
Madhya Pradesh,Guna,Aron APMC,Maize,Local,FAQ,2026-01-22,1339.0,1774.0,1461.0,1742.2380000000003,Rs./Quintal,Metric Tonnes
Madhya Pradesh,Guna,Aron APMC,Wheat,Wheat,FAQ,2026-01-22,2399.0,2503.0,2472.0,54.185,Rs./Quintal,Metric Tonnes
Madhya Pradesh,Ashoknagar,Ashoknagar APMC,Bengal Gram(Gram)(Whole),Gram,FAQ,2026-01-22,3200.0,5445.0,5200.0,69.27300000000001,Rs./Quintal,Metric Tonnes
Madhya Pradesh,Ashoknagar,Ashoknagar APMC,Coriander(Leaves),Coriander,FAQ,2026-01-22,8315.0,9830.0,9590.0,14.955000000000002,Rs./Bundle,Bundle
Madhya Pradesh,Ashoknagar,Ashoknagar APMC,Green Peas,Pea,FAQ,2026-01-22,2655.0,3305.0,3305.0,0.30000000000000004,Rs./Quintal,Metric Tonnes
Madhya Pradesh,Ashoknagar,Ashoknagar APMC,Lak(Teora),Tiwada,FAQ,2026-01-22,2811.0,3491.0,3491.0,8.871,Rs./Quintal,Metric Tonnes
Madhya Pradesh,Ashoknagar,Ashoknagar APMC,Lentil(Masur)(Whole),Masur Dal,FAQ,2026-01-22,1500.0,5911.0,5911.0,2.243,Rs./Quintal,Metric Tonnes
Madhya Pradesh,Ashoknagar,Ashoknagar APMC,Maize,Local,FAQ,2026-01-22,1180.0,1780.0,1530.0,2039.0230000000001,Rs./Quintal,Metric Tonnes
Madhya Pradesh,Ashoknagar,Ashoknagar APMC,Maize,Local,Non-FAQ,2026-01-22,1380.0,1450.0,1450.0,7.91,Rs./Quintal,Metric Tonnes
Madhya Pradesh,Ashoknagar,Ashoknagar APMC,Mustard,Mustard,Non-FAQ,2026-01-22,6375.0,6375.0,6375.0,2.765,Rs./Quintal,Metric Tonnes
Madhya Pradesh,Ashoknagar,Ashoknagar APMC,Mustard,Mustard,FAQ,2026-01-22,5100.0,6570.0,6570.0,9.121,Rs./Quintal,Metric Tonnes
Madhya Pradesh,Ashoknagar,Ashoknagar APMC,Paddy(Common),Dhan,FAQ,2026-01-22,1270.0,3765.0,3580.0,474.13900000000007,Rs./Quintal,Metric Tonnes
Madhya Pradesh,Ashoknagar,Ashoknagar APMC,Paddy(Common),Paddy,FAQ,2026-01-22,3450.0,3450.0,3450.0,5.825,Rs./Quintal,Metric Tonnes
Madhya Pradesh,Ashoknagar,Ashoknagar APMC,Soyabean,Soyabeen,FAQ,2026-01-22,3500.0,5450.0,5300.0,186.24400000000003,Rs./Quintal,Metric Tonnes
Madhya Pradesh,Ashoknagar,Ashoknagar APMC,Soyabean,Soyabeen,Non-FAQ,2026-01-22,3750.0,4411.0,4411.0,0.4570000000000001,Rs./Quintal,Metric Tonnes
Madhya Pradesh,Ashoknagar,Ashoknagar APMC,Wheat,Wheat,FAQ,2026-01-22,2350.0,3455.0,2500.0,450.74399999999997,Rs./Quintal,Metric Tonnes
Madhya Pradesh,Ashoknagar,Ashoknagar APMC,Wheat,Mohan Mondal,FAQ,2026-01-22,2480.0,2480.0,2480.0,0.9,Rs./Quintal,Metric Tonnes
Madhya Pradesh,Ashoknagar,Ashoknagar APMC,buttery,Buttery,FAQ,2026-01-22,3420.0,4640.0,4640.0,13.184000000000001,Rs./Quintal,Metric Tonnes
Madhya Pradesh,Sehore,Ashta APMC,Bengal Gram(Gram)(Whole),Gram,FAQ,2026-01-22,4203.0,7901.0,5461.0,40.495000000000005,Rs./Quintal,Metric Tonnes
Madhya Pradesh,Sehore,Ashta APMC,Bengal Gram(Gram)(Whole),Chana Kabuli,FAQ,2026-01-22,4880.0,5818.0,5818.0,14.277000000000001,Rs./Quintal,Metric Tonnes
Madhya Pradesh,Sehore,Ashta APMC,Kabuli Chana(Chickpeas-White),Dollar Gram,FAQ,2026-01-22,4500.0,8451.0,8451.0,2.254,Rs./Quintal,Metric Tonnes
Madhya Pradesh,Sehore,Ashta APMC,Lentil(Masur)(Whole),Masur Dal,FAQ,2026-01-22,5255.0,5981.0,5981.0,6.2490000000000006,Rs./Quintal,Metric Tonnes
Madhya Pradesh,Sehore,Ashta APMC,Maize,Local,FAQ,2026-01-22,1413.0,1650.0,1571.0,57.281,Rs./Quintal,Metric Tonnes
Madhya Pradesh,Sehore,Ashta APMC,Red gram/Arhar/Tur(whole),Arhar Dal(Tur),FAQ,2026-01-22,7000.0,7000.0,7000.0,1.2380000000000002,Rs./Quintal,Metric Tonnes
Madhya Pradesh,Sehore,Ashta APMC,Soyabean,Soyabeen,Non-FAQ,2026-01-22,2420.0,3900.0,3900.0,0.6400000000000001,Rs./Quintal,Metric Tonnes
Madhya Pradesh,Sehore,Ashta APMC,Soyabean,Soyabeen,FAQ,2026-01-22,2869.0,6620.0,5296.0,364.12600000000003,Rs./Quintal,Metric Tonnes
Madhya Pradesh,Sehore,Ashta APMC,Wheat,Wheat,FAQ,2026-01-22,2330.0,3540.0,2731.0,379.96900000000005,Rs./Quintal,Metric Tonnes
Madhya Pradesh,Hoshangabad,Babai APMC,Paddy(Common),Basmati,FAQ,2026-01-22,3670.0,3710.0,3700.0,25.400000000000002,Rs./Quintal,Metric Tonnes
Madhya Pradesh,Chhatarpur,Badamalhera APMC,Maize,Local,Non-FAQ,2026-01-22,1530.0,1550.0,1550.0,62.1,Rs./Quintal,Metric Tonnes
Madhya Pradesh,Chhatarpur,Badamalhera APMC,Mustard,Mustard,Non-FAQ,2026-01-22,5850.0,6000.0,5900.0,18.830000000000002,Rs./Quintal,Metric Tonnes
Madhya Pradesh,Chhatarpur,Badamalhera APMC,Soyabean,Soyabeen,FAQ,2026-01-22,4865.0,5000.0,4905.0,41.939,Rs./Quintal,Metric Tonnes
Madhya Pradesh,Chhatarpur,Badamalhera APMC,Wheat,Mill Quality,Non-FAQ,2026-01-22,2420.0,2600.0,2570.0,244.41500000000002,Rs./Quintal,Metric Tonnes
Madhya Pradesh,Shivpuri,Badarwas APMC,Lentil(Masur)(Whole),Masur Dal,Non-FAQ,2026-01-22,5800.0,5800.0,5800.0,0.485,Rs./Quintal,Metric Tonnes
Madhya Pradesh,Shivpuri,Badarwas APMC,Maize,Local,Non-FAQ,2026-01-22,700.0,1730.0,1480.0,2184.6150000000002,Rs./Quintal,Metric Tonnes
Madhya Pradesh,Shivpuri,Badarwas APMC,Maize,Local,FAQ,2026-01-22,1290.0,1710.0,1570.0,340.365,Rs./Quintal,Metric Tonnes
Madhya Pradesh,Shivpuri,Badarwas APMC,Soyabean,Soyabeen,Non-FAQ,2026-01-22,5120.0,5255.0,5255.0,1.74,Rs./Quintal,Metric Tonnes
Madhya Pradesh,Shivpuri,Badarwas APMC,Wheat,Wheat,FAQ,2026-01-22,2400.0,2400.0,2400.0,2.164,Rs./Quintal,Metric Tonnes
Madhya Pradesh,Shivpuri,Badarwas APMC,Wheat,Wheat,Non-FAQ,2026-01-22,2400.0,2745.0,2600.0,40.193000000000005,Rs./Quintal,Metric Tonnes
Madhya Pradesh,Ujjain,Badnagar APMC,Bengal Gram(Gram)(Whole),Desi (F.A.Q. Split),FAQ,2026-01-22,4400.0,4400.0,4400.0,2.8480000000000003,Rs./Quintal,Metric Tonnes
Madhya Pradesh,Ujjain,Badnagar APMC,Bengal Gram(Gram)(Whole),Gram,FAQ,2026-01-22,4340.0,5520.0,5401.0,2.055,Rs./Quintal,Metric Tonnes
Madhya Pradesh,Ujjain,Badnagar APMC,Green Peas,Pea,FAQ,2026-01-22,2300.0,5311.0,3700.0,15.167,Rs./Quintal,Metric Tonnes
Madhya Pradesh,Ujjain,Badnagar APMC,Kabuli Chana(Chickpeas-White),Dollar Gram,FAQ,2026-01-22,3200.0,9100.0,7475.0,31.864,Rs./Quintal,Metric Tonnes
Madhya Pradesh,Ujjain,Badnagar APMC,Methi Seeds,Methiseeds,FAQ,2026-01-22,4799.0,4799.0,4799.0,0.49900000000000005,Rs./Quintal,Metric Tonnes
Madhya Pradesh,Ujjain,Badnagar APMC,Soyabean,Yellow,FAQ,2026-01-22,1990.0,7381.0,5400.0,531.893,Rs./Quintal,Metric Tonnes
Madhya Pradesh,Ujjain,Badnagar APMC,Wheat,Wheat,FAQ,2026-01-22,2251.0,2792.0,2551.0,42.237,Rs./Quintal,Metric Tonnes
Madhya Pradesh,Ujjain,Badnagar APMC,Wheat,Lokwan,FAQ,2026-01-22,2850.0,2850.0,2850.0,5.0,Rs./Quintal,Metric Tonnes
Madhya Pradesh,Dhar,Badnawar APMC,Bengal Gram(Gram)(Whole),Desi (F.A.Q. Split),FAQ,2026-01-22,4690.0,5435.0,5435.0,0.6150000000000001,Rs./Quintal,Metric Tonnes
Madhya Pradesh,Dhar,Badnawar APMC,Cotton,Without Ginned Cotton,FAQ,2026-01-22,7200.0,7750.0,7400.0,6.972,Rs./Quintal,Metric Tonnes
Madhya Pradesh,Dhar,Badnawar APMC,Garlic,Garlic,FAQ,2026-01-22,2500.0,8025.0,3500.0,23.132,Rs./Quintal,Metric Tonnes
Madhya Pradesh,Dhar,Badnawar APMC,Green Peas,Pea,FAQ,2026-01-22,3125.0,3295.0,3295.0,0.29700000000000004,Rs./Quintal,Metric Tonnes
Madhya Pradesh,Dhar,Badnawar APMC,Kabuli Chana(Chickpeas-White),Dollar Gram,FAQ,2026-01-22,2410.0,8395.0,8395.0,0.7450000000000001,Rs./Quintal,Metric Tonnes
Madhya Pradesh,Dhar,Badnawar APMC,Maize,Local,FAQ,2026-01-22,1655.0,1795.0,1795.0,3.41,Rs./Quintal,Metric Tonnes
Madhya Pradesh,Dhar,Badnawar APMC,Onion,Onion,Non-FAQ,2026-01-22,325.0,400.0,400.0,7.0,Rs./Quintal,Metric Tonnes
Madhya Pradesh,Dhar,Badnawar APMC,Onion,Onion,FAQ,2026-01-22,300.0,330.0,330.0,27.950000000000003,Rs./Quintal,Metric Tonnes
Madhya Pradesh,Dhar,Badnawar APMC,Soyabean,Soyabeen,FAQ,2026-01-22,3600.0,5780.0,5780.0,10.019,Rs./Quintal,Metric Tonnes
Madhya Pradesh,Dhar,Badnawar APMC,Soyabean,Yellow,FAQ,2026-01-22,3425.0,6400.0,5415.0,344.261,Rs./Quintal,Metric Tonnes
Madhya Pradesh,Dhar,Badnawar APMC,Soyabean,Yellow,Non-FAQ,2026-01-22,4410.0,4410.0,4410.0,0.759,Rs./Quintal,Metric Tonnes
Madhya Pradesh,Dhar,Badnawar APMC,Wheat,Wheat,FAQ,2026-01-22,2100.0,2915.0,2500.0,129.66600000000003,Rs./Quintal,Metric Tonnes
Madhya Pradesh,Dhar,Badnawar(F&V) APMC,Garlic,Garlic,Local,2026-01-22,3500.0,3500.0,3500.0,38.2,Rs./Quintal,Metric Tonnes
Madhya Pradesh,Dhar,Badnawar(F&V) APMC,Onion,Onion,Local,2026-01-22,400.0,400.0,400.0,34.9,Rs./Quintal,Metric Tonnes
Madhya Pradesh,Shajapur,Badod APMC,Soyabean,Soyabeen,Non-FAQ,2026-01-22,3800.0,3800.0,3800.0,0.298,Rs./Quintal,Metric Tonnes
Madhya Pradesh,Shajapur,Badod APMC,Wheat,Wheat,Non-FAQ,2026-01-22,2505.0,2548.0,2548.0,3.7390000000000003,Rs./Quintal,Metric Tonnes
Madhya Pradesh,Khargone,Badwaha APMC,Cotton,Without Ginned Cotton,FAQ,2026-01-22,4465.0,7605.0,7100.0,60.389,Rs./Quintal,Metric Tonnes
Madhya Pradesh,Khargone,Badwaha APMC,Maize,Local,FAQ,2026-01-22,1400.0,1570.0,1555.0,52.67100000000001,Rs./Quintal,Metric Tonnes
Madhya Pradesh,Khargone,Badwaha APMC,Red gram/Arhar/Tur(whole),Arhar Dal(Tur),FAQ,2026-01-22,6370.0,6775.0,6775.0,5.348,Rs./Quintal,Metric Tonnes
Madhya Pradesh,Khargone,Badwaha APMC,Rose(Loose)),Rose(Loose),FAQ,2026-01-22,6500.0,6500.0,6500.0,10.383000000000001,Rs./Quintal,Metric Tonnes
Madhya Pradesh,Khargone,Badwaha APMC,Soyabean,Soyabeen,FAQ,2026-01-22,5055.0,5055.0,5055.0,2.275,Rs./Quintal,Metric Tonnes
Madhya Pradesh,Khargone,Badwaha APMC,Wheat,Wheat,FAQ,2026-01-22,2369.0,2610.0,2610.0,17.892,Rs./Quintal,Metric Tonnes
Madhya Pradesh,Badwani,Badwani APMC,Bengal Gram(Gram)(Whole),Gram,FAQ,2026-01-22,4800.0,4800.0,4800.0,7.5,Rs./Quintal,Metric Tonnes
Madhya Pradesh,Badwani,Badwani APMC,Green Gram(Moong)(Whole),Green (Whole),FAQ,2026-01-22,5000.0,5000.0,5000.0,3.0,Rs./Quintal,Metric Tonnes
Madhya Pradesh,Badwani,Badwani APMC,Maize,Yellow,FAQ,2026-01-22,1450.0,1480.0,1480.0,21.900000000000002,Rs./Quintal,Metric Tonnes
Madhya Pradesh,Badwani,Badwani APMC,Wheat,Wheat Mix,FAQ,2026-01-22,2350.0,2400.0,2400.0,33.510000000000005,Rs./Quintal,Metric Tonnes
Madhya Pradesh,Dewas,Bagli APMC,Maize,Yellow,Non-FAQ,2026-01-22,1505.0,1630.0,1630.0,30.29,Rs./Quintal,Metric Tonnes
Madhya Pradesh,Dewas,Bagli APMC,Red gram/Arhar/Tur(whole),Arhar Dal(Tur),Non-FAQ,2026-01-22,5800.0,6403.0,6299.0,1.03,Rs./Quintal,Metric Tonnes
Madhya Pradesh,Dewas,Bagli APMC,Wheat,Mill Quality,Non-FAQ,2026-01-22,2580.0,2601.0,2601.0,0.9,Rs./Quintal,Metric Tonnes
Madhya Pradesh,Rewa,Baikunthpur APMC,Kodo Millet(Varagu),Kondo,FAQ,2026-01-22,2355.0,2405.0,2405.0,15.0,Rs./Quintal,Metric Tonnes
Madhya Pradesh,Rewa,Baikunthpur APMC,Mustard,Mustard,FAQ,2026-01-22,6230.0,6230.0,6230.0,3.02,Rs./Quintal,Metric Tonnes
Madhya Pradesh,Rewa,Baikunthpur APMC,Wheat,Wheat,Non-FAQ,2026-01-22,2500.0,2500.0,2500.0,4.0,Rs./Quintal,Metric Tonnes
Madhya Pradesh,Rewa,Baikunthpur APMC,Wheat,Wheat,FAQ,2026-01-22,2535.0,2550.0,2550.0,16.7,Rs./Quintal,Metric Tonnes
Madhya Pradesh,Rewa,Baikunthpur APMC,Wheat,Mill Quality,Non-FAQ,2026-01-22,2525.0,2550.0,2525.0,40.050000000000004,Rs./Quintal,Metric Tonnes
Madhya Pradesh,Rewa,Baikunthpur APMC,Wheat,Mill Quality,FAQ,2026-01-22,2450.0,2492.0,2492.0,53.5,Rs./Quintal,Metric Tonnes
Madhya Pradesh,Chhatarpur,Bakswaha APMC,Bengal Gram(Gram)(Whole),Gram,Non-FAQ,2026-01-22,5390.0,5500.0,5400.0,41.5,Rs./Quintal,Metric Tonnes
Madhya Pradesh,Sehore,Baktara APMC,Paddy(Common),Basmati,FAQ,2026-01-22,3631.0,4051.0,3851.0,1118.625,Rs./Quintal,Metric Tonnes
Madhya Pradesh,Sehore,Baktara APMC,Paddy(Common),Basmati,Non-FAQ,2026-01-22,3771.0,4005.0,4001.0,184.535,Rs./Quintal,Metric Tonnes
Madhya Pradesh,Balaghat,Balaghat APMC,Paddy(Common),Paddy,Non-FAQ,2026-01-22,1600.0,1600.0,1600.0,12.0,Rs./Quintal,Metric Tonnes
Madhya Pradesh,Badwani,Balwadi APMC,Maize,Local,FAQ,2026-01-22,1490.0,1550.0,1500.0,69.212,Rs./Quintal,Metric Tonnes
Madhya Pradesh,Badwani,Balwadi APMC,Red gram/Arhar/Tur(whole),Arhar Dal(Tur),FAQ,2026-01-22,6500.0,6725.0,6700.0,22.472,Rs./Quintal,Metric Tonnes
Madhya Pradesh,Sagar,Bamora APMC,Bengal Gram(Gram)(Whole),Desi (F.A.Q. Split),FAQ,2026-01-22,4500.0,5320.0,5320.0,21.777,Rs./Quintal,Metric Tonnes
Madhya Pradesh,Sagar,Bamora APMC,Maize,Local,FAQ,2026-01-22,1450.0,1526.0,1526.0,6.285,Rs./Quintal,Metric Tonnes
Madhya Pradesh,Sagar,Bamora APMC,Paddy(Common),Dhan,FAQ,2026-01-22,2606.0,2606.0,2606.0,0.1,Rs./Quintal,Metric Tonnes
Madhya Pradesh,Sagar,Bamora APMC,Soyabean,Yellow,FAQ,2026-01-22,4499.0,5148.0,5148.0,1.029,Rs./Quintal,Metric Tonnes
Madhya Pradesh,Sagar,Bamora APMC,Wheat,Mill Quality,FAQ,2026-01-22,2380.0,2616.0,2600.0,10.238,Rs./Quintal,Metric Tonnes
Madhya Pradesh,Hoshangabad,Banapura APMC,Bengal Gram(Gram)(Whole),Desi (F.A.Q. Split),FAQ,2026-01-22,3699.0,5272.0,5272.0,15.040000000000001,Rs./Quintal,Metric Tonnes
Madhya Pradesh,Hoshangabad,Banapura APMC,Green Gram(Moong)(Whole),Green (Whole),FAQ,2026-01-22,4850.0,6781.0,6781.0,0.44000000000000006,Rs./Quintal,Metric Tonnes
Madhya Pradesh,Hoshangabad,Banapura APMC,Maize,Yellow,FAQ,2026-01-22,1100.0,1695.0,1580.0,1836.325,Rs./Quintal,Metric Tonnes
Madhya Pradesh,Hoshangabad,Banapura APMC,Maize,Yellow,Non-FAQ,2026-01-22,1300.0,1685.0,1525.0,126.67500000000001,Rs./Quintal,Metric Tonnes
Madhya Pradesh,Hoshangabad,Banapura APMC,Soyabean,Yellow,FAQ,2026-01-22,3702.0,5100.0,5100.0,0.9800000000000001,Rs./Quintal,Metric Tonnes
Madhya Pradesh,Hoshangabad,Banapura APMC,Wheat,Local,FAQ,2026-01-22,2299.0,2509.0,2496.0,265.915,Rs./Quintal,Metric Tonnes
Madhya Pradesh,Sagar,Banda APMC,Black Gram(Urd Beans)(Whole),Urda/Urd,Non-FAQ,2026-01-22,5500.0,5505.0,5505.0,6.5,Rs./Quintal,Metric Tonnes
Madhya Pradesh,Sagar,Banda APMC,Maize,Local,Non-FAQ,2026-01-22,1500.0,1515.0,1510.0,159.5,Rs./Quintal,Metric Tonnes
Madhya Pradesh,Sagar,Banda APMC,Wheat,Wheat,Non-FAQ,2026-01-22,2475.0,2475.0,2475.0,8.0,Rs./Quintal,Metric Tonnes
Madhya Pradesh,Hoshangabad,Bankhedi APMC,Green Gram(Moong)(Whole),Green (Whole),FAQ,2026-01-22,7050.0,7050.0,7050.0,0.9,Rs./Quintal,Metric Tonnes
Madhya Pradesh,Hoshangabad,Bankhedi APMC,Paddy(Common),Kranti,FAQ,2026-01-22,1900.0,1900.0,1900.0,0.27,Rs./Quintal,Metric Tonnes
Madhya Pradesh,Hoshangabad,Bankhedi APMC,Paddy(Common),Puspa (MR 301),FAQ,2026-01-22,2500.0,4000.0,3850.0,156.31,Rs./Quintal,Metric Tonnes
Madhya Pradesh,Hoshangabad,Bankhedi APMC,Soyabean,Soyabeen,FAQ,2026-01-22,4856.0,4856.0,4856.0,0.9300000000000002,Rs./Quintal,Metric Tonnes
Madhya Pradesh,Hoshangabad,Bankhedi APMC,Wheat,Wheat,FAQ,2026-01-22,2535.0,2547.0,2547.0,3.45,Rs./Quintal,Metric Tonnes
Madhya Pradesh,Hoshangabad,Bankhedi APMC,Wheat,Mill Quality,FAQ,2026-01-22,2541.0,2541.0,2541.0,0.385,Rs./Quintal,Metric Tonnes
Madhya Pradesh,Morena,Banmorkalan APMC,Wheat,Wheat Mix,FAQ,2026-01-22,2565.0,2565.0,2565.0,2.0,Rs./Quintal,Metric Tonnes
Madhya Pradesh,Shivpuri,Barad APMC,Groundnut,Big (With Shell),FAQ,2026-01-22,5525.0,6920.0,6695.0,36.726,Rs./Quintal,Metric Tonnes
Madhya Pradesh,Shivpuri,Barad APMC,Maize,Local,FAQ,2026-01-22,1450.0,1501.0,1501.0,5.652000000000001,Rs./Quintal,Metric Tonnes
Madhya Pradesh,Shivpuri,Barad APMC,Mustard,Mustard,FAQ,2026-01-22,5225.0,7004.0,5600.0,63.773,Rs./Quintal,Metric Tonnes
Madhya Pradesh,Shivpuri,Barad APMC,Soyabean,Soyabeen,Non-FAQ,2026-01-22,3300.0,3300.0,3300.0,2.85,Rs./Quintal,Metric Tonnes
Madhya Pradesh,Shivpuri,Barad APMC,Soyabean,Soyabeen,FAQ,2026-01-22,4801.0,5440.0,5380.0,99.18400000000001,Rs./Quintal,Metric Tonnes
Madhya Pradesh,Shivpuri,Barad APMC,Tomato,Tomato,Non-FAQ,2026-01-22,350.0,810.0,810.0,10.5,Rs./Quintal,Metric Tonnes
Madhya Pradesh,Shivpuri,Barad APMC,Wheat,Wheat,FAQ,2026-01-22,2360.0,2500.0,2500.0,31.92,Rs./Quintal,Metric Tonnes
Madhya Pradesh,Raisen,Bareli APMC,Bengal Gram(Gram)(Whole),Gram,FAQ,2026-01-22,4000.0,5561.0,5400.0,26.930000000000003,Rs./Quintal,Metric Tonnes
Madhya Pradesh,Raisen,Bareli APMC,Lak(Teora),Tiwada,FAQ,2026-01-22,2675.0,3200.0,3200.0,1.4800000000000002,Rs./Quintal,Metric Tonnes
Madhya Pradesh,Raisen,Bareli APMC,Paddy(Common),Puspa (MR 301),FAQ,2026-01-22,3310.0,4000.0,3975.0,132.22400000000002,Rs./Quintal,Metric Tonnes
Madhya Pradesh,Raisen,Bareli APMC,Paddy(Common),Basmati,FAQ,2026-01-22,3300.0,3931.0,3801.0,563.365,Rs./Quintal,Metric Tonnes
Madhya Pradesh,Raisen,Bareli APMC,Paddy(Common),Paddy,Non-FAQ,2026-01-22,3240.0,3240.0,3240.0,22.400000000000002,Rs./Quintal,Metric Tonnes
Madhya Pradesh,Raisen,Bareli APMC,Paddy(Common),Paddy,FAQ,2026-01-22,2750.0,3961.0,3900.0,1952.528,Rs./Quintal,Metric Tonnes
Madhya Pradesh,Raisen,Bareli APMC,Paddy(Common),Dhan,FAQ,2026-01-22,3500.0,3925.0,3600.0,424.94,Rs./Quintal,Metric Tonnes
Madhya Pradesh,Raisen,Bareli APMC,Red gram/Arhar/Tur(whole),Arhar Dal(Tur),FAQ,2026-01-22,6500.0,7300.0,7300.0,2.1300000000000003,Rs./Quintal,Metric Tonnes
Madhya Pradesh,Raisen,Bareli APMC,Wheat,Mill Quality,FAQ,2026-01-22,2201.0,2441.0,2441.0,12.445,Rs./Quintal,Metric Tonnes
Madhya Pradesh,Seoni,Barghat APMC,Paddy(Common),Common,FAQ,2026-01-22,2370.0,2370.0,2370.0,8.0,Rs./Quintal,Metric Tonnes
Madhya Pradesh,Khargone,Bedia APMC,Chili Red,Red,FAQ,2026-01-22,7900.0,21000.0,17000.0,149.486,Rs./Quintal,Metric Tonnes
Madhya Pradesh,Raisen,Begamganj APMC,Bengal Gram(Gram)(Whole),Gram,Non-FAQ,2026-01-22,4300.0,5480.0,5210.0,11.26,Rs./Quintal,Metric Tonnes
Madhya Pradesh,Raisen,Begamganj APMC,Lentil(Masur)(Whole),Masur Dal,Non-FAQ,2026-01-22,5955.0,6005.0,6005.0,1.587,Rs./Quintal,Metric Tonnes
Madhya Pradesh,Raisen,Begamganj APMC,Maize,Local,Non-FAQ,2026-01-22,1400.0,1665.0,1500.0,413.128,Rs./Quintal,Metric Tonnes
Madhya Pradesh,Raisen,Begamganj APMC,Paddy(Common),Puspa (MR 301),FAQ,2026-01-22,3500.0,3500.0,3500.0,0.2,Rs./Quintal,Metric Tonnes
Madhya Pradesh,Raisen,Begamganj APMC,Paddy(Common),Puspa (MR 301),Non-FAQ,2026-01-22,3475.0,3500.0,3500.0,1.4420000000000002,Rs./Quintal,Metric Tonnes
Madhya Pradesh,Raisen,Begamganj APMC,Paddy(Common),Dhan,Non-FAQ,2026-01-22,1755.0,3650.0,3650.0,7.695,Rs./Quintal,Metric Tonnes
Madhya Pradesh,Raisen,Begamganj APMC,Red gram/Arhar/Tur(whole),Arhar Dal(Tur),Non-FAQ,2026-01-22,6055.0,6055.0,6055.0,0.49800000000000005,Rs./Quintal,Metric Tonnes
Madhya Pradesh,Raisen,Begamganj APMC,Soyabean,Soyabeen,Non-FAQ,2026-01-22,3205.0,5505.0,5505.0,7.569,Rs./Quintal,Metric Tonnes
Madhya Pradesh,Raisen,Begamganj APMC,Wheat,Wheat,Non-FAQ,2026-01-22,2305.0,2577.0,2480.0,96.522,Rs./Quintal,Metric Tonnes
Madhya Pradesh,Shehdol,Beohari APMC,Wheat,Wheat,FAQ,2026-01-22,2471.0,2501.0,2501.0,39.96000000000001,Rs./Quintal,Metric Tonnes
Madhya Pradesh,Bhopal,Berasia APMC,Bengal Gram(Gram)(Whole),Gram,FAQ,2026-01-22,4200.0,5365.0,5365.0,5.497,Rs./Quintal,Metric Tonnes
Madhya Pradesh,Bhopal,Berasia APMC,Paddy(Common),Basmati,FAQ,2026-01-22,1300.0,3965.0,3840.0,237.573,Rs./Quintal,Metric Tonnes
Madhya Pradesh,Bhopal,Berasia APMC,Paddy(Common),Dhan,FAQ,2026-01-22,2705.0,2705.0,2705.0,0.883,Rs./Quintal,Metric Tonnes
Madhya Pradesh,Bhopal,Berasia APMC,Red gram/Arhar/Tur(whole),Arhar Dal(Tur),FAQ,2026-01-22,6300.0,6300.0,6300.0,0.207,Rs./Quintal,Metric Tonnes
Madhya Pradesh,Bhopal,Berasia APMC,Soyabean,Yellow,FAQ,2026-01-22,3250.0,5725.0,5000.0,97.11000000000001,Rs./Quintal,Metric Tonnes
Madhya Pradesh,Bhopal,Berasia APMC,Soyabean,Soyabeen,FAQ,2026-01-22,3635.0,6130.0,5225.0,33.377,Rs./Quintal,Metric Tonnes
Madhya Pradesh,Bhopal,Berasia APMC,Wheat,Mill Quality,FAQ,2026-01-22,2235.0,2713.0,2400.0,44.150000000000006,Rs./Quintal,Metric Tonnes
Madhya Pradesh,Bhopal,Berasia APMC,Wheat,Wheat,FAQ,2026-01-22,2308.0,2686.0,2400.0,102.07600000000001,Rs./Quintal,Metric Tonnes
Madhya Pradesh,Betul,Betul APMC,Bengal Gram(Gram)(Whole),Gram,FAQ,2026-01-22,4950.0,4950.0,4950.0,0.43,Rs./Quintal,Metric Tonnes
Madhya Pradesh,Betul,Betul APMC,Gur(Jaggery),Jaggery,FAQ,2026-01-22,3001.0,3300.0,3200.0,24.845,Rs./Quintal,Metric Tonnes
Madhya Pradesh,Betul,Betul APMC,Maize,Deshi Red,FAQ,2026-01-22,1450.0,1722.0,1590.0,1350.785,Rs./Quintal,Metric Tonnes
Madhya Pradesh,Betul,Betul APMC,Maize,Yellow,FAQ,2026-01-22,1400.0,1500.0,1400.0,37.9,Rs./Quintal,Metric Tonnes
Madhya Pradesh,Betul,Betul APMC,Maize,Yellow,Non-FAQ,2026-01-22,1200.0,1200.0,1200.0,15.0,Rs./Quintal,Metric Tonnes
Madhya Pradesh,Betul,Betul APMC,Maize,Maize/Corn-Organic,FAQ,2026-01-22,1500.0,1575.0,1575.0,35.0,Rs./Quintal,Metric Tonnes
Madhya Pradesh,Betul,Betul APMC,Soyabean,Soyabeen,FAQ,2026-01-22,3955.0,5500.0,5175.0,82.28500000000001,Rs./Quintal,Metric Tonnes
Madhya Pradesh,Betul,Betul APMC,Wheat,Mill Quality,FAQ,2026-01-22,2350.0,2619.0,2583.0,168.935,Rs./Quintal,Metric Tonnes
Madhya Pradesh,Datia,Bhander APMC,Groundnut,Big (With Shell),FAQ,2026-01-22,6250.0,6600.0,6600.0,7.75,Rs./Quintal,Metric Tonnes
Madhya Pradesh,Datia,Bhander APMC,Paddy(Common),Paddy,FAQ,2026-01-22,3490.0,3705.0,3620.0,24.700000000000003,Rs./Quintal,Metric Tonnes
Madhya Pradesh,Datia,Bhander APMC,Paddy(Common),Dhan,FAQ,2026-01-22,3295.0,3690.0,3605.0,20.761000000000003,Rs./Quintal,Metric Tonnes
Madhya Pradesh,Datia,Bhander APMC,Wheat,Other,FAQ,2026-01-22,2505.0,2525.0,2525.0,30.78,Rs./Quintal,Metric Tonnes
Madhya Pradesh,Datia,Bhander APMC,Wheat,Mill Quality,FAQ,2026-01-22,2400.0,2531.0,2520.0,255.817,Rs./Quintal,Metric Tonnes
Madhya Pradesh,Mandsaur,Bhanpura APMC,Wheat,Mill Quality,Non-FAQ,2026-01-22,2500.0,2500.0,2500.0,6.050000000000001,Rs./Quintal,Metric Tonnes
Madhya Pradesh,Betul,Bhensdehi APMC,Maize,Local,Non-FAQ,2026-01-22,1450.0,1631.0,1600.0,93.738,Rs./Quintal,Metric Tonnes
Madhya Pradesh,Betul,Bhensdehi APMC,Maize,Local,FAQ,2026-01-22,1350.0,1640.0,1590.0,87.765,Rs./Quintal,Metric Tonnes
Madhya Pradesh,Betul,Bhensdehi APMC,Wheat,Wheat,Non-FAQ,2026-01-22,2400.0,2400.0,2400.0,0.9590000000000001,Rs./Quintal,Metric Tonnes
Madhya Pradesh,Khargone,Bhikangaon APMC,Bengal Gram(Gram)(Whole),Gram,FAQ,2026-01-22,5500.0,5500.0,5500.0,0.706,Rs./Quintal,Metric Tonnes
Madhya Pradesh,Khargone,Bhikangaon APMC,Cotton,Without Ginned Cotton,FAQ,2026-01-22,5901.0,8030.0,7700.0,94.68,Rs./Quintal,Metric Tonnes
Madhya Pradesh,Khargone,Bhikangaon APMC,Maize,Yellow,Non-FAQ,2026-01-22,1490.0,1505.0,1505.0,11.0,Rs./Quintal,Metric Tonnes
Madhya Pradesh,Khargone,Bhikangaon APMC,Maize,Local,FAQ,2026-01-22,1150.0,1950.0,1577.0,260.914,Rs./Quintal,Metric Tonnes
Madhya Pradesh,Khargone,Bhikangaon APMC,Maize,Local,Non-FAQ,2026-01-22,1350.0,1501.0,1501.0,54.89500000000001,Rs./Quintal,Metric Tonnes
Madhya Pradesh,Khargone,Bhikangaon APMC,Red gram/Arhar/Tur(whole),Arhar Dal(Tur),FAQ,2026-01-22,4000.0,7025.0,6895.0,32.993,Rs./Quintal,Metric Tonnes
Madhya Pradesh,Khargone,Bhikangaon APMC,Soyabean,Soyabeen,FAQ,2026-01-22,3950.0,5720.0,5195.0,11.006,Rs./Quintal,Metric Tonnes
Madhya Pradesh,Khargone,Bhikangaon APMC,Wheat,Wheat,FAQ,2026-01-22,2370.0,2686.0,2600.0,73.856,Rs./Quintal,Metric Tonnes
Madhya Pradesh,Bhind,Bhind APMC,Bajra(Pearl Millet/Cumbu),Millet,Non-FAQ,2026-01-22,1800.0,2326.0,2206.0,76.7,Rs./Quintal,Metric Tonnes
Madhya Pradesh,Bhind,Bhind APMC,Mustard,Mustard,FAQ,2026-01-22,6495.0,6655.0,6495.0,7.83,Rs./Quintal,Metric Tonnes
Madhya Pradesh,Bhind,Bhind APMC,Wheat,Wheat,Non-FAQ,2026-01-22,2313.0,2518.0,2500.0,103.0,Rs./Quintal,Metric Tonnes
Madhya Pradesh,Bhind,Bhind APMC,Wheat,Wheat,FAQ,2026-01-22,2455.0,2465.0,2465.0,12.3,Rs./Quintal,Metric Tonnes
Madhya Pradesh,Gwalior,Bhitarwar APMC,Paddy(Common),1121,Non-FAQ,2026-01-22,3205.0,3205.0,3205.0,1.57,Rs./Quintal,Metric Tonnes
Madhya Pradesh,Gwalior,Bhitarwar APMC,Paddy(Common),Dhan,Non-FAQ,2026-01-22,3305.0,3525.0,3500.0,36.225,Rs./Quintal,Metric Tonnes
Madhya Pradesh,Bhopal,Bhopal APMC,Bengal Gram(Gram)(Whole),Gram,FAQ,2026-01-22,4678.0,5380.0,5380.0,1.582,Rs./Quintal,Metric Tonnes
Madhya Pradesh,Bhopal,Bhopal APMC,Garlic,Garlic,FAQ,2026-01-22,700.0,14100.0,7000.0,39.782000000000004,Rs./Quintal,Metric Tonnes
Madhya Pradesh,Bhopal,Bhopal APMC,Gond,Gond,FAQ,2026-01-22,10000.0,10000.0,10000.0,5.0,Rs./Quintal,Metric Tonnes
Madhya Pradesh,Bhopal,Bhopal APMC,Groundnut,Groundnut seed,FAQ,2026-01-22,12849.6,12849.6,12849.6,11.928,Rs./Quintal,Metric Tonnes
Madhya Pradesh,Bhopal,Bhopal APMC,Maize,Yellow,FAQ,2026-01-22,1675.0,1675.0,1675.0,30.125,Rs./Quintal,Metric Tonnes
Madhya Pradesh,Bhopal,Bhopal APMC,Maize,Local,FAQ,2026-01-22,1344.0,1510.0,1510.0,13.65,Rs./Quintal,Metric Tonnes
Madhya Pradesh,Bhopal,Bhopal APMC,Paddy(Common),Paddy,FAQ,2026-01-22,2705.0,3930.0,3800.0,166.684,Rs./Quintal,Metric Tonnes
Madhya Pradesh,Bhopal,Bhopal APMC,Soyabean,Soyabeen,FAQ,2026-01-22,5070.0,5670.0,5670.0,7.5440000000000005,Rs./Quintal,Metric Tonnes
Madhya Pradesh,Bhopal,Bhopal APMC,Wheat,Wheat,FAQ,2026-01-22,2200.0,2756.0,2450.0,79.45100000000001,Rs./Quintal,Metric Tonnes
Madhya Pradesh,Rajgarh,Biaora APMC,Bengal Gram(Gram)(Whole),Gram,FAQ,2026-01-22,4510.0,5095.0,5095.0,0.558,Rs./Quintal,Metric Tonnes
Madhya Pradesh,Rajgarh,Biaora APMC,Coriander(Leaves),Coriander,FAQ,2026-01-22,8890.0,10210.0,9300.0,15.77,Rs./Bundle,Bundle
Madhya Pradesh,Rajgarh,Biaora APMC,Green Gram(Moong)(Whole),Green (Whole),FAQ,2026-01-22,3300.0,7035.0,7035.0,0.5900000000000001,Rs./Quintal,Metric Tonnes
Madhya Pradesh,Rajgarh,Biaora APMC,Lentil(Masur)(Whole),Masur Dal,FAQ,2026-01-22,5700.0,5700.0,5700.0,0.15000000000000002,Rs./Quintal,Metric Tonnes
Madhya Pradesh,Rajgarh,Biaora APMC,Maize,Local,FAQ,2026-01-22,1580.0,1635.0,1635.0,11.016,Rs./Quintal,Metric Tonnes
Madhya Pradesh,Rajgarh,Biaora APMC,Soyabean,Soyabeen,FAQ,2026-01-22,2290.0,5355.0,5105.0,68.042,Rs./Quintal,Metric Tonnes
Madhya Pradesh,Rajgarh,Biaora APMC,Wheat,Wheat,FAQ,2026-01-22,2400.0,2610.0,2535.0,251.399,Rs./Quintal,Metric Tonnes
Madhya Pradesh,Chhatarpur,Bijawar APMC,Black Gram(Urd Beans)(Whole),Urda/Urd,Non-FAQ,2026-01-22,4502.0,4502.0,4502.0,4.4,Rs./Quintal,Metric Tonnes
Madhya Pradesh,Chhatarpur,Bijawar APMC,Soyabean,Soyabeen,Non-FAQ,2026-01-22,4800.0,4856.0,4856.0,7.529000000000001,Rs./Quintal,Metric Tonnes
Madhya Pradesh,Chhatarpur,Bijawar APMC,Wheat,Wheat,Non-FAQ,2026-01-22,2480.0,2480.0,2480.0,6.7,Rs./Quintal,Metric Tonnes
Madhya Pradesh,Sagar,Bina APMC,Bengal Gram(Gram)(Whole),Gram,FAQ,2026-01-22,4225.0,5491.0,5375.0,66.19500000000001,Rs./Quintal,Metric Tonnes
Madhya Pradesh,Sagar,Bina APMC,Green Peas,Pea,FAQ,2026-01-22,3200.0,3950.0,3950.0,7.95,Rs./Quintal,Metric Tonnes
Madhya Pradesh,Sagar,Bina APMC,Lak(Teora),Tiwada,FAQ,2026-01-22,2800.0,3801.0,3801.0,28.555000000000003,Rs./Quintal,Metric Tonnes
Madhya Pradesh,Sagar,Bina APMC,Lentil(Masur)(Whole),Masur Dal,FAQ,2026-01-22,5725.0,6933.0,6933.0,12.885,Rs./Quintal,Metric Tonnes
Madhya Pradesh,Sagar,Bina APMC,Maize,Local,FAQ,2026-01-22,1240.0,1576.0,1520.0,32.775,Rs./Quintal,Metric Tonnes
Madhya Pradesh,Sagar,Bina APMC,Mustard,Mustard,FAQ,2026-01-22,6000.0,7250.0,7250.0,0.28500000000000003,Rs./Quintal,Metric Tonnes
Madhya Pradesh,Sagar,Bina APMC,Soyabean,Soyabeen,FAQ,2026-01-22,3800.0,5309.0,5185.0,43.30500000000001,Rs./Quintal,Metric Tonnes
Madhya Pradesh,Sagar,Bina APMC,Wheat,Wheat,FAQ,2026-01-22,2100.0,3290.0,2550.0,254.785,Rs./Quintal,Metric Tonnes
Madhya Pradesh,Sagar,Bina APMC,buttery,Buttery,FAQ,2026-01-22,3650.0,4351.0,4351.0,5.75,Rs./Quintal,Metric Tonnes
Madhya Pradesh,Guna,Binaganj APMC,Bengal Gram(Gram)(Whole),Gram,FAQ,2026-01-22,5000.0,5120.0,5120.0,0.41500000000000004,Rs./Quintal,Metric Tonnes
Madhya Pradesh,Guna,Binaganj APMC,Coriander(Leaves),Coriander,FAQ,2026-01-22,8900.0,10250.0,10250.0,0.391,Rs./Bundle,Bundle
Madhya Pradesh,Guna,Binaganj APMC,Maize,Local,FAQ,2026-01-22,1270.0,1675.0,1540.0,126.536,Rs./Quintal,Metric Tonnes
Madhya Pradesh,Guna,Binaganj APMC,Maize,Local,Non-FAQ,2026-01-22,1400.0,1685.0,1685.0,16.056,Rs./Quintal,Metric Tonnes
Madhya Pradesh,Guna,Binaganj APMC,Soyabean,Soyabeen,FAQ,2026-01-22,4950.0,5320.0,5190.0,13.826,Rs./Quintal,Metric Tonnes
Madhya Pradesh,Guna,Binaganj APMC,Soyabean,Soyabeen,Non-FAQ,2026-01-22,5240.0,5240.0,5240.0,0.136,Rs./Quintal,Metric Tonnes
Madhya Pradesh,Guna,Binaganj APMC,Wheat,Wheat,Non-FAQ,2026-01-22,2525.0,2525.0,2525.0,0.188,Rs./Quintal,Metric Tonnes
Madhya Pradesh,Guna,Binaganj APMC,Wheat,Wheat,FAQ,2026-01-22,2510.0,2585.0,2550.0,46.637,Rs./Quintal,Metric Tonnes
Madhya Pradesh,Burhanpur,Burhanpur APMC,Cotton,Medium Fiber,FAQ,2026-01-22,6300.0,7271.0,7000.0,51.673,Rs./Quintal,Metric Tonnes
Madhya Pradesh,Burhanpur,Burhanpur APMC,Maize,Local,FAQ,2026-01-22,1401.0,1651.0,1600.0,159.32100000000003,Rs./Quintal,Metric Tonnes
Madhya Pradesh,Burhanpur,Burhanpur APMC,Maize,Local,Non-FAQ,2026-01-22,1565.0,1688.0,1688.0,15.76,Rs./Quintal,Metric Tonnes
Madhya Pradesh,Burhanpur,Burhanpur APMC,Maize,Maize/Corn-Organic,FAQ,2026-01-22,1465.0,1500.0,1500.0,39.365,Rs./Quintal,Metric Tonnes
Madhya Pradesh,Burhanpur,Burhanpur APMC,Red gram/Arhar/Tur(whole),Arhar Dal(Tur),FAQ,2026-01-22,5605.0,7701.0,7701.0,36.198,Rs./Quintal,Metric Tonnes
Madhya Pradesh,Burhanpur,Burhanpur APMC,Red gram/Arhar/Tur(whole),Arhar Dal(Tur),Non-FAQ,2026-01-22,6385.0,7733.0,7682.0,84.30700000000002,Rs./Quintal,Metric Tonnes
Madhya Pradesh,Burhanpur,Burhanpur APMC,Soyabean,Soyabeen,FAQ,2026-01-22,5012.0,5197.0,5197.0,1.638,Rs./Quintal,Metric Tonnes
Madhya Pradesh,Burhanpur,Burhanpur APMC,Soyabean,Soyabeen,Non-FAQ,2026-01-22,5116.0,5241.0,5241.0,0.17800000000000002,Rs./Quintal,Metric Tonnes
Madhya Pradesh,Burhanpur,Burhanpur APMC,Wheat,Wheat,FAQ,2026-01-22,2100.0,2464.0,2100.0,30.54,Rs./Quintal,Metric Tonnes
Madhya Pradesh,Burhanpur,Burhanpur APMC,Wheat,Wheat,Non-FAQ,2026-01-22,2457.0,2457.0,2457.0,0.207,Rs./Quintal,Metric Tonnes
Madhya Pradesh,Rewa,Chaakghat APMC,Paddy(Common),Paddy fine,FAQ,2026-01-22,2105.0,2500.0,2500.0,41.800000000000004,Rs./Quintal,Metric Tonnes
Madhya Pradesh,Rewa,Chaakghat APMC,Paddy(Common),Paddy,FAQ,2026-01-22,2100.0,2370.0,2100.0,39.6,Rs./Quintal,Metric Tonnes
Madhya Pradesh,Ashoknagar,Chanderi APMC,Maize,Local,Non-FAQ,2026-01-22,1300.0,1610.0,1560.0,331.63800000000003,Rs./Quintal,Metric Tonnes
Madhya Pradesh,Ashoknagar,Chanderi APMC,Wheat,Wheat,Non-FAQ,2026-01-22,2350.0,2505.0,2500.0,127.19500000000001,Rs./Quintal,Metric Tonnes
Madhya Pradesh,Chhindwara,Chaurai APMC,Bengal Gram(Gram)(Whole),Gram,FAQ,2026-01-22,5000.0,5000.0,5000.0,3.9000000000000004,Rs./Quintal,Metric Tonnes
Madhya Pradesh,Chhindwara,Chaurai APMC,Maize,Yellow,FAQ,2026-01-22,1428.0,1740.0,1650.0,1177.98,Rs./Quintal,Metric Tonnes
Madhya Pradesh,Chhindwara,Chaurai APMC,Maize,Local,FAQ,2026-01-22,1550.0,1650.0,1650.0,99.08,Rs./Quintal,Metric Tonnes
Madhya Pradesh,Chhindwara,Chaurai APMC,Maize,Yellow,Non-FAQ,2026-01-22,1510.0,1625.0,1610.0,612.9,Rs./Quintal,Metric Tonnes
Madhya Pradesh,Chhindwara,Chaurai APMC,Wheat,Mill Quality,FAQ,2026-01-22,2525.0,2575.0,2575.0,38.646,Rs./Quintal,Metric Tonnes
Madhya Pradesh,Rajgarh,Chhapiheda APMC,Soyabean,Soyabeen,FAQ,2026-01-22,5170.0,5215.0,5215.0,0.6000000000000001,Rs./Quintal,Metric Tonnes
Madhya Pradesh,Rajgarh,Chhapiheda APMC,Wheat,Wheat,FAQ,2026-01-22,2450.0,2640.0,2610.0,46.765,Rs./Quintal,Metric Tonnes
Madhya Pradesh,Chhatarpur,Chhatarpur APMC,Barley(Jau),Barley,Non-FAQ,2026-01-22,2300.0,2325.0,2325.0,51.1,Rs./Quintal,Metric Tonnes
Madhya Pradesh,Chhatarpur,Chhatarpur APMC,Barley(Jau),Barley,FAQ,2026-01-22,2300.0,2300.0,2300.0,5.0,Rs./Quintal,Metric Tonnes
Madhya Pradesh,Chhatarpur,Chhatarpur APMC,Groundnut,Big (With Shell),Non-FAQ,2026-01-22,5000.0,6050.0,5850.0,53.39500000000001,Rs./Quintal,Metric Tonnes
Madhya Pradesh,Chhatarpur,Chhatarpur APMC,Mustard,Sarson(Black),FAQ,2026-01-22,5820.0,5820.0,5820.0,2.0,Rs./Quintal,Metric Tonnes
Madhya Pradesh,Chhatarpur,Chhatarpur APMC,Mustard,Mustard,Non-FAQ,2026-01-22,5800.0,5980.0,5800.0,16.930000000000003,Rs./Quintal,Metric Tonnes
Madhya Pradesh,Chhatarpur,Chhatarpur APMC,"Sesamum(Sesame,Gingelly,Til)",Sesame,Non-FAQ,2026-01-22,8025.0,8025.0,8025.0,1.2000000000000002,Rs./Quintal,Metric Tonnes
Madhya Pradesh,Chhatarpur,Chhatarpur APMC,Soyabean,Soyabeen,FAQ,2026-01-22,4500.0,4690.0,4690.0,21.3,Rs./Quintal,Metric Tonnes
Madhya Pradesh,Chhatarpur,Chhatarpur APMC,Soyabean,Soyabeen,Non-FAQ,2026-01-22,5000.0,5205.0,5205.0,8.275,Rs./Quintal,Metric Tonnes
Madhya Pradesh,Chhatarpur,Chhatarpur APMC,Wheat,Mill Quality,FAQ,2026-01-22,2440.0,2540.0,2510.0,101.61000000000001,Rs./Quintal,Metric Tonnes
Madhya Pradesh,Chhatarpur,Chhatarpur APMC,Wheat,Mill Quality,Non-FAQ,2026-01-22,2425.0,2500.0,2490.0,223.23000000000002,Rs./Quintal,Metric Tonnes
Madhya Pradesh,Chhatarpur,Chhatarpur APMC,Wheat,Wheat,FAQ,2026-01-22,2530.0,2530.0,2530.0,6.57,Rs./Quintal,Metric Tonnes
Madhya Pradesh,Chhindwara,Chhindwara APMC,Black Gram(Urd Beans)(Whole),Urda/Urd,FAQ,2026-01-22,7150.0,7290.0,7290.0,1.4000000000000001,Rs./Quintal,Metric Tonnes
Madhya Pradesh,Chhindwara,Chhindwara APMC,Maize,Yellow,Non-FAQ,2026-01-22,1601.0,1886.0,1725.0,4350.900000000001,Rs./Quintal,Metric Tonnes
Madhya Pradesh,Chhindwara,Chhindwara APMC,Maize,Yellow,FAQ,2026-01-22,1550.0,1550.0,1550.0,6.0,Rs./Quintal,Metric Tonnes
Madhya Pradesh,Chhindwara,Chhindwara APMC,Maize,Local,FAQ,2026-01-22,1491.0,1780.0,1690.0,3131.985,Rs./Quintal,Metric Tonnes
Madhya Pradesh,Chhindwara,Chhindwara APMC,Soyabean,Soyabeen,FAQ,2026-01-22,4712.0,5272.0,5100.0,39.822,Rs./Quintal,Metric Tonnes
Madhya Pradesh,Chhindwara,Chhindwara APMC,Wheat,Mill Quality,Non-FAQ,2026-01-22,2610.0,2630.0,2610.0,94.77000000000001,Rs./Quintal,Metric Tonnes
Madhya Pradesh,Chhindwara,Chhindwara APMC,Wheat,Wheat,FAQ,2026-01-22,2512.0,2781.0,2700.0,47.474000000000004,Rs./Quintal,Metric Tonnes
Madhya Pradesh,Chhindwara,Chhindwara APMC,Wheat,Mill Quality,FAQ,2026-01-22,2501.0,2950.0,2632.0,121.86,Rs./Quintal,Metric Tonnes
Madhya Pradesh,Seoni,Chhpara APMC,Maize,Local,FAQ,2026-01-22,1575.0,1790.0,1700.0,338.6,Rs./Quintal,Metric Tonnes
Madhya Pradesh,Seoni,Chhpara APMC,Maize,Yellow,Non-FAQ,2026-01-22,1625.0,1680.0,1680.0,35.0,Rs./Quintal,Metric Tonnes
Madhya Pradesh,Seoni,Chhpara APMC,Maize,Yellow,FAQ,2026-01-22,1480.0,1731.0,1625.0,283.1,Rs./Quintal,Metric Tonnes
Madhya Pradesh,Seoni,Chhpara APMC,Maize,Local,Non-FAQ,2026-01-22,1600.0,1730.0,1730.0,73.5,Rs./Quintal,Metric Tonnes
Madhya Pradesh,Gwalior,Dabra APMC,Bengal Gram(Gram)(Whole),Gram,FAQ,2026-01-22,5760.0,5760.0,5760.0,35.0,Rs./Quintal,Metric Tonnes
Madhya Pradesh,Gwalior,Dabra APMC,Paddy(Common),Dhan,FAQ,2026-01-22,3200.0,3350.0,3350.0,11.600000000000001,Rs./Quintal,Metric Tonnes
Madhya Pradesh,Gwalior,Dabra APMC,Paddy(Common),Paddy,FAQ,2026-01-22,3050.0,3650.0,3330.0,145.23,Rs./Quintal,Metric Tonnes
Madhya Pradesh,Gwalior,Dabra APMC,Paddy(Common),Basmati 1509,FAQ,2026-01-22,3000.0,3650.0,3645.0,203.92000000000002,Rs./Quintal,Metric Tonnes
Madhya Pradesh,Gwalior,Dabra APMC,Paddy(Common),1121,FAQ,2026-01-22,3300.0,3600.0,3450.0,277.37,Rs./Quintal,Metric Tonnes
Madhya Pradesh,Gwalior,Dabra APMC,Wheat,Wheat,FAQ,2026-01-22,2450.0,2700.0,2590.0,332.435,Rs./Quintal,Metric Tonnes
Madhya Pradesh,Mandsaur,Daloda APMC,Bengal Gram(Gram)(Whole),Gram,FAQ,2026-01-22,4700.0,5500.0,5350.0,0.668,Rs./Quintal,Metric Tonnes
Madhya Pradesh,Mandsaur,Daloda APMC,Black Gram(Urd Beans)(Whole),Urda/Urd,FAQ,2026-01-22,4601.0,5100.0,5100.0,0.476,Rs./Quintal,Metric Tonnes
Madhya Pradesh,Mandsaur,Daloda APMC,Garlic,Garlic,FAQ,2026-01-22,500.0,16001.0,8000.0,260.903,Rs./Quintal,Metric Tonnes
Madhya Pradesh,Mandsaur,Daloda APMC,Green Peas,Pea,FAQ,2026-01-22,3541.0,3541.0,3541.0,0.013000000000000001,Rs./Quintal,Metric Tonnes
Madhya Pradesh,Mandsaur,Daloda APMC,Kabuli Chana(Chickpeas-White),Dollar Gram,FAQ,2026-01-22,7680.0,7680.0,7680.0,0.028999999999999998,Rs./Quintal,Metric Tonnes
Madhya Pradesh,Mandsaur,Daloda APMC,Lentil(Masur)(Whole),Masur Dal,FAQ,2026-01-22,5803.0,6099.0,6099.0,0.8570000000000001,Rs./Quintal,Metric Tonnes
Madhya Pradesh,Mandsaur,Daloda APMC,Linseed,Flaxseed,FAQ,2026-01-22,6000.0,7716.0,7716.0,1.8890000000000002,Rs./Quintal,Metric Tonnes
Madhya Pradesh,Mandsaur,Daloda APMC,Maize,Local,FAQ,2026-01-22,1601.0,1601.0,1601.0,1.495,Rs./Quintal,Metric Tonnes
Madhya Pradesh,Mandsaur,Daloda APMC,Methi Seeds,Methiseeds,FAQ,2026-01-22,4801.0,6300.0,5300.0,2.5730000000000004,Rs./Quintal,Metric Tonnes
Madhya Pradesh,Mandsaur,Daloda APMC,Mustard,Mustard,FAQ,2026-01-22,4851.0,7000.0,5501.0,4.774,Rs./Quintal,Metric Tonnes
Madhya Pradesh,Mandsaur,Daloda APMC,Soyabean,Soyabeen,FAQ,2026-01-22,4490.0,5452.0,5401.0,18.72,Rs./Quintal,Metric Tonnes
Madhya Pradesh,Mandsaur,Daloda APMC,Wheat,Wheat,FAQ,2026-01-22,1600.0,2871.0,2620.0,73.878,Rs./Quintal,Metric Tonnes
Madhya Pradesh,Damoh,Damoh APMC,Bengal Gram(Gram)(Whole),Gram,FAQ,2026-01-22,3910.0,5890.0,5480.0,339.339,Rs./Quintal,Metric Tonnes
Madhya Pradesh,Damoh,Damoh APMC,Black Gram(Urd Beans)(Whole),Urda/Urd,FAQ,2026-01-22,2500.0,7350.0,6895.0,61.0,Rs./Quintal,Metric Tonnes
Madhya Pradesh,Damoh,Damoh APMC,Green Gram(Moong)(Whole),Green (Whole),FAQ,2026-01-22,1700.0,6190.0,6190.0,1.467,Rs./Quintal,Metric Tonnes
Madhya Pradesh,Damoh,Damoh APMC,Green Peas,Pea,FAQ,2026-01-22,1400.0,3965.0,3760.0,28.285000000000004,Rs./Quintal,Metric Tonnes
Madhya Pradesh,Damoh,Damoh APMC,Lentil(Masur)(Whole),Masur Dal,FAQ,2026-01-22,5800.0,7300.0,6255.0,53.292,Rs./Quintal,Metric Tonnes
Madhya Pradesh,Damoh,Damoh APMC,Linseed,Flaxseed,FAQ,2026-01-22,7705.0,7805.0,7805.0,0.6880000000000001,Rs./Quintal,Metric Tonnes
Madhya Pradesh,Damoh,Damoh APMC,Maize,Local,Non-FAQ,2026-01-22,1600.0,1625.0,1625.0,59.939,Rs./Quintal,Metric Tonnes
Madhya Pradesh,Damoh,Damoh APMC,Maize,Local,FAQ,2026-01-22,1355.0,1660.0,1595.0,372.617,Rs./Quintal,Metric Tonnes
Madhya Pradesh,Damoh,Damoh APMC,Mustard,Mustard,FAQ,2026-01-22,5655.0,7205.0,5855.0,8.674,Rs./Quintal,Metric Tonnes
Madhya Pradesh,Damoh,Damoh APMC,Red gram/Arhar/Tur(whole),Arhar Dal(Tur),FAQ,2026-01-22,2300.0,7515.0,6690.0,69.788,Rs./Quintal,Metric Tonnes
Madhya Pradesh,Damoh,Damoh APMC,Soyabean,Soyabeen,FAQ,2026-01-22,1460.0,5205.0,4865.0,60.346000000000004,Rs./Quintal,Metric Tonnes
Madhya Pradesh,Damoh,Damoh APMC,Wheat,Wheat,Non-FAQ,2026-01-22,2500.0,2520.0,2520.0,36.25,Rs./Quintal,Metric Tonnes
Madhya Pradesh,Damoh,Damoh APMC,buttery,Buttery,FAQ,2026-01-22,2600.0,4400.0,3500.0,41.941,Rs./Quintal,Metric Tonnes
Madhya Pradesh,Datia,Datia APMC,Groundnut,Big (With Shell),FAQ,2026-01-22,6200.0,6565.0,6565.0,6.58,Rs./Quintal,Metric Tonnes
Madhya Pradesh,Datia,Datia APMC,Paddy(Common),Dhan,FAQ,2026-01-22,2160.0,3745.0,3735.0,35.925000000000004,Rs./Quintal,Metric Tonnes
Madhya Pradesh,Datia,Datia APMC,Wheat,Mill Quality,Non-FAQ,2026-01-22,2550.0,2550.0,2550.0,2.5,Rs./Quintal,Metric Tonnes
Madhya Pradesh,Datia,Datia APMC,Wheat,Mill Quality,FAQ,2026-01-22,2425.0,2528.0,2506.0,507.08900000000006,Rs./Quintal,Metric Tonnes
Madhya Pradesh,Datia,Datia APMC,Wheat,Mohan Mondal,FAQ,2026-01-22,2503.0,2503.0,2503.0,6.07,Rs./Quintal,Metric Tonnes
Madhya Pradesh,Sagar,Deori APMC,Bengal Gram(Gram)(Whole),Gram,Non-FAQ,2026-01-22,5075.0,5190.0,5190.0,59.400000000000006,Rs./Quintal,Metric Tonnes
Madhya Pradesh,Sagar,Deori APMC,Bengal Gram(Gram)(Whole),Chana Kabuli,FAQ,2026-01-22,5295.0,5295.0,5295.0,3.715,Rs./Quintal,Metric Tonnes
Madhya Pradesh,Sagar,Deori APMC,Bengal Gram(Gram)(Whole),Desi (F.A.Q. Split),FAQ,2026-01-22,4405.0,5300.0,5290.0,30.489,Rs./Quintal,Metric Tonnes
Madhya Pradesh,Sagar,Deori APMC,Bengal Gram(Gram)(Whole),Desi (F.A.Q. Split),Non-FAQ,2026-01-22,4500.0,4600.0,4600.0,8.5,Rs./Quintal,Metric Tonnes
Madhya Pradesh,Sagar,Deori APMC,Bengal Gram(Gram)(Whole),Gram,FAQ,2026-01-22,4600.0,5215.0,4600.0,31.0,Rs./Quintal,Metric Tonnes
Madhya Pradesh,Sagar,Deori APMC,Garlic,Garlic,FAQ,2026-01-22,3000.0,3000.0,3000.0,5.0,Rs./Quintal,Metric Tonnes
Madhya Pradesh,Sagar,Deori APMC,Maize,Local,Non-FAQ,2026-01-22,1570.0,1610.0,1570.0,17.998,Rs./Quintal,Metric Tonnes
Madhya Pradesh,Sagar,Deori APMC,Maize,Local,FAQ,2026-01-22,1485.0,1655.0,1570.0,333.90900000000005,Rs./Quintal,Metric Tonnes
Madhya Pradesh,Sagar,Deori APMC,Onion,Onion,Non-FAQ,2026-01-22,900.0,900.0,900.0,19.0,Rs./Quintal,Metric Tonnes
Madhya Pradesh,Sagar,Deori APMC,Onion,Onion,FAQ,2026-01-22,1000.0,1000.0,1000.0,64.0,Rs./Quintal,Metric Tonnes
Madhya Pradesh,Sagar,Deori APMC,Wheat,Mill Quality,FAQ,2026-01-22,2490.0,2490.0,2490.0,5.2,Rs./Quintal,Metric Tonnes
Madhya Pradesh,Sagar,Deori APMC,Wheat,Mill Quality,Non-FAQ,2026-01-22,2490.0,2520.0,2520.0,28.8,Rs./Quintal,Metric Tonnes
Madhya Pradesh,Sagar,Deori APMC,Wheat,Wheat,FAQ,2026-01-22,2450.0,2515.0,2480.0,87.305,Rs./Quintal,Metric Tonnes
Madhya Pradesh,Panna,Devandranagar APMC,Wheat,Mill Quality,Non-FAQ,2026-01-22,2515.0,2515.0,2515.0,6.73,Rs./Quintal,Metric Tonnes
Madhya Pradesh,Panna,Devandranagar APMC,Wheat,Wheat,Non-FAQ,2026-01-22,2510.0,2525.0,2525.0,35.260000000000005,Rs./Quintal,Metric Tonnes
Madhya Pradesh,Dewas,Dewas APMC,Bengal Gram(Gram)(Whole),Gram,FAQ,2026-01-22,2800.0,5531.0,5531.0,14.822000000000001,Rs./Quintal,Metric Tonnes
Madhya Pradesh,Dewas,Dewas APMC,Kabuli Chana(Chickpeas-White),Dollar Gram,FAQ,2026-01-22,3790.0,8700.0,8300.0,37.325,Rs./Quintal,Metric Tonnes
Madhya Pradesh,Dewas,Dewas APMC,Maize,Local,FAQ,2026-01-22,1401.0,1991.0,1991.0,6.138000000000001,Rs./Quintal,Metric Tonnes
Madhya Pradesh,Dewas,Dewas APMC,Methi Seeds,Methiseeds,FAQ,2026-01-22,4511.0,4511.0,4511.0,0.12,Rs./Quintal,Metric Tonnes
Madhya Pradesh,Dewas,Dewas APMC,Mustard,Mustard,FAQ,2026-01-22,5402.0,5402.0,5402.0,0.9750000000000001,Rs./Quintal,Metric Tonnes
Madhya Pradesh,Dewas,Dewas APMC,Soyabean,Soyabeen,Non-FAQ,2026-01-22,2000.0,4121.0,3000.0,1.177,Rs./Quintal,Metric Tonnes
Madhya Pradesh,Dewas,Dewas APMC,Soyabean,Soyabeen,FAQ,2026-01-22,1301.0,6100.0,5100.0,593.471,Rs./Quintal,Metric Tonnes
Madhya Pradesh,Dewas,Dewas APMC,Wheat,Wheat,FAQ,2026-01-22,2000.0,3101.0,2450.0,489.463,Rs./Quintal,Metric Tonnes
Madhya Pradesh,Dhar,Dhamnod APMC,Bengal Gram(Gram)(Whole),Chana mausami,FAQ,2026-01-22,7425.0,8000.0,8000.0,2.798,Rs./Quintal,Metric Tonnes
Madhya Pradesh,Dhar,Dhamnod APMC,Bengal Gram(Gram)(Whole),Gram,FAQ,2026-01-22,6005.0,8005.0,8005.0,2.815,Rs./Quintal,Metric Tonnes
Madhya Pradesh,Dhar,Dhamnod APMC,Cotton,Without Ginned Cotton,FAQ,2026-01-22,5655.0,7875.0,7675.0,105.156,Rs./Quintal,Metric Tonnes
Madhya Pradesh,Dhar,Dhamnod APMC,Kabuli Chana(Chickpeas-White),Dollar Gram,FAQ,2026-01-22,6665.0,8615.0,8205.0,29.871,Rs./Quintal,Metric Tonnes
Madhya Pradesh,Dhar,Dhamnod APMC,Maize,Yellow,FAQ,2026-01-22,1550.0,1550.0,1550.0,12.0,Rs./Quintal,Metric Tonnes
Madhya Pradesh,Dhar,Dhamnod APMC,Maize,Local,FAQ,2026-01-22,1393.0,1825.0,1651.0,187.394,Rs./Quintal,Metric Tonnes
Madhya Pradesh,Dhar,Dhamnod APMC,Maize,Yellow,Non-FAQ,2026-01-22,1425.0,1435.0,1435.0,18.07,Rs./Quintal,Metric Tonnes
Madhya Pradesh,Dhar,Dhamnod APMC,Red gram/Arhar/Tur(whole),Arhar Dal(Tur),FAQ,2026-01-22,6345.0,6645.0,6645.0,3.0020000000000002,Rs./Quintal,Metric Tonnes
Madhya Pradesh,Dhar,Dhamnod APMC,Soyabean,Soyabeen,FAQ,2026-01-22,3705.0,5475.0,5475.0,13.701,Rs./Quintal,Metric Tonnes
Madhya Pradesh,Dhar,Dhamnod APMC,Wheat,Wheat,FAQ,2026-01-22,2435.0,2613.0,2608.0,20.988,Rs./Quintal,Metric Tonnes
Madhya Pradesh,Dhar,Dhar APMC,Bengal Gram(Gram)(Whole),Gram,FAQ,2026-01-22,4860.0,4860.0,4860.0,0.084,Rs./Quintal,Metric Tonnes
Madhya Pradesh,Dhar,Dhar APMC,Green Peas,Pea,FAQ,2026-01-22,1820.0,2905.0,2905.0,0.763,Rs./Quintal,Metric Tonnes
Madhya Pradesh,Dhar,Dhar APMC,Kabuli Chana(Chickpeas-White),Dollar Gram,FAQ,2026-01-22,4305.0,8200.0,8200.0,3.98,Rs./Quintal,Metric Tonnes
Madhya Pradesh,Dhar,Dhar APMC,Maize,Local,FAQ,2026-01-22,1506.0,1632.0,1632.0,59.839,Rs./Quintal,Metric Tonnes
Madhya Pradesh,Dhar,Dhar APMC,Soyabean,Soyabeen,FAQ,2026-01-22,1880.0,6104.0,5428.0,78.36200000000001,Rs./Quintal,Metric Tonnes
Madhya Pradesh,Dhar,Dhar APMC,Wheat,Mill Quality,FAQ,2026-01-22,2001.0,2001.0,2001.0,7.1000000000000005,Rs./Quintal,Metric Tonnes
Madhya Pradesh,Dhar,Dhar APMC,Wheat,Wheat,FAQ,2026-01-22,2402.0,2750.0,2750.0,37.87200000000001,Rs./Quintal,Metric Tonnes
Madhya Pradesh,Dindori,Dindori APMC,Mustard,Sarson(Black),Non-FAQ,2026-01-22,6000.0,6000.0,6000.0,3.0,Rs./Quintal,Metric Tonnes
Madhya Pradesh,Dindori,Dindori APMC,Niger Seed(Ramtil),Ramatilli,Non-FAQ,2026-01-22,9700.0,9700.0,9700.0,2.0,Rs./Quintal,Metric Tonnes
Madhya Pradesh,Dindori,Dindori APMC,Paddy(Common),Other,Non-FAQ,2026-01-22,2000.0,2370.0,2370.0,16.2,Rs./Quintal,Metric Tonnes
Madhya Pradesh,Dindori,Dindori APMC,Wheat,Local,Non-FAQ,2026-01-22,2500.0,2500.0,2500.0,6.0,Rs./Quintal,Metric Tonnes
Madhya Pradesh,Narsinghpur,Gadarwada APMC,Bengal Gram(Gram)(Whole),Gram,FAQ,2026-01-22,4650.0,5751.0,5751.0,7.03,Rs./Quintal,Metric Tonnes
Madhya Pradesh,Narsinghpur,Gadarwada APMC,Bengal Gram(Gram)(Whole),Gram,Non-FAQ,2026-01-22,4651.0,5622.0,5622.0,5.2250000000000005,Rs./Quintal,Metric Tonnes
Madhya Pradesh,Narsinghpur,Gadarwada APMC,Black Gram(Urd Beans)(Whole),Urda/Urd,FAQ,2026-01-22,6701.0,7251.0,7251.0,0.315,Rs./Quintal,Metric Tonnes
Madhya Pradesh,Narsinghpur,Gadarwada APMC,Black Gram(Urd Beans)(Whole),Urda/Urd,Non-FAQ,2026-01-22,6901.0,7001.0,7001.0,0.23500000000000001,Rs./Quintal,Metric Tonnes
Madhya Pradesh,Narsinghpur,Gadarwada APMC,Green Gram(Moong)(Whole),Green (Whole),FAQ,2026-01-22,3550.0,7000.0,7000.0,0.36000000000000004,Rs./Quintal,Metric Tonnes
Madhya Pradesh,Narsinghpur,Gadarwada APMC,Lentil(Masur)(Whole),Masur Dal,FAQ,2026-01-22,5000.0,5000.0,5000.0,0.04000000000000001,Rs./Quintal,Metric Tonnes
Madhya Pradesh,Narsinghpur,Gadarwada APMC,Paddy(Common),Puspa (MR 301),FAQ,2026-01-22,500.0,3942.0,3700.0,283.925,Rs./Quintal,Metric Tonnes
Madhya Pradesh,Narsinghpur,Gadarwada APMC,Paddy(Common),Basmati,FAQ,2026-01-22,3306.0,3306.0,3306.0,1.3,Rs./Quintal,Metric Tonnes
Madhya Pradesh,Narsinghpur,Gadarwada APMC,Paddy(Common),Kranti,Non-FAQ,2026-01-22,2000.0,2260.0,2200.0,89.012,Rs./Quintal,Metric Tonnes
Madhya Pradesh,Narsinghpur,Gadarwada APMC,Paddy(Common),Paddy,FAQ,2026-01-22,3901.0,3901.0,3901.0,4.260000000000001,Rs./Quintal,Metric Tonnes
Madhya Pradesh,Narsinghpur,Gadarwada APMC,Paddy(Common),Kranti,FAQ,2026-01-22,1704.0,2540.0,2540.0,31.915,Rs./Quintal,Metric Tonnes
Madhya Pradesh,Narsinghpur,Gadarwada APMC,Red gram/Arhar/Tur(whole),Arhar Dal(Tur),FAQ,2026-01-22,6500.0,7272.0,7125.0,6.175000000000001,Rs./Quintal,Metric Tonnes
Madhya Pradesh,Narsinghpur,Gadarwada APMC,Soyabean,Soyabeen,FAQ,2026-01-22,4901.0,5651.0,5651.0,2.9350000000000005,Rs./Quintal,Metric Tonnes
Madhya Pradesh,Narsinghpur,Gadarwada APMC,Wheat,Mill Quality,Non-FAQ,2026-01-22,2420.0,2510.0,2500.0,22.028000000000002,Rs./Quintal,Metric Tonnes
Madhya Pradesh,Narsinghpur,Gadarwada APMC,Wheat,Mill Quality,FAQ,2026-01-22,2400.0,2515.0,2501.0,60.715,Rs./Quintal,Metric Tonnes
Madhya Pradesh,Raisen,Gairatganj APMC,Maize,Local,Non-FAQ,2026-01-22,1500.0,1540.0,1530.0,23.680000000000003,Rs./Quintal,Metric Tonnes
Madhya Pradesh,Raisen,Gairatganj APMC,Paddy(Common),Dhan,Non-FAQ,2026-01-22,2340.0,3901.0,3880.0,197.559,Rs./Quintal,Metric Tonnes
Madhya Pradesh,Raisen,Gairatganj APMC,Red gram/Arhar/Tur(whole),Arhar Dal(Tur),Non-FAQ,2026-01-22,6240.0,6585.0,6585.0,0.4,Rs./Quintal,Metric Tonnes
Madhya Pradesh,Raisen,Gairatganj APMC,Soyabean,Soyabeen,Non-FAQ,2026-01-22,5232.0,5232.0,5232.0,0.935,Rs./Quintal,Metric Tonnes
Madhya Pradesh,Raisen,Gairatganj APMC,Wheat,Wheat,FAQ,2026-01-22,2500.0,2550.0,2550.0,40.0,Rs./Quintal,Metric Tonnes
Madhya Pradesh,Raisen,Gairatganj APMC,Wheat,Wheat,Non-FAQ,2026-01-22,2546.0,2752.0,2752.0,7.6530000000000005,Rs./Quintal,Metric Tonnes
Madhya Pradesh,Dhar,Gandhwani APMC,Cotton,Without Ginned Cotton,FAQ,2026-01-22,6200.0,7980.0,7550.0,264.444,Rs./Quintal,Metric Tonnes
Madhya Pradesh,Dhar,Gandhwani APMC,Maize,Local,FAQ,2026-01-22,1430.0,1561.0,1561.0,10.831000000000001,Rs./Quintal,Metric Tonnes
Madhya Pradesh,Dhar,Gandhwani APMC,Soanf,Soanf,FAQ,2026-01-22,5500.0,15000.0,9000.0,18.802000000000003,Rs./Quintal,Metric Tonnes
Madhya Pradesh,Dhar,Gandhwani APMC,Soyabean,Soyabeen,FAQ,2026-01-22,4709.0,5040.0,5040.0,8.834999999999999,Rs./Quintal,Metric Tonnes
Madhya Pradesh,Dhar,Gandhwani APMC,Wheat,Wheat,FAQ,2026-01-22,2520.0,2600.0,2550.0,93.255,Rs./Quintal,Metric Tonnes
Madhya Pradesh,Vidisha,Ganjbasoda APMC,Bengal Gram(Gram)(Whole),Gram,FAQ,2026-01-22,3600.0,5492.0,5300.0,130.864,Rs./Quintal,Metric Tonnes
Madhya Pradesh,Vidisha,Ganjbasoda APMC,Black Gram(Urd Beans)(Whole),Urda/Urd,FAQ,2026-01-22,6200.0,6450.0,6450.0,0.762,Rs./Quintal,Metric Tonnes
Madhya Pradesh,Vidisha,Ganjbasoda APMC,Coriander(Leaves),Coriander,FAQ,2026-01-22,7900.0,7900.0,7900.0,0.05500000000000001,Rs./Bundle,Bundle
Madhya Pradesh,Vidisha,Ganjbasoda APMC,Green Peas,Pea,FAQ,2026-01-22,3460.0,3460.0,3460.0,1.37,Rs./Quintal,Metric Tonnes
Madhya Pradesh,Vidisha,Ganjbasoda APMC,Jowar(Sorghum),Jowar (Yellow),FAQ,2026-01-22,5460.0,7400.0,7000.0,9.841000000000001,Rs./Quintal,Metric Tonnes
Madhya Pradesh,Vidisha,Ganjbasoda APMC,Lak(Teora),Tiwada,FAQ,2026-01-22,3000.0,3500.0,3400.0,26.289,Rs./Quintal,Metric Tonnes
Madhya Pradesh,Vidisha,Ganjbasoda APMC,Lentil(Masur)(Whole),Masur Dal,FAQ,2026-01-22,4700.0,7200.0,6000.0,23.175,Rs./Quintal,Metric Tonnes
Madhya Pradesh,Vidisha,Ganjbasoda APMC,Maize,Local,FAQ,2026-01-22,1350.0,1700.0,1501.0,253.18400000000003,Rs./Quintal,Metric Tonnes
Madhya Pradesh,Vidisha,Ganjbasoda APMC,Mustard,Mustard,FAQ,2026-01-22,5000.0,6865.0,6865.0,10.56,Rs./Quintal,Metric Tonnes
Madhya Pradesh,Vidisha,Ganjbasoda APMC,Paddy(Common),Paddy,FAQ,2026-01-22,1650.0,3945.0,3850.0,663.3290000000001,Rs./Quintal,Metric Tonnes
Madhya Pradesh,Vidisha,Ganjbasoda APMC,Paddy(Common),Super Ponni,FAQ,2026-01-22,3875.0,3875.0,3875.0,4.65,Rs./Quintal,Metric Tonnes
Madhya Pradesh,Vidisha,Ganjbasoda APMC,Paddy(Common),Puspa (MR 301),FAQ,2026-01-22,3750.0,3775.0,3750.0,94.4,Rs./Quintal,Metric Tonnes
Madhya Pradesh,Vidisha,Ganjbasoda APMC,Paddy(Common),Ponni,FAQ,2026-01-22,3560.0,3560.0,3560.0,3.7,Rs./Quintal,Metric Tonnes
Madhya Pradesh,Vidisha,Ganjbasoda APMC,Paddy(Common),Dhan,FAQ,2026-01-22,3700.0,3700.0,3700.0,5.390000000000001,Rs./Quintal,Metric Tonnes
Madhya Pradesh,Vidisha,Ganjbasoda APMC,Soyabean,Soyabeen,FAQ,2026-01-22,3900.0,6360.0,5150.0,137.087,Rs./Quintal,Metric Tonnes
Madhya Pradesh,Vidisha,Ganjbasoda APMC,Wheat,Sujatha,FAQ,2026-01-22,2280.0,2790.0,2600.0,324.8,Rs./Quintal,Metric Tonnes
Madhya Pradesh,Vidisha,Ganjbasoda APMC,Wheat,Mill Quality,FAQ,2026-01-22,1900.0,1900.0,1900.0,0.08900000000000001,Rs./Quintal,Metric Tonnes
Madhya Pradesh,Vidisha,Ganjbasoda APMC,Wheat,Local,FAQ,2026-01-22,2400.0,2400.0,2400.0,0.5,Rs./Quintal,Metric Tonnes
Madhya Pradesh,Vidisha,Ganjbasoda APMC,Wheat,Malwa Shakti,FAQ,2026-01-22,2380.0,2380.0,2380.0,1.8850000000000002,Rs./Quintal,Metric Tonnes
Madhya Pradesh,Vidisha,Ganjbasoda APMC,Wheat,PISSI,FAQ,2026-01-22,2426.0,2426.0,2426.0,0.472,Rs./Quintal,Metric Tonnes
Madhya Pradesh,Vidisha,Ganjbasoda APMC,Wheat,Sharbati,FAQ,2026-01-22,2456.0,3340.0,2930.0,19.615000000000002,Rs./Quintal,Metric Tonnes
Madhya Pradesh,Vidisha,Ganjbasoda APMC,Wheat,Wheat,FAQ,2026-01-22,2360.0,2510.0,2510.0,19.364,Rs./Quintal,Metric Tonnes
Madhya Pradesh,Vidisha,Ganjbasoda APMC,buttery,Buttery,FAQ,2026-01-22,4111.0,4111.0,4111.0,1.377,Rs./Quintal,Metric Tonnes
Madhya Pradesh,Sagar,Garhakota APMC,Bengal Gram(Gram)(Whole),Desi (F.A.Q. Split),FAQ,2026-01-22,5155.0,5155.0,5155.0,0.10200000000000001,Rs./Quintal,Metric Tonnes
Madhya Pradesh,Sagar,Garhakota APMC,Bengal Gram(Gram)(Whole),Gram,FAQ,2026-01-22,4990.0,5500.0,5500.0,6.7090000000000005,Rs./Quintal,Metric Tonnes
Madhya Pradesh,Sagar,Garhakota APMC,Black Gram(Urd Beans)(Whole),Urda/Urd,FAQ,2026-01-22,6930.0,6930.0,6930.0,0.227,Rs./Quintal,Metric Tonnes
Madhya Pradesh,Sagar,Garhakota APMC,Maize,Local,Non-FAQ,2026-01-22,1400.0,1500.0,1500.0,61.56,Rs./Quintal,Metric Tonnes
Madhya Pradesh,Sagar,Garhakota APMC,Maize,Local,FAQ,2026-01-22,1450.0,1645.0,1590.0,267.69800000000004,Rs./Quintal,Metric Tonnes
Madhya Pradesh,Sagar,Garhakota APMC,Soyabean,Soyabeen,FAQ,2026-01-22,4200.0,5195.0,4900.0,12.382,Rs./Quintal,Metric Tonnes
Madhya Pradesh,Sagar,Garhakota APMC,Wheat,Wheat,FAQ,2026-01-22,2300.0,2460.0,2460.0,3.9310000000000005,Rs./Quintal,Metric Tonnes
Madhya Pradesh,Mandsaur,Garoth APMC,Onion,Onion,Non-FAQ,2026-01-22,200.0,1600.0,1600.0,15.766,Rs./Quintal,Metric Tonnes
Madhya Pradesh,Indore,Gautampura APMC,Soyabean,Soyabeen,FAQ,2026-01-22,5353.0,5353.0,5353.0,1.345,Rs./Quintal,Metric Tonnes
Madhya Pradesh,Indore,Gautampura APMC,Wheat,Lokwan,FAQ,2026-01-22,2610.0,2610.0,2610.0,6.055,Rs./Quintal,Metric Tonnes
Madhya Pradesh,Indore,Gautampura APMC,Wheat,Wheat,FAQ,2026-01-22,2340.0,2455.0,2455.0,82.88,Rs./Quintal,Metric Tonnes
Madhya Pradesh,Seoni,Ghansour APMC,Maize,Yellow,FAQ,2026-01-22,1410.0,1620.0,1620.0,77.9,Rs./Quintal,Metric Tonnes
Madhya Pradesh,Seoni,Ghansour APMC,Maize,Local,FAQ,2026-01-22,1611.0,1625.0,1621.0,181.085,Rs./Quintal,Metric Tonnes
Madhya Pradesh,Seoni,Ghansour APMC,Maize,Local,Non-FAQ,2026-01-22,1560.0,1610.0,1610.0,25.0,Rs./Quintal,Metric Tonnes
Madhya Pradesh,Seoni,Ghansour APMC,Wheat,Mill Quality,FAQ,2026-01-22,2300.0,2400.0,2400.0,36.6,Rs./Quintal,Metric Tonnes
Madhya Pradesh,Bhind,Gohad APMC,Bajra(Pearl Millet/Cumbu),Millet,FAQ,2026-01-22,1825.0,1825.0,1825.0,1.865,Rs./Quintal,Metric Tonnes
Madhya Pradesh,Bhind,Gohad APMC,Mustard,Mustard,FAQ,2026-01-22,6090.0,6920.0,6500.0,96.86500000000001,Rs./Quintal,Metric Tonnes
Madhya Pradesh,Bhind,Gohad APMC,Paddy(Common),Basmati 1509,FAQ,2026-01-22,2975.0,3200.0,3200.0,8.5,Rs./Quintal,Metric Tonnes
Madhya Pradesh,Bhind,Gohad APMC,Paddy(Common),Dhan,FAQ,2026-01-22,3520.0,3650.0,3650.0,10.515,Rs./Quintal,Metric Tonnes
Madhya Pradesh,Bhind,Gohad APMC,"Sesamum(Sesame,Gingelly,Til)",White,FAQ,2026-01-22,8970.0,8970.0,8970.0,2.1,Rs./Quintal,Metric Tonnes
Madhya Pradesh,Bhind,Gohad APMC,Wheat,Mill Quality,FAQ,2026-01-22,2700.0,2700.0,2700.0,19.67,Rs./Quintal,Metric Tonnes
Madhya Pradesh,Bhind,Gohad APMC,Wheat,Wheat,FAQ,2026-01-22,2490.0,2555.0,2530.0,19.71,Rs./Quintal,Metric Tonnes
Madhya Pradesh,Bhind,Gohad APMC,Wheat,Mill Quality,Non-FAQ,2026-01-22,2595.0,2595.0,2595.0,7.6000000000000005,Rs./Quintal,Metric Tonnes
Madhya Pradesh,Dindori,Gorakhpur APMC,Kutki,Kutki,FAQ,2026-01-22,3410.0,4030.0,4030.0,35.0,Rs./Quintal,Metric Tonnes
Madhya Pradesh,Dindori,Gorakhpur APMC,Niger Seed(Ramtil),Ramatilli,Non-FAQ,2026-01-22,8875.0,9000.0,9000.0,7.0,Rs./Quintal,Metric Tonnes
Madhya Pradesh,Dindori,Gorakhpur APMC,Paddy(Common),Dhan,Non-FAQ,2026-01-22,2000.0,2000.0,2000.0,4.5,Rs./Quintal,Metric Tonnes
Madhya Pradesh,Dindori,Gorakhpur APMC,Rayee,Raee,FAQ,2026-01-22,5000.0,5500.0,5500.0,9.0,Rs./Quintal,Metric Tonnes
Madhya Pradesh,Dindori,Gorakhpur APMC,Soyabean,Yellow,Non-FAQ,2026-01-22,4215.0,4502.0,4502.0,21.0,Rs./Quintal,Metric Tonnes
Madhya Pradesh,Dindori,Gorakhpur APMC,Soyabean,Yellow,FAQ,2026-01-22,4000.0,4700.0,4000.0,46.7,Rs./Quintal,Metric Tonnes
Madhya Pradesh,Dindori,Gorakhpur APMC,buttery,Buttery,FAQ,2026-01-22,3000.0,3050.0,3050.0,36.9,Rs./Quintal,Metric Tonnes
Madhya Pradesh,Narsinghpur,Gotegaon APMC,Bengal Gram(Gram)(Whole),Gram,FAQ,2026-01-22,5300.0,5500.0,5350.0,31.0,Rs./Quintal,Metric Tonnes
Madhya Pradesh,Narsinghpur,Gotegaon APMC,Gur(Jaggery),Jaggery,FAQ,2026-01-22,3321.0,3695.0,3570.0,182.70000000000002,Rs./Quintal,Metric Tonnes
Madhya Pradesh,Narsinghpur,Gotegaon APMC,Maize,Local,FAQ,2026-01-22,1425.0,1674.0,1661.0,276.99,Rs./Quintal,Metric Tonnes
Madhya Pradesh,Narsinghpur,Gotegaon APMC,Wheat,Wheat,FAQ,2026-01-22,2520.0,2580.0,2580.0,99.60000000000001,Rs./Quintal,Metric Tonnes
Madhya Pradesh,Guna,Guna APMC,Bengal Gram(Gram)(Whole),Gram,FAQ,2026-01-22,4005.0,5600.0,5400.0,20.395,Rs./Quintal,Metric Tonnes
Madhya Pradesh,Guna,Guna APMC,Coriander(Leaves),Coriander,FAQ,2026-01-22,7675.0,10350.0,9700.0,87.868,Rs./Bundle,Bundle
Madhya Pradesh,Guna,Guna APMC,Lentil(Masur)(Whole),Masur Dal,FAQ,2026-01-22,4770.0,4770.0,4770.0,0.06,Rs./Quintal,Metric Tonnes
Madhya Pradesh,Guna,Guna APMC,Maize,Local,Non-FAQ,2026-01-22,1380.0,1740.0,1555.0,72.48400000000001,Rs./Quintal,Metric Tonnes
Madhya Pradesh,Guna,Guna APMC,Maize,Local,FAQ,2026-01-22,1180.0,1915.0,1505.0,2199.88,Rs./Quintal,Metric Tonnes
Madhya Pradesh,Guna,Guna APMC,Mustard,Mustard,FAQ,2026-01-22,6000.0,6375.0,6375.0,4.856000000000001,Rs./Quintal,Metric Tonnes
Madhya Pradesh,Guna,Guna APMC,Paddy(Common),Dhan,FAQ,2026-01-22,1800.0,3505.0,2000.0,9.724,Rs./Quintal,Metric Tonnes
Madhya Pradesh,Guna,Guna APMC,Soyabean,Soyabeen,FAQ,2026-01-22,4550.0,5255.0,5255.0,33.434,Rs./Quintal,Metric Tonnes
Madhya Pradesh,Guna,Guna APMC,Wheat,Wheat Mix,FAQ,2026-01-22,2475.0,2475.0,2475.0,3.149,Rs./Quintal,Metric Tonnes
Madhya Pradesh,Guna,Guna APMC,Wheat,Sujatha,FAQ,2026-01-22,2600.0,2600.0,2600.0,2.9690000000000003,Rs./Quintal,Metric Tonnes
Madhya Pradesh,Guna,Guna APMC,Wheat,Wheat,FAQ,2026-01-22,2300.0,3490.0,2470.0,675.961,Rs./Quintal,Metric Tonnes
Madhya Pradesh,Dewas,Haatpipliya APMC,Bengal Gram(Gram)(Whole),Gram,Non-FAQ,2026-01-22,4470.0,6150.0,6150.0,0.098,Rs./Quintal,Metric Tonnes
Madhya Pradesh,Dewas,Haatpipliya APMC,Maize,Local,Non-FAQ,2026-01-22,1416.0,1490.0,1475.0,8.654000000000002,Rs./Quintal,Metric Tonnes
Madhya Pradesh,Dewas,Haatpipliya APMC,Soyabean,Soyabeen,Non-FAQ,2026-01-22,1125.0,5280.0,5151.0,45.039,Rs./Quintal,Metric Tonnes
Madhya Pradesh,Dewas,Haatpipliya APMC,Wheat,Wheat,Non-FAQ,2026-01-22,2350.0,2711.0,2511.0,32.299,Rs./Quintal,Metric Tonnes
Madhya Pradesh,Rewa,Hanumana APMC,Lak(Teora),Tiwada,FAQ,2026-01-22,3000.0,3000.0,3000.0,5.4,Rs./Quintal,Metric Tonnes
Madhya Pradesh,Harda,Harda APMC,Bengal Gram(Gram)(Whole),Desi (F.A.Q. Split),FAQ,2026-01-22,4791.0,5440.0,5200.0,25.57,Rs./Quintal,Metric Tonnes
Madhya Pradesh,Harda,Harda APMC,Bengal Gram(Gram)(Whole),Chana Kabuli,FAQ,2026-01-22,2201.0,5725.0,5000.0,164.37400000000002,Rs./Quintal,Metric Tonnes
Madhya Pradesh,Harda,Harda APMC,Black Gram(Urd Beans)(Whole),Urda/Urd,FAQ,2026-01-22,4050.0,4050.0,4050.0,0.4730000000000001,Rs./Quintal,Metric Tonnes
Madhya Pradesh,Harda,Harda APMC,Green Gram(Moong)(Whole),Green (Whole),FAQ,2026-01-22,1361.0,8001.0,8001.0,10.888,Rs./Quintal,Metric Tonnes
Madhya Pradesh,Harda,Harda APMC,Kabuli Chana(Chickpeas-White),Dollar Gram,FAQ,2026-01-22,3000.0,8400.0,5099.0,47.033,Rs./Quintal,Metric Tonnes
Madhya Pradesh,Harda,Harda APMC,Maize,Yellow,FAQ,2026-01-22,1100.0,1680.0,1581.0,1216.5780000000002,Rs./Quintal,Metric Tonnes
Madhya Pradesh,Harda,Harda APMC,Mustard,Mustard,FAQ,2026-01-22,5500.0,5550.0,5550.0,0.667,Rs./Quintal,Metric Tonnes
Madhya Pradesh,Harda,Harda APMC,Soyabean,Yellow,FAQ,2026-01-22,1501.0,5500.0,5328.0,42.608000000000004,Rs./Quintal,Metric Tonnes
Madhya Pradesh,Harda,Harda APMC,Wheat,Mill Quality,FAQ,2026-01-22,2440.0,2590.0,2550.0,265.961,Rs./Quintal,Metric Tonnes
Madhya Pradesh,Chhatarpur,Harpalpur APMC,Groundnut,Big (With Shell),FAQ,2026-01-22,5600.0,5944.0,5944.0,2.095,Rs./Quintal,Metric Tonnes
Madhya Pradesh,Chhatarpur,Harpalpur APMC,Lak(Teora),Tiwada,FAQ,2026-01-22,3199.0,3265.0,3265.0,6.229,Rs./Quintal,Metric Tonnes
Madhya Pradesh,Chhatarpur,Harpalpur APMC,Wheat,Wheat,FAQ,2026-01-22,2405.0,2625.0,2619.0,49.183,Rs./Quintal,Metric Tonnes
Madhya Pradesh,Khandwa,Harsood APMC,Bengal Gram(Gram)(Whole),Gram,FAQ,2026-01-22,4001.0,5250.0,5199.0,7.087000000000001,Rs./Quintal,Metric Tonnes
Madhya Pradesh,Khandwa,Harsood APMC,Green Gram(Moong)(Whole),Green (Whole),FAQ,2026-01-22,5051.0,5051.0,5051.0,0.05,Rs./Quintal,Metric Tonnes
Madhya Pradesh,Khandwa,Harsood APMC,Maize,Yellow,Non-FAQ,2026-01-22,1400.0,1550.0,1530.0,45.400000000000006,Rs./Quintal,Metric Tonnes
Madhya Pradesh,Khandwa,Harsood APMC,Maize,Yellow,FAQ,2026-01-22,1101.0,1631.0,1499.0,58.787000000000006,Rs./Quintal,Metric Tonnes
Madhya Pradesh,Khandwa,Harsood APMC,Maize,Local,Non-FAQ,2026-01-22,1511.0,1530.0,1530.0,12.132,Rs./Quintal,Metric Tonnes
Madhya Pradesh,Khandwa,Harsood APMC,Mustard,Mustard,FAQ,2026-01-22,5302.0,5302.0,5302.0,0.515,Rs./Quintal,Metric Tonnes
Madhya Pradesh,Khandwa,Harsood APMC,Soyabean,Yellow,FAQ,2026-01-22,3899.0,5424.0,5424.0,39.351,Rs./Quintal,Metric Tonnes
Madhya Pradesh,Khandwa,Harsood APMC,Wheat,Wheat,FAQ,2026-01-22,2451.0,2550.0,2541.0,24.321,Rs./Quintal,Metric Tonnes
Madhya Pradesh,Damoh,Hata APMC,Bengal Gram(Gram)(Whole),Gram,Non-FAQ,2026-01-22,5510.0,5510.0,5510.0,5.535,Rs./Quintal,Metric Tonnes
Madhya Pradesh,Damoh,Hata APMC,Maize,Local,Non-FAQ,2026-01-22,1560.0,1600.0,1600.0,27.0,Rs./Quintal,Metric Tonnes
Madhya Pradesh,Damoh,Hata APMC,Red gram/Arhar/Tur(whole),Arhar Dal(Tur),Non-FAQ,2026-01-22,6210.0,6300.0,6300.0,30.227999999999998,Rs./Quintal,Metric Tonnes
Madhya Pradesh,Damoh,Hata APMC,Wheat,Wheat,Non-FAQ,2026-01-22,2230.0,2295.0,2230.0,27.082,Rs./Quintal,Metric Tonnes
Madhya Pradesh,Hoshangabad,Hoshangabad APMC,Paddy(Common),Basmati,Non-FAQ,2026-01-22,3810.0,3810.0,3810.0,1.195,Rs./Quintal,Metric Tonnes
Madhya Pradesh,Hoshangabad,Hoshangabad APMC,Paddy(Common),Dhan,Non-FAQ,2026-01-22,2000.0,3825.0,3700.0,29.101,Rs./Quintal,Metric Tonnes
Madhya Pradesh,Hoshangabad,Hoshangabad APMC,Paddy(Common),Dhan,FAQ,2026-01-22,3775.0,3800.0,3800.0,6.915000000000001,Rs./Quintal,Metric Tonnes
Madhya Pradesh,Sehore,Ichhawar APMC,Maize,Local,Non-FAQ,2026-01-22,1595.0,1595.0,1595.0,5.005,Rs./Quintal,Metric Tonnes
Madhya Pradesh,Sehore,Ichhawar APMC,Maize,Local,FAQ,2026-01-22,1521.0,1622.0,1605.0,88.89600000000002,Rs./Quintal,Metric Tonnes
Madhya Pradesh,Sehore,Ichhawar APMC,Red gram/Arhar/Tur(whole),Arhar Dal(Tur),FAQ,2026-01-22,7720.0,7720.0,7720.0,0.329,Rs./Quintal,Metric Tonnes
Madhya Pradesh,Sehore,Ichhawar APMC,Soyabean,Soyabeen,FAQ,2026-01-22,4220.0,5360.0,5291.0,10.616,Rs./Quintal,Metric Tonnes
Madhya Pradesh,Sehore,Ichhawar APMC,Wheat,Wheat,FAQ,2026-01-22,2050.0,2950.0,2641.0,25.468000000000004,Rs./Quintal,Metric Tonnes
Madhya Pradesh,Indore,Indore APMC,Bengal Gram(Gram)(Whole),Gram,FAQ,2026-01-22,4790.0,8301.0,5335.0,13.528,Rs./Quintal,Metric Tonnes
Madhya Pradesh,Indore,Indore APMC,Bengal Gram(Gram)(Whole),Desi (F.A.Q. Split),FAQ,2026-01-22,4950.0,4950.0,4950.0,0.03,Rs./Quintal,Metric Tonnes
Madhya Pradesh,Indore,Indore APMC,Black Gram(Urd Beans)(Whole),Urda/Urd,FAQ,2026-01-22,6110.99,6110.99,6110.99,10.005,Rs./Quintal,Metric Tonnes
Madhya Pradesh,Indore,Indore APMC,Chili Red,Red,FAQ,2026-01-22,7300.0,14000.0,8400.0,13.113999999999999,Rs./Quintal,Metric Tonnes
Madhya Pradesh,Indore,Indore APMC,Cummin Seed(Jeera),Cummin Seed(Jeera),FAQ,2026-01-22,15900.0,15900.0,15900.0,4.05,Rs./Quintal,Metric Tonnes
Madhya Pradesh,Indore,Indore APMC,Garlic,Garlic,FAQ,2026-01-22,200.0,16555.0,3000.0,241.24800000000002,Rs./Quintal,Metric Tonnes
Madhya Pradesh,Indore,Indore APMC,Green Gram(Moong)(Whole),Green (Whole),FAQ,2026-01-22,2600.0,6200.0,6200.0,5.658,Rs./Quintal,Metric Tonnes
Madhya Pradesh,Indore,Indore APMC,Jowar(Sorghum),Jowar (Yellow),FAQ,2026-01-22,2725.0,2725.0,2725.0,25.02,Rs./Quintal,Metric Tonnes
Madhya Pradesh,Indore,Indore APMC,Kabuli Chana(Chickpeas-White),Dollar Gram,FAQ,2026-01-22,3105.0,9200.0,8315.0,332.00100000000003,Rs./Quintal,Metric Tonnes
Madhya Pradesh,Indore,Indore APMC,Kabuli Chana(Chickpeas-White),Double Dollar Chana,FAQ,2026-01-22,8775.0,8775.0,8775.0,2.8120000000000003,Rs./Quintal,Metric Tonnes
Madhya Pradesh,Indore,Indore APMC,Lentil(Masur)(Whole),Masur Dal,FAQ,2026-01-22,5650.01,5650.01,5650.01,6.075,Rs./Quintal,Metric Tonnes
Madhya Pradesh,Indore,Indore APMC,Maize,Local,FAQ,2026-01-22,1400.0,1629.0,1597.0,27.701999999999998,Rs./Quintal,Metric Tonnes
Madhya Pradesh,Indore,Indore APMC,Onion,Onion,FAQ,2026-01-22,311.0,1729.0,1438.0,889.623,Rs./Quintal,Metric Tonnes
Madhya Pradesh,Indore,Indore APMC,Onion,Other,FAQ,2026-01-22,1029.0,1688.0,1665.0,407.201,Rs./Quintal,Metric Tonnes
Madhya Pradesh,Indore,Indore APMC,Onion,Onion,Non-FAQ,2026-01-22,258.0,2472.0,1775.0,529.15,Rs./Quintal,Metric Tonnes
Madhya Pradesh,Indore,Indore APMC,Potato,Local,FAQ,2026-01-22,249.0,915.0,750.0,420.32200000000006,Rs./Quintal,Metric Tonnes
Madhya Pradesh,Indore,Indore APMC,Potato,Local,Non-FAQ,2026-01-22,261.0,816.0,816.0,266.148,Rs./Quintal,Metric Tonnes
Madhya Pradesh,Indore,Indore APMC,Red gram/Arhar/Tur(whole),Arhar Dal(Tur),FAQ,2026-01-22,5065.0,7450.0,6595.0,155.16,Rs./Quintal,Metric Tonnes
Madhya Pradesh,Indore,Indore APMC,Soyabean,Soyabeen,FAQ,2026-01-22,950.0,5975.0,5245.0,192.61800000000002,Rs./Quintal,Metric Tonnes
Madhya Pradesh,Indore,Indore APMC,Wheat,Wheat,FAQ,2026-01-22,2318.0,3316.0,2491.0,206.808,Rs./Quintal,Metric Tonnes
Madhya Pradesh,Indore,Indore APMC,Wheat,Wheat,Non-FAQ,2026-01-22,2433.0,2433.0,2433.0,7.6000000000000005,Rs./Quintal,Metric Tonnes
Madhya Pradesh,Ashoknagar,Isagarh APMC,Maize,Local,FAQ,2026-01-22,1250.0,1685.0,1425.0,388.83400000000006,Rs./Quintal,Metric Tonnes
Madhya Pradesh,Ashoknagar,Isagarh APMC,Soyabean,Soyabeen,FAQ,2026-01-22,4895.0,5075.0,5075.0,2.43,Rs./Quintal,Metric Tonnes
Madhya Pradesh,Hoshangabad,Itarsi APMC,Bengal Gram(Gram)(Whole),Gram,FAQ,2026-01-22,4861.0,5301.0,5301.0,5.995000000000001,Rs./Quintal,Metric Tonnes
Madhya Pradesh,Hoshangabad,Itarsi APMC,Green Gram(Moong)(Whole),Green (Whole),FAQ,2026-01-22,2205.0,7300.0,7300.0,3.85,Rs./Quintal,Metric Tonnes
Madhya Pradesh,Hoshangabad,Itarsi APMC,Maize,Local,FAQ,2026-01-22,1200.0,1731.0,1400.0,739.35,Rs./Quintal,Metric Tonnes
Madhya Pradesh,Hoshangabad,Itarsi APMC,Paddy(Common),Red,FAQ,2026-01-22,3645.0,3645.0,3645.0,4.65,Rs./Quintal,Metric Tonnes
Madhya Pradesh,Hoshangabad,Itarsi APMC,Paddy(Common),Dhan,FAQ,2026-01-22,2600.0,4005.0,3855.0,507.25,Rs./Quintal,Metric Tonnes
Madhya Pradesh,Hoshangabad,Itarsi APMC,Paddy(Common),Common,FAQ,2026-01-22,3785.0,3785.0,3785.0,3.6950000000000003,Rs./Quintal,Metric Tonnes
Madhya Pradesh,Hoshangabad,Itarsi APMC,Paddy(Common),Paddy,FAQ,2026-01-22,2600.0,4020.0,3800.0,1189.4950000000001,Rs./Quintal,Metric Tonnes
Madhya Pradesh,Hoshangabad,Itarsi APMC,Soyabean,Soyabeen,FAQ,2026-01-22,3601.0,5251.0,5251.0,19.78,Rs./Quintal,Metric Tonnes
Madhya Pradesh,Hoshangabad,Itarsi APMC,Wheat,Wheat,FAQ,2026-01-22,2250.0,2507.0,2461.0,188.07000000000002,Rs./Quintal,Metric Tonnes
Madhya Pradesh,Jabalpur,Jabalpur APMC,Bengal Gram(Gram)(Whole),Gram,FAQ,2026-01-22,4750.0,5650.0,4780.0,28.137,Rs./Quintal,Metric Tonnes
Madhya Pradesh,Jabalpur,Jabalpur APMC,Black Gram(Urd Beans)(Whole),Urda/Urd,FAQ,2026-01-22,5000.0,7805.0,7805.0,20.484,Rs./Quintal,Metric Tonnes
Madhya Pradesh,Jabalpur,Jabalpur APMC,Green Gram(Moong)(Whole),Green (Whole),FAQ,2026-01-22,4000.0,6000.0,6000.0,2.093,Rs./Quintal,Metric Tonnes
Madhya Pradesh,Jabalpur,Jabalpur APMC,Green Peas,Pea,FAQ,2026-01-22,1900.0,3700.0,3555.0,15.292,Rs./Quintal,Metric Tonnes
Madhya Pradesh,Jabalpur,Jabalpur APMC,Kodo Millet(Varagu),Kondo,FAQ,2026-01-22,2350.0,2400.0,2400.0,5.5,Rs./Quintal,Metric Tonnes
Madhya Pradesh,Jabalpur,Jabalpur APMC,Kutki,Kutki,FAQ,2026-01-22,4025.0,4300.0,4300.0,25.1,Rs./Quintal,Metric Tonnes
Madhya Pradesh,Jabalpur,Jabalpur APMC,Lentil(Masur)(Whole),Masur Dal,FAQ,2026-01-22,5005.0,6000.0,5200.0,5.414000000000001,Rs./Quintal,Metric Tonnes
Madhya Pradesh,Jabalpur,Jabalpur APMC,Linseed,Flaxseed,FAQ,2026-01-22,7395.0,7730.0,7650.0,0.45300000000000007,Rs./Quintal,Metric Tonnes
Madhya Pradesh,Jabalpur,Jabalpur APMC,Maize,Local,FAQ,2026-01-22,1220.0,1680.0,1635.0,651.961,Rs./Quintal,Metric Tonnes
Madhya Pradesh,Jabalpur,Jabalpur APMC,Mustard,Mustard,FAQ,2026-01-22,4505.0,6770.0,6770.0,1.407,Rs./Quintal,Metric Tonnes
Madhya Pradesh,Jabalpur,Jabalpur APMC,Paddy(Common),Dhan,FAQ,2026-01-22,1780.0,3150.0,1930.0,63.86000000000001,Rs./Quintal,Metric Tonnes
Madhya Pradesh,Jabalpur,Jabalpur APMC,Red gram/Arhar/Tur(whole),Arhar Dal(Tur),FAQ,2026-01-22,4500.0,7415.0,7390.0,52.605,Rs./Quintal,Metric Tonnes
Madhya Pradesh,Jabalpur,Jabalpur APMC,Soyabean,Soyabeen,FAQ,2026-01-22,4895.0,4930.0,4930.0,1.179,Rs./Quintal,Metric Tonnes
Madhya Pradesh,Jabalpur,Jabalpur APMC,Wheat,Wheat,FAQ,2026-01-22,2150.0,2675.0,2525.0,299.531,Rs./Quintal,Metric Tonnes
Madhya Pradesh,Jabalpur,Jabalpur APMC,buttery,Buttery,FAQ,2026-01-22,2875.0,4300.0,3605.0,20.459000000000003,Rs./Quintal,Metric Tonnes
Madhya Pradesh,Sagar,Jaisinagar APMC,Maize,Local,FAQ,2026-01-22,1435.0,1645.0,1560.0,177.357,Rs./Quintal,Metric Tonnes
Madhya Pradesh,Sagar,Jaisinagar APMC,Maize,Yellow,FAQ,2026-01-22,1480.0,1645.0,1560.0,211.96500000000003,Rs./Quintal,Metric Tonnes
Madhya Pradesh,Sagar,Jaisinagar APMC,Wheat,Mill Quality,FAQ,2026-01-22,2375.0,2485.0,2485.0,15.933000000000002,Rs./Quintal,Metric Tonnes
Madhya Pradesh,Anupur,Jaithari APMC,Wheat,Mill Quality,FAQ,2026-01-22,2300.0,2300.0,2300.0,3.0,Rs./Quintal,Metric Tonnes
Madhya Pradesh,Ratlam,Jaora APMC,Asalia,Asalia,FAQ,2026-01-22,5750.0,5750.0,5750.0,0.026000000000000002,Rs./Quintal,Metric Tonnes
Madhya Pradesh,Ratlam,Jaora APMC,Bengal Gram(Gram)(Whole),Gram,FAQ,2026-01-22,4486.0,5445.0,5401.0,27.42,Rs./Quintal,Metric Tonnes
Madhya Pradesh,Ratlam,Jaora APMC,Black Gram(Urd Beans)(Whole),Urda/Urd,FAQ,2026-01-22,5401.0,7160.0,7160.0,3.6140000000000003,Rs./Quintal,Metric Tonnes
Madhya Pradesh,Ratlam,Jaora APMC,Coriander(Leaves),Coriander,FAQ,2026-01-22,9030.0,9030.0,9030.0,0.026000000000000002,Rs./Bundle,Bundle
Madhya Pradesh,Ratlam,Jaora APMC,Garlic,China,FAQ,2026-01-22,8001.0,8001.0,8001.0,0.442,Rs./Quintal,Metric Tonnes
Madhya Pradesh,Ratlam,Jaora APMC,Garlic,Garlic,FAQ,2026-01-22,565.0,14000.0,7500.0,157.81,Rs./Quintal,Metric Tonnes
Madhya Pradesh,Ratlam,Jaora APMC,Green Peas,Pea,FAQ,2026-01-22,3500.0,3650.0,3650.0,0.9570000000000001,Rs./Quintal,Metric Tonnes
Madhya Pradesh,Ratlam,Jaora APMC,Kabuli Chana(Chickpeas-White),Dollar Gram,FAQ,2026-01-22,3650.0,9031.0,7800.0,79.089,Rs./Quintal,Metric Tonnes
Madhya Pradesh,Ratlam,Jaora APMC,Lentil(Masur)(Whole),Masur Dal,FAQ,2026-01-22,2800.0,6205.0,6150.0,1.922,Rs./Quintal,Metric Tonnes
Madhya Pradesh,Ratlam,Jaora APMC,Linseed,Flaxseed,FAQ,2026-01-22,7301.0,8120.0,7701.0,12.032,Rs./Quintal,Metric Tonnes
Madhya Pradesh,Ratlam,Jaora APMC,Methi Seeds,Methiseeds,FAQ,2026-01-22,3500.0,7300.0,5701.0,23.232,Rs./Quintal,Metric Tonnes
Madhya Pradesh,Ratlam,Jaora APMC,Mustard,Mustard,FAQ,2026-01-22,5202.0,6420.0,6200.0,30.158,Rs./Quintal,Metric Tonnes
Madhya Pradesh,Ratlam,Jaora APMC,Onion,Onion,FAQ,2026-01-22,300.0,1541.0,926.0,31.192000000000004,Rs./Quintal,Metric Tonnes
Madhya Pradesh,Ratlam,Jaora APMC,"Sesamum(Sesame,Gingelly,Til)",Sesame,FAQ,2026-01-22,2000.0,8350.0,7500.0,1.4020000000000001,Rs./Quintal,Metric Tonnes
Madhya Pradesh,Ratlam,Jaora APMC,Soyabean,Soyabeen,Non-FAQ,2026-01-22,4851.0,5001.0,5001.0,0.146,Rs./Quintal,Metric Tonnes
Madhya Pradesh,Ratlam,Jaora APMC,Soyabean,Soyabeen,FAQ,2026-01-22,2501.0,5581.0,5411.0,147.604,Rs./Quintal,Metric Tonnes
Madhya Pradesh,Ratlam,Jaora APMC,Wheat,Wheat,FAQ,2026-01-22,2351.0,3452.0,2700.0,341.98400000000004,Rs./Quintal,Metric Tonnes
Madhya Pradesh,Ratlam,Jaora APMC,basil,Basil,FAQ,2026-01-22,17600.0,17600.0,17600.0,0.023000000000000003,Rs./Quintal,Metric Tonnes
Madhya Pradesh,Ratlam,Jaora APMC,poppy seeds,Khaskhas,FAQ,2026-01-22,118000.0,132200.0,132000.0,0.34600000000000003,Rs./Quintal,Metric Tonnes
Madhya Pradesh,Tikamgarh,Jatara APMC,Wheat,Local,Non-FAQ,2026-01-22,2456.0,2500.0,2478.0,51.74400000000001,Rs./Quintal,Metric Tonnes
Madhya Pradesh,Tikamgarh,Jatara APMC,Wheat,Wheat,Non-FAQ,2026-01-22,2450.0,2515.0,2490.0,408.98800000000006,Rs./Quintal,Metric Tonnes
Madhya Pradesh,Tikamgarh,Jatara APMC,Wheat,Mill Quality,Non-FAQ,2026-01-22,2452.0,2500.0,2465.0,176.912,Rs./Quintal,Metric Tonnes
Madhya Pradesh,Neemuch,Javad APMC,Garlic,Garlic,FAQ,2026-01-22,500.0,10200.0,8000.0,39.987,Rs./Quintal,Metric Tonnes
Madhya Pradesh,Neemuch,Javad APMC,Maize,Local,FAQ,2026-01-22,1362.0,1655.0,1655.0,21.922,Rs./Quintal,Metric Tonnes
Madhya Pradesh,Damoh,Javera APMC,Maize,Local,Non-FAQ,2026-01-22,1405.0,1560.0,1500.0,139.71,Rs./Quintal,Metric Tonnes
Madhya Pradesh,Damoh,Javera APMC,Maize,Local,FAQ,2026-01-22,1610.0,1650.0,1650.0,35.730000000000004,Rs./Quintal,Metric Tonnes
Madhya Pradesh,Sehore,Jawar APMC,Maize,Local,FAQ,2026-01-22,1400.0,1400.0,1400.0,6.0,Rs./Quintal,Metric Tonnes
Madhya Pradesh,Sehore,Jawar APMC,Mustard,Mustard,FAQ,2026-01-22,5766.0,5766.0,5766.0,0.261,Rs./Quintal,Metric Tonnes
Madhya Pradesh,Sehore,Jawar APMC,Soyabean,Soyabeen,FAQ,2026-01-22,2200.0,5851.0,5561.0,57.025000000000006,Rs./Quintal,Metric Tonnes
Madhya Pradesh,Sehore,Jawar APMC,Wheat,Wheat,FAQ,2026-01-22,2198.0,2853.0,2500.0,39.31100000000001,Rs./Quintal,Metric Tonnes
Madhya Pradesh,Rajgarh,Jeerapur APMC,Bengal Gram(Gram)(Whole),Gram,FAQ,2026-01-22,5110.0,5280.0,5240.0,40.150000000000006,Rs./Quintal,Metric Tonnes
Madhya Pradesh,Rajgarh,Jeerapur APMC,Coriander(Leaves),Coriander,FAQ,2026-01-22,8575.0,9225.0,9225.0,0.58,Rs./Bundle,Bundle
Madhya Pradesh,Rajgarh,Jeerapur APMC,Lentil(Masur)(Whole),Masur Dal,FAQ,2026-01-22,6000.0,6000.0,6000.0,0.197,Rs./Quintal,Metric Tonnes
Madhya Pradesh,Rajgarh,Jeerapur APMC,Maize,Local,FAQ,2026-01-22,1520.0,1610.0,1610.0,1.9940000000000002,Rs./Quintal,Metric Tonnes
Madhya Pradesh,Rajgarh,Jeerapur APMC,Mustard,Mustard,Non-FAQ,2026-01-22,6100.0,6600.0,6480.0,25.240000000000002,Rs./Quintal,Metric Tonnes
Madhya Pradesh,Rajgarh,Jeerapur APMC,Mustard,Mustard,FAQ,2026-01-22,3600.0,6666.0,6666.0,30.589,Rs./Quintal,Metric Tonnes
Madhya Pradesh,Rajgarh,Jeerapur APMC,"Sesamum(Sesame,Gingelly,Til)",Sesame,FAQ,2026-01-22,5925.0,6725.0,6725.0,0.256,Rs./Quintal,Metric Tonnes
Madhya Pradesh,Rajgarh,Jeerapur APMC,Soyabean,Soyabeen,FAQ,2026-01-22,3425.0,5420.0,5000.0,39.474000000000004,Rs./Quintal,Metric Tonnes
Madhya Pradesh,Rajgarh,Jeerapur APMC,Wheat,Wheat,FAQ,2026-01-22,2440.0,2594.0,2586.0,63.442,Rs./Quintal,Metric Tonnes
Madhya Pradesh,Jhabua,Jhabua APMC,Cotton,Without Ginned Cotton,FAQ,2026-01-22,6582.0,7865.0,7500.0,343.139,Rs./Quintal,Metric Tonnes
Madhya Pradesh,Jhabua,Jhabua APMC,Cotton,Without Ginned Cotton,Non-FAQ,2026-01-22,7500.0,7500.0,7500.0,4.1000000000000005,Rs./Quintal,Metric Tonnes
Madhya Pradesh,Alirajpur,Jobat APMC,Cotton,Without Ginned Cotton,Non-FAQ,2026-01-22,6800.0,7555.0,6800.0,50.300000000000004,Rs./Quintal,Metric Tonnes
Madhya Pradesh,Alirajpur,Jobat APMC,Cotton,Without Ginned Cotton,FAQ,2026-01-22,6500.0,8000.0,7400.0,242.147,Rs./Quintal,Metric Tonnes
Madhya Pradesh,Alirajpur,Jobat APMC,Cotton,Medium Fiber,FAQ,2026-01-22,6700.0,7400.0,6800.0,81.82600000000001,Rs./Quintal,Metric Tonnes
Madhya Pradesh,Alirajpur,Jobat APMC,Maize,Local,FAQ,2026-01-22,1500.0,1550.0,1500.0,19.8,Rs./Quintal,Metric Tonnes
Madhya Pradesh,Alirajpur,Jobat APMC,Soyabean,Soyabeen,FAQ,2026-01-22,4000.0,4000.0,4000.0,8.5,Rs./Quintal,Metric Tonnes
Madhya Pradesh,Alirajpur,Jobat APMC,Wheat,Wheat,FAQ,2026-01-22,2403.0,2405.0,2405.0,2.4000000000000004,Rs./Quintal,Metric Tonnes
Madhya Pradesh,Morena,Kailaras APMC,Bajra(Pearl Millet/Cumbu),Millet,FAQ,2026-01-22,1920.0,1961.0,1938.0,24.580000000000002,Rs./Quintal,Metric Tonnes
Madhya Pradesh,Morena,Kailaras APMC,Mustard,Mustard,FAQ,2026-01-22,6565.0,6711.0,6630.0,40.775000000000006,Rs./Quintal,Metric Tonnes
Madhya Pradesh,Morena,Kailaras APMC,Red gram/Arhar/Tur(whole),Arhar Dal(Tur),FAQ,2026-01-22,5500.0,5500.0,5500.0,0.35000000000000003,Rs./Quintal,Metric Tonnes
Madhya Pradesh,Morena,Kailaras APMC,Soyabean,Soyabeen,FAQ,2026-01-22,4685.0,5122.0,4825.0,74.60000000000001,Rs./Quintal,Metric Tonnes
Madhya Pradesh,Morena,Kailaras APMC,Wheat,Wheat,FAQ,2026-01-22,2555.0,2575.0,2570.0,2.7510000000000003,Rs./Quintal,Metric Tonnes
Madhya Pradesh,Shajapur,Kalapipal APMC,Bengal Gram(Gram)(Whole),Gram,FAQ,2026-01-22,3701.0,4500.0,4500.0,0.551,Rs./Quintal,Metric Tonnes
Madhya Pradesh,Shajapur,Kalapipal APMC,Bengal Gram(Gram)(Whole),Gram,Non-FAQ,2026-01-22,4003.0,4300.0,4300.0,0.144,Rs./Quintal,Metric Tonnes
Madhya Pradesh,Shajapur,Kalapipal APMC,Coriander(Leaves),Coriander,FAQ,2026-01-22,8351.0,8801.0,8801.0,0.11699999999999999,Rs./Bundle,Bundle
Madhya Pradesh,Shajapur,Kalapipal APMC,Garlic,Garlic,FAQ,2026-01-22,1352.0,12810.0,3000.0,17.068,Rs./Quintal,Metric Tonnes
Madhya Pradesh,Shajapur,Kalapipal APMC,Lentil(Masur)(Whole),Masur Dal,Non-FAQ,2026-01-22,5430.0,5801.0,5801.0,0.27999999999999997,Rs./Quintal,Metric Tonnes
Madhya Pradesh,Shajapur,Kalapipal APMC,Mustard,Mustard,Non-FAQ,2026-01-22,5630.0,6100.0,6100.0,0.596,Rs./Quintal,Metric Tonnes
Madhya Pradesh,Shajapur,Kalapipal APMC,Onion,Onion,FAQ,2026-01-22,111.0,1690.0,500.0,59.918,Rs./Quintal,Metric Tonnes
Madhya Pradesh,Shajapur,Kalapipal APMC,Potato,Potato,FAQ,2026-01-22,205.0,421.0,421.0,2.016,Rs./Quintal,Metric Tonnes
Madhya Pradesh,Shajapur,Kalapipal APMC,Soyabean,Yellow,Non-FAQ,2026-01-22,1000.0,2701.0,2701.0,0.527,Rs./Quintal,Metric Tonnes
Madhya Pradesh,Shajapur,Kalapipal APMC,Soyabean,Yellow,FAQ,2026-01-22,2501.0,5501.0,5300.0,57.007000000000005,Rs./Quintal,Metric Tonnes
Madhya Pradesh,Shajapur,Kalapipal APMC,Wheat,Wheat,Non-FAQ,2026-01-22,2420.0,2731.0,2560.0,25.972000000000005,Rs./Quintal,Metric Tonnes
Madhya Pradesh,Shajapur,Kalapipal APMC,Wheat,Wheat,FAQ,2026-01-22,2425.0,2850.0,2591.0,15.090000000000002,Rs./Quintal,Metric Tonnes
Madhya Pradesh,Dewas,Kannod APMC,Bengal Gram(Gram)(Whole),Gram,FAQ,2026-01-22,5000.0,5100.0,5100.0,2.963,Rs./Quintal,Metric Tonnes
Madhya Pradesh,Dewas,Kannod APMC,Maize,Local,FAQ,2026-01-22,1301.0,1639.0,1591.0,135.226,Rs./Quintal,Metric Tonnes
Madhya Pradesh,Dewas,Kannod APMC,Red gram/Arhar/Tur(whole),Arhar Dal(Tur),FAQ,2026-01-22,6401.0,7171.0,6600.0,4.577000000000001,Rs./Quintal,Metric Tonnes
Madhya Pradesh,Dewas,Kannod APMC,Soyabean,Soyabeen,FAQ,2026-01-22,4405.0,5352.0,5352.0,2.031,Rs./Quintal,Metric Tonnes
Madhya Pradesh,Dewas,Kannod APMC,Wheat,Wheat,FAQ,2026-01-22,2371.0,2561.0,2526.0,31.509,Rs./Quintal,Metric Tonnes
Madhya Pradesh,Narsinghpur,Kareli APMC,Bengal Gram(Gram)(Whole),Gram,FAQ,2026-01-22,4000.0,6410.0,5580.0,118.23,Rs./Quintal,Metric Tonnes
Madhya Pradesh,Narsinghpur,Kareli APMC,Black Gram(Urd Beans)(Whole),Urda/Urd,FAQ,2026-01-22,6800.0,7575.0,7575.0,2.77,Rs./Quintal,Metric Tonnes
Madhya Pradesh,Narsinghpur,Kareli APMC,Green Gram(Moong)(Whole),Green (Whole),FAQ,2026-01-22,5800.0,6400.0,6400.0,0.76,Rs./Quintal,Metric Tonnes
Madhya Pradesh,Narsinghpur,Kareli APMC,Gur(Jaggery),Jaggery,FAQ,2026-01-22,3000.0,3740.0,3500.0,406.28000000000003,Rs./Quintal,Metric Tonnes
Madhya Pradesh,Narsinghpur,Kareli APMC,Lentil(Masur)(Whole),Masur Dal,FAQ,2026-01-22,5700.0,6400.0,6250.0,32.001,Rs./Quintal,Metric Tonnes
Madhya Pradesh,Narsinghpur,Kareli APMC,Maize,Local,FAQ,2026-01-22,1516.0,1616.0,1542.0,87.58,Rs./Quintal,Metric Tonnes
Madhya Pradesh,Narsinghpur,Kareli APMC,Paddy(Common),Common,FAQ,2026-01-22,2600.0,2600.0,2600.0,24.8,Rs./Quintal,Metric Tonnes
Madhya Pradesh,Narsinghpur,Kareli APMC,Red gram/Arhar/Tur(whole),Arhar Dal(Tur),FAQ,2026-01-22,6200.0,7550.0,7550.0,8.459999999999999,Rs./Quintal,Metric Tonnes
Madhya Pradesh,Narsinghpur,Kareli APMC,Soyabean,Soyabeen,FAQ,2026-01-22,3000.0,6100.0,5100.0,31.635000000000005,Rs./Quintal,Metric Tonnes
Madhya Pradesh,Narsinghpur,Kareli APMC,Wheat,Wheat,FAQ,2026-01-22,2260.0,2589.0,2560.0,48.92,Rs./Quintal,Metric Tonnes
Madhya Pradesh,Narsinghpur,Kareli APMC,buttery,Buttery,FAQ,2026-01-22,3800.0,4811.0,4150.0,8.450000000000001,Rs./Quintal,Metric Tonnes
Madhya Pradesh,Shivpuri,Karera APMC,Groundnut,Big (With Shell),Non-FAQ,2026-01-22,5950.0,6460.0,6250.0,16.145,Rs./Quintal,Metric Tonnes
Madhya Pradesh,Shivpuri,Karera APMC,Groundnut,Big (With Shell),FAQ,2026-01-22,5090.0,6000.0,6000.0,29.360000000000003,Rs./Quintal,Metric Tonnes
Madhya Pradesh,Shivpuri,Karera APMC,Wheat,Wheat,Non-FAQ,2026-01-22,2350.0,2500.0,2450.0,140.50300000000001,Rs./Quintal,Metric Tonnes
Madhya Pradesh,Shivpuri,Karera APMC,Wheat,Mill Quality,FAQ,2026-01-22,2320.0,2440.0,2440.0,45.18000000000001,Rs./Quintal,Metric Tonnes
Madhya Pradesh,Khargone,Karhi APMC,Cotton,Without Ginned Cotton,FAQ,2026-01-22,7100.0,7610.0,7250.0,54.475,Rs./Quintal,Metric Tonnes
Madhya Pradesh,Khargone,Karhi APMC,Kabuli Chana(Chickpeas-White),Dollar Gram,FAQ,2026-01-22,8100.0,8100.0,8100.0,0.49000000000000005,Rs./Quintal,Metric Tonnes
Madhya Pradesh,Khargone,Karhi APMC,Soyabean,Soyabeen,FAQ,2026-01-22,5405.0,5405.0,5405.0,0.34700000000000003,Rs./Quintal,Metric Tonnes
Madhya Pradesh,Khargone,Karhi APMC,Wheat,Wheat,FAQ,2026-01-22,2605.0,2615.0,2615.0,3.8100000000000005,Rs./Quintal,Metric Tonnes
Madhya Pradesh,Khargone,Kasrawad APMC,Wheat,Wheat,FAQ,2026-01-22,2375.0,2700.0,2650.0,114.23,Rs./Quintal,Metric Tonnes
Madhya Pradesh,Khargone,Kasrawad APMC,Wheat,Mill Quality,FAQ,2026-01-22,2650.0,2650.0,2650.0,2.4800000000000004,Rs./Quintal,Metric Tonnes
Madhya Pradesh,Katni,Katni APMC,Barley(Jau),Barley,Non-FAQ,2026-01-22,2400.0,2440.0,2440.0,1.262,Rs./Quintal,Metric Tonnes
Madhya Pradesh,Katni,Katni APMC,Behada,Behada,FAQ,2026-01-22,1500.0,1800.0,1600.0,25.0,Rs./Quintal,Metric Tonnes
Madhya Pradesh,Katni,Katni APMC,Bengal Gram(Gram)(Whole),Gram,Non-FAQ,2026-01-22,4100.0,5648.0,5515.0,169.38800000000003,Rs./Quintal,Metric Tonnes
Madhya Pradesh,Katni,Katni APMC,Bengal Gram(Gram)(Whole),Gram,FAQ,2026-01-22,5300.0,5300.0,5300.0,7.300000000000001,Rs./Quintal,Metric Tonnes
Madhya Pradesh,Katni,Katni APMC,Black Gram(Urd Beans)(Whole),Urda/Urd,FAQ,2026-01-22,6000.0,6000.0,6000.0,28.665,Rs./Quintal,Metric Tonnes
Madhya Pradesh,Katni,Katni APMC,Lentil(Masur)(Whole),Masur Dal,Non-FAQ,2026-01-22,4550.0,7120.0,5500.0,24.67,Rs./Quintal,Metric Tonnes
Madhya Pradesh,Katni,Katni APMC,Lentil(Masur)(Whole),Masur Dal,FAQ,2026-01-22,5273.31,5273.31,5273.31,70.111,Rs./Quintal,Metric Tonnes
Madhya Pradesh,Katni,Katni APMC,Maize,Local,Non-FAQ,2026-01-22,1580.0,1653.0,1653.0,0.7440000000000001,Rs./Quintal,Metric Tonnes
Madhya Pradesh,Katni,Katni APMC,Maize,Local,FAQ,2026-01-22,1550.0,1550.0,1550.0,19.0,Rs./Quintal,Metric Tonnes
Madhya Pradesh,Katni,Katni APMC,Mustard,Mustard,Non-FAQ,2026-01-22,5930.0,6390.0,6300.0,21.501,Rs./Quintal,Metric Tonnes
Madhya Pradesh,Katni,Katni APMC,Onion,Nasik,FAQ,2026-01-22,1625.02,1625.02,1625.02,25.175,Rs./Quintal,Metric Tonnes
Madhya Pradesh,Katni,Katni APMC,Paddy(Common),Dhan,Non-FAQ,2026-01-22,1300.0,2018.0,1900.0,58.54900000000001,Rs./Quintal,Metric Tonnes
Madhya Pradesh,Katni,Katni APMC,Potato,Potato,FAQ,2026-01-22,500.0,500.0,500.0,12.0,Rs./Quintal,Metric Tonnes
Madhya Pradesh,Katni,Katni APMC,Red gram/Arhar/Tur(whole),Arhar Dal(Tur),Non-FAQ,2026-01-22,3000.0,6931.0,6931.0,7.675000000000001,Rs./Quintal,Metric Tonnes
Madhya Pradesh,Katni,Katni APMC,Red gram/Arhar/Tur(whole),Arhar Dal(Tur),FAQ,2026-01-22,6026.71,7836.4,7650.0,564.576,Rs./Quintal,Metric Tonnes
Madhya Pradesh,Katni,Katni APMC,"Sesamum(Sesame,Gingelly,Til)",Sesame,Non-FAQ,2026-01-22,7025.0,8476.0,8476.0,0.326,Rs./Quintal,Metric Tonnes
Madhya Pradesh,Katni,Katni APMC,Turmeric,Turmeric,FAQ,2026-01-22,16700.4,16700.4,16700.4,0.756,Rs./Quintal,Metric Tonnes
Madhya Pradesh,Katni,Katni APMC,Wheat,Mill Quality,FAQ,2026-01-22,2425.0,2710.0,2710.0,79.268,Rs./Quintal,Metric Tonnes
Madhya Pradesh,Katni,Katni APMC,Wheat,Mill Quality,Non-FAQ,2026-01-22,2409.0,2450.0,2450.0,28.200000000000003,Rs./Quintal,Metric Tonnes
Madhya Pradesh,Katni,Katni APMC,Wheat,Wheat,FAQ,2026-01-22,2600.0,2600.0,2600.0,30.0,Rs./Quintal,Metric Tonnes
Madhya Pradesh,Katni,Katni APMC,Wheat,Wheat,Non-FAQ,2026-01-22,2260.0,2585.0,2515.0,299.858,Rs./Quintal,Metric Tonnes
Madhya Pradesh,Seoni,Keolari APMC,Maize,Yellow,FAQ,2026-01-22,1600.0,1600.0,1600.0,37.5,Rs./Quintal,Metric Tonnes
Madhya Pradesh,Seoni,Keolari APMC,Maize,Yellow,Non-FAQ,2026-01-22,1680.0,1680.0,1680.0,22.1,Rs./Quintal,Metric Tonnes
Madhya Pradesh,Seoni,Keolari APMC,Maize,Local,FAQ,2026-01-22,1600.0,1630.0,1625.0,52.900000000000006,Rs./Quintal,Metric Tonnes
Madhya Pradesh,Seoni,Keolari APMC,Wheat,Wheat,FAQ,2026-01-22,2400.0,2400.0,2400.0,9.0,Rs./Quintal,Metric Tonnes
Madhya Pradesh,Sagar,Kesli APMC,Maize,Local,FAQ,2026-01-22,1520.0,1570.0,1550.0,115.68,Rs./Quintal,Metric Tonnes
Madhya Pradesh,Sagar,Kesli APMC,Wheat,Wheat,FAQ,2026-01-22,2440.0,2460.0,2450.0,28.302,Rs./Quintal,Metric Tonnes
Madhya Pradesh,Ujjain,Khachrod APMC,Soyabean,Soyabeen,FAQ,2026-01-22,3920.0,5377.0,5271.0,33.186,Rs./Quintal,Metric Tonnes
Madhya Pradesh,Ujjain,Khachrod APMC,Wheat,Wheat,FAQ,2026-01-22,2472.0,2750.0,2690.0,5.883,Rs./Quintal,Metric Tonnes
Madhya Pradesh,Khandwa,Khandwa APMC,Bengal Gram(Gram)(Whole),Gram,FAQ,2026-01-22,4726.0,5290.0,4811.0,17.442,Rs./Quintal,Metric Tonnes
Madhya Pradesh,Khandwa,Khandwa APMC,Cotton,Without Ginned Cotton,FAQ,2026-01-22,6851.0,7951.0,7500.0,130.56,Rs./Quintal,Metric Tonnes
Madhya Pradesh,Khandwa,Khandwa APMC,Green Gram(Moong)(Whole),Green (Whole),FAQ,2026-01-22,4951.0,5600.0,5600.0,0.6070000000000001,Rs./Quintal,Metric Tonnes
Madhya Pradesh,Khandwa,Khandwa APMC,Maize,Local,FAQ,2026-01-22,1371.0,1691.0,1550.0,389.339,Rs./Quintal,Metric Tonnes
Madhya Pradesh,Khandwa,Khandwa APMC,Onion,Local,FAQ,2026-01-22,500.0,800.0,800.0,55.0,Rs./Quintal,Metric Tonnes
Madhya Pradesh,Khandwa,Khandwa APMC,Red gram/Arhar/Tur(whole),Arhar Dal(Tur),FAQ,2026-01-22,2973.0,7251.0,7251.0,32.355000000000004,Rs./Quintal,Metric Tonnes
Madhya Pradesh,Khandwa,Khandwa APMC,Soyabean,Soyabeen,FAQ,2026-01-22,5995.87,5995.87,5995.87,13.87,Rs./Quintal,Metric Tonnes
Madhya Pradesh,Khandwa,Khandwa APMC,Soyabean,Yellow,FAQ,2026-01-22,3000.0,6800.0,5200.0,122.28800000000001,Rs./Quintal,Metric Tonnes
Madhya Pradesh,Khandwa,Khandwa APMC,Wheat,Local,FAQ,2026-01-22,2444.0,2444.0,2444.0,0.7210000000000001,Rs./Quintal,Metric Tonnes
Madhya Pradesh,Khandwa,Khandwa APMC,Wheat,Mill Quality,FAQ,2026-01-22,2334.0,2652.0,2641.0,122.25200000000001,Rs./Quintal,Metric Tonnes
Madhya Pradesh,Tikamgarh,Khargapur APMC,Black Gram(Urd Beans)(Whole),Urda/Urd,FAQ,2026-01-22,6500.0,7511.0,7300.0,10.600000000000001,Rs./Quintal,Metric Tonnes
Madhya Pradesh,Tikamgarh,Khargapur APMC,Groundnut,Big (With Shell),FAQ,2026-01-22,6000.0,6305.0,6200.0,26.230000000000004,Rs./Quintal,Metric Tonnes
Madhya Pradesh,Tikamgarh,Khargapur APMC,Groundnut,Groundnut seed,FAQ,2026-01-22,7000.0,7100.0,7100.0,2.9000000000000004,Rs./Quintal,Metric Tonnes
Madhya Pradesh,Tikamgarh,Khargapur APMC,Mustard,Mustard,FAQ,2026-01-22,5900.0,6200.0,6200.0,2.3000000000000003,Rs./Quintal,Metric Tonnes
Madhya Pradesh,Tikamgarh,Khargapur APMC,Soyabean,Soyabeen,FAQ,2026-01-22,4800.0,5099.0,4850.0,1.05,Rs./Quintal,Metric Tonnes
Madhya Pradesh,Tikamgarh,Khargapur APMC,Wheat,Wheat,FAQ,2026-01-22,2475.0,2475.0,2475.0,4.0,Rs./Quintal,Metric Tonnes
Madhya Pradesh,Tikamgarh,Khargapur APMC,Wheat,Mill Quality,FAQ,2026-01-22,2450.0,2525.0,2500.0,77.65,Rs./Quintal,Metric Tonnes
Madhya Pradesh,Khargone,Khargone APMC,Bengal Gram(Gram)(Whole),Gram,Non-FAQ,2026-01-22,4400.0,4400.0,4400.0,1.52,Rs./Quintal,Metric Tonnes
Madhya Pradesh,Khargone,Khargone APMC,Bengal Gram(Gram)(Whole),Gram,FAQ,2026-01-22,5211.0,5404.0,5404.0,18.84,Rs./Quintal,Metric Tonnes
Madhya Pradesh,Khargone,Khargone APMC,Cotton,Without Ginned Cotton,FAQ,2026-01-22,5695.0,8035.0,7600.0,246.82,Rs./Quintal,Metric Tonnes
Madhya Pradesh,Khargone,Khargone APMC,Maize,Local,Non-FAQ,2026-01-22,1400.0,1581.0,1581.0,21.735,Rs./Quintal,Metric Tonnes
Madhya Pradesh,Khargone,Khargone APMC,Maize,Local,FAQ,2026-01-22,1118.0,1735.0,1611.0,548.328,Rs./Quintal,Metric Tonnes
Madhya Pradesh,Khargone,Khargone APMC,Red gram/Arhar/Tur(whole),Arhar Dal(Tur),FAQ,2026-01-22,3100.0,7560.0,6600.0,244.60900000000004,Rs./Quintal,Metric Tonnes
Madhya Pradesh,Khargone,Khargone APMC,Soyabean,Soyabeen,FAQ,2026-01-22,4200.0,5455.0,5277.0,75.986,Rs./Quintal,Metric Tonnes
Madhya Pradesh,Khargone,Khargone APMC,Wheat,Wheat,Non-FAQ,2026-01-22,2575.0,2696.0,2696.0,18.535,Rs./Quintal,Metric Tonnes
Madhya Pradesh,Khargone,Khargone APMC,Wheat,Wheat,FAQ,2026-01-22,2300.0,2688.0,2600.0,89.953,Rs./Quintal,Metric Tonnes
Madhya Pradesh,Dewas,Khategaon APMC,Bengal Gram(Gram)(Whole),Gram,FAQ,2026-01-22,4875.0,5240.0,5240.0,21.12,Rs./Quintal,Metric Tonnes
Madhya Pradesh,Dewas,Khategaon APMC,Green Gram(Moong)(Whole),Green (Whole),FAQ,2026-01-22,1361.0,6500.0,6500.0,0.7240000000000001,Rs./Quintal,Metric Tonnes
Madhya Pradesh,Dewas,Khategaon APMC,Kabuli Chana(Chickpeas-White),Russian,FAQ,2026-01-22,4545.0,4545.0,4545.0,1.092,Rs./Quintal,Metric Tonnes
Madhya Pradesh,Dewas,Khategaon APMC,Kabuli Chana(Chickpeas-White),Dollar Gram,FAQ,2026-01-22,2545.0,8200.0,7800.0,23.885,Rs./Quintal,Metric Tonnes
Madhya Pradesh,Dewas,Khategaon APMC,Maize,Local,FAQ,2026-01-22,711.0,1650.0,1600.0,979.743,Rs./Quintal,Metric Tonnes
Madhya Pradesh,Dewas,Khategaon APMC,Red gram/Arhar/Tur(whole),Arhar Dal(Tur),FAQ,2026-01-22,5272.0,6300.0,6300.0,1.417,Rs./Quintal,Metric Tonnes
Madhya Pradesh,Dewas,Khategaon APMC,Soyabean,Soyabeen,FAQ,2026-01-22,3700.0,5272.0,5000.0,54.983000000000004,Rs./Quintal,Metric Tonnes
Madhya Pradesh,Dewas,Khategaon APMC,Wheat,Wheat,FAQ,2026-01-22,2448.0,2582.0,2487.0,118.04400000000001,Rs./Quintal,Metric Tonnes
Madhya Pradesh,Shivpuri,Khatora APMC,Maize,Local,FAQ,2026-01-22,1405.0,1430.0,1430.0,33.6,Rs./Quintal,Metric Tonnes
Madhya Pradesh,Shivpuri,Khatora APMC,Maize,Local,Non-FAQ,2026-01-22,1251.0,1636.0,1540.0,103.64600000000002,Rs./Quintal,Metric Tonnes
Madhya Pradesh,Shivpuri,Khatora APMC,Wheat,Wheat,FAQ,2026-01-22,2200.0,2230.0,2230.0,8.0,Rs./Quintal,Metric Tonnes
Madhya Pradesh,Badwani,Khetia APMC,Cotton,Without Ginned Cotton,FAQ,2026-01-22,7000.0,9000.0,7800.0,222.42,Rs./Quintal,Metric Tonnes
Madhya Pradesh,Badwani,Khetia APMC,Maize,Yellow,FAQ,2026-01-22,1550.0,1690.0,1645.0,30.635000000000005,Rs./Quintal,Metric Tonnes
Madhya Pradesh,Badwani,Khetia APMC,Red gram/Arhar/Tur(whole),Arhar Dal(Tur),FAQ,2026-01-22,6615.0,6615.0,6615.0,1.2550000000000001,Rs./Quintal,Metric Tonnes
Madhya Pradesh,Badwani,Khetia APMC,Soyabean,Soyabeen,FAQ,2026-01-22,5125.0,5180.0,5180.0,1.4500000000000002,Rs./Quintal,Metric Tonnes
Madhya Pradesh,Badwani,Khetia APMC,Wheat,Wheat,FAQ,2026-01-22,2175.0,2175.0,2175.0,25.085,Rs./Quintal,Metric Tonnes
Madhya Pradesh,Rajgarh,Khilchipur APMC,Lentil(Masur)(Whole),Masur Dal,FAQ,2026-01-22,5510.0,5510.0,5510.0,0.043000000000000003,Rs./Quintal,Metric Tonnes
Madhya Pradesh,Rajgarh,Khilchipur APMC,Maize,Local,FAQ,2026-01-22,1555.0,1760.0,1688.0,45.84,Rs./Quintal,Metric Tonnes
Madhya Pradesh,Rajgarh,Khilchipur APMC,Soyabean,Soyabeen,FAQ,2026-01-22,4800.0,5290.0,4875.0,13.883000000000003,Rs./Quintal,Metric Tonnes
Madhya Pradesh,Rajgarh,Khilchipur APMC,Wheat,Mill Quality,FAQ,2026-01-22,2464.0,2548.0,2533.0,49.732,Rs./Quintal,Metric Tonnes
Madhya Pradesh,Harda,Khirakiya APMC,Bengal Gram(Gram)(Whole),Gram,Non-FAQ,2026-01-22,4800.0,4801.0,4801.0,0.273,Rs./Quintal,Metric Tonnes
Madhya Pradesh,Harda,Khirakiya APMC,Bengal Gram(Gram)(Whole),Desi (F.A.Q. Split),Non-FAQ,2026-01-22,3901.0,5100.0,4800.0,5.157,Rs./Quintal,Metric Tonnes
Madhya Pradesh,Harda,Khirakiya APMC,Green Gram(Moong)(Whole),Green (Whole),Non-FAQ,2026-01-22,3000.0,6000.0,6000.0,0.9510000000000001,Rs./Quintal,Metric Tonnes
Madhya Pradesh,Harda,Khirakiya APMC,Maize,Local,Non-FAQ,2026-01-22,1140.0,1659.0,1560.0,561.177,Rs./Quintal,Metric Tonnes
Madhya Pradesh,Harda,Khirakiya APMC,Red gram/Arhar/Tur(whole),Arhar Dal(Tur),Non-FAQ,2026-01-22,4330.0,6530.0,6530.0,4.674,Rs./Quintal,Metric Tonnes
Madhya Pradesh,Harda,Khirakiya APMC,Soyabean,Yellow,FAQ,2026-01-22,4551.0,5421.0,5200.0,47.175000000000004,Rs./Quintal,Metric Tonnes
Madhya Pradesh,Harda,Khirakiya APMC,Soyabean,Soyabeen,Non-FAQ,2026-01-22,3202.0,5321.0,5302.0,29.113,Rs./Quintal,Metric Tonnes
Madhya Pradesh,Harda,Khirakiya APMC,Soyabean,Black,FAQ,2026-01-22,5134.0,5134.0,5134.0,1.75,Rs./Quintal,Metric Tonnes
Madhya Pradesh,Harda,Khirakiya APMC,Soyabean,Yellow,Non-FAQ,2026-01-22,3201.0,5412.0,5412.0,3.184,Rs./Quintal,Metric Tonnes
Madhya Pradesh,Harda,Khirakiya APMC,Wheat,Mill Quality,Non-FAQ,2026-01-22,2300.0,2578.0,2500.0,83.738,Rs./Quintal,Metric Tonnes
Madhya Pradesh,Rajgarh,Khujner APMC,Lentil(Masur)(Whole),Masur Dal,FAQ,2026-01-22,5715.0,6185.0,6185.0,0.288,Rs./Quintal,Metric Tonnes
Madhya Pradesh,Rajgarh,Khujner APMC,Soyabean,Soyabeen,FAQ,2026-01-22,4375.0,5345.0,5195.0,29.298000000000002,Rs./Quintal,Metric Tonnes
Madhya Pradesh,Rajgarh,Khujner APMC,Wheat,Wheat,FAQ,2026-01-22,2426.0,2581.0,2569.0,72.4,Rs./Quintal,Metric Tonnes
Madhya Pradesh,Sagar,Khurai APMC,Bengal Gram(Gram)(Whole),Gram,FAQ,2026-01-22,4750.0,5651.0,5401.0,46.184,Rs./Quintal,Metric Tonnes
Madhya Pradesh,Sagar,Khurai APMC,Black Gram(Urd Beans)(Whole),Urda/Urd,FAQ,2026-01-22,5880.0,7500.0,7500.0,0.8480000000000001,Rs./Quintal,Metric Tonnes
Madhya Pradesh,Sagar,Khurai APMC,Green Peas,Pea,FAQ,2026-01-22,3280.0,3781.0,3781.0,2.1170000000000004,Rs./Quintal,Metric Tonnes
Madhya Pradesh,Sagar,Khurai APMC,Lak(Teora),Tiwada,FAQ,2026-01-22,3110.0,3492.0,3492.0,3.9850000000000003,Rs./Quintal,Metric Tonnes
Madhya Pradesh,Sagar,Khurai APMC,Lentil(Masur)(Whole),Masur Dal,FAQ,2026-01-22,5600.0,6015.0,6015.0,2.4290000000000003,Rs./Quintal,Metric Tonnes
Madhya Pradesh,Sagar,Khurai APMC,Maize,Local,FAQ,2026-01-22,1501.0,1530.0,1501.0,7.706,Rs./Quintal,Metric Tonnes
Madhya Pradesh,Sagar,Khurai APMC,Mustard,Mustard,FAQ,2026-01-22,4700.0,7010.0,7010.0,0.142,Rs./Quintal,Metric Tonnes
Madhya Pradesh,Sagar,Khurai APMC,Soyabean,Soyabeen,FAQ,2026-01-22,4610.0,5302.0,5261.0,10.955,Rs./Quintal,Metric Tonnes
Madhya Pradesh,Sagar,Khurai APMC,Wheat,Wheat,FAQ,2026-01-22,2400.0,3180.0,2500.0,105.44900000000001,Rs./Quintal,Metric Tonnes
Madhya Pradesh,Sagar,Khurai APMC,Wheat,Wheat Mix,FAQ,2026-01-22,2595.0,2595.0,2595.0,0.35200000000000004,Rs./Quintal,Metric Tonnes
Madhya Pradesh,Shivpuri,Kolaras APMC,Bengal Gram(Gram)(Whole),Gram,FAQ,2026-01-22,4900.0,4900.0,4900.0,0.282,Rs./Quintal,Metric Tonnes
Madhya Pradesh,Shivpuri,Kolaras APMC,Bengal Gram(Gram)(Whole),Gram,Non-FAQ,2026-01-22,4700.0,5415.0,5370.0,14.779,Rs./Quintal,Metric Tonnes
Madhya Pradesh,Shivpuri,Kolaras APMC,Black Gram(Urd Beans)(Whole),Urda/Urd,FAQ,2026-01-22,6905.0,6905.0,6905.0,0.147,Rs./Quintal,Metric Tonnes
Madhya Pradesh,Shivpuri,Kolaras APMC,Black Gram(Urd Beans)(Whole),Urda/Urd,Non-FAQ,2026-01-22,5500.0,6650.0,6650.0,1.6420000000000003,Rs./Quintal,Metric Tonnes
Madhya Pradesh,Shivpuri,Kolaras APMC,Groundnut,Big (With Shell),FAQ,2026-01-22,6400.0,6400.0,6400.0,0.07700000000000001,Rs./Quintal,Metric Tonnes
Madhya Pradesh,Shivpuri,Kolaras APMC,Groundnut,Big (With Shell),Non-FAQ,2026-01-22,6205.0,6400.0,6400.0,3.855,Rs./Quintal,Metric Tonnes
Madhya Pradesh,Shivpuri,Kolaras APMC,Lentil(Masur)(Whole),Masur Dal,Non-FAQ,2026-01-22,4000.0,4000.0,4000.0,0.06,Rs./Quintal,Metric Tonnes
Madhya Pradesh,Shivpuri,Kolaras APMC,Lentil(Masur)(Whole),Masur Dal,FAQ,2026-01-22,5810.0,5810.0,5810.0,1.079,Rs./Quintal,Metric Tonnes
Madhya Pradesh,Shivpuri,Kolaras APMC,Maize,Local,Non-FAQ,2026-01-22,1200.0,1795.0,1630.0,944.7570000000001,Rs./Quintal,Metric Tonnes
Madhya Pradesh,Shivpuri,Kolaras APMC,Maize,Local,FAQ,2026-01-22,1350.0,1350.0,1350.0,0.098,Rs./Quintal,Metric Tonnes
Madhya Pradesh,Shivpuri,Kolaras APMC,Mustard,Mustard,Non-FAQ,2026-01-22,5315.0,6755.0,5700.0,31.882,Rs./Quintal,Metric Tonnes
Madhya Pradesh,Shivpuri,Kolaras APMC,Mustard,Mustard,FAQ,2026-01-22,5800.0,6800.0,6680.0,42.714,Rs./Quintal,Metric Tonnes
Madhya Pradesh,Shivpuri,Kolaras APMC,Soyabean,Soyabeen,FAQ,2026-01-22,4435.0,5235.0,5135.0,28.205000000000002,Rs./Quintal,Metric Tonnes
Madhya Pradesh,Shivpuri,Kolaras APMC,Soyabean,Soyabeen,Non-FAQ,2026-01-22,4405.0,5115.0,5115.0,0.9369999999999999,Rs./Quintal,Metric Tonnes
Madhya Pradesh,Shivpuri,Kolaras APMC,Wheat,Wheat,Non-FAQ,2026-01-22,2415.0,2495.0,2495.0,4.639,Rs./Quintal,Metric Tonnes
Madhya Pradesh,Shivpuri,Kolaras APMC,Wheat,Wheat,FAQ,2026-01-22,2400.0,2510.0,2495.0,5.511,Rs./Quintal,Metric Tonnes
Madhya Pradesh,Mandla,Krishi Upaj Mandi Samiti Bichhiya,Kodo Millet(Varagu),Kondo,FAQ,2026-01-22,2550.0,2575.0,2575.0,13.564,Rs./Quintal,Metric Tonnes
Madhya Pradesh,Mandla,Krishi Upaj Mandi Samiti Bichhiya,Kutki,Kutki,FAQ,2026-01-22,4200.0,4300.0,4300.0,13.755000000000003,Rs./Quintal,Metric Tonnes
Madhya Pradesh,Mandla,Krishi Upaj Mandi Samiti Bichhiya,Maize,Local,Non-FAQ,2026-01-22,1680.0,1700.0,1700.0,10.095,Rs./Quintal,Metric Tonnes
Madhya Pradesh,Mandla,Krishi Upaj Mandi Samiti Bichhiya,Mustard,Mustard,FAQ,2026-01-22,6100.0,6100.0,6100.0,3.02,Rs./Quintal,Metric Tonnes
Madhya Pradesh,Mandla,Krishi Upaj Mandi Samiti Bichhiya,Paddy(Common),Dhan,FAQ,2026-01-22,2050.0,2080.0,2070.0,38.111000000000004,Rs./Quintal,Metric Tonnes
Madhya Pradesh,Mandla,Krishi Upaj Mandi Samiti Bichhiya,Paddy(Common),Dhan,Non-FAQ,2026-01-22,2075.0,2100.0,2100.0,16.130000000000003,Rs./Quintal,Metric Tonnes
Madhya Pradesh,Mandla,Krishi Upaj Mandi Samiti Bichhiya,Rayee,Raee,FAQ,2026-01-22,6050.0,6050.0,6050.0,2.5100000000000002,Rs./Quintal,Metric Tonnes
Madhya Pradesh,Mandla,Krishi Upaj Mandi Samiti Bichhiya,Wheat,Mill Quality,FAQ,2026-01-22,2450.0,2450.0,2450.0,4.0200000000000005,Rs./Quintal,Metric Tonnes
Madhya Pradesh,Dhar,Kukshi APMC,Cotton,Without Ginned Cotton,Non-FAQ,2026-01-22,5900.0,5900.0,5900.0,0.675,Rs./Quintal,Metric Tonnes
Madhya Pradesh,Dhar,Kukshi APMC,Cotton,Without Ginned Cotton,FAQ,2026-01-22,6000.0,7720.0,7500.0,243.56900000000002,Rs./Quintal,Metric Tonnes
Madhya Pradesh,Dhar,Kukshi APMC,Cotton,Medium Fiber,FAQ,2026-01-22,6980.0,6990.0,6990.0,4.420000000000001,Rs./Quintal,Metric Tonnes
Madhya Pradesh,Dhar,Kukshi APMC,Maize,Local,FAQ,2026-01-22,1300.0,1700.0,1550.0,146.19500000000002,Rs./Quintal,Metric Tonnes
Madhya Pradesh,Dhar,Kukshi APMC,Maize,Deshi White,Non-FAQ,2026-01-22,1640.0,1640.0,1640.0,1.9350000000000003,Rs./Quintal,Metric Tonnes
Madhya Pradesh,Dhar,Kukshi APMC,Maize,Local,Non-FAQ,2026-01-22,1495.0,1650.0,1650.0,16.435,Rs./Quintal,Metric Tonnes
Madhya Pradesh,Dhar,Kukshi APMC,Wheat,Wheat,FAQ,2026-01-22,2515.0,2700.0,2700.0,27.805000000000003,Rs./Quintal,Metric Tonnes
Madhya Pradesh,Dhar,Kukshi APMC,Wheat,Wheat,Non-FAQ,2026-01-22,2455.0,2458.0,2458.0,7.075,Rs./Quintal,Metric Tonnes
Madhya Pradesh,Guna,Kumbhraj APMC,Coriander(Leaves),Coriander,FAQ,2026-01-22,9675.0,9850.0,9850.0,2.0300000000000002,Rs./Bundle,Bundle
Madhya Pradesh,Guna,Kumbhraj APMC,Maize,Local,Non-FAQ,2026-01-22,1620.0,1620.0,1620.0,1.4050000000000002,Rs./Quintal,Metric Tonnes
Madhya Pradesh,Guna,Kumbhraj APMC,Maize,Local,FAQ,2026-01-22,1310.0,1665.0,1535.0,448.13800000000003,Rs./Quintal,Metric Tonnes
Madhya Pradesh,Guna,Kumbhraj APMC,Soyabean,Soyabeen,FAQ,2026-01-22,4525.0,5020.0,5020.0,4.455,Rs./Quintal,Metric Tonnes
Madhya Pradesh,Guna,Kumbhraj APMC,Wheat,Mill Quality,FAQ,2026-01-22,2415.0,2425.0,2425.0,7.46,Rs./Quintal,Metric Tonnes
Madhya Pradesh,Guna,Kumbhraj APMC,Wheat,Wheat,Non-FAQ,2026-01-22,2520.0,2530.0,2530.0,0.392,Rs./Quintal,Metric Tonnes
Madhya Pradesh,Guna,Kumbhraj APMC,Wheat,Wheat,FAQ,2026-01-22,2530.0,2605.0,2560.0,2.8920000000000003,Rs./Quintal,Metric Tonnes
Madhya Pradesh,Vidisha,Kurwai APMC,Bengal Gram(Gram)(Whole),Gram,Non-FAQ,2026-01-22,5025.0,5050.0,5050.0,9.89,Rs./Quintal,Metric Tonnes
Madhya Pradesh,Bhind,Lahar APMC,Bajra(Pearl Millet/Cumbu),Millet,FAQ,2026-01-22,1850.0,1925.0,1925.0,24.3,Rs./Quintal,Metric Tonnes
Madhya Pradesh,Bhind,Lahar APMC,Bajra(Pearl Millet/Cumbu),Millet,Non-FAQ,2026-01-22,1850.0,1850.0,1850.0,7.0,Rs./Quintal,Metric Tonnes
Madhya Pradesh,Bhind,Lahar APMC,Bengal Gram(Gram)(Whole),Gram,FAQ,2026-01-22,5175.0,5175.0,5175.0,0.2,Rs./Quintal,Metric Tonnes
Madhya Pradesh,Bhind,Lahar APMC,Mustard,Mustard,FAQ,2026-01-22,6442.0,6645.0,6645.0,5.2,Rs./Quintal,Metric Tonnes
Madhya Pradesh,Bhind,Lahar APMC,"Sesamum(Sesame,Gingelly,Til)",Sesame,FAQ,2026-01-22,8500.0,8500.0,8500.0,0.2,Rs./Quintal,Metric Tonnes
Madhya Pradesh,Bhind,Lahar APMC,Wheat,Local,FAQ,2026-01-22,2460.0,2535.0,2535.0,7.2,Rs./Quintal,Metric Tonnes
Madhya Pradesh,Bhind,Lahar APMC,Wheat,Wheat,FAQ,2026-01-22,2476.0,2528.0,2510.0,159.8,Rs./Quintal,Metric Tonnes
Madhya Pradesh,Seoni,Lakhnadon APMC,Maize,Local,FAQ,2026-01-22,1450.0,1700.0,1700.0,98.0,Rs./Quintal,Metric Tonnes
Madhya Pradesh,Seoni,Lakhnadon APMC,Maize,Yellow,FAQ,2026-01-22,1500.0,1590.0,1505.0,130.1,Rs./Quintal,Metric Tonnes
Madhya Pradesh,Seoni,Lakhnadon APMC,Maize,Local,Non-FAQ,2026-01-22,1401.0,1620.0,1550.0,198.49,Rs./Quintal,Metric Tonnes
Madhya Pradesh,Seoni,Lakhnadon APMC,Maize,Yellow,Non-FAQ,2026-01-22,1401.0,1500.0,1500.0,31.8,Rs./Quintal,Metric Tonnes
Madhya Pradesh,Seoni,Lakhnadon APMC,Wheat,Mill Quality,FAQ,2026-01-22,2500.0,2500.0,2500.0,7.9,Rs./Quintal,Metric Tonnes
Madhya Pradesh,Gwalior,Lashkar APMC,Green Peas,Pea,FAQ,2026-01-22,3725.0,3725.0,3725.0,0.9,Rs./Quintal,Metric Tonnes
Madhya Pradesh,Gwalior,Lashkar APMC,Mustard,Mustard,FAQ,2026-01-22,6490.0,7070.0,6500.0,86.36500000000001,Rs./Quintal,Metric Tonnes
Madhya Pradesh,Gwalior,Lashkar APMC,Mustard,Mustard,Non-FAQ,2026-01-22,6645.0,6700.0,6700.0,1.56,Rs./Quintal,Metric Tonnes
Madhya Pradesh,Gwalior,Lashkar APMC,Onion,Onion,FAQ,2026-01-22,1500.0,1500.0,1500.0,12.5,Rs./Quintal,Metric Tonnes
Madhya Pradesh,Gwalior,Lashkar APMC,Paddy(Common),Dhan,FAQ,2026-01-22,3090.0,3500.0,3320.0,47.5,Rs./Quintal,Metric Tonnes
Madhya Pradesh,Gwalior,Lashkar APMC,Paddy(Common),Dhan,Non-FAQ,2026-01-22,2275.0,2275.0,2275.0,1.1500000000000001,Rs./Quintal,Metric Tonnes
Madhya Pradesh,Gwalior,Lashkar APMC,Wheat,Wheat,Non-FAQ,2026-01-22,2575.0,2575.0,2575.0,0.9,Rs./Quintal,Metric Tonnes
Madhya Pradesh,Gwalior,Lashkar APMC,Wheat,Wheat,FAQ,2026-01-22,2510.0,2545.0,2535.0,22.78,Rs./Quintal,Metric Tonnes
Madhya Pradesh,Vidisha,Lateri APMC,Maize,Local,FAQ,2026-01-22,1450.0,1705.0,1565.0,703.058,Rs./Quintal,Metric Tonnes
Madhya Pradesh,Vidisha,Lateri APMC,Wheat,Wheat,Non-FAQ,2026-01-22,2455.0,2455.0,2455.0,2.1,Rs./Quintal,Metric Tonnes
Madhya Pradesh,Chhatarpur,LavKush Nagar(Laundi) APMC,Bengal Gram(Gram)(Whole),Desi (F.A.Q. Split),FAQ,2026-01-22,5150.0,5210.0,5210.0,6.7,Rs./Quintal,Metric Tonnes
Madhya Pradesh,Chhatarpur,LavKush Nagar(Laundi) APMC,Green Peas,Pea,FAQ,2026-01-22,3410.0,3600.0,3550.0,44.6,Rs./Quintal,Metric Tonnes
Madhya Pradesh,Chhatarpur,LavKush Nagar(Laundi) APMC,Mustard,Mustard,FAQ,2026-01-22,6200.0,6200.0,6200.0,1.4000000000000001,Rs./Quintal,Metric Tonnes
Madhya Pradesh,Chhatarpur,LavKush Nagar(Laundi) APMC,Red gram/Arhar/Tur(whole),Arhar Dal(Tur),FAQ,2026-01-22,5500.0,5500.0,5500.0,0.5,Rs./Quintal,Metric Tonnes
Madhya Pradesh,Chhatarpur,LavKush Nagar(Laundi) APMC,"Sesamum(Sesame,Gingelly,Til)",White,FAQ,2026-01-22,7995.0,8100.0,8000.0,11.700000000000001,Rs./Quintal,Metric Tonnes
Madhya Pradesh,Chhatarpur,LavKush Nagar(Laundi) APMC,Wheat,Mill Quality,FAQ,2026-01-22,2400.0,2480.0,2450.0,27.5,Rs./Quintal,Metric Tonnes
Madhya Pradesh,Chhatarpur,LavKush Nagar(Laundi) APMC,Wheat,Mill Quality,Non-FAQ,2026-01-22,2400.0,2400.0,2400.0,4.0,Rs./Quintal,Metric Tonnes
Madhya Pradesh,Dewas,Loharda APMC,Bengal Gram(Gram)(Whole),Gram,FAQ,2026-01-22,4780.0,5287.0,5287.0,23.085,Rs./Quintal,Metric Tonnes
Madhya Pradesh,Dewas,Loharda APMC,Black Gram(Urd Beans)(Whole),Urda/Urd,FAQ,2026-01-22,8020.0,8230.0,8230.0,5.8100000000000005,Rs./Quintal,Metric Tonnes
Madhya Pradesh,Dewas,Loharda APMC,Maize,Local,FAQ,2026-01-22,1400.0,1657.0,1550.0,303.911,Rs./Quintal,Metric Tonnes
Madhya Pradesh,Dewas,Loharda APMC,Red gram/Arhar/Tur(whole),Arhar Dal(Tur),FAQ,2026-01-22,6300.0,6750.0,6750.0,3.1620000000000004,Rs./Quintal,Metric Tonnes
Madhya Pradesh,Dewas,Loharda APMC,Wheat,Wheat,FAQ,2026-01-22,2444.0,2717.0,2685.0,75.553,Rs./Quintal,Metric Tonnes
Madhya Pradesh,Rajgarh,Machalpur APMC,Coriander(Leaves),Coriander,FAQ,2026-01-22,8975.0,9650.0,9550.0,3.362,Rs./Bundle,Bundle
Madhya Pradesh,Rajgarh,Machalpur APMC,Soyabean,Soyabeen,FAQ,2026-01-22,5060.0,5060.0,5060.0,0.671,Rs./Quintal,Metric Tonnes
Madhya Pradesh,Shivpuri,Magroni APMC,Groundnut,Big (With Shell),FAQ,2026-01-22,5690.0,7100.0,6580.0,12.0,Rs./Quintal,Metric Tonnes
Madhya Pradesh,Shivpuri,Magroni APMC,Paddy(Common),Paddy,FAQ,2026-01-22,1400.0,3741.0,3660.0,334.90000000000003,Rs./Quintal,Metric Tonnes
Madhya Pradesh,Shivpuri,Magroni APMC,Wheat,Wheat,FAQ,2026-01-22,2430.0,2540.0,2500.0,124.0,Rs./Quintal,Metric Tonnes
Madhya Pradesh,Shivpuri,Magroni APMC,Wheat,Lokwan,FAQ,2026-01-22,2484.0,2484.0,2484.0,4.0,Rs./Quintal,Metric Tonnes
Madhya Pradesh,Shivpuri,Magroni APMC,Wheat,Wheat,Non-FAQ,2026-01-22,2498.0,2510.0,2510.0,10.0,Rs./Quintal,Metric Tonnes
Madhya Pradesh,Ujjain,Mahidpur APMC,Soyabean,Soyabeen,Non-FAQ,2026-01-22,715.0,4750.0,4750.0,6.846,Rs./Quintal,Metric Tonnes
Madhya Pradesh,Ujjain,Mahidpur APMC,Soyabean,Soyabeen,FAQ,2026-01-22,3399.0,6201.0,5500.0,77.765,Rs./Quintal,Metric Tonnes
Madhya Pradesh,Ujjain,Mahidpur APMC,Wheat,Wheat,Non-FAQ,2026-01-22,2054.0,2296.0,2286.0,13.781,Rs./Quintal,Metric Tonnes
Madhya Pradesh,Ujjain,Mahidpur APMC,Wheat,Wheat,FAQ,2026-01-22,2303.0,2743.0,2357.0,44.877,Rs./Quintal,Metric Tonnes
Madhya Pradesh,Guna,Maksudangarh APMC,Maize,Local,Non-FAQ,2026-01-22,1534.0,1724.0,1596.0,175.28900000000002,Rs./Quintal,Metric Tonnes
Madhya Pradesh,Guna,Maksudangarh APMC,Maize,Local,FAQ,2026-01-22,1331.0,1680.0,1631.0,201.332,Rs./Quintal,Metric Tonnes
Madhya Pradesh,Guna,Maksudangarh APMC,Soyabean,Soyabeen,FAQ,2026-01-22,5070.0,5505.0,5505.0,8.898000000000001,Rs./Quintal,Metric Tonnes
Madhya Pradesh,Guna,Maksudangarh APMC,Soyabean,Soyabeen,Non-FAQ,2026-01-22,5000.0,5000.0,5000.0,0.132,Rs./Quintal,Metric Tonnes
Madhya Pradesh,Guna,Maksudangarh APMC,Wheat,Wheat,Non-FAQ,2026-01-22,2464.0,2486.0,2476.0,4.2860000000000005,Rs./Quintal,Metric Tonnes
Madhya Pradesh,Guna,Maksudangarh APMC,Wheat,Wheat,FAQ,2026-01-22,2400.0,2741.0,2521.0,202.014,Rs./Quintal,Metric Tonnes
Madhya Pradesh,Neemuch,Manasa APMC,Bengal Gram(Gram)(Whole),Gram,FAQ,2026-01-22,4501.0,5252.0,4801.0,3.326,Rs./Quintal,Metric Tonnes
Madhya Pradesh,Neemuch,Manasa APMC,Bengal Gram(Gram)(Whole),Gram,Non-FAQ,2026-01-22,4500.0,5252.0,4900.0,4.101,Rs./Quintal,Metric Tonnes
Madhya Pradesh,Neemuch,Manasa APMC,Black Gram(Urd Beans)(Whole),Urda/Urd,Non-FAQ,2026-01-22,2300.0,7101.0,7101.0,2.5500000000000003,Rs./Quintal,Metric Tonnes
Madhya Pradesh,Neemuch,Manasa APMC,Coriander(Leaves),Coriander,FAQ,2026-01-22,8661.0,9205.0,9205.0,2.786,Rs./Bundle,Bundle
Madhya Pradesh,Neemuch,Manasa APMC,Lentil(Masur)(Whole),Masur Dal,FAQ,2026-01-22,5800.0,5801.0,5801.0,0.168,Rs./Quintal,Metric Tonnes
Madhya Pradesh,Neemuch,Manasa APMC,Linseed,Flaxseed,FAQ,2026-01-22,7401.0,7781.0,7781.0,1.167,Rs./Quintal,Metric Tonnes
Madhya Pradesh,Neemuch,Manasa APMC,Maize,Local,FAQ,2026-01-22,1510.0,1667.0,1635.0,41.92400000000001,Rs./Quintal,Metric Tonnes
Madhya Pradesh,Neemuch,Manasa APMC,Maize,Local,Non-FAQ,2026-01-22,1493.0,1546.0,1546.0,5.168,Rs./Quintal,Metric Tonnes
Madhya Pradesh,Neemuch,Manasa APMC,Methi Seeds,Methiseeds,FAQ,2026-01-22,4800.0,5690.0,5690.0,4.175,Rs./Quintal,Metric Tonnes
Madhya Pradesh,Neemuch,Manasa APMC,Mustard,Mustard,FAQ,2026-01-22,5000.0,6340.0,5900.0,4.016,Rs./Quintal,Metric Tonnes
Madhya Pradesh,Neemuch,Manasa APMC,Onion,Onion,Non-FAQ,2026-01-22,150.0,1600.0,800.0,25.051000000000002,Rs./Quintal,Metric Tonnes
Madhya Pradesh,Neemuch,Manasa APMC,Soyabean,Soyabeen,FAQ,2026-01-22,3400.0,5425.0,5400.0,77.7,Rs./Quintal,Metric Tonnes
Madhya Pradesh,Neemuch,Manasa APMC,Wheat,Wheat,Non-FAQ,2026-01-22,2375.0,2650.0,2580.0,56.511,Rs./Quintal,Metric Tonnes
Madhya Pradesh,Neemuch,Manasa APMC,Wheat,Wheat,FAQ,2026-01-22,2000.0,2673.0,2600.0,65.353,Rs./Quintal,Metric Tonnes
Madhya Pradesh,Dhar,Manawar APMC,Kabuli Chana(Chickpeas-White),Dollar Gram,FAQ,2026-01-22,7405.0,7405.0,7405.0,9.041,Rs./Quintal,Metric Tonnes
Madhya Pradesh,Dhar,Manawar APMC,Maize,Local,Non-FAQ,2026-01-22,1450.0,1810.0,1810.0,23.683000000000003,Rs./Quintal,Metric Tonnes
Madhya Pradesh,Dhar,Manawar APMC,Maize,Local,FAQ,2026-01-22,1500.0,1845.0,1600.0,294.645,Rs./Quintal,Metric Tonnes
Madhya Pradesh,Dhar,Manawar APMC,Soyabean,Soyabeen,FAQ,2026-01-22,5030.0,5030.0,5030.0,3.0500000000000003,Rs./Quintal,Metric Tonnes
Madhya Pradesh,Dhar,Manawar APMC,Wheat,Wheat,FAQ,2026-01-22,2410.0,3010.0,2550.0,125.775,Rs./Quintal,Metric Tonnes
Madhya Pradesh,Dhar,Manawar APMC,Wheat,Wheat,Non-FAQ,2026-01-22,2550.0,2560.0,2550.0,10.61,Rs./Quintal,Metric Tonnes
Madhya Pradesh,Mandla,Mandla APMC,Kutki,Kutki,FAQ,2026-01-22,4399.0,4515.0,4450.0,42.1,Rs./Quintal,Metric Tonnes
Madhya Pradesh,Mandla,Mandla APMC,Maize,Local,FAQ,2026-01-22,1500.0,1500.0,1500.0,10.5,Rs./Quintal,Metric Tonnes
Madhya Pradesh,Mandla,Mandla APMC,Maize,Local,Non-FAQ,2026-01-22,1500.0,1500.0,1500.0,8.5,Rs./Quintal,Metric Tonnes
Madhya Pradesh,Mandla,Mandla APMC,Paddy(Common),Paddy,Non-FAQ,2026-01-22,1900.0,1990.0,1900.0,33.2,Rs./Quintal,Metric Tonnes
Madhya Pradesh,Mandla,Mandla APMC,Paddy(Common),Common,Non-FAQ,2026-01-22,2200.0,2200.0,2200.0,41.2,Rs./Quintal,Metric Tonnes
Madhya Pradesh,Mandla,Mandla APMC,Rayee,Raee,FAQ,2026-01-22,6200.0,6200.0,6200.0,6.4,Rs./Quintal,Metric Tonnes
Madhya Pradesh,Mandla,Mandla APMC,Tobacco,Tobacco,FAQ,2026-01-22,3930.61,3930.61,3930.61,24.126,Rs./Quintal,Metric Tonnes
Madhya Pradesh,Mandla,Mandla APMC,Wheat,Local,Non-FAQ,2026-01-22,2300.0,2300.0,2300.0,5.0,Rs./Quintal,Metric Tonnes
Madhya Pradesh,Mandla,Mandla APMC,Wheat,Mill Quality,Non-FAQ,2026-01-22,2375.0,2410.0,2400.0,29.0,Rs./Quintal,Metric Tonnes
Madhya Pradesh,Mandla,Mandla APMC,Wheat,Local,FAQ,2026-01-22,2450.0,2450.0,2450.0,5.0,Rs./Quintal,Metric Tonnes
Madhya Pradesh,Mandsaur,Mandsaur APMC,Bengal Gram(Gram)(Whole),Chana Kabuli,Non-FAQ,2026-01-22,3265.0,8300.0,8300.0,5.047000000000001,Rs./Quintal,Metric Tonnes
Madhya Pradesh,Mandsaur,Mandsaur APMC,Bengal Gram(Gram)(Whole),Gram,Non-FAQ,2026-01-22,3999.0,5450.0,5440.0,62.44400000000001,Rs./Quintal,Metric Tonnes
Madhya Pradesh,Mandsaur,Mandsaur APMC,Black Gram(Urd Beans)(Whole),Urda/Urd,Non-FAQ,2026-01-22,1500.0,7001.0,6850.0,4.33,Rs./Quintal,Metric Tonnes
Madhya Pradesh,Mandsaur,Mandsaur APMC,Garlic,Garlic,FAQ,2026-01-22,2000.0,15500.0,4000.0,273.50500000000005,Rs./Quintal,Metric Tonnes
Madhya Pradesh,Mandsaur,Mandsaur APMC,Garlic,Garlic-Organic,FAQ,2026-01-22,9100.0,9200.0,9200.0,0.7360000000000001,Rs./Quintal,Metric Tonnes
Madhya Pradesh,Mandsaur,Mandsaur APMC,Groundnut,Big (With Shell),FAQ,2026-01-22,6401.0,6401.0,6401.0,0.267,Rs./Quintal,Metric Tonnes
Madhya Pradesh,Mandsaur,Mandsaur APMC,Groundnut,Big (With Shell),Non-FAQ,2026-01-22,3000.0,9000.0,7051.0,113.99300000000001,Rs./Quintal,Metric Tonnes
Madhya Pradesh,Mandsaur,Mandsaur APMC,Groundnut,Groundnut seed,Non-FAQ,2026-01-22,8500.0,8500.0,8500.0,0.021,Rs./Quintal,Metric Tonnes
Madhya Pradesh,Mandsaur,Mandsaur APMC,Lentil(Masur)(Whole),Masur Dal,Non-FAQ,2026-01-22,5102.0,6491.0,5800.0,1.6780000000000002,Rs./Quintal,Metric Tonnes
Madhya Pradesh,Mandsaur,Mandsaur APMC,Maize,Local,Non-FAQ,2026-01-22,1500.0,2401.0,1660.0,69.25800000000001,Rs./Quintal,Metric Tonnes
Madhya Pradesh,Mandsaur,Mandsaur APMC,Mustard,Mustard,Non-FAQ,2026-01-22,4096.0,7999.0,5960.0,43.67,Rs./Quintal,Metric Tonnes
Madhya Pradesh,Mandsaur,Mandsaur APMC,Onion,Onion-Organic,Non-FAQ,2026-01-22,100.0,628.0,352.0,1.829,Rs./Quintal,Metric Tonnes
Madhya Pradesh,Mandsaur,Mandsaur APMC,Onion,Onion,FAQ,2026-01-22,100.0,1500.0,700.0,127.931,Rs./Quintal,Metric Tonnes
Madhya Pradesh,Mandsaur,Mandsaur APMC,Onion,Onion,Non-FAQ,2026-01-22,101.0,1700.0,1100.0,244.606,Rs./Quintal,Metric Tonnes
Madhya Pradesh,Mandsaur,Mandsaur APMC,Red gram/Arhar/Tur(whole),Arhar Dal(Tur),Non-FAQ,2026-01-22,6900.0,6900.0,6900.0,0.192,Rs./Quintal,Metric Tonnes
Madhya Pradesh,Mandsaur,Mandsaur APMC,Soyabean,Soyabeen,FAQ,2026-01-22,600.0,5801.0,4300.0,137.749,Rs./Quintal,Metric Tonnes
Madhya Pradesh,Mandsaur,Mandsaur APMC,Soyabean,Soyabeen,Non-FAQ,2026-01-22,1000.0,5852.0,5300.0,143.996,Rs./Quintal,Metric Tonnes
Madhya Pradesh,Mandsaur,Mandsaur APMC,Wheat,Wheat,Non-FAQ,2026-01-22,1101.0,3041.0,2652.0,203.894,Rs./Quintal,Metric Tonnes
Madhya Pradesh,Mandsaur,Mandsaur APMC,Wheat,Local,Non-FAQ,2026-01-22,2478.0,2478.0,2478.0,0.5700000000000001,Rs./Quintal,Metric Tonnes
Madhya Pradesh,Satna,Mehar APMC,Wheat,Local,FAQ,2026-01-22,2350.0,2405.0,2405.0,28.900000000000002,Rs./Quintal,Metric Tonnes
Madhya Pradesh,Satna,Mehar APMC,Wheat,Wheat,FAQ,2026-01-22,2352.0,2385.0,2385.0,33.305,Rs./Quintal,Metric Tonnes
Madhya Pradesh,Bhind,Mehgaon APMC,Mustard,Mustard,FAQ,2026-01-22,6450.0,6550.0,6500.0,15.215000000000002,Rs./Quintal,Metric Tonnes
Madhya Pradesh,Indore,Mhow APMC,Bengal Gram(Gram)(Whole),Gram,FAQ,2026-01-22,3681.0,5441.0,5441.0,1.3310000000000002,Rs./Quintal,Metric Tonnes
Madhya Pradesh,Indore,Mhow APMC,Kabuli Chana(Chickpeas-White),Dollar Gram,FAQ,2026-01-22,5860.0,5860.0,5860.0,0.259,Rs./Quintal,Metric Tonnes
Madhya Pradesh,Indore,Mhow APMC,Maize,Local,FAQ,2026-01-22,1440.0,1720.0,1720.0,3.061,Rs./Quintal,Metric Tonnes
Madhya Pradesh,Indore,Mhow APMC,Red gram/Arhar/Tur(whole),Arhar Dal(Tur),FAQ,2026-01-22,6691.0,6691.0,6691.0,4.07,Rs./Quintal,Metric Tonnes
Madhya Pradesh,Indore,Mhow APMC,Soyabean,Soyabeen,FAQ,2026-01-22,1791.0,5501.0,5451.0,170.966,Rs./Quintal,Metric Tonnes
Madhya Pradesh,Indore,Mhow APMC,Soyabean,Soyabeen,Non-FAQ,2026-01-22,2745.0,4001.0,4001.0,1.213,Rs./Quintal,Metric Tonnes
Madhya Pradesh,Indore,Mhow APMC,Wheat,Wheat,Non-FAQ,2026-01-22,2500.0,2600.0,2600.0,3.0,Rs./Quintal,Metric Tonnes
Madhya Pradesh,Indore,Mhow APMC,Wheat,Wheat,FAQ,2026-01-22,2490.0,2728.0,2621.0,24.699,Rs./Quintal,Metric Tonnes
Madhya Pradesh,Balaghat,Mohgaon APMC,Kodo Millet(Varagu),Kondo,FAQ,2026-01-22,2500.0,2508.0,2508.0,36.5,Rs./Quintal,Metric Tonnes
Madhya Pradesh,Morena,Morena APMC,Bajra(Pearl Millet/Cumbu),Millet,Non-FAQ,2026-01-22,1845.0,1870.0,1870.0,13.254,Rs./Quintal,Metric Tonnes
Madhya Pradesh,Morena,Morena APMC,Bengal Gram(Gram)(Whole),Gram,Non-FAQ,2026-01-22,5150.0,5150.0,5150.0,0.806,Rs./Quintal,Metric Tonnes
Madhya Pradesh,Morena,Morena APMC,Mustard,Mustard,Non-FAQ,2026-01-22,5910.0,6685.0,6665.0,26.1,Rs./Quintal,Metric Tonnes
Madhya Pradesh,Morena,Morena APMC,Paddy(Common),Basmati 1509,Non-FAQ,2026-01-22,2905.0,2905.0,2905.0,0.5950000000000001,Rs./Quintal,Metric Tonnes
Madhya Pradesh,Morena,Morena APMC,Paddy(Common),Dhan,Non-FAQ,2026-01-22,3545.0,3545.0,3545.0,1.9000000000000001,Rs./Quintal,Metric Tonnes
Madhya Pradesh,Morena,Morena APMC,Potato,Potato,Non-FAQ,2026-01-22,500.0,600.0,600.0,23.0,Rs./Quintal,Metric Tonnes
Madhya Pradesh,Morena,Morena APMC,Wheat,Wheat,Non-FAQ,2026-01-22,2504.0,2570.0,2558.0,53.185,Rs./Quintal,Metric Tonnes
Madhya Pradesh,Bhind,Mow APMC,Mustard,Mustard,FAQ,2026-01-22,6420.0,6700.0,6700.0,6.844,Rs./Quintal,Metric Tonnes
Madhya Pradesh,Bhind,Mow APMC,Wheat,Wheat,FAQ,2026-01-22,2255.0,2455.0,2400.0,22.730000000000004,Rs./Quintal,Metric Tonnes
Madhya Pradesh,Betul,Multai APMC,Maize,Maize/Corn-Organic,FAQ,2026-01-22,1310.0,1505.0,1410.0,95.5,Rs./Quintal,Metric Tonnes
Madhya Pradesh,Betul,Multai APMC,Maize,Maize/Corn-Organic,Non-FAQ,2026-01-22,1510.0,1510.0,1510.0,5.4,Rs./Quintal,Metric Tonnes
Madhya Pradesh,Betul,Multai APMC,Maize,Local,Non-FAQ,2026-01-22,1525.0,1650.0,1650.0,49.29,Rs./Quintal,Metric Tonnes
Madhya Pradesh,Betul,Multai APMC,Maize,Yellow,FAQ,2026-01-22,1650.0,1670.0,1650.0,138.76,Rs./Quintal,Metric Tonnes
Madhya Pradesh,Betul,Multai APMC,Soyabean,Yellow,FAQ,2026-01-22,4750.0,5100.0,5100.0,26.845,Rs./Quintal,Metric Tonnes
Madhya Pradesh,Khandwa,Mundi APMC,Cotton,Without Ginned Cotton,FAQ,2026-01-22,6251.0,8010.0,8010.0,51.673,Rs./Quintal,Metric Tonnes
Madhya Pradesh,Khandwa,Mundi APMC,Red gram/Arhar/Tur(whole),Arhar Dal(Tur),FAQ,2026-01-22,5495.0,5745.0,5745.0,0.779,Rs./Quintal,Metric Tonnes
Madhya Pradesh,Khandwa,Mundi APMC,Soyabean,Soyabeen,FAQ,2026-01-22,5066.0,5066.0,5066.0,1.7350000000000003,Rs./Quintal,Metric Tonnes
Madhya Pradesh,Khandwa,Mundi APMC,Wheat,Wheat,FAQ,2026-01-22,2395.0,2570.0,2570.0,17.841,Rs./Quintal,Metric Tonnes
Madhya Pradesh,Ashoknagar,Mungawali APMC,Maize,Local,Non-FAQ,2026-01-22,1320.0,1610.0,1555.0,238.15500000000003,Rs./Quintal,Metric Tonnes
Madhya Pradesh,Ashoknagar,Mungawali APMC,Paddy(Common),Dhan,Non-FAQ,2026-01-22,1000.0,3530.0,3530.0,0.78,Rs./Quintal,Metric Tonnes
Madhya Pradesh,Ashoknagar,Mungawali APMC,Soyabean,Soyabeen,Non-FAQ,2026-01-22,5220.0,5220.0,5220.0,0.9050000000000001,Rs./Quintal,Metric Tonnes
Madhya Pradesh,Ashoknagar,Mungawali APMC,Wheat,Wheat,Non-FAQ,2026-01-22,2295.0,2555.0,2495.0,27.195,Rs./Quintal,Metric Tonnes
Madhya Pradesh,Ujjain,Nagda APMC,Soyabean,Soyabeen,Non-FAQ,2026-01-22,3700.0,5263.0,5263.0,1.2670000000000001,Rs./Quintal,Metric Tonnes
Madhya Pradesh,Ujjain,Nagda APMC,Soyabean,Soyabeen,FAQ,2026-01-22,4551.0,5611.0,5611.0,2.2190000000000003,Rs./Quintal,Metric Tonnes
Madhya Pradesh,Ujjain,Nagda APMC,Wheat,Wheat,FAQ,2026-01-22,2538.0,2538.0,2538.0,6.5,Rs./Quintal,Metric Tonnes
Madhya Pradesh,Ujjain,Nagda APMC,Wheat,Wheat,Non-FAQ,2026-01-22,2437.0,2561.0,2561.0,3.6479999999999997,Rs./Quintal,Metric Tonnes
Madhya Pradesh,Satna,Nagod APMC,Bengal Gram(Gram)(Whole),Gram,FAQ,2026-01-22,5275.0,5391.0,5275.0,10.0,Rs./Quintal,Metric Tonnes
Madhya Pradesh,Satna,Nagod APMC,Green Peas,Pea,FAQ,2026-01-22,3500.0,3780.0,3780.0,6.1850000000000005,Rs./Quintal,Metric Tonnes
Madhya Pradesh,Satna,Nagod APMC,Kodo Millet(Varagu),Kondo,FAQ,2026-01-22,2388.0,2388.0,2388.0,3.9000000000000004,Rs./Quintal,Metric Tonnes
Madhya Pradesh,Satna,Nagod APMC,Lentil(Masur)(Whole),Masur Dal,FAQ,2026-01-22,5750.0,5750.0,5750.0,3.4000000000000004,Rs./Quintal,Metric Tonnes
Madhya Pradesh,Satna,Nagod APMC,Mustard,Mustard,FAQ,2026-01-22,6275.0,6275.0,6275.0,2.8000000000000003,Rs./Quintal,Metric Tonnes
Madhya Pradesh,Satna,Nagod APMC,Wheat,Wheat,FAQ,2026-01-22,2400.0,2526.0,2400.0,215.70500000000004,Rs./Quintal,Metric Tonnes
Madhya Pradesh,Satna,Nagod APMC,buttery,Buttery,FAQ,2026-01-22,3100.0,3450.0,3450.0,10.8,Rs./Quintal,Metric Tonnes
Madhya Pradesh,Mandla,Nainpur APMC,Green Peas,Pea,FAQ,2026-01-22,3150.0,3240.0,3200.0,31.828,Rs./Quintal,Metric Tonnes
Madhya Pradesh,Mandla,Nainpur APMC,Maize,Yellow,Non-FAQ,2026-01-22,1520.0,1600.0,1600.0,8.91,Rs./Quintal,Metric Tonnes
Madhya Pradesh,Mandla,Nainpur APMC,Wheat,Local,FAQ,2026-01-22,2400.0,2400.0,2400.0,3.0,Rs./Quintal,Metric Tonnes
Madhya Pradesh,Mandla,Nainpur APMC,Wheat,Mill Quality,Non-FAQ,2026-01-22,2450.0,2450.0,2450.0,7.516,Rs./Quintal,Metric Tonnes
Madhya Pradesh,Shajapur,Nalkehda APMC,Coriander(Leaves),Coriander,FAQ,2026-01-22,9300.0,9300.0,9300.0,0.08600000000000001,Rs./Bundle,Bundle
Madhya Pradesh,Shajapur,Nalkehda APMC,Lentil(Masur)(Whole),Masur Dal,FAQ,2026-01-22,5000.0,5899.0,5899.0,6.198,Rs./Quintal,Metric Tonnes
Madhya Pradesh,Shajapur,Nalkehda APMC,Mustard,Mustard,FAQ,2026-01-22,4501.0,6160.0,6160.0,3.3090000000000006,Rs./Quintal,Metric Tonnes
Madhya Pradesh,Shajapur,Nalkehda APMC,Soyabean,Soyabeen,FAQ,2026-01-22,3800.0,5600.0,5340.0,42.177,Rs./Quintal,Metric Tonnes
Madhya Pradesh,Shajapur,Nalkehda APMC,Wheat,Wheat,FAQ,2026-01-22,2400.0,2555.0,2530.0,23.964,Rs./Quintal,Metric Tonnes
Madhya Pradesh,Rajgarh,Narsinghgarh APMC,Bengal Gram(Gram)(Whole),Gram,FAQ,2026-01-22,4700.0,5175.0,4700.0,1.3630000000000002,Rs./Quintal,Metric Tonnes
Madhya Pradesh,Rajgarh,Narsinghgarh APMC,Coriander(Leaves),Coriander,FAQ,2026-01-22,8000.0,10450.0,10450.0,2.131,Rs./Bundle,Bundle
Madhya Pradesh,Rajgarh,Narsinghgarh APMC,Garlic,Garlic,FAQ,2026-01-22,500.0,12100.0,7600.0,18.631,Rs./Quintal,Metric Tonnes
Madhya Pradesh,Rajgarh,Narsinghgarh APMC,Lentil(Masur)(Whole),Masur Dal,FAQ,2026-01-22,4500.0,6275.0,6275.0,3.4520000000000004,Rs./Quintal,Metric Tonnes
Madhya Pradesh,Rajgarh,Narsinghgarh APMC,Maize,Local,FAQ,2026-01-22,1440.0,1440.0,1440.0,0.8330000000000001,Rs./Quintal,Metric Tonnes
Madhya Pradesh,Rajgarh,Narsinghgarh APMC,Mustard,Mustard,FAQ,2026-01-22,5975.0,5975.0,5975.0,0.06899999999999999,Rs./Quintal,Metric Tonnes
Madhya Pradesh,Rajgarh,Narsinghgarh APMC,Soyabean,Soyabeen,FAQ,2026-01-22,3200.0,6500.0,4900.0,157.02800000000002,Rs./Quintal,Metric Tonnes
Madhya Pradesh,Rajgarh,Narsinghgarh APMC,Wheat,Wheat,FAQ,2026-01-22,2420.0,2740.0,2555.0,116.44800000000001,Rs./Quintal,Metric Tonnes
Madhya Pradesh,Narsinghpur,Narsinghpur APMC,Bengal Gram(Gram)(Whole),Desi (F.A.Q. Split),FAQ,2026-01-22,5250.0,5250.0,5250.0,3.8000000000000003,Rs./Quintal,Metric Tonnes
Madhya Pradesh,Narsinghpur,Narsinghpur APMC,Black Gram(Urd Beans)(Whole),Urda/Urd,FAQ,2026-01-22,6500.0,6500.0,6500.0,1.01,Rs./Quintal,Metric Tonnes
Madhya Pradesh,Narsinghpur,Narsinghpur APMC,Green Gram(Moong)(Whole),Green (Whole),FAQ,2026-01-22,7800.0,7800.0,7800.0,1.0,Rs./Quintal,Metric Tonnes
Madhya Pradesh,Narsinghpur,Narsinghpur APMC,Gur(Jaggery),Jaggery,FAQ,2026-01-22,3201.0,4025.0,3640.0,741.7560000000001,Rs./Quintal,Metric Tonnes
Madhya Pradesh,Narsinghpur,Narsinghpur APMC,Maize,Yellow,FAQ,2026-01-22,1400.0,1630.0,1500.0,112.14000000000001,Rs./Quintal,Metric Tonnes
Madhya Pradesh,Narsinghpur,Narsinghpur APMC,Wheat,Mill Quality,FAQ,2026-01-22,2560.0,2575.0,2570.0,72.5,Rs./Quintal,Metric Tonnes
Madhya Pradesh,Sehore,Nasrullaganj APMC,Bengal Gram(Gram)(Whole),Gram,Non-FAQ,2026-01-22,4550.0,5190.0,5190.0,3.6590000000000007,Rs./Quintal,Metric Tonnes
Madhya Pradesh,Sehore,Nasrullaganj APMC,Maize,Local,Non-FAQ,2026-01-22,1200.0,1639.0,1493.0,722.0100000000001,Rs./Quintal,Metric Tonnes
Madhya Pradesh,Sehore,Nasrullaganj APMC,Maize,Yellow,FAQ,2026-01-22,1560.0,1599.0,1560.0,40.635000000000005,Rs./Quintal,Metric Tonnes
Madhya Pradesh,Sehore,Nasrullaganj APMC,Maize,Local,FAQ,2026-01-22,1200.0,1646.0,1450.0,1306.948,Rs./Quintal,Metric Tonnes
Madhya Pradesh,Sehore,Nasrullaganj APMC,Paddy(Common),Dhan,Non-FAQ,2026-01-22,1690.0,1700.0,1700.0,0.2,Rs./Quintal,Metric Tonnes
Madhya Pradesh,Sehore,Nasrullaganj APMC,Red gram/Arhar/Tur(whole),Arhar Dal(Tur),Non-FAQ,2026-01-22,2500.0,6200.0,6000.0,0.862,Rs./Quintal,Metric Tonnes
Madhya Pradesh,Sehore,Nasrullaganj APMC,Soyabean,Soyabeen,Non-FAQ,2026-01-22,4601.0,5081.0,5081.0,14.394,Rs./Quintal,Metric Tonnes
Madhya Pradesh,Sehore,Nasrullaganj APMC,Wheat,Wheat,FAQ,2026-01-22,2450.0,2461.0,2461.0,0.353,Rs./Quintal,Metric Tonnes
Madhya Pradesh,Sehore,Nasrullaganj APMC,Wheat,Wheat,Non-FAQ,2026-01-22,2425.0,2651.0,2471.0,123.437,Rs./Quintal,Metric Tonnes
Madhya Pradesh,Chhatarpur,Naugaon APMC,Groundnut,Big (With Shell),Non-FAQ,2026-01-22,5660.0,5950.0,5800.0,165.837,Rs./Quintal,Metric Tonnes
Madhya Pradesh,Chhatarpur,Naugaon APMC,Groundnut,Big (With Shell),FAQ,2026-01-22,5690.0,5690.0,5690.0,3.3000000000000003,Rs./Quintal,Metric Tonnes
Madhya Pradesh,Chhatarpur,Naugaon APMC,Red gram/Arhar/Tur(whole),Arhar Dal(Tur),Non-FAQ,2026-01-22,4000.0,4000.0,4000.0,3.3000000000000003,Rs./Quintal,Metric Tonnes
Madhya Pradesh,Chhatarpur,Naugaon APMC,Soyabean,Soyabeen,FAQ,2026-01-22,4852.0,4901.0,4901.0,4.8950000000000005,Rs./Quintal,Metric Tonnes
Madhya Pradesh,Chhatarpur,Naugaon APMC,Wheat,Wheat,Non-FAQ,2026-01-22,2515.0,2544.0,2542.0,140.4,Rs./Quintal,Metric Tonnes
Madhya Pradesh,Neemuch,Neemuch APMC,Absinthe,chirayta,FAQ,2026-01-22,8500.0,9190.0,9190.0,5.84,Rs./Quintal,Metric Tonnes
Madhya Pradesh,Neemuch,Neemuch APMC,Ajwan,Ajwan,FAQ,2026-01-22,1900.0,13000.0,13000.0,1.92,Rs./Quintal,Metric Tonnes
Madhya Pradesh,Neemuch,Neemuch APMC,Asgand,Asafoetida leaf,FAQ,2026-01-22,501.0,501.0,501.0,0.67,Rs./Quintal,Metric Tonnes
Madhya Pradesh,Neemuch,Neemuch APMC,Asgand,Asgand,FAQ,2026-01-22,4300.0,28502.0,26900.0,6.838,Rs./Quintal,Metric Tonnes
Madhya Pradesh,Neemuch,Neemuch APMC,Asparagus,Asparagus,FAQ,2026-01-22,28000.0,30500.0,30500.0,0.489,Rs./Quintal,Metric Tonnes
Madhya Pradesh,Neemuch,Neemuch APMC,Barley(Jau),Barley,FAQ,2026-01-22,2560.0,2560.0,2560.0,0.1,Rs./Quintal,Metric Tonnes
Madhya Pradesh,Neemuch,Neemuch APMC,Behada,Behada,FAQ,2026-01-22,1500.0,1500.0,1500.0,1.0,Rs./Quintal,Metric Tonnes
Madhya Pradesh,Neemuch,Neemuch APMC,Bengal Gram(Gram)(Whole),Chana Kanta,Non-FAQ,2026-01-22,5400.0,5535.0,5535.0,2.2190000000000003,Rs./Quintal,Metric Tonnes
Madhya Pradesh,Neemuch,Neemuch APMC,Bengal Gram(Gram)(Whole),Gram,FAQ,2026-01-22,2200.0,5499.0,5499.0,63.117999999999995,Rs./Quintal,Metric Tonnes
Madhya Pradesh,Neemuch,Neemuch APMC,Bengal Gram(Gram)(Whole),Gram,Non-FAQ,2026-01-22,5151.0,5400.0,5400.0,0.561,Rs./Quintal,Metric Tonnes
Madhya Pradesh,Neemuch,Neemuch APMC,Bengal Gram(Gram)(Whole),Chana Kabuli,FAQ,2026-01-22,6061.0,7730.0,7730.0,1.9160000000000001,Rs./Quintal,Metric Tonnes
Madhya Pradesh,Neemuch,Neemuch APMC,Black Gram(Urd Beans)(Whole),Urda/Urd,FAQ,2026-01-22,5201.0,7251.0,6651.0,15.444,Rs./Quintal,Metric Tonnes
Madhya Pradesh,Neemuch,Neemuch APMC,Coriander(Leaves),Coriander,FAQ,2026-01-22,5700.0,10101.0,8800.0,103.982,Rs./Bundle,Bundle
Madhya Pradesh,Neemuch,Neemuch APMC,Garlic,Average,FAQ,2026-01-22,2400.0,10911.0,9000.0,31.067000000000004,Rs./Quintal,Metric Tonnes
Madhya Pradesh,Neemuch,Neemuch APMC,Garlic,Garlic,FAQ,2026-01-22,4590.0,17200.0,8600.0,174.876,Rs./Quintal,Metric Tonnes
Madhya Pradesh,Neemuch,Neemuch APMC,Giloy,Giloy,FAQ,2026-01-22,1120.0,1470.0,1470.0,0.099,Rs./Quintal,Metric Tonnes
Madhya Pradesh,Neemuch,Neemuch APMC,Groundnut,Groundnut seed,FAQ,2026-01-22,6681.0,6732.0,6732.0,2.329,Rs./Quintal,Metric Tonnes
Madhya Pradesh,Neemuch,Neemuch APMC,Groundnut,Big (With Shell),Non-FAQ,2026-01-22,6400.0,7020.0,7000.0,16.693,Rs./Quintal,Metric Tonnes
Madhya Pradesh,Neemuch,Neemuch APMC,Groundnut,Big (With Shell),FAQ,2026-01-22,5460.0,7500.0,7000.0,29.231,Rs./Quintal,Metric Tonnes
Madhya Pradesh,Neemuch,Neemuch APMC,Guava,Other,Small,2026-01-22,2000.0,2000.0,2000.0,0.014000000000000002,Rs./Quintal,Metric Tonnes
Madhya Pradesh,Neemuch,Neemuch APMC,Harrah,Harrah,FAQ,2026-01-22,2000.0,2000.0,2000.0,1.0,Rs./Quintal,Metric Tonnes
Madhya Pradesh,Neemuch,Neemuch APMC,Isabgul(Psyllium),Organic,FAQ,2026-01-22,11000.0,14200.0,14200.0,0.217,Rs./Quintal,Metric Tonnes
Madhya Pradesh,Neemuch,Neemuch APMC,Lentil(Masur)(Whole),Masur Dal,FAQ,2026-01-22,3001.0,6871.0,6871.0,7.902,Rs./Quintal,Metric Tonnes
Madhya Pradesh,Neemuch,Neemuch APMC,Linseed,Flaxseed,FAQ,2026-01-22,7301.0,7550.0,7550.0,17.909000000000002,Rs./Quintal,Metric Tonnes
Madhya Pradesh,Neemuch,Neemuch APMC,Maize,Local,FAQ,2026-01-22,1131.0,2400.0,1600.0,94.875,Rs./Quintal,Metric Tonnes
Madhya Pradesh,Neemuch,Neemuch APMC,Methi Seeds,Methiseeds,FAQ,2026-01-22,4200.0,6709.0,6001.0,23.887,Rs./Quintal,Metric Tonnes
Madhya Pradesh,Neemuch,Neemuch APMC,Mustard,Mustard,FAQ,2026-01-22,4700.0,6871.0,6500.0,79.29,Rs./Quintal,Metric Tonnes
Madhya Pradesh,Neemuch,Neemuch APMC,Neem Seed,Neem Seed,FAQ,2026-01-22,2001.0,2001.0,2001.0,0.019000000000000003,Rs./Quintal,Metric Tonnes
Madhya Pradesh,Neemuch,Neemuch APMC,Neem Seed,Neem leaves,FAQ,2026-01-22,1430.0,1430.0,1430.0,0.057999999999999996,Rs./Quintal,Metric Tonnes
Madhya Pradesh,Neemuch,Neemuch APMC,Onion,Red,FAQ,2026-01-22,100.0,1751.0,1161.0,83.878,Rs./Quintal,Metric Tonnes
Madhya Pradesh,Neemuch,Neemuch APMC,Onion,Onion,FAQ,2026-01-22,600.0,1546.0,1546.0,13.325000000000001,Rs./Quintal,Metric Tonnes
Madhya Pradesh,Neemuch,Neemuch APMC,Safflower,Kusum(Safflower),Non-FAQ,2026-01-22,6700.0,6900.0,6900.0,0.333,Rs./Quintal,Metric Tonnes
Madhya Pradesh,Neemuch,Neemuch APMC,"Sesamum(Sesame,Gingelly,Til)",Sesame,Non-FAQ,2026-01-22,9300.0,9500.0,9500.0,0.635,Rs./Quintal,Metric Tonnes
Madhya Pradesh,Neemuch,Neemuch APMC,"Sesamum(Sesame,Gingelly,Til)",Sesame,FAQ,2026-01-22,5700.0,8800.0,7500.0,1.5970000000000002,Rs./Quintal,Metric Tonnes
Madhya Pradesh,Neemuch,Neemuch APMC,Soyabean,Soyabeen,FAQ,2026-01-22,4450.0,5373.0,4800.0,194.935,Rs./Quintal,Metric Tonnes
Madhya Pradesh,Neemuch,Neemuch APMC,Wheat,Wheat,FAQ,2026-01-22,2396.0,2895.0,2850.0,207.043,Rs./Quintal,Metric Tonnes
Madhya Pradesh,Neemuch,Neemuch APMC,nigella,Kalonji,FAQ,2026-01-22,10000.0,20900.0,20900.0,0.7370000000000001,Rs./Quintal,Metric Tonnes
Madhya Pradesh,Neemuch,Neemuch APMC,nigella seeds,Kalonji/Nigella,FAQ,2026-01-22,16000.0,24900.0,24900.0,1.709,Rs./Quintal,Metric Tonnes
Madhya Pradesh,Neemuch,Neemuch APMC,poppy seeds,Poppy seed,FAQ,2026-01-22,75800.0,149000.0,118000.0,3.2420000000000004,Rs./Quintal,Metric Tonnes
Madhya Pradesh,Tikamgarh,Niwadi APMC,Groundnut,Big (With Shell),Non-FAQ,2026-01-22,6310.0,6985.0,6785.0,63.49,Rs./Quintal,Metric Tonnes
Madhya Pradesh,Tikamgarh,Niwadi APMC,Groundnut,Big (With Shell),FAQ,2026-01-22,6300.0,6500.0,6500.0,36.0,Rs./Quintal,Metric Tonnes
Madhya Pradesh,Tikamgarh,Niwadi APMC,Wheat,Mill Quality,Non-FAQ,2026-01-22,2396.0,2481.0,2450.0,582.75,Rs./Quintal,Metric Tonnes
Madhya Pradesh,Tikamgarh,Niwadi APMC,Wheat,Wheat,Non-FAQ,2026-01-22,2455.0,2455.0,2455.0,6.7700000000000005,Rs./Quintal,Metric Tonnes
Madhya Pradesh,Raisen,Obedullaganj APMC,Bengal Gram(Gram)(Whole),Gram,FAQ,2026-01-22,4950.0,5400.0,5400.0,7.409000000000001,Rs./Quintal,Metric Tonnes
Madhya Pradesh,Raisen,Obedullaganj APMC,Lak(Teora),Tiwada,FAQ,2026-01-22,2940.0,2940.0,2940.0,0.11399999999999999,Rs./Quintal,Metric Tonnes
Madhya Pradesh,Raisen,Obedullaganj APMC,Paddy(Common),Puspa (MR 301),FAQ,2026-01-22,1000.0,4005.0,3850.0,521.0880000000001,Rs./Quintal,Metric Tonnes
Madhya Pradesh,Raisen,Obedullaganj APMC,Paddy(Common),Basmati,FAQ,2026-01-22,3750.0,3900.0,3800.0,219.883,Rs./Quintal,Metric Tonnes
Madhya Pradesh,Raisen,Obedullaganj APMC,Paddy(Common),Basmati 1509,FAQ,2026-01-22,2505.0,3455.0,3455.0,15.297,Rs./Quintal,Metric Tonnes
Madhya Pradesh,Raisen,Obedullaganj APMC,Paddy(Common),1121,FAQ,2026-01-22,3900.0,3900.0,3900.0,5.0,Rs./Quintal,Metric Tonnes
Madhya Pradesh,Raisen,Obedullaganj APMC,Paddy(Common),Paddy,FAQ,2026-01-22,3800.0,3800.0,3800.0,40.0,Rs./Quintal,Metric Tonnes
Madhya Pradesh,Raisen,Obedullaganj APMC,Paddy(Common),Dhan,FAQ,2026-01-22,3250.0,3900.0,3700.0,74.42,Rs./Quintal,Metric Tonnes
Madhya Pradesh,Raisen,Obedullaganj APMC,Wheat,Local,FAQ,2026-01-22,2381.0,2679.0,2576.0,87.851,Rs./Quintal,Metric Tonnes
Madhya Pradesh,Raisen,Obedullaganj APMC,Wheat,Wheat,FAQ,2026-01-22,2450.0,2450.0,2450.0,0.6080000000000001,Rs./Quintal,Metric Tonnes
Madhya Pradesh,Raisen,Obedullaganj APMC,Wheat,Malwa Shakti,FAQ,2026-01-22,2460.0,2460.0,2460.0,0.568,Rs./Quintal,Metric Tonnes
Madhya Pradesh,Jabalpur,Paatan APMC,Bengal Gram(Gram)(Whole),Gram,FAQ,2026-01-22,4685.0,5305.0,5305.0,1.131,Rs./Quintal,Metric Tonnes
Madhya Pradesh,Jabalpur,Paatan APMC,Black Gram(Urd Beans)(Whole),Urda/Urd,FAQ,2026-01-22,6005.0,8470.0,8260.0,11.821,Rs./Quintal,Metric Tonnes
Madhya Pradesh,Jabalpur,Paatan APMC,Green Gram(Moong)(Whole),Green (Whole),FAQ,2026-01-22,5850.0,6695.0,6695.0,0.806,Rs./Quintal,Metric Tonnes
Madhya Pradesh,Jabalpur,Paatan APMC,Green Peas,Pea,FAQ,2026-01-22,2105.0,3000.0,3000.0,2.282,Rs./Quintal,Metric Tonnes
Madhya Pradesh,Jabalpur,Paatan APMC,Maize,Local,FAQ,2026-01-22,1365.0,1650.0,1580.0,214.23000000000002,Rs./Quintal,Metric Tonnes
Madhya Pradesh,Jabalpur,Paatan APMC,Paddy(Common),Dhan,FAQ,2026-01-22,1555.0,1555.0,1555.0,0.24,Rs./Quintal,Metric Tonnes
Madhya Pradesh,Jabalpur,Paatan APMC,Paddy(Common),Basmati,FAQ,2026-01-22,3600.0,3650.0,3650.0,10.5,Rs./Quintal,Metric Tonnes
Madhya Pradesh,Jabalpur,Paatan APMC,Red gram/Arhar/Tur(whole),Arhar Dal(Tur),FAQ,2026-01-22,6005.0,7005.0,7005.0,14.542,Rs./Quintal,Metric Tonnes
Madhya Pradesh,Jabalpur,Paatan APMC,Soyabean,Soyabeen,FAQ,2026-01-22,4800.0,4950.0,4950.0,11.850000000000001,Rs./Quintal,Metric Tonnes
Madhya Pradesh,Jabalpur,Paatan APMC,Wheat,Mill Quality,FAQ,2026-01-22,2600.0,2610.0,2610.0,24.830000000000002,Rs./Quintal,Metric Tonnes
Madhya Pradesh,Jabalpur,Paatan APMC,Wheat,Wheat,FAQ,2026-01-22,2000.0,2635.0,2600.0,96.29500000000002,Rs./Quintal,Metric Tonnes
Madhya Pradesh,Rajgarh,Pachaur APMC,Bengal Gram(Gram)(Whole),Gram,FAQ,2026-01-22,5100.0,5100.0,5100.0,0.08000000000000002,Rs./Quintal,Metric Tonnes
Madhya Pradesh,Rajgarh,Pachaur APMC,Lentil(Masur)(Whole),Masur Dal,FAQ,2026-01-22,5935.0,6785.0,6785.0,4.325,Rs./Quintal,Metric Tonnes
Madhya Pradesh,Rajgarh,Pachaur APMC,Mustard,Mustard,FAQ,2026-01-22,6000.0,6000.0,6000.0,0.29900000000000004,Rs./Quintal,Metric Tonnes
Madhya Pradesh,Rajgarh,Pachaur APMC,Soyabean,Soyabeen,Non-FAQ,2026-01-22,4255.0,5325.0,5325.0,11.842,Rs./Quintal,Metric Tonnes
Madhya Pradesh,Rajgarh,Pachaur APMC,Soyabean,Soyabeen,FAQ,2026-01-22,3400.0,5500.0,5300.0,118.69200000000001,Rs./Quintal,Metric Tonnes
Madhya Pradesh,Rajgarh,Pachaur APMC,Wheat,Wheat,FAQ,2026-01-22,2000.0,2635.0,2560.0,288.193,Rs./Quintal,Metric Tonnes
Madhya Pradesh,Rajgarh,Pachaur APMC,Wheat,Mill Quality,FAQ,2026-01-22,2585.0,2685.0,2685.0,6.125,Rs./Quintal,Metric Tonnes
Madhya Pradesh,Rajgarh,Pachaur APMC,Wheat,Wheat,Non-FAQ,2026-01-22,2507.0,2730.0,2730.0,23.136000000000003,Rs./Quintal,Metric Tonnes
Madhya Pradesh,Seoni,Palari APMC,Maize,Local,FAQ,2026-01-22,1690.0,1715.0,1715.0,33.0,Rs./Quintal,Metric Tonnes
Madhya Pradesh,Seoni,Palari APMC,Maize,Local,Non-FAQ,2026-01-22,1680.0,1730.0,1690.0,196.53,Rs./Quintal,Metric Tonnes
Madhya Pradesh,Seoni,Palari APMC,Wheat,Local,Non-FAQ,2026-01-22,2540.0,2555.0,2555.0,22.240000000000002,Rs./Quintal,Metric Tonnes
Madhya Pradesh,Tikamgarh,Palera APMC,Soyabean,Soyabeen,Non-FAQ,2026-01-22,4650.0,4810.0,4810.0,5.7170000000000005,Rs./Quintal,Metric Tonnes
Madhya Pradesh,Tikamgarh,Palera APMC,Wheat,Mill Quality,Non-FAQ,2026-01-22,2547.0,2561.0,2548.0,91.2,Rs./Quintal,Metric Tonnes
Madhya Pradesh,Khandwa,Pandhana APMC,Cotton,Without Ginned Cotton,FAQ,2026-01-22,7344.0,7401.0,7401.0,1.26,Rs./Quintal,Metric Tonnes
Madhya Pradesh,Khandwa,Pandhana APMC,Maize,Local,FAQ,2026-01-22,1300.0,1642.0,1500.0,53.254999999999995,Rs./Quintal,Metric Tonnes
Madhya Pradesh,Khandwa,Pandhana APMC,Red gram/Arhar/Tur(whole),Arhar Dal(Tur),FAQ,2026-01-22,6000.0,6601.0,6600.0,2.865,Rs./Quintal,Metric Tonnes
Madhya Pradesh,Khandwa,Pandhana APMC,Soyabean,Soyabeen,FAQ,2026-01-22,4751.0,5201.0,5201.0,3.3090000000000006,Rs./Quintal,Metric Tonnes
Madhya Pradesh,Khandwa,Pandhana APMC,Soyabean,Yellow,FAQ,2026-01-22,4985.0,4985.0,4985.0,12.245000000000001,Rs./Quintal,Metric Tonnes
Madhya Pradesh,Khandwa,Pandhana APMC,Wheat,Wheat,FAQ,2026-01-22,2441.0,2553.0,2553.0,22.786,Rs./Quintal,Metric Tonnes
Madhya Pradesh,Chhindwara,Pandhurna APMC,Cotton,Without Ginned Cotton,FAQ,2026-01-22,7625.0,7900.0,7850.0,20.07,Rs./Quintal,Metric Tonnes
Madhya Pradesh,Chhindwara,Pandhurna APMC,Maize,Local,Non-FAQ,2026-01-22,1580.0,1625.0,1600.0,44.996,Rs./Quintal,Metric Tonnes
Madhya Pradesh,Chhindwara,Pandhurna APMC,Maize,Local,FAQ,2026-01-22,1590.0,1650.0,1620.0,154.28300000000002,Rs./Quintal,Metric Tonnes
Madhya Pradesh,Chhindwara,Pandhurna APMC,Soyabean,Soyabeen,Non-FAQ,2026-01-22,5000.0,5000.0,5000.0,3.8520000000000003,Rs./Quintal,Metric Tonnes
Madhya Pradesh,Panna,Panna APMC,Bengal Gram(Gram)(Whole),Gram,Non-FAQ,2026-01-22,5385.0,5430.0,5415.0,28.719,Rs./Quintal,Metric Tonnes
Madhya Pradesh,Panna,Panna APMC,Bengal Gram(Gram)(Whole),Gram,FAQ,2026-01-22,3495.0,5520.0,5505.0,23.654,Rs./Quintal,Metric Tonnes
Madhya Pradesh,Panna,Panna APMC,Black Gram(Urd Beans)(Whole),Urda/Urd,FAQ,2026-01-22,6405.0,6600.0,6600.0,1.08,Rs./Quintal,Metric Tonnes
Madhya Pradesh,Panna,Panna APMC,Green Peas,Pea,FAQ,2026-01-22,3690.0,3985.0,3985.0,11.628,Rs./Quintal,Metric Tonnes
Madhya Pradesh,Panna,Panna APMC,Lentil(Masur)(Whole),Masur Dal,FAQ,2026-01-22,5935.0,5935.0,5935.0,0.8660000000000001,Rs./Quintal,Metric Tonnes
Madhya Pradesh,Panna,Panna APMC,Mustard,Mustard,FAQ,2026-01-22,6100.0,7480.0,6100.0,9.144,Rs./Quintal,Metric Tonnes
Madhya Pradesh,Panna,Panna APMC,Wheat,Mill Quality,Non-FAQ,2026-01-22,2440.0,2475.0,2472.0,114.209,Rs./Quintal,Metric Tonnes
Madhya Pradesh,Panna,Panna APMC,Wheat,Mill Quality,FAQ,2026-01-22,2450.0,2468.0,2460.0,20.182000000000002,Rs./Quintal,Metric Tonnes
Madhya Pradesh,Panna,Panna APMC,buttery,Buttery,FAQ,2026-01-22,3080.0,5470.0,3470.0,32.018,Rs./Quintal,Metric Tonnes
Madhya Pradesh,Damoh,Patharia APMC,Bengal Gram(Gram)(Whole),Gram,FAQ,2026-01-22,5160.0,5485.0,5450.0,27.295,Rs./Quintal,Metric Tonnes
Madhya Pradesh,Damoh,Patharia APMC,Black Gram(Urd Beans)(Whole),Urda/Urd,FAQ,2026-01-22,7080.0,7125.0,7125.0,0.646,Rs./Quintal,Metric Tonnes
Madhya Pradesh,Damoh,Patharia APMC,Green Peas,Pea,FAQ,2026-01-22,3740.0,3740.0,3740.0,0.20099999999999998,Rs./Quintal,Metric Tonnes
Madhya Pradesh,Damoh,Patharia APMC,Lentil(Masur)(Whole),Masur Dal,FAQ,2026-01-22,5800.0,6405.0,6405.0,0.365,Rs./Quintal,Metric Tonnes
Madhya Pradesh,Damoh,Patharia APMC,Maize,Local,Non-FAQ,2026-01-22,1375.0,1400.0,1400.0,28.700000000000003,Rs./Quintal,Metric Tonnes
Madhya Pradesh,Damoh,Patharia APMC,Maize,Local,FAQ,2026-01-22,1100.0,1660.0,1570.0,202.31500000000003,Rs./Quintal,Metric Tonnes
Madhya Pradesh,Damoh,Patharia APMC,Mustard,Mustard,FAQ,2026-01-22,5000.0,5000.0,5000.0,0.072,Rs./Quintal,Metric Tonnes
Madhya Pradesh,Damoh,Patharia APMC,Red gram/Arhar/Tur(whole),Arhar Dal(Tur),FAQ,2026-01-22,6290.0,7010.0,7010.0,1.941,Rs./Quintal,Metric Tonnes
Madhya Pradesh,Damoh,Patharia APMC,Soyabean,Soyabeen,FAQ,2026-01-22,3795.0,5690.0,5200.0,29.167,Rs./Quintal,Metric Tonnes
Madhya Pradesh,Damoh,Patharia APMC,Wheat,Wheat,FAQ,2026-01-22,2430.0,2528.0,2509.0,94.41000000000001,Rs./Quintal,Metric Tonnes
Madhya Pradesh,Jhabua,Petlawad APMC,Cotton,Without Ginned Cotton,FAQ,2026-01-22,5050.0,8200.0,7565.0,154.74400000000003,Rs./Quintal,Metric Tonnes
Madhya Pradesh,Jhabua,Petlawad APMC,Maize,Yellow,FAQ,2026-01-22,1450.0,1625.0,1625.0,9.671,Rs./Quintal,Metric Tonnes
Madhya Pradesh,Jhabua,Petlawad APMC,Soyabean,Yellow,FAQ,2026-01-22,4750.0,4800.0,4800.0,6.455,Rs./Quintal,Metric Tonnes
Madhya Pradesh,Jhabua,Petlawad APMC,Soyabean,Soyabeen,FAQ,2026-01-22,5185.0,5185.0,5185.0,0.875,Rs./Quintal,Metric Tonnes
Madhya Pradesh,Jhabua,Petlawad APMC,Wheat,Wheat,FAQ,2026-01-22,2425.0,2530.0,2500.0,31.665,Rs./Quintal,Metric Tonnes
Madhya Pradesh,Shivpuri,Pichhour APMC,Groundnut,Big (With Shell),Non-FAQ,2026-01-22,5655.0,5860.0,5660.0,21.1,Rs./Quintal,Metric Tonnes
Madhya Pradesh,Shivpuri,Pichhour APMC,Groundnut,Big (With Shell),FAQ,2026-01-22,5820.0,5820.0,5820.0,2.7,Rs./Quintal,Metric Tonnes
Madhya Pradesh,Shivpuri,Pichhour APMC,Wheat,Wheat,Non-FAQ,2026-01-22,2420.0,2435.0,2435.0,31.1,Rs./Quintal,Metric Tonnes
Madhya Pradesh,Shivpuri,Pichhour APMC,Wheat,Mill Quality,Non-FAQ,2026-01-22,2425.0,2440.0,2440.0,22.8,Rs./Quintal,Metric Tonnes
Madhya Pradesh,Hoshangabad,Pipariya APMC,Bengal Gram(Gram)(Whole),Gram,FAQ,2026-01-22,4700.0,5716.0,4900.0,101.45,Rs./Quintal,Metric Tonnes
Madhya Pradesh,Hoshangabad,Pipariya APMC,Green Gram(Moong)(Whole),Green (Whole),FAQ,2026-01-22,1250.0,6880.0,5900.0,23.05,Rs./Quintal,Metric Tonnes
Madhya Pradesh,Hoshangabad,Pipariya APMC,Green Gram(Moong)(Whole),Green (Whole),Non-FAQ,2026-01-22,5500.0,5500.0,5500.0,2.95,Rs./Quintal,Metric Tonnes
Madhya Pradesh,Hoshangabad,Pipariya APMC,Maize,Local,FAQ,2026-01-22,1450.0,1591.0,1591.0,16.35,Rs./Quintal,Metric Tonnes
Madhya Pradesh,Hoshangabad,Pipariya APMC,Paddy(Common),Paddy,FAQ,2026-01-22,3700.0,3700.0,3700.0,53.797000000000004,Rs./Quintal,Metric Tonnes
Madhya Pradesh,Hoshangabad,Pipariya APMC,Paddy(Common),Puspa (MR 301),FAQ,2026-01-22,3000.0,3980.0,3800.0,1454.0680000000002,Rs./Quintal,Metric Tonnes
Madhya Pradesh,Hoshangabad,Pipariya APMC,Paddy(Common),Basmati,FAQ,2026-01-22,3930.0,3970.0,3960.0,212.135,Rs./Quintal,Metric Tonnes
Madhya Pradesh,Hoshangabad,Pipariya APMC,Red gram/Arhar/Tur(whole),Arhar Dal(Tur),FAQ,2026-01-22,1750.0,7250.0,7250.0,47.56,Rs./Quintal,Metric Tonnes
Madhya Pradesh,Hoshangabad,Pipariya APMC,Soyabean,Soyabeen,FAQ,2026-01-22,4971.0,4971.0,4971.0,1.1,Rs./Quintal,Metric Tonnes
Madhya Pradesh,Hoshangabad,Pipariya APMC,Wheat,Wheat,FAQ,2026-01-22,2252.0,2611.0,2545.0,1085.575,Rs./Quintal,Metric Tonnes
Madhya Pradesh,Hoshangabad,Pipariya APMC,Wheat,Wheat,Non-FAQ,2026-01-22,2400.0,2420.0,2420.0,15.200000000000001,Rs./Quintal,Metric Tonnes
Madhya Pradesh,Mandsaur,Piplya APMC,Bengal Gram(Gram)(Whole),Gram,FAQ,2026-01-22,5200.0,5200.0,5200.0,1.0050000000000001,Rs./Quintal,Metric Tonnes
Madhya Pradesh,Mandsaur,Piplya APMC,Garlic,Garlic,FAQ,2026-01-22,1501.0,14681.0,8000.0,121.862,Rs./Quintal,Metric Tonnes
Madhya Pradesh,Mandsaur,Piplya APMC,Lentil(Masur)(Whole),Masur Dal,FAQ,2026-01-22,5751.0,5751.0,5751.0,0.126,Rs./Quintal,Metric Tonnes
Madhya Pradesh,Mandsaur,Piplya APMC,Methi Seeds,Methiseeds,FAQ,2026-01-22,5560.0,5560.0,5560.0,0.128,Rs./Quintal,Metric Tonnes
Madhya Pradesh,Mandsaur,Piplya APMC,Mustard,Mustard,FAQ,2026-01-22,5201.0,5500.0,5500.0,0.497,Rs./Quintal,Metric Tonnes
Madhya Pradesh,Mandsaur,Piplya APMC,Soyabean,Soyabeen,FAQ,2026-01-22,1901.0,5513.0,5501.0,44.509,Rs./Quintal,Metric Tonnes
Madhya Pradesh,Mandsaur,Piplya APMC,Wheat,Wheat,FAQ,2026-01-22,2472.0,2651.0,2550.0,11.767000000000001,Rs./Quintal,Metric Tonnes
Madhya Pradesh,Mandsaur,Piplya APMC,Wheat,Lokwan,FAQ,2026-01-22,2552.0,2730.0,2730.0,1.473,Rs./Quintal,Metric Tonnes
Madhya Pradesh,Shivpuri,Pohari APMC,Bengal Gram(Gram)(Whole),Gram,Non-FAQ,2026-01-22,4915.0,4915.0,4915.0,0.126,Rs./Quintal,Metric Tonnes
Madhya Pradesh,Shivpuri,Pohari APMC,Groundnut,Big (With Shell),Non-FAQ,2026-01-22,6195.0,6195.0,6195.0,0.10800000000000001,Rs./Quintal,Metric Tonnes
Madhya Pradesh,Shivpuri,Pohari APMC,Maize,Local,Non-FAQ,2026-01-22,1105.0,1300.0,1300.0,1.832,Rs./Quintal,Metric Tonnes
Madhya Pradesh,Shivpuri,Pohari APMC,Mustard,Mustard,Non-FAQ,2026-01-22,4795.0,7025.0,6275.0,99.17000000000002,Rs./Quintal,Metric Tonnes
Madhya Pradesh,Shivpuri,Pohari APMC,Mustard,Mustard,FAQ,2026-01-22,6255.0,6255.0,6255.0,0.7410000000000001,Rs./Quintal,Metric Tonnes
Madhya Pradesh,Shivpuri,Pohari APMC,Soyabean,Soyabeen,Non-FAQ,2026-01-22,4700.0,5405.0,5405.0,29.286,Rs./Quintal,Metric Tonnes
Madhya Pradesh,Shivpuri,Pohari APMC,Wheat,Wheat,Non-FAQ,2026-01-22,2445.0,2470.0,2470.0,1.21,Rs./Quintal,Metric Tonnes
Madhya Pradesh,Morena,Porsa APMC,Bajra(Pearl Millet/Cumbu),Millet,Non-FAQ,2026-01-22,1830.0,1850.0,1830.0,14.0,Rs./Quintal,Metric Tonnes
Madhya Pradesh,Morena,Porsa APMC,Mustard,Mustard,FAQ,2026-01-22,6470.0,6525.0,6500.0,16.53,Rs./Quintal,Metric Tonnes
Madhya Pradesh,Tikamgarh,Prithvipur APMC,Wheat,Mill Quality,Non-FAQ,2026-01-22,2480.0,2560.0,2500.0,196.3,Rs./Quintal,Metric Tonnes
Madhya Pradesh,Guna,Raghogarh APMC,Maize,Local,FAQ,2026-01-22,1120.0,1640.0,1610.0,114.21400000000001,Rs./Quintal,Metric Tonnes
Madhya Pradesh,Guna,Raghogarh APMC,Wheat,Wheat,FAQ,2026-01-22,2480.0,2545.0,2545.0,3.6159999999999997,Rs./Quintal,Metric Tonnes
Madhya Pradesh,Sagar,Rahatgarh APMC,Bengal Gram(Gram)(Whole),Desi (F.A.Q. Split),Non-FAQ,2026-01-22,4700.0,5299.0,5299.0,0.976,Rs./Quintal,Metric Tonnes
Madhya Pradesh,Sagar,Rahatgarh APMC,Lentil(Masur)(Whole),Local,Non-FAQ,2026-01-22,5600.0,5600.0,5600.0,0.15400000000000003,Rs./Quintal,Metric Tonnes
Madhya Pradesh,Sagar,Rahatgarh APMC,Maize,Local,Non-FAQ,2026-01-22,1345.0,1631.0,1565.0,171.79600000000002,Rs./Quintal,Metric Tonnes
Madhya Pradesh,Sagar,Rahatgarh APMC,Mustard,Mustard,Non-FAQ,2026-01-22,5099.0,6470.0,6470.0,0.252,Rs./Quintal,Metric Tonnes
Madhya Pradesh,Sagar,Rahatgarh APMC,Soyabean,Yellow,Non-FAQ,2026-01-22,5080.0,5500.0,5500.0,3.7520000000000007,Rs./Quintal,Metric Tonnes
Madhya Pradesh,Sagar,Rahatgarh APMC,Soyabean,Yellow,FAQ,2026-01-22,4848.0,5384.0,5384.0,3.605,Rs./Quintal,Metric Tonnes
Madhya Pradesh,Sagar,Rahatgarh APMC,Wheat,Wheat,Non-FAQ,2026-01-22,2400.0,2400.0,2400.0,6.53,Rs./Quintal,Metric Tonnes
Madhya Pradesh,Sagar,Rahatgarh APMC,Wheat,Mill Quality,Non-FAQ,2026-01-22,2408.0,2585.0,2585.0,31.97,Rs./Quintal,Metric Tonnes
Madhya Pradesh,Raisen,Raisen APMC,Paddy(Common),Puspa (MR 301),FAQ,2026-01-22,3410.0,3900.0,3700.0,106.25999999999999,Rs./Quintal,Metric Tonnes
Madhya Pradesh,Raisen,Raisen APMC,Paddy(Common),Basmati,FAQ,2026-01-22,1800.0,4055.0,3870.0,2033.813,Rs./Quintal,Metric Tonnes
Madhya Pradesh,Raisen,Raisen APMC,Paddy(Common),Paddy fine,FAQ,2026-01-22,3901.0,3901.0,3901.0,3.59,Rs./Quintal,Metric Tonnes
Madhya Pradesh,Raisen,Raisen APMC,Paddy(Common),Paddy,FAQ,2026-01-22,3640.0,3980.0,3860.0,181.245,Rs./Quintal,Metric Tonnes
Madhya Pradesh,Raisen,Raisen APMC,Wheat,Wheat,FAQ,2026-01-22,2400.0,2500.0,2500.0,4.222,Rs./Quintal,Metric Tonnes
Madhya Pradesh,Raisen,Raisen APMC,Wheat,Mill Quality,FAQ,2026-01-22,2602.0,2602.0,2602.0,3.5,Rs./Quintal,Metric Tonnes
Madhya Pradesh,Dhar,Rajgarh APMC,Cotton,Without Ginned Cotton,FAQ,2026-01-22,7520.0,7640.0,7600.0,21.6,Rs./Quintal,Metric Tonnes
Madhya Pradesh,Dhar,Rajgarh APMC,Lentil(Masur)(Whole),Masur Dal,FAQ,2026-01-22,5050.0,5050.0,5050.0,3.85,Rs./Quintal,Metric Tonnes
Madhya Pradesh,Dhar,Rajgarh APMC,Maize,Local,FAQ,2026-01-22,1541.0,1795.0,1600.0,3.7960000000000003,Rs./Quintal,Metric Tonnes
Madhya Pradesh,Dhar,Rajgarh APMC,Maize,Local,Non-FAQ,2026-01-22,1550.0,1626.0,1626.0,3.1710000000000003,Rs./Quintal,Metric Tonnes
Madhya Pradesh,Dhar,Rajgarh APMC,Soyabean,Yellow,FAQ,2026-01-22,3400.0,6260.0,5301.0,49.167,Rs./Quintal,Metric Tonnes
Madhya Pradesh,Dhar,Rajgarh APMC,Soyabean,Yellow,Non-FAQ,2026-01-22,2001.0,5376.0,5351.0,29.224000000000004,Rs./Quintal,Metric Tonnes
Madhya Pradesh,Dhar,Rajgarh APMC,Wheat,Lokwan,FAQ,2026-01-22,2650.0,2650.0,2650.0,6.08,Rs./Quintal,Metric Tonnes
Madhya Pradesh,Dhar,Rajgarh APMC,Wheat,Wheat,Non-FAQ,2026-01-22,2442.0,2726.0,2671.0,25.403000000000002,Rs./Quintal,Metric Tonnes
Madhya Pradesh,Dhar,Rajgarh APMC,Wheat,Wheat,FAQ,2026-01-22,2400.0,2715.0,2681.0,25.568,Rs./Quintal,Metric Tonnes
Madhya Pradesh,Chhatarpur,Rajnagar APMC,Black Gram(Urd Beans)(Whole),Urda/Urd,Non-FAQ,2026-01-22,4810.0,5125.0,4825.0,36.5,Rs./Quintal,Metric Tonnes
Madhya Pradesh,Chhatarpur,Rajnagar APMC,Soyabean,Soyabeen,Non-FAQ,2026-01-22,4390.0,4450.0,4425.0,58.0,Rs./Quintal,Metric Tonnes
Madhya Pradesh,Chhatarpur,Rajnagar APMC,Wheat,Wheat Mix,Non-FAQ,2026-01-22,2500.0,2525.0,2515.0,532.35,Rs./Quintal,Metric Tonnes
Madhya Pradesh,Satna,Ramnagar APMC,Wheat,Mill Quality,Non-FAQ,2026-01-22,2495.0,2500.0,2500.0,16.0,Rs./Quintal,Metric Tonnes
Madhya Pradesh,Shivpuri,Rannod APMC,Maize,Local,FAQ,2026-01-22,1351.0,1565.0,1565.0,3.4000000000000004,Rs./Quintal,Metric Tonnes
Madhya Pradesh,Ratlam,Ratlam APMC,Bengal Gram(Gram)(Whole),Gram,FAQ,2026-01-22,4814.0,5700.0,5200.0,6.754000000000001,Rs./Quintal,Metric Tonnes
Madhya Pradesh,Ratlam,Ratlam APMC,Cotton,Without Ginned Cotton,FAQ,2026-01-22,6600.0,8100.0,7600.0,8.881,Rs./Quintal,Metric Tonnes
Madhya Pradesh,Ratlam,Ratlam APMC,Garlic,Garlic,FAQ,2026-01-22,2500.0,12603.0,6700.0,25.89,Rs./Quintal,Metric Tonnes
Madhya Pradesh,Ratlam,Ratlam APMC,Garlic,Desi,FAQ,2026-01-22,201.0,13000.0,13000.0,15.218000000000002,Rs./Quintal,Metric Tonnes
Madhya Pradesh,Ratlam,Ratlam APMC,Green Peas,Pea,FAQ,2026-01-22,2290.0,4850.0,4850.0,14.546000000000001,Rs./Quintal,Metric Tonnes
Madhya Pradesh,Ratlam,Ratlam APMC,Kabuli Chana(Chickpeas-White),Dollar Gram,FAQ,2026-01-22,4000.0,8752.0,7151.0,14.381,Rs./Quintal,Metric Tonnes
Madhya Pradesh,Ratlam,Ratlam APMC,Maize,Local,FAQ,2026-01-22,1600.0,1680.0,1680.0,16.536,Rs./Quintal,Metric Tonnes
Madhya Pradesh,Ratlam,Ratlam APMC,Onion,Onion,FAQ,2026-01-22,300.0,1982.0,1500.0,386.423,Rs./Quintal,Metric Tonnes
Madhya Pradesh,Ratlam,Ratlam APMC,Onion,Onion,Non-FAQ,2026-01-22,200.0,6780.0,1481.0,162.33,Rs./Quintal,Metric Tonnes
Madhya Pradesh,Ratlam,Ratlam APMC,Soyabean,Soyabeen,FAQ,2026-01-22,1801.0,5750.0,5400.0,180.979,Rs./Quintal,Metric Tonnes
Madhya Pradesh,Ratlam,Ratlam APMC,Wheat,Wheat,FAQ,2026-01-22,2450.0,2939.0,2600.0,214.198,Rs./Quintal,Metric Tonnes
Madhya Pradesh,Ratlam,Ratlam APMC,Wheat,Wheat Mix,FAQ,2026-01-22,2487.0,2487.0,2487.0,2.567,Rs./Quintal,Metric Tonnes
Madhya Pradesh,Ratlam,Ratlam APMC,Wheat,Lokwan,FAQ,2026-01-22,2674.0,2997.0,2997.0,76.235,Rs./Quintal,Metric Tonnes
Madhya Pradesh,Sehore,Rehati APMC,Maize,Local,FAQ,2026-01-22,1126.0,1600.0,1400.0,483.367,Rs./Quintal,Metric Tonnes
Madhya Pradesh,Sehore,Rehati APMC,Maize,Local,Non-FAQ,2026-01-22,1572.0,1572.0,1572.0,4.670000000000001,Rs./Quintal,Metric Tonnes
Madhya Pradesh,Sehore,Rehati APMC,Wheat,Wheat,FAQ,2026-01-22,2451.0,2501.0,2501.0,51.577,Rs./Quintal,Metric Tonnes
Madhya Pradesh,Sagar,Rehli APMC,Bengal Gram(Gram)(Whole),Gram,Non-FAQ,2026-01-22,5025.0,5200.0,5050.0,72.205,Rs./Quintal,Metric Tonnes
Madhya Pradesh,Sagar,Rehli APMC,Maize,Local,FAQ,2026-01-22,1476.0,1476.0,1476.0,13.5,Rs./Quintal,Metric Tonnes
Madhya Pradesh,Sagar,Rehli APMC,Maize,Local,Non-FAQ,2026-01-22,1401.0,1700.0,1600.0,1338.576,Rs./Quintal,Metric Tonnes
Madhya Pradesh,Sagar,Rehli APMC,Soyabean,Soyabeen,Non-FAQ,2026-01-22,4951.0,4951.0,4951.0,3.58,Rs./Quintal,Metric Tonnes
Madhya Pradesh,Sagar,Rehli APMC,Wheat,Wheat,Non-FAQ,2026-01-22,2375.0,2466.0,2466.0,51.5,Rs./Quintal,Metric Tonnes
Madhya Pradesh,Rewa,Rewa APMC,Kodo Millet(Varagu),Kondo,FAQ,2026-01-22,2369.0,2409.0,2409.0,30.680000000000003,Rs./Quintal,Metric Tonnes
Madhya Pradesh,Rewa,Rewa APMC,Lentil(Masur)(Whole),Local,FAQ,2026-01-22,5133.0,5133.0,5133.0,0.17500000000000002,Rs./Quintal,Metric Tonnes
Madhya Pradesh,Rewa,Rewa APMC,Mustard,Sarson(Black),FAQ,2026-01-22,5800.0,6041.0,6041.0,3.19,Rs./Quintal,Metric Tonnes
Madhya Pradesh,Rewa,Rewa APMC,Wheat,Mill Quality,FAQ,2026-01-22,2421.0,2588.0,2565.0,279.305,Rs./Quintal,Metric Tonnes
Madhya Pradesh,Morena,Sabalgarh APMC,Bajra(Pearl Millet/Cumbu),Millet,Non-FAQ,2026-01-22,1894.0,1900.0,1900.0,4.64,Rs./Quintal,Metric Tonnes
Madhya Pradesh,Morena,Sabalgarh APMC,Mustard,Sarson(Black),Non-FAQ,2026-01-22,6550.0,6665.0,6600.0,11.751000000000001,Rs./Quintal,Metric Tonnes
Madhya Pradesh,Morena,Sabalgarh APMC,Red gram/Arhar/Tur(whole),Arhar Dal(Tur),Non-FAQ,2026-01-22,5000.0,5000.0,5000.0,0.7450000000000001,Rs./Quintal,Metric Tonnes
Madhya Pradesh,Morena,Sabalgarh APMC,Wheat,Mill Quality,Non-FAQ,2026-01-22,2514.0,2514.0,2514.0,2.5,Rs./Quintal,Metric Tonnes
Madhya Pradesh,Sagar,Sagar APMC,Maize,Local,FAQ,2026-01-22,1460.0,1625.0,1560.0,227.07500000000002,Rs./Quintal,Metric Tonnes
Madhya Pradesh,Sagar,Sagar APMC,Red gram/Arhar/Tur(whole),Arhar Dal(Tur),FAQ,2026-01-22,7488.0,7488.0,7488.0,31.115,Rs./Quintal,Metric Tonnes
Madhya Pradesh,Sagar,Sagar APMC,Soyabean,Soyabeen,FAQ,2026-01-22,4750.0,5165.0,5080.0,14.940000000000001,Rs./Quintal,Metric Tonnes
Madhya Pradesh,Sagar,Sagar APMC,Wheat,PISSI,FAQ,2026-01-22,2405.0,2450.0,2425.0,6.638,Rs./Quintal,Metric Tonnes
Madhya Pradesh,Sagar,Sagar APMC,Wheat,Wheat,FAQ,2026-01-22,2375.0,2780.0,2500.0,67.099,Rs./Quintal,Metric Tonnes
Madhya Pradesh,Ratlam,Sailana APMC,Cotton,Without Ginned Cotton,Non-FAQ,2026-01-22,7421.0,7700.0,7700.0,13.700000000000001,Rs./Quintal,Metric Tonnes
Madhya Pradesh,Ratlam,Sailana APMC,Cotton,Without Ginned Cotton,FAQ,2026-01-22,7000.0,8300.0,7500.0,340.116,Rs./Quintal,Metric Tonnes
Madhya Pradesh,Ratlam,Sailana APMC,Garlic,Garlic,FAQ,2026-01-22,1000.0,12400.0,5800.0,5.2,Rs./Quintal,Metric Tonnes
Madhya Pradesh,Ratlam,Sailana APMC,Maize,Local,FAQ,2026-01-22,1650.0,1670.0,1670.0,14.088000000000001,Rs./Quintal,Metric Tonnes
Madhya Pradesh,Ratlam,Sailana APMC,Methi Seeds,Methiseeds,FAQ,2026-01-22,6090.0,6090.0,6090.0,0.031,Rs./Quintal,Metric Tonnes
Madhya Pradesh,Ratlam,Sailana APMC,Onion,Onion,FAQ,2026-01-22,560.0,1560.0,1560.0,6.445,Rs./Quintal,Metric Tonnes
Madhya Pradesh,Ratlam,Sailana APMC,Soyabean,Soyabeen,FAQ,2026-01-22,3000.0,6751.0,5100.0,54.065,Rs./Quintal,Metric Tonnes
Madhya Pradesh,Ratlam,Sailana APMC,Wheat,Wheat,FAQ,2026-01-22,2416.0,3209.0,3131.0,11.218000000000002,Rs./Quintal,Metric Tonnes
Madhya Pradesh,Khargone,Sanawad APMC,Bengal Gram(Gram)(Whole),Gram,FAQ,2026-01-22,7111.25,7111.25,7111.25,0.8650000000000001,Rs./Quintal,Metric Tonnes
Madhya Pradesh,Khargone,Sanawad APMC,Cotton,Without Ginned Cotton,Non-FAQ,2026-01-22,5600.0,6400.0,6400.0,1.725,Rs./Quintal,Metric Tonnes
Madhya Pradesh,Khargone,Sanawad APMC,Cotton,Without Ginned Cotton,FAQ,2026-01-22,6000.0,7500.0,7300.0,127.13499999999999,Rs./Quintal,Metric Tonnes
Madhya Pradesh,Khargone,Sanawad APMC,Kabuli Chana(Chickpeas-White),Dollar Gram,FAQ,2026-01-22,5400.0,8825.0,8200.0,4.061,Rs./Quintal,Metric Tonnes
Madhya Pradesh,Khargone,Sanawad APMC,Maize,Local,FAQ,2026-01-22,1174.0,1526.0,1526.0,2.352,Rs./Quintal,Metric Tonnes
Madhya Pradesh,Khargone,Sanawad APMC,Red gram/Arhar/Tur(whole),Arhar Dal(Tur),FAQ,2026-01-22,5500.0,6500.0,6500.0,3.5,Rs./Quintal,Metric Tonnes
Madhya Pradesh,Khargone,Sanawad APMC,Wheat,Wheat,FAQ,2026-01-22,2400.0,2679.0,2520.0,55.406,Rs./Quintal,Metric Tonnes
Madhya Pradesh,Khargone,Sanawad APMC,Wheat,Wheat,Non-FAQ,2026-01-22,2405.0,2405.0,2405.0,8.22,Rs./Quintal,Metric Tonnes
Madhya Pradesh,Indore,Sanwer APMC,Soyabean,Soyabeen,FAQ,2026-01-22,4190.0,5385.0,5100.0,108.903,Rs./Quintal,Metric Tonnes
Madhya Pradesh,Indore,Sanwer APMC,Wheat,Wheat,Non-FAQ,2026-01-22,2400.0,2605.0,2605.0,5.031000000000001,Rs./Quintal,Metric Tonnes
Madhya Pradesh,Indore,Sanwer APMC,Wheat,Wheat,FAQ,2026-01-22,2430.0,2824.0,2450.0,99.88600000000001,Rs./Quintal,Metric Tonnes
Madhya Pradesh,Rajgarh,Sarangpur APMC,Soyabean,Soyabeen,FAQ,2026-01-22,4851.0,5126.0,5126.0,2.849,Rs./Quintal,Metric Tonnes
Madhya Pradesh,Rajgarh,Sarangpur APMC,Wheat,Mill Quality,FAQ,2026-01-22,2380.0,2525.0,2500.0,56.757000000000005,Rs./Quintal,Metric Tonnes
Madhya Pradesh,Satna,Satna APMC,Barley(Jau),Barley,FAQ,2026-01-22,2345.0,2354.0,2354.0,0.21600000000000003,Rs./Quintal,Metric Tonnes
Madhya Pradesh,Satna,Satna APMC,Bengal Gram(Gram)(Whole),Gram,FAQ,2026-01-22,4400.0,5500.0,5400.0,42.795,Rs./Quintal,Metric Tonnes
Madhya Pradesh,Satna,Satna APMC,Black Gram(Urd Beans)(Whole),Urda/Urd,FAQ,2026-01-22,4790.0,7280.0,7280.0,9.322000000000001,Rs./Quintal,Metric Tonnes
Madhya Pradesh,Satna,Satna APMC,Green Gram(Moong)(Whole),Green (Whole),FAQ,2026-01-22,5505.0,6025.0,6025.0,0.6200000000000001,Rs./Quintal,Metric Tonnes
Madhya Pradesh,Satna,Satna APMC,Green Peas,Pea,FAQ,2026-01-22,2355.0,3675.0,3625.0,3.465,Rs./Quintal,Metric Tonnes
Madhya Pradesh,Satna,Satna APMC,Lak(Teora),Tiwada,FAQ,2026-01-22,2800.0,3495.0,3495.0,18.825,Rs./Quintal,Metric Tonnes
Madhya Pradesh,Satna,Satna APMC,Lentil(Masur)(Whole),Masur Dal,FAQ,2026-01-22,3000.0,6295.0,5655.0,10.941,Rs./Quintal,Metric Tonnes
Madhya Pradesh,Satna,Satna APMC,Linseed,Flaxseed,FAQ,2026-01-22,6300.0,7900.0,7900.0,1.6360000000000001,Rs./Quintal,Metric Tonnes
Madhya Pradesh,Satna,Satna APMC,Mustard,Mustard,FAQ,2026-01-22,6100.0,6545.0,6455.0,22.354,Rs./Quintal,Metric Tonnes
Madhya Pradesh,Satna,Satna APMC,Red gram/Arhar/Tur(whole),Arhar Dal(Tur),FAQ,2026-01-22,4255.0,7195.0,7195.0,4.948,Rs./Quintal,Metric Tonnes
Madhya Pradesh,Satna,Satna APMC,"Sesamum(Sesame,Gingelly,Til)",Sesame,FAQ,2026-01-22,7800.0,8305.0,8305.0,1.485,Rs./Quintal,Metric Tonnes
Madhya Pradesh,Satna,Satna APMC,Soyabean,Soyabeen,FAQ,2026-01-22,4895.0,5190.0,5190.0,1.0630000000000002,Rs./Quintal,Metric Tonnes
Madhya Pradesh,Satna,Satna APMC,Wheat,Wheat,FAQ,2026-01-22,2470.0,2618.0,2560.0,250.056,Rs./Quintal,Metric Tonnes
Madhya Pradesh,Satna,Satna APMC,Wheat,Wheat,Non-FAQ,2026-01-22,2500.0,2550.0,2550.0,61.492,Rs./Quintal,Metric Tonnes
Madhya Pradesh,Satna,Satna APMC,buttery,Buttery,FAQ,2026-01-22,2755.0,3350.0,3305.0,9.655000000000001,Rs./Quintal,Metric Tonnes
Madhya Pradesh,Chhindwara,Saunsar APMC,Maize,Local,FAQ,2026-01-22,1531.0,1531.0,1531.0,12.100000000000001,Rs./Quintal,Metric Tonnes
Madhya Pradesh,Chhindwara,Saunsar APMC,Maize,Yellow,FAQ,2026-01-22,1500.0,1800.05,1800.0,2486.201,Rs./Quintal,Metric Tonnes
Madhya Pradesh,Khargone,Segaon APMC,Maize,Local,Non-FAQ,2026-01-22,1565.0,1565.0,1565.0,10.0,Rs./Quintal,Metric Tonnes
Madhya Pradesh,Khargone,Segaon APMC,Maize,Local,FAQ,2026-01-22,1550.0,1625.0,1600.0,43.61000000000001,Rs./Quintal,Metric Tonnes
Madhya Pradesh,Jabalpur,Sehora APMC,Bengal Gram(Gram)(Whole),Desi (F.A.Q. Split),FAQ,2026-01-22,4690.0,5495.0,5495.0,2.596,Rs./Quintal,Metric Tonnes
Madhya Pradesh,Jabalpur,Sehora APMC,Lentil(Masur)(Whole),Masur Dal,FAQ,2026-01-22,5099.0,5099.0,5099.0,0.10900000000000001,Rs./Quintal,Metric Tonnes
Madhya Pradesh,Jabalpur,Sehora APMC,Paddy(Common),Common,FAQ,2026-01-22,1500.0,2369.0,1896.0,513.4010000000001,Rs./Quintal,Metric Tonnes
Madhya Pradesh,Jabalpur,Sehora APMC,Water chestnut,Water chestnut,FAQ,2026-01-22,9010.0,23415.0,15900.0,12.58,Rs./Quintal,Metric Tonnes
Madhya Pradesh,Jabalpur,Sehora APMC,Wheat,Mill Quality,FAQ,2026-01-22,2490.0,2594.0,2561.0,161.62900000000002,Rs./Quintal,Metric Tonnes
Madhya Pradesh,Sehore,Sehore APMC,Bengal Gram(Gram)(Whole),Chana Kanta,FAQ,2026-01-22,3500.0,5365.0,5365.0,1.56,Rs./Quintal,Metric Tonnes
Madhya Pradesh,Sehore,Sehore APMC,Bengal Gram(Gram)(Whole),Chana Kabuli,FAQ,2026-01-22,4100.0,5061.0,5061.0,0.281,Rs./Quintal,Metric Tonnes
Madhya Pradesh,Sehore,Sehore APMC,Bengal Gram(Gram)(Whole),Gram,FAQ,2026-01-22,4500.0,4500.0,4500.0,0.052000000000000005,Rs./Quintal,Metric Tonnes
Madhya Pradesh,Sehore,Sehore APMC,Garlic,Garlic,FAQ,2026-01-22,301.0,11400.0,3000.0,40.599000000000004,Rs./Quintal,Metric Tonnes
Madhya Pradesh,Sehore,Sehore APMC,Lentil(Masur)(Whole),Masur Dal,FAQ,2026-01-22,5400.0,5500.0,5500.0,0.13799999999999998,Rs./Quintal,Metric Tonnes
Madhya Pradesh,Sehore,Sehore APMC,Maize,Local,FAQ,2026-01-22,1430.0,1730.0,1430.0,64.743,Rs./Quintal,Metric Tonnes
Madhya Pradesh,Sehore,Sehore APMC,Mustard,Mustard,FAQ,2026-01-22,4650.0,4650.0,4650.0,0.313,Rs./Quintal,Metric Tonnes
Madhya Pradesh,Sehore,Sehore APMC,Onion,Onion,FAQ,2026-01-22,100.0,1799.0,1799.0,22.736000000000004,Rs./Quintal,Metric Tonnes
Madhya Pradesh,Sehore,Sehore APMC,Red gram/Arhar/Tur(whole),Arhar Dal(Tur),FAQ,2026-01-22,6000.0,6000.0,6000.0,0.682,Rs./Quintal,Metric Tonnes
Madhya Pradesh,Sehore,Sehore APMC,Soyabean,Yellow,Non-FAQ,2026-01-22,2836.0,5380.0,5380.0,9.641,Rs./Quintal,Metric Tonnes
Madhya Pradesh,Sehore,Sehore APMC,Soyabean,Yellow,FAQ,2026-01-22,3000.0,6300.0,5400.0,210.749,Rs./Quintal,Metric Tonnes
Madhya Pradesh,Sehore,Sehore APMC,Wheat,Mill Quality,FAQ,2026-01-22,2375.0,2578.0,2555.0,26.963,Rs./Quintal,Metric Tonnes
Madhya Pradesh,Sehore,Sehore APMC,Wheat,Wheat,FAQ,2026-01-22,2500.0,2500.0,2500.0,0.265,Rs./Quintal,Metric Tonnes
Madhya Pradesh,Sehore,Sehore APMC,Wheat,Malwa Shakti,FAQ,2026-01-22,2407.0,2515.0,2451.0,15.366999999999999,Rs./Quintal,Metric Tonnes
Madhya Pradesh,Sehore,Sehore APMC,Wheat,Sharbati,FAQ,2026-01-22,2900.0,3570.0,3570.0,2.1430000000000002,Rs./Quintal,Metric Tonnes
Madhya Pradesh,Sehore,Sehore APMC,Wheat,Lokwan,FAQ,2026-01-22,2201.0,2961.0,2700.0,163.87,Rs./Quintal,Metric Tonnes
Madhya Pradesh,Hoshangabad,Semriharchand APMC,Bengal Gram(Gram)(Whole),Desi (F.A.Q. Split),FAQ,2026-01-22,4400.0,5500.0,5500.0,0.8800000000000001,Rs./Quintal,Metric Tonnes
Madhya Pradesh,Hoshangabad,Semriharchand APMC,Paddy(Common),Paddy,FAQ,2026-01-22,3750.0,3750.0,3750.0,108.235,Rs./Quintal,Metric Tonnes
Madhya Pradesh,Hoshangabad,Semriharchand APMC,Paddy(Common),Puspa (MR 301),Non-FAQ,2026-01-22,3600.0,3850.0,3700.0,62.715,Rs./Quintal,Metric Tonnes
Madhya Pradesh,Hoshangabad,Semriharchand APMC,Paddy(Common),Puspa (MR 301),FAQ,2026-01-22,3100.0,4050.0,3800.0,972.396,Rs./Quintal,Metric Tonnes
Madhya Pradesh,Hoshangabad,Semriharchand APMC,Paddy(Common),Basmati,FAQ,2026-01-22,800.0,4111.0,3800.0,1224.163,Rs./Quintal,Metric Tonnes
Madhya Pradesh,Hoshangabad,Semriharchand APMC,Wheat,Mill Quality,FAQ,2026-01-22,2443.0,2538.0,2538.0,3.23,Rs./Quintal,Metric Tonnes
Madhya Pradesh,Badwani,Sendhwa APMC,Cotton,Without Ginned Cotton,FAQ,2026-01-22,6300.0,7800.0,7800.0,83.95700000000001,Rs./Quintal,Metric Tonnes
Madhya Pradesh,Badwani,Sendhwa APMC,Maize,Local,FAQ,2026-01-22,1515.0,1560.0,1550.0,28.445,Rs./Quintal,Metric Tonnes
Madhya Pradesh,Badwani,Sendhwa APMC,Red gram/Arhar/Tur(whole),Arhar Dal(Tur),FAQ,2026-01-22,6835.0,7000.0,7000.0,11.990000000000002,Rs./Quintal,Metric Tonnes
Madhya Pradesh,Badwani,Sendhwa APMC,Soyabean,Soyabeen,FAQ,2026-01-22,5240.0,5385.0,5325.0,17.492,Rs./Quintal,Metric Tonnes
Madhya Pradesh,Seoni,Seoni APMC,Maize,Maize/Corn-Organic,FAQ,2026-01-22,1600.0,1633.0,1633.0,25.995,Rs./Quintal,Metric Tonnes
Madhya Pradesh,Seoni,Seoni APMC,Maize,Local,FAQ,2026-01-22,1553.0,1915.0,1771.0,248.65500000000003,Rs./Quintal,Metric Tonnes
Madhya Pradesh,Seoni,Seoni APMC,Maize,Yellow,FAQ,2026-01-22,1525.0,1666.0,1600.0,686.7260000000001,Rs./Quintal,Metric Tonnes
Madhya Pradesh,Seoni,Seoni APMC,Maize,Local,Non-FAQ,2026-01-22,1600.0,1650.0,1650.0,32.1,Rs./Quintal,Metric Tonnes
Madhya Pradesh,Seoni,Seoni APMC,Maize,Yellow,Non-FAQ,2026-01-22,1525.0,1920.0,1633.0,1536.656,Rs./Quintal,Metric Tonnes
Madhya Pradesh,Datia,Sevda APMC,Gur(Jaggery),Jaggery,FAQ,2026-01-22,3000.0,3000.0,3000.0,35.0,Rs./Quintal,Metric Tonnes
Madhya Pradesh,Datia,Sevda APMC,Paddy(Common),Dhan,FAQ,2026-01-22,3280.0,3715.0,3715.0,22.200000000000003,Rs./Quintal,Metric Tonnes
Madhya Pradesh,Datia,Sevda APMC,Paddy(Common),Dhan,Non-FAQ,2026-01-22,3025.0,3260.0,3205.0,38.0,Rs./Quintal,Metric Tonnes
Madhya Pradesh,Datia,Sevda APMC,Paddy(Common),Paddy,FAQ,2026-01-22,3290.0,3990.0,3680.0,231.60000000000002,Rs./Quintal,Metric Tonnes
Madhya Pradesh,Datia,Sevda APMC,Wheat,Mill Quality,FAQ,2026-01-22,2470.0,2517.0,2508.0,82.10000000000001,Rs./Quintal,Metric Tonnes
Madhya Pradesh,Datia,Sevda APMC,Wheat,Wheat,Non-FAQ,2026-01-22,2460.0,2550.0,2500.0,59.1,Rs./Quintal,Metric Tonnes
Madhya Pradesh,Datia,Sevda APMC,Wheat,Mill Quality,Non-FAQ,2026-01-22,2441.0,2478.0,2455.0,13.200000000000001,Rs./Quintal,Metric Tonnes
Madhya Pradesh,Ashoknagar,Shadora APMC,Maize,Local,FAQ,2026-01-22,1205.0,1770.0,1595.0,423.23100000000005,Rs./Quintal,Metric Tonnes
Madhya Pradesh,Ashoknagar,Shadora APMC,Maize,Local,Non-FAQ,2026-01-22,1280.0,1715.0,1395.0,176.645,Rs./Quintal,Metric Tonnes
Madhya Pradesh,Sagar,Shahagarh APMC,Soyabean,Soyabeen,Non-FAQ,2026-01-22,4800.0,4800.0,4800.0,4.1000000000000005,Rs./Quintal,Metric Tonnes
Madhya Pradesh,Sagar,Shahagarh APMC,Wheat,Mill Quality,Non-FAQ,2026-01-22,2400.0,2400.0,2400.0,8.200000000000001,Rs./Quintal,Metric Tonnes
Madhya Pradesh,Sagar,Shahagarh APMC,Wheat,Mill Quality,FAQ,2026-01-22,2390.0,2400.0,2400.0,33.0,Rs./Quintal,Metric Tonnes
Madhya Pradesh,Shehdol,Shahdol APMC,Wheat,Wheat,Non-FAQ,2026-01-22,2400.0,2500.0,2500.0,13.0,Rs./Quintal,Metric Tonnes
Madhya Pradesh,Jabalpur,Shahpura Bhitoni (F&V) APMC,Maize,Yellow,FAQ,2026-01-22,1600.0,1660.0,1660.0,70.10000000000001,Rs./Quintal,Metric Tonnes
Madhya Pradesh,Jabalpur,Shahpura Bhitoni (F&V) APMC,Maize,Local,FAQ,2026-01-22,1625.0,1670.0,1670.0,17.7,Rs./Quintal,Metric Tonnes
Madhya Pradesh,Jabalpur,Shahpura Bhitoni (F&V) APMC,Paddy(Common),Paddy,FAQ,2026-01-22,2430.0,2430.0,2430.0,10.0,Rs./Quintal,Metric Tonnes
Madhya Pradesh,Jabalpur,Shahpura Bhitoni (F&V) APMC,Red gram/Arhar/Tur(whole),Arhar Dal(Tur),FAQ,2026-01-22,5975.0,6000.0,6000.0,8.0,Rs./Quintal,Metric Tonnes
Madhya Pradesh,Jabalpur,Shahpura Bhitoni (F&V) APMC,Wheat,Mill Quality,FAQ,2026-01-22,2500.0,2514.0,2500.0,14.9,Rs./Quintal,Metric Tonnes
Madhya Pradesh,Jabalpur,Shahpura Bhitoni (F&V) APMC,Wheat,Wheat,FAQ,2026-01-22,2495.0,2520.0,2520.0,7.9,Rs./Quintal,Metric Tonnes
Madhya Pradesh,Jabalpur,Shahpura(Jabalpur) APMC,Kutki,Kutki,FAQ,2026-01-22,3900.0,3900.0,3900.0,5.0,Rs./Quintal,Metric Tonnes
Madhya Pradesh,Jabalpur,Shahpura(Jabalpur) APMC,Paddy(Common),Paddy,Non-FAQ,2026-01-22,1800.0,1800.0,1800.0,6.0,Rs./Quintal,Metric Tonnes
Madhya Pradesh,Shajapur,Shajapur APMC,Coriander(Leaves),Coriander,FAQ,2026-01-22,6960.0,6960.0,6960.0,0.042,Rs./Bundle,Bundle
Madhya Pradesh,Shajapur,Shajapur APMC,Garlic,Garlic,FAQ,2026-01-22,1887.6,7094.87,5675.0,11.264000000000001,Rs./Quintal,Metric Tonnes
Madhya Pradesh,Shajapur,Shajapur APMC,Garlic,Desi,FAQ,2026-01-22,2300.0,9760.79,9760.79,1.217,Rs./Quintal,Metric Tonnes
Madhya Pradesh,Shajapur,Shajapur APMC,Kabuli Chana(Chickpeas-White),Bitkey,FAQ,2026-01-22,4765.0,4765.0,4765.0,0.1,Rs./Quintal,Metric Tonnes
Madhya Pradesh,Shajapur,Shajapur APMC,Kabuli Chana(Chickpeas-White),Dollar Gram,FAQ,2026-01-22,4145.0,4145.0,4145.0,0.067,Rs./Quintal,Metric Tonnes
Madhya Pradesh,Shajapur,Shajapur APMC,Mustard,Mustard,FAQ,2026-01-22,4800.0,4800.0,4800.0,0.41100000000000003,Rs./Quintal,Metric Tonnes
Madhya Pradesh,Shajapur,Shajapur APMC,Onion,Medium,FAQ,2026-01-22,235.7,1651.0,1501.0,715.484,Rs./Quintal,Metric Tonnes
Madhya Pradesh,Shajapur,Shajapur APMC,Onion,Onion,FAQ,2026-01-22,500.0,1665.0,1665.0,43.81700000000001,Rs./Quintal,Metric Tonnes
Madhya Pradesh,Shajapur,Shajapur APMC,Potato,Potato,FAQ,2026-01-22,184.0,989.0,651.0,189.556,Rs./Quintal,Metric Tonnes
Madhya Pradesh,Shajapur,Shajapur APMC,Potato,Potato,Non-FAQ,2026-01-22,299.39,752.0,752.0,35.857,Rs./Quintal,Metric Tonnes
Madhya Pradesh,Shajapur,Shajapur APMC,Soyabean,Soyabeen,FAQ,2026-01-22,1930.0,5680.0,5364.0,82.798,Rs./Quintal,Metric Tonnes
Madhya Pradesh,Shajapur,Shajapur APMC,Wheat,Wheat,FAQ,2026-01-22,2070.0,2786.0,2626.0,46.873000000000005,Rs./Quintal,Metric Tonnes
Madhya Pradesh,Mandsaur,Shamgarh APMC,Bengal Gram(Gram)(Whole),Gram,Non-FAQ,2026-01-22,4000.0,5250.0,5250.0,1.7350000000000003,Rs./Quintal,Metric Tonnes
Madhya Pradesh,Mandsaur,Shamgarh APMC,Black Gram(Urd Beans)(Whole),Urda/Urd,Non-FAQ,2026-01-22,5400.0,7041.0,7041.0,2.056,Rs./Quintal,Metric Tonnes
Madhya Pradesh,Mandsaur,Shamgarh APMC,Groundnut,Big (With Shell),Non-FAQ,2026-01-22,5450.0,8350.0,5450.0,2.4530000000000003,Rs./Quintal,Metric Tonnes
Madhya Pradesh,Mandsaur,Shamgarh APMC,Lentil(Masur)(Whole),Masur Dal,Non-FAQ,2026-01-22,6450.0,6700.0,6700.0,0.6280000000000001,Rs./Quintal,Metric Tonnes
Madhya Pradesh,Mandsaur,Shamgarh APMC,Maize,Local,Non-FAQ,2026-01-22,1551.0,1801.0,1801.0,8.672,Rs./Quintal,Metric Tonnes
Madhya Pradesh,Mandsaur,Shamgarh APMC,Mustard,Mustard,Non-FAQ,2026-01-22,5510.0,6400.0,6400.0,3.027,Rs./Quintal,Metric Tonnes
Madhya Pradesh,Mandsaur,Shamgarh APMC,Onion,Onion,Non-FAQ,2026-01-22,350.0,1700.0,800.0,47.187000000000005,Rs./Quintal,Metric Tonnes
Madhya Pradesh,Mandsaur,Shamgarh APMC,Onion,Onion,FAQ,2026-01-22,180.0,1380.0,1239.0,19.701,Rs./Quintal,Metric Tonnes
Madhya Pradesh,Mandsaur,Shamgarh APMC,Soyabean,Soyabeen,Non-FAQ,2026-01-22,1700.0,5328.0,5300.0,27.311000000000003,Rs./Quintal,Metric Tonnes
Madhya Pradesh,Mandsaur,Shamgarh APMC,Wheat,Wheat,Non-FAQ,2026-01-22,2490.0,2603.0,2570.0,3.081,Rs./Quintal,Metric Tonnes
Madhya Pradesh,Mandsaur,Shamgarh APMC,Wheat,Mill Quality,Non-FAQ,2026-01-22,2541.0,2570.0,2570.0,3.3020000000000005,Rs./Quintal,Metric Tonnes
Madhya Pradesh,Vidisha,Shamshabad APMC,Maize,Local,FAQ,2026-01-22,1367.0,1472.0,1472.0,14.925,Rs./Quintal,Metric Tonnes
Madhya Pradesh,Vidisha,Shamshabad APMC,Paddy(Common),Paddy,Non-FAQ,2026-01-22,2350.0,2450.0,2450.0,22.400000000000002,Rs./Quintal,Metric Tonnes
Madhya Pradesh,Vidisha,Shamshabad APMC,Soyabean,Soyabeen,FAQ,2026-01-22,4000.0,5200.0,5200.0,19.356,Rs./Quintal,Metric Tonnes
Madhya Pradesh,Vidisha,Shamshabad APMC,Wheat,Wheat,FAQ,2026-01-22,2301.0,2546.0,2406.0,21.041,Rs./Quintal,Metric Tonnes
Madhya Pradesh,Vidisha,Shamshabad APMC,Wheat,Mill Quality,FAQ,2026-01-22,2450.0,2460.0,2460.0,12.990000000000002,Rs./Quintal,Metric Tonnes
Madhya Pradesh,Sheopur,Sheopurbadod APMC,Mustard,Mustard,FAQ,2026-01-22,6477.0,6620.0,6620.0,0.9,Rs./Quintal,Metric Tonnes
Madhya Pradesh,Sheopur,Sheopurbadod APMC,Paddy(Common),Dhan,FAQ,2026-01-22,2400.0,3700.0,3655.0,253.52300000000002,Rs./Quintal,Metric Tonnes
Madhya Pradesh,Sheopur,Sheopurbadod APMC,Paddy(Common),Paddy,FAQ,2026-01-22,3450.0,3455.0,3455.0,11.21,Rs./Quintal,Metric Tonnes
Madhya Pradesh,Sheopur,Sheopurbadod APMC,Paddy(Common),Paddy-Organic,Non-FAQ,2026-01-22,3580.0,3580.0,3580.0,4.0,Rs./Quintal,Metric Tonnes
Madhya Pradesh,Sheopur,Sheopurbadod APMC,Wheat,Wheat,FAQ,2026-01-22,2512.0,2538.0,2531.0,40.580000000000005,Rs./Quintal,Metric Tonnes
Madhya Pradesh,Sheopur,Sheopurkalan APMC,Bengal Gram(Gram)(Whole),Gram,FAQ,2026-01-22,3700.0,5300.0,5300.0,1.2800000000000002,Rs./Quintal,Metric Tonnes
Madhya Pradesh,Sheopur,Sheopurkalan APMC,Coriander(Leaves),Coriander,FAQ,2026-01-22,5600.0,9745.0,7210.0,9.815000000000001,Rs./Bundle,Bundle
Madhya Pradesh,Sheopur,Sheopurkalan APMC,Green Gram(Moong)(Whole),Green (Whole),Non-FAQ,2026-01-22,5495.0,5495.0,5495.0,0.7050000000000001,Rs./Quintal,Metric Tonnes
Madhya Pradesh,Sheopur,Sheopurkalan APMC,Mustard,Mustard,FAQ,2026-01-22,5800.0,6675.0,6615.0,32.332,Rs./Quintal,Metric Tonnes
Madhya Pradesh,Sheopur,Sheopurkalan APMC,Paddy(Common),Super Ponni,FAQ,2026-01-22,3380.0,3380.0,3380.0,5.898,Rs./Quintal,Metric Tonnes
Madhya Pradesh,Sheopur,Sheopurkalan APMC,Paddy(Common),Dhan,Non-FAQ,2026-01-22,3350.0,3795.0,3680.0,135.644,Rs./Quintal,Metric Tonnes
Madhya Pradesh,Sheopur,Sheopurkalan APMC,Paddy(Common),Paddy,Non-FAQ,2026-01-22,3350.0,3750.0,3700.0,166.889,Rs./Quintal,Metric Tonnes
Madhya Pradesh,Sheopur,Sheopurkalan APMC,Paddy(Common),Red,FAQ,2026-01-22,3770.0,3770.0,3770.0,4.399,Rs./Quintal,Metric Tonnes
Madhya Pradesh,Sheopur,Sheopurkalan APMC,Paddy(Common),Dhan,FAQ,2026-01-22,3590.0,3730.0,3700.0,123.625,Rs./Quintal,Metric Tonnes
Madhya Pradesh,Sheopur,Sheopurkalan APMC,Paddy(Common),Paddy,FAQ,2026-01-22,3200.0,3825.0,3700.0,771.672,Rs./Quintal,Metric Tonnes
Madhya Pradesh,Sheopur,Sheopurkalan APMC,Wheat,Wheat,FAQ,2026-01-22,2440.0,2567.0,2512.0,176.20600000000002,Rs./Quintal,Metric Tonnes
Madhya Pradesh,Shivpuri,Shivpuri APMC,Black Gram(Urd Beans)(Whole),Urda/Urd,FAQ,2026-01-22,5705.0,5705.0,5705.0,0.205,Rs./Quintal,Metric Tonnes
Madhya Pradesh,Shivpuri,Shivpuri APMC,Maize,Local,FAQ,2026-01-22,1195.0,1470.0,1470.0,4.46,Rs./Quintal,Metric Tonnes
Madhya Pradesh,Shivpuri,Shivpuri APMC,Mustard,Mustard,FAQ,2026-01-22,5000.0,6575.0,5950.0,39.151,Rs./Quintal,Metric Tonnes
Madhya Pradesh,Shivpuri,Shivpuri APMC,Soyabean,Soyabeen,FAQ,2026-01-22,4305.0,5200.0,5125.0,18.833000000000002,Rs./Quintal,Metric Tonnes
Madhya Pradesh,Shivpuri,Shivpuri APMC,Tomato,Tomato,FAQ,2026-01-22,300.0,390.0,350.0,40.2,Rs./Quintal,Metric Tonnes
Madhya Pradesh,Shivpuri,Shivpuri APMC,Wheat,Wheat,FAQ,2026-01-22,2340.0,2600.0,2550.0,42.121,Rs./Quintal,Metric Tonnes
Madhya Pradesh,Shajapur,Shujalpur APMC,Bengal Gram(Gram)(Whole),Gram,FAQ,2026-01-22,4671.0,5651.0,5651.0,5.063000000000001,Rs./Quintal,Metric Tonnes
Madhya Pradesh,Shajapur,Shujalpur APMC,Garlic,Desi,FAQ,2026-01-22,1400.0,6400.0,6400.0,0.101,Rs./Quintal,Metric Tonnes
Madhya Pradesh,Shajapur,Shujalpur APMC,Kabuli Chana(Chickpeas-White),Dollar Gram,FAQ,2026-01-22,4080.0,8801.0,7140.0,65.021,Rs./Quintal,Metric Tonnes
Madhya Pradesh,Shajapur,Shujalpur APMC,Lentil(Masur)(Whole),Masur Dal,FAQ,2026-01-22,5190.0,5951.0,5951.0,1.352,Rs./Quintal,Metric Tonnes
Madhya Pradesh,Shajapur,Shujalpur APMC,Onion,Red,FAQ,2026-01-22,100.0,1486.0,1486.0,5.602,Rs./Quintal,Metric Tonnes
Madhya Pradesh,Shajapur,Shujalpur APMC,Soyabean,Soyabeen,FAQ,2026-01-22,3502.0,5380.0,5261.0,44.86000000000001,Rs./Quintal,Metric Tonnes
Madhya Pradesh,Shajapur,Shujalpur APMC,Wheat,Wheat,FAQ,2026-01-22,2513.0,2654.0,2550.0,20.618000000000002,Rs./Quintal,Metric Tonnes
Madhya Pradesh,Sehore,Shyampur APMC,Soyabean,Soyabeen,FAQ,2026-01-22,5040.0,5430.0,5430.0,3.872,Rs./Quintal,Metric Tonnes
Madhya Pradesh,Sehore,Shyampur APMC,Soyabean,Soyabeen,Non-FAQ,2026-01-22,3000.0,4700.0,4700.0,0.67,Rs./Quintal,Metric Tonnes
Madhya Pradesh,Sehore,Shyampur APMC,Soyabean,Yellow,FAQ,2026-01-22,4905.0,5365.0,5365.0,1.175,Rs./Quintal,Metric Tonnes
Madhya Pradesh,Sehore,Shyampur APMC,Wheat,Mohan Mondal,FAQ,2026-01-22,2535.0,2535.0,2535.0,0.05,Rs./Quintal,Metric Tonnes
Madhya Pradesh,Sehore,Shyampur APMC,Wheat,Wheat,FAQ,2026-01-22,2360.0,2500.0,2500.0,1.6,Rs./Quintal,Metric Tonnes
Madhya Pradesh,Sehore,Shyampur APMC,Wheat,Mill Quality,FAQ,2026-01-22,2480.0,2570.0,2570.0,0.651,Rs./Quintal,Metric Tonnes
Madhya Pradesh,Sidhi,Sidhi APMC,Soyabean,Soyabeen,Non-FAQ,2026-01-22,5330.0,5330.0,5330.0,2.0,Rs./Quintal,Metric Tonnes
Madhya Pradesh,Sidhi,Sidhi APMC,Wheat,Mill Quality,Non-FAQ,2026-01-22,2350.0,2451.0,2451.0,54.391999999999996,Rs./Quintal,Metric Tonnes
Madhya Pradesh,Raisen,Silvani APMC,Bengal Gram(Gram)(Whole),Gram,FAQ,2026-01-22,4640.0,5500.0,5500.0,30.78,Rs./Quintal,Metric Tonnes
Madhya Pradesh,Raisen,Silvani APMC,Lak(Teora),Tiwada,FAQ,2026-01-22,3280.0,3605.0,3510.0,38.575,Rs./Quintal,Metric Tonnes
Madhya Pradesh,Raisen,Silvani APMC,Lentil(Masur)(Whole),Masur Dal,FAQ,2026-01-22,5730.0,5730.0,5730.0,0.06,Rs./Quintal,Metric Tonnes
Madhya Pradesh,Raisen,Silvani APMC,Maize,Local,FAQ,2026-01-22,1540.0,1540.0,1540.0,1.5,Rs./Quintal,Metric Tonnes
Madhya Pradesh,Raisen,Silvani APMC,Paddy(Common),Basmati,FAQ,2026-01-22,3370.0,3980.0,3800.0,703.965,Rs./Quintal,Metric Tonnes
Madhya Pradesh,Raisen,Silvani APMC,Paddy(Common),Dhan,FAQ,2026-01-22,2995.0,2995.0,2995.0,2.8000000000000003,Rs./Quintal,Metric Tonnes
Madhya Pradesh,Raisen,Silvani APMC,Wheat,Wheat,FAQ,2026-01-22,2481.0,2552.0,2525.0,20.66,Rs./Quintal,Metric Tonnes
Madhya Pradesh,Panna,Simariya APMC,Wheat,Wheat,FAQ,2026-01-22,2440.0,2450.0,2450.0,14.700000000000001,Rs./Quintal,Metric Tonnes
Madhya Pradesh,Singroli,Singroli APMC,Wheat,Wheat,Non-FAQ,2026-01-22,2550.0,2550.0,2550.0,10.0,Rs./Quintal,Metric Tonnes
Madhya Pradesh,Harda,Sirali APMC,Bengal Gram(Gram)(Whole),Desi (F.A.Q. Split),FAQ,2026-01-22,4300.0,4300.0,4300.0,0.05500000000000001,Rs./Quintal,Metric Tonnes
Madhya Pradesh,Harda,Sirali APMC,Maize,Local,FAQ,2026-01-22,1347.0,1662.0,1520.0,146.79500000000002,Rs./Quintal,Metric Tonnes
Madhya Pradesh,Harda,Sirali APMC,Soyabean,Soyabeen,FAQ,2026-01-22,2000.0,5030.0,5030.0,10.97,Rs./Quintal,Metric Tonnes
Madhya Pradesh,Harda,Sirali APMC,Wheat,Wheat,FAQ,2026-01-22,2600.0,2600.0,2600.0,5.764,Rs./Quintal,Metric Tonnes
Madhya Pradesh,Harda,Sirali APMC,Wheat,Mill Quality,FAQ,2026-01-22,2430.0,2549.0,2500.0,40.707,Rs./Quintal,Metric Tonnes
Madhya Pradesh,Vidisha,Sironj APMC,Bengal Gram(Gram)(Whole),Gram,FAQ,2026-01-22,3000.0,5445.0,5280.0,52.45,Rs./Quintal,Metric Tonnes
Madhya Pradesh,Vidisha,Sironj APMC,Black Gram(Urd Beans)(Whole),Urda/Urd,FAQ,2026-01-22,5450.0,5450.0,5450.0,0.45,Rs./Quintal,Metric Tonnes
Madhya Pradesh,Vidisha,Sironj APMC,Lak(Teora),Tiwada,FAQ,2026-01-22,3081.0,3498.0,3498.0,9.123000000000001,Rs./Quintal,Metric Tonnes
Madhya Pradesh,Vidisha,Sironj APMC,Lentil(Masur)(Whole),Masur Dal,FAQ,2026-01-22,5655.0,5785.0,5785.0,0.521,Rs./Quintal,Metric Tonnes
Madhya Pradesh,Vidisha,Sironj APMC,Maize,Local,FAQ,2026-01-22,1250.0,1736.0,1500.0,947.844,Rs./Quintal,Metric Tonnes
Madhya Pradesh,Vidisha,Sironj APMC,Mustard,Mustard,FAQ,2026-01-22,6140.0,6345.0,6345.0,0.802,Rs./Quintal,Metric Tonnes
Madhya Pradesh,Vidisha,Sironj APMC,Soyabean,Soyabeen,FAQ,2026-01-22,4505.0,5400.0,5400.0,24.479,Rs./Quintal,Metric Tonnes
Madhya Pradesh,Vidisha,Sironj APMC,Wheat,Wheat,FAQ,2026-01-22,2400.0,3335.0,2990.0,101.007,Rs./Quintal,Metric Tonnes
Madhya Pradesh,Vidisha,Sironj APMC,Wheat,Sharbati,FAQ,2026-01-22,3000.0,3820.0,3255.0,29.92,Rs./Quintal,Metric Tonnes
Madhya Pradesh,Mandsaur,Sitmau APMC,Bengal Gram(Gram)(Whole),Gram,FAQ,2026-01-22,4600.0,6000.0,6000.0,0.196,Rs./Quintal,Metric Tonnes
Madhya Pradesh,Mandsaur,Sitmau APMC,Black Gram(Urd Beans)(Whole),Urda/Urd,FAQ,2026-01-22,6700.0,6700.0,6700.0,0.032,Rs./Quintal,Metric Tonnes
Madhya Pradesh,Mandsaur,Sitmau APMC,Garlic,Garlic,FAQ,2026-01-22,2810.0,7200.0,7200.0,0.24,Rs./Quintal,Metric Tonnes
Madhya Pradesh,Mandsaur,Sitmau APMC,Lentil(Masur)(Whole),Masur Dal,FAQ,2026-01-22,6201.0,6201.0,6201.0,0.020000000000000004,Rs./Quintal,Metric Tonnes
Madhya Pradesh,Mandsaur,Sitmau APMC,Maize,Local,FAQ,2026-01-22,1596.0,1645.0,1645.0,0.8800000000000001,Rs./Quintal,Metric Tonnes
Madhya Pradesh,Mandsaur,Sitmau APMC,Onion,Onion,FAQ,2026-01-22,380.0,1310.0,760.0,16.909000000000002,Rs./Quintal,Metric Tonnes
Madhya Pradesh,Mandsaur,Sitmau APMC,Soyabean,Yellow,FAQ,2026-01-22,2200.0,5490.0,4970.0,28.749000000000002,Rs./Quintal,Metric Tonnes
Madhya Pradesh,Mandsaur,Sitmau APMC,Wheat,Wheat,FAQ,2026-01-22,2300.0,2733.0,2450.0,22.950000000000003,Rs./Quintal,Metric Tonnes
Madhya Pradesh,Dewas,Sonkatch APMC,Bengal Gram(Gram)(Whole),Gram,FAQ,2026-01-22,4999.0,5000.0,5000.0,0.301,Rs./Quintal,Metric Tonnes
Madhya Pradesh,Dewas,Sonkatch APMC,Maize,Local,FAQ,2026-01-22,1300.0,1300.0,1300.0,0.11399999999999999,Rs./Quintal,Metric Tonnes
Madhya Pradesh,Dewas,Sonkatch APMC,Mustard,Mustard,FAQ,2026-01-22,5061.0,5061.0,5061.0,0.063,Rs./Quintal,Metric Tonnes
Madhya Pradesh,Dewas,Sonkatch APMC,Soyabean,Soyabeen,FAQ,2026-01-22,2910.0,5600.0,5200.0,64.23400000000001,Rs./Quintal,Metric Tonnes
Madhya Pradesh,Dewas,Sonkatch APMC,Wheat,Wheat,FAQ,2026-01-22,2360.0,2638.0,2580.0,55.906,Rs./Quintal,Metric Tonnes
Madhya Pradesh,Shajapur,Soyatkalan APMC,Garlic,Garlic,FAQ,2026-01-22,1200.0,10200.0,10200.0,0.9289999999999999,Rs./Quintal,Metric Tonnes
Madhya Pradesh,Shajapur,Soyatkalan APMC,Onion,Onion,Non-FAQ,2026-01-22,195.0,905.0,305.0,12.598,Rs./Quintal,Metric Tonnes
Madhya Pradesh,Mandsaur,Suvasra APMC,Coriander(Leaves),Coriander,FAQ,2026-01-22,5500.0,5600.0,5600.0,3.2,Rs./Bundle,Bundle
Madhya Pradesh,Mandsaur,Suvasra APMC,Maize,Local,FAQ,2026-01-22,1551.0,1551.0,1551.0,0.8890000000000001,Rs./Quintal,Metric Tonnes
Madhya Pradesh,Mandsaur,Suvasra APMC,Soyabean,Soyabeen,FAQ,2026-01-22,4200.0,4200.0,4200.0,0.529,Rs./Quintal,Metric Tonnes
Madhya Pradesh,Ratlam,Taal APMC,Soyabean,Yellow,FAQ,2026-01-22,4946.0,5345.0,5194.0,40.285000000000004,Rs./Quintal,Metric Tonnes
Madhya Pradesh,Ratlam,Taal APMC,Soyabean,Soyabeen,FAQ,2026-01-22,4945.0,5343.0,5050.0,21.102000000000004,Rs./Quintal,Metric Tonnes
Madhya Pradesh,Ratlam,Taal APMC,Tamarind Fruit,Tamarind,FAQ,2026-01-22,1000.0,1000.0,1000.0,1.89,Rs./Quintal,Metric Tonnes
Madhya Pradesh,Ratlam,Taal APMC,Wheat,Wheat,FAQ,2026-01-22,2540.0,2637.0,2637.0,1.5460000000000003,Rs./Quintal,Metric Tonnes
Madhya Pradesh,Ujjain,Tarana APMC,Bengal Gram(Gram)(Whole),Gram,FAQ,2026-01-22,3150.0,4575.0,4575.0,11.134,Rs./Quintal,Metric Tonnes
Madhya Pradesh,Ujjain,Tarana APMC,Kabuli Chana(Chickpeas-White),Dollar Gram,FAQ,2026-01-22,4300.0,6000.0,6000.0,0.31800000000000006,Rs./Quintal,Metric Tonnes
Madhya Pradesh,Ujjain,Tarana APMC,Soyabean,Soyabeen,FAQ,2026-01-22,2201.0,5602.0,5400.0,65.60900000000001,Rs./Quintal,Metric Tonnes
Madhya Pradesh,Ujjain,Tarana APMC,Wheat,Wheat,FAQ,2026-01-22,2130.0,2791.0,2240.0,94.73500000000001,Rs./Quintal,Metric Tonnes
Madhya Pradesh,Narsinghpur,Tendukheda APMC,Lentil(Masur)(Whole),Masur Dal,FAQ,2026-01-22,5998.0,5998.0,5998.0,0.49500000000000005,Rs./Quintal,Metric Tonnes
Madhya Pradesh,Narsinghpur,Tendukheda APMC,Wheat,Wheat,FAQ,2026-01-22,2411.0,2500.0,2435.0,31.6,Rs./Quintal,Metric Tonnes
Madhya Pradesh,Jhabua,Thandla APMC,Cotton,Without Ginned Cotton,FAQ,2026-01-22,7250.0,8200.0,7350.0,332.491,Rs./Quintal,Metric Tonnes
Madhya Pradesh,Jhabua,Thandla APMC,Soyabean,Yellow,FAQ,2026-01-22,4300.0,4890.0,4890.0,17.150000000000002,Rs./Quintal,Metric Tonnes
Madhya Pradesh,Jhabua,Thandla APMC,Wheat,Mill Quality,FAQ,2026-01-22,2500.0,2500.0,2500.0,1.5,Rs./Quintal,Metric Tonnes
Madhya Pradesh,Jhabua,Thandla APMC,Wheat,Local,FAQ,2026-01-22,2350.0,2350.0,2350.0,1.55,Rs./Quintal,Metric Tonnes
Madhya Pradesh,Tikamgarh,Tikamgarh APMC,Black Gram(Urd Beans)(Whole),Urda/Urd,FAQ,2026-01-22,4700.0,7600.0,6800.0,182.16,Rs./Quintal,Metric Tonnes
Madhya Pradesh,Tikamgarh,Tikamgarh APMC,Soyabean,Soyabeen,FAQ,2026-01-22,4700.0,5360.0,5200.0,43.828,Rs./Quintal,Metric Tonnes
Madhya Pradesh,Tikamgarh,Tikamgarh APMC,Wheat,Wheat,FAQ,2026-01-22,2300.0,2550.0,2500.0,566.7620000000001,Rs./Quintal,Metric Tonnes
Madhya Pradesh,Harda,Timarni APMC,Bengal Gram(Gram)(Whole),Gram,FAQ,2026-01-22,2800.0,5331.0,5281.0,25.540000000000003,Rs./Quintal,Metric Tonnes
Madhya Pradesh,Harda,Timarni APMC,Green Gram(Moong)(Whole),Green (Whole),FAQ,2026-01-22,5800.0,6531.0,6531.0,6.165,Rs./Quintal,Metric Tonnes
Madhya Pradesh,Harda,Timarni APMC,Maize,Local,FAQ,2026-01-22,1151.0,1645.0,1550.0,1391.9530000000002,Rs./Quintal,Metric Tonnes
Madhya Pradesh,Harda,Timarni APMC,Maize,Deshi Red,Non-FAQ,2026-01-22,1359.0,1425.0,1425.0,12.930000000000001,Rs./Quintal,Metric Tonnes
Madhya Pradesh,Harda,Timarni APMC,Soyabean,Soyabeen,FAQ,2026-01-22,2700.0,5340.0,5340.0,8.404000000000002,Rs./Quintal,Metric Tonnes
Madhya Pradesh,Harda,Timarni APMC,Wheat,Wheat,FAQ,2026-01-22,2300.0,2479.0,2473.0,68.275,Rs./Quintal,Metric Tonnes
Madhya Pradesh,Raisen,Udaipura APMC,Bengal Gram(Gram)(Whole),Desi (F.A.Q. Split),FAQ,2026-01-22,4300.0,5645.0,5400.0,29.105000000000004,Rs./Quintal,Metric Tonnes
Madhya Pradesh,Raisen,Udaipura APMC,Green Gram(Moong)(Whole),Green (Whole),FAQ,2026-01-22,1905.0,5410.0,5410.0,0.61,Rs./Quintal,Metric Tonnes
Madhya Pradesh,Raisen,Udaipura APMC,Lak(Teora),Tiwada,FAQ,2026-01-22,3025.0,3380.0,3345.0,16.91,Rs./Quintal,Metric Tonnes
Madhya Pradesh,Raisen,Udaipura APMC,Lentil(Masur)(Whole),Masur Dal,FAQ,2026-01-22,4760.0,5775.0,5775.0,0.9500000000000001,Rs./Quintal,Metric Tonnes
Madhya Pradesh,Raisen,Udaipura APMC,Paddy(Common),Basmati,FAQ,2026-01-22,3800.0,3800.0,3800.0,91.455,Rs./Quintal,Metric Tonnes
Madhya Pradesh,Raisen,Udaipura APMC,Paddy(Common),Paddy,FAQ,2026-01-22,2500.0,4200.0,3900.0,845.931,Rs./Quintal,Metric Tonnes
Madhya Pradesh,Raisen,Udaipura APMC,Red gram/Arhar/Tur(whole),Arhar Dal(Tur),FAQ,2026-01-22,5990.0,7525.0,7525.0,16.06,Rs./Quintal,Metric Tonnes
Madhya Pradesh,Raisen,Udaipura APMC,Soyabean,Soyabeen,FAQ,2026-01-22,4665.0,4880.0,4880.0,1.4800000000000002,Rs./Quintal,Metric Tonnes
Madhya Pradesh,Raisen,Udaipura APMC,Wheat,Mill Quality,FAQ,2026-01-22,2105.0,2655.0,2470.0,36.565,Rs./Quintal,Metric Tonnes
Madhya Pradesh,Raisen,Udaipura APMC,buttery,Buttery,FAQ,2026-01-22,4325.0,4570.0,4570.0,4.785,Rs./Quintal,Metric Tonnes
Madhya Pradesh,Ujjain,Ujjain APMC,Bengal Gram(Gram)(Whole),Gram,FAQ,2026-01-22,5681.0,5761.0,5761.0,1.292,Rs./Quintal,Metric Tonnes
Madhya Pradesh,Ujjain,Ujjain APMC,Garlic,Garlic,FAQ,2026-01-22,700.0,12000.0,2000.0,33.109,Rs./Quintal,Metric Tonnes
Madhya Pradesh,Ujjain,Ujjain APMC,Kabuli Chana(Chickpeas-White),Dollar Gram,FAQ,2026-01-22,3411.0,8071.0,8071.0,5.61,Rs./Quintal,Metric Tonnes
Madhya Pradesh,Ujjain,Ujjain APMC,Paddy(Common),Paddy,FAQ,2026-01-22,3005.0,3005.0,3005.0,16.71,Rs./Quintal,Metric Tonnes
Madhya Pradesh,Ujjain,Ujjain APMC,Potato,Chips,FAQ,2026-01-22,1190.0,1280.0,1230.0,291.0,Rs./Quintal,Metric Tonnes
Madhya Pradesh,Ujjain,Ujjain APMC,Potato,Potato,Non-FAQ,2026-01-22,151.01,836.57,675.0,169.06600000000003,Rs./Quintal,Metric Tonnes
Madhya Pradesh,Ujjain,Ujjain APMC,Potato,Potato,FAQ,2026-01-22,147.31,1260.0,600.0,194.67000000000002,Rs./Quintal,Metric Tonnes
Madhya Pradesh,Ujjain,Ujjain APMC,"Sesamum(Sesame,Gingelly,Til)",Sesame,FAQ,2026-01-22,7530.0,7530.0,7530.0,0.047,Rs./Quintal,Metric Tonnes
Madhya Pradesh,Ujjain,Ujjain APMC,Soyabean,Soyabeen,FAQ,2026-01-22,1925.0,6211.0,5200.0,373.10900000000004,Rs./Quintal,Metric Tonnes
Madhya Pradesh,Ujjain,Ujjain APMC,Wheat,Wheat,FAQ,2026-01-22,2216.0,2951.0,2500.0,301.00300000000004,Rs./Quintal,Metric Tonnes
Madhya Pradesh,Umariya,Umariya APMC,Paddy(Common),Paddy,FAQ,2026-01-22,2000.0,2000.0,2000.0,19.515,Rs./Quintal,Metric Tonnes
Madhya Pradesh,Umariya,Umariya APMC,Red gram/Arhar/Tur(whole),Arhar Dal(Tur),Non-FAQ,2026-01-22,5100.0,5100.0,5100.0,3.0100000000000002,Rs./Quintal,Metric Tonnes
Madhya Pradesh,Umariya,Umariya APMC,Soyabean,Soyabeen,Non-FAQ,2026-01-22,4900.0,4900.0,4900.0,6.76,Rs./Quintal,Metric Tonnes
Madhya Pradesh,Umariya,Umariya APMC,Wheat,Wheat,FAQ,2026-01-22,2150.0,2450.0,2300.0,73.72500000000001,Rs./Quintal,Metric Tonnes
Madhya Pradesh,Umariya,Umariya APMC,Wheat,Local,Non-FAQ,2026-01-22,2502.0,2502.0,2502.0,38.300000000000004,Rs./Quintal,Metric Tonnes
Madhya Pradesh,Umariya,Umariya APMC,Wheat,Mill Quality,Non-FAQ,2026-01-22,2400.0,2450.0,2450.0,22.900000000000002,Rs./Quintal,Metric Tonnes
Madhya Pradesh,Umariya,Umariya APMC,Wheat,Wheat,Non-FAQ,2026-01-22,2550.0,2550.0,2550.0,5.83,Rs./Quintal,Metric Tonnes
Madhya Pradesh,Umariya,Umariya APMC,Wheat,Mill Quality,FAQ,2026-01-22,2300.0,2300.0,2300.0,36.800000000000004,Rs./Quintal,Metric Tonnes
Madhya Pradesh,Ujjain,Unhel APMC,Soyabean,Soyabeen,FAQ,2026-01-22,3770.0,5341.0,5300.0,39.036,Rs./Quintal,Metric Tonnes
Madhya Pradesh,Ujjain,Unhel APMC,Wheat,Wheat,FAQ,2026-01-22,2340.0,2641.0,2641.0,5.325,Rs./Quintal,Metric Tonnes
Madhya Pradesh,Balaghat,Varaseoni APMC,Paddy(Common),Paddy,FAQ,2026-01-22,1775.0,3600.0,2875.0,150.675,Rs./Quintal,Metric Tonnes
Madhya Pradesh,Vidisha,Vidisha APMC,Bengal Gram(Gram)(Whole),Gram,FAQ,2026-01-22,4500.0,5518.0,5300.0,60.878,Rs./Quintal,Metric Tonnes
Madhya Pradesh,Vidisha,Vidisha APMC,Coriander(Leaves),Coriander,FAQ,2026-01-22,9900.0,9900.0,9900.0,0.042,Rs./Bundle,Bundle
Madhya Pradesh,Vidisha,Vidisha APMC,Lak(Teora),Tiwada,FAQ,2026-01-22,3250.0,3362.0,3362.0,1.1500000000000001,Rs./Quintal,Metric Tonnes
Madhya Pradesh,Vidisha,Vidisha APMC,Lentil(Masur)(Whole),Masur Dal,FAQ,2026-01-22,6010.0,6228.0,6228.0,5.396000000000001,Rs./Quintal,Metric Tonnes
Madhya Pradesh,Vidisha,Vidisha APMC,Maize,Local,FAQ,2026-01-22,1324.0,1588.0,1400.0,98.515,Rs./Quintal,Metric Tonnes
Madhya Pradesh,Vidisha,Vidisha APMC,Paddy(Common),Paddy-Organic,FAQ,2026-01-22,3600.0,3600.0,3600.0,3.3950000000000005,Rs./Quintal,Metric Tonnes
Madhya Pradesh,Vidisha,Vidisha APMC,Paddy(Common),Dhan,FAQ,2026-01-22,2900.0,3825.0,3700.0,634.086,Rs./Quintal,Metric Tonnes
Madhya Pradesh,Vidisha,Vidisha APMC,Paddy(Common),Puspa (MR 301),FAQ,2026-01-22,3000.0,3981.0,3600.0,147.256,Rs./Quintal,Metric Tonnes
Madhya Pradesh,Vidisha,Vidisha APMC,Paddy(Common),Basmati,FAQ,2026-01-22,3750.0,3850.0,3780.0,214.0,Rs./Quintal,Metric Tonnes
Madhya Pradesh,Vidisha,Vidisha APMC,Paddy(Common),Red,FAQ,2026-01-22,3709.0,3870.0,3870.0,15.245,Rs./Quintal,Metric Tonnes
Madhya Pradesh,Vidisha,Vidisha APMC,Paddy(Common),Paddy,FAQ,2026-01-22,1610.0,4070.0,3840.0,1520.306,Rs./Quintal,Metric Tonnes
Madhya Pradesh,Vidisha,Vidisha APMC,Soyabean,Soyabeen,FAQ,2026-01-22,4700.0,6005.0,6005.0,34.606,Rs./Quintal,Metric Tonnes
Madhya Pradesh,Vidisha,Vidisha APMC,Wheat,Sharbati,FAQ,2026-01-22,2840.0,3260.0,3260.0,13.764,Rs./Quintal,Metric Tonnes
Madhya Pradesh,Vidisha,Vidisha APMC,Wheat,Wheat,FAQ,2026-01-22,2200.0,2800.0,2580.0,537.322,Rs./Quintal,Metric Tonnes
Madhya Pradesh,Sheopur,Vijaypur APMC,Mustard,Mustard,FAQ,2026-01-22,6645.0,6675.0,6675.0,14.090000000000002,Rs./Quintal,Metric Tonnes
Madhya Pradesh,Ratlam,A lot APMC,Garlic,Garlic,FAQ,2026-01-23,1202.0,5000.0,5000.0,0.54,Rs./Quintal,Metric Tonnes
Madhya Pradesh,Ratlam,A lot APMC,Maize,Local,FAQ,2026-01-23,1311.0,1311.0,1311.0,0.524,Rs./Quintal,Metric Tonnes
Madhya Pradesh,Ratlam,A lot APMC,Onion,Onion,FAQ,2026-01-23,140.0,1000.0,1000.0,1.3070000000000002,Rs./Quintal,Metric Tonnes
Madhya Pradesh,Ratlam,A lot APMC,Soyabean,Soyabeen,FAQ,2026-01-23,2101.0,5453.0,5440.0,34.006,Rs./Quintal,Metric Tonnes
Madhya Pradesh,Ratlam,A lot APMC,Wheat,Wheat,FAQ,2026-01-23,2400.0,2651.0,2650.0,81.303,Rs./Quintal,Metric Tonnes
Madhya Pradesh,Shajapur,Agar APMC,Asalia,Asalia,FAQ,2026-01-23,4700.0,5701.0,5701.0,2.184,Rs./Quintal,Metric Tonnes
Madhya Pradesh,Shajapur,Agar APMC,Bengal Gram(Gram)(Whole),Gram,FAQ,2026-01-23,3500.0,4399.0,4399.0,0.205,Rs./Quintal,Metric Tonnes
Madhya Pradesh,Shajapur,Agar APMC,Coriander(Leaves),Coriander,FAQ,2026-01-23,7501.0,10000.0,8900.0,2.2640000000000002,Rs./Bundle,Bundle
Madhya Pradesh,Shajapur,Agar APMC,Green Gram(Moong)(Whole),Green (Whole),FAQ,2026-01-23,4500.0,4500.0,4500.0,0.064,Rs./Quintal,Metric Tonnes
Madhya Pradesh,Shajapur,Agar APMC,Kabuli Chana(Chickpeas-White),Dollar Gram,FAQ,2026-01-23,7100.0,7100.0,7100.0,0.034999999999999996,Rs./Quintal,Metric Tonnes
Madhya Pradesh,Shajapur,Agar APMC,Lentil(Masur)(Whole),Masur Dal,FAQ,2026-01-23,5501.0,6501.0,6300.0,2.931,Rs./Quintal,Metric Tonnes
Madhya Pradesh,Shajapur,Agar APMC,Linseed,Flaxseed,FAQ,2026-01-23,7001.0,7001.0,7001.0,0.025,Rs./Quintal,Metric Tonnes
Madhya Pradesh,Shajapur,Agar APMC,Mustard,Mustard,FAQ,2026-01-23,3200.0,6515.0,6515.0,7.849,Rs./Quintal,Metric Tonnes
Madhya Pradesh,Shajapur,Agar APMC,Soyabean,Soyabeen,FAQ,2026-01-23,1450.0,5717.0,5700.0,222.43400000000003,Rs./Quintal,Metric Tonnes
Madhya Pradesh,Shajapur,Agar APMC,Wheat,Wheat,FAQ,2026-01-23,2400.0,2607.0,2470.0,97.993,Rs./Quintal,Metric Tonnes
Madhya Pradesh,Shajapur,Agar APMC,Wheat,Wheat,Non-FAQ,2026-01-23,2180.0,2235.0,2235.0,62.31900000000001,Rs./Quintal,Metric Tonnes
Madhya Pradesh,Panna,Ajaygarh APMC,Green Peas,Pea,FAQ,2026-01-23,3690.0,3850.0,3700.0,24.16,Rs./Quintal,Metric Tonnes
Madhya Pradesh,Panna,Ajaygarh APMC,Mustard,Mustard,FAQ,2026-01-23,6200.0,6280.0,6250.0,6.7700000000000005,Rs./Quintal,Metric Tonnes
Madhya Pradesh,Panna,Ajaygarh APMC,"Sesamum(Sesame,Gingelly,Til)",Sesame,FAQ,2026-01-23,8000.0,8050.0,8000.0,4.3,Rs./Quintal,Metric Tonnes
Madhya Pradesh,Panna,Ajaygarh APMC,Wheat,Mill Quality,FAQ,2026-01-23,2480.0,2550.0,2500.0,46.27,Rs./Quintal,Metric Tonnes
Madhya Pradesh,Bhind,Alampur APMC,Paddy(Common),Paddy,Non-FAQ,2026-01-23,3480.0,3735.0,3735.0,9.0,Rs./Quintal,Metric Tonnes
Madhya Pradesh,Bhind,Alampur APMC,Wheat,Mill Quality,Non-FAQ,2026-01-23,2400.0,2473.0,2473.0,21.0,Rs./Quintal,Metric Tonnes
Madhya Pradesh,Bhind,Alampur APMC,Wheat,Wheat,FAQ,2026-01-23,2421.0,2461.0,2450.0,20.1,Rs./Quintal,Metric Tonnes
Madhya Pradesh,Alirajpur,Alirajpur APMC,Cotton,Without Ginned Cotton,FAQ,2026-01-23,6500.0,7200.0,6500.0,11.4,Rs./Quintal,Metric Tonnes
Madhya Pradesh,Alirajpur,Alirajpur APMC,Groundnut,Big (With Shell),FAQ,2026-01-23,5000.0,5600.0,5600.0,13.9,Rs./Quintal,Metric Tonnes
Madhya Pradesh,Alirajpur,Alirajpur APMC,Groundnut,Big (With Shell),Non-FAQ,2026-01-23,4000.0,4000.0,4000.0,10.0,Rs./Quintal,Metric Tonnes
Madhya Pradesh,Alirajpur,Alirajpur APMC,Maize,Yellow,Non-FAQ,2026-01-23,1400.0,1400.0,1400.0,2.44,Rs./Quintal,Metric Tonnes
Madhya Pradesh,Alirajpur,Alirajpur APMC,Soyabean,Soyabeen,FAQ,2026-01-23,4000.0,4000.0,4000.0,3.8000000000000003,Rs./Quintal,Metric Tonnes
Madhya Pradesh,Alirajpur,Alirajpur APMC,Soyabean,Soyabeen,Non-FAQ,2026-01-23,4500.0,4500.0,4500.0,3.3000000000000003,Rs./Quintal,Metric Tonnes
Madhya Pradesh,Satna,Amarpatan APMC,Kodo Millet(Varagu),Kondo,FAQ,2026-01-23,2152.0,2201.0,2160.0,27.700000000000003,Rs./Quintal,Metric Tonnes
Madhya Pradesh,Satna,Amarpatan APMC,Wheat,Mill Quality,Non-FAQ,2026-01-23,2440.0,2440.0,2440.0,6.13,Rs./Quintal,Metric Tonnes
Madhya Pradesh,Satna,Amarpatan APMC,Wheat,Mill Quality,FAQ,2026-01-23,2472.0,2504.0,2490.0,37.577999999999996,Rs./Quintal,Metric Tonnes
Madhya Pradesh,Chhindwara,Amarwda APMC,Kutki,Kutki,FAQ,2026-01-23,4000.0,4200.0,4200.0,18.6,Rs./Quintal,Metric Tonnes
Madhya Pradesh,Chhindwara,Amarwda APMC,Maize,Local,FAQ,2026-01-23,1400.0,1710.0,1602.0,2458.1900000000005,Rs./Quintal,Metric Tonnes
Madhya Pradesh,Chhindwara,Amarwda APMC,Maize,Local,Non-FAQ,2026-01-23,1518.0,1600.0,1590.0,111.762,Rs./Quintal,Metric Tonnes
Madhya Pradesh,Chhindwara,Amarwda APMC,Maize,Yellow,FAQ,2026-01-23,1450.0,1731.0,1650.0,998.5030000000002,Rs./Quintal,Metric Tonnes
Madhya Pradesh,Chhindwara,Amarwda APMC,Maize,Yellow,Non-FAQ,2026-01-23,1600.0,1600.0,1600.0,10.0,Rs./Quintal,Metric Tonnes
Madhya Pradesh,Chhindwara,Amarwda APMC,Paddy(Common),Paddy,FAQ,2026-01-23,1710.0,1725.0,1725.0,22.0,Rs./Quintal,Metric Tonnes
Madhya Pradesh,Badwani,Anjad APMC,Maize,Yellow,FAQ,2026-01-23,1400.0,1570.0,1500.0,238.71,Rs./Quintal,Metric Tonnes
Madhya Pradesh,Badwani,Anjad APMC,Maize,Deshi White,FAQ,2026-01-23,1500.0,1500.0,1500.0,11.06,Rs./Quintal,Metric Tonnes
Madhya Pradesh,Badwani,Anjad APMC,Maize,Local,FAQ,2026-01-23,1430.0,1625.0,1540.0,185.745,Rs./Quintal,Metric Tonnes
Madhya Pradesh,Badwani,Anjad APMC,Wheat,Wheat,FAQ,2026-01-23,2200.0,2250.0,2200.0,26.5,Rs./Quintal,Metric Tonnes
Madhya Pradesh,Anupur,Anuppur APMC,Kodo Millet(Varagu),Kondo,FAQ,2026-01-23,1535.0,1535.0,1535.0,11.520000000000001,Rs./Quintal,Metric Tonnes
Madhya Pradesh,Anupur,Anuppur APMC,Kutki,Kutki,FAQ,2026-01-23,2250.0,4300.0,4300.0,10.446,Rs./Quintal,Metric Tonnes
Madhya Pradesh,Anupur,Anuppur APMC,Soyabean,Soyabeen,FAQ,2026-01-23,4151.0,4151.0,4151.0,4.399,Rs./Quintal,Metric Tonnes
Madhya Pradesh,Anupur,Anuppur APMC,Soyabean,Soyabeen,Non-FAQ,2026-01-23,4111.0,4111.0,4111.0,1.411,Rs./Quintal,Metric Tonnes
Madhya Pradesh,Anupur,Anuppur APMC,Wheat,Wheat,Non-FAQ,2026-01-23,1410.0,1410.0,1410.0,11.58,Rs./Quintal,Metric Tonnes
Madhya Pradesh,Ashoknagar,Ashoknagar APMC,Bengal Gram(Gram)(Whole),Gram,FAQ,2026-01-23,2850.0,5495.0,5275.0,42.864000000000004,Rs./Quintal,Metric Tonnes
Madhya Pradesh,Ashoknagar,Ashoknagar APMC,Coriander(Leaves),Coriander,FAQ,2026-01-23,8290.0,9520.0,9450.0,6.119,Rs./Bundle,Bundle
Madhya Pradesh,Ashoknagar,Ashoknagar APMC,Green Peas,Pea,FAQ,2026-01-23,3900.0,3900.0,3900.0,10.704,Rs./Quintal,Metric Tonnes
Madhya Pradesh,Ashoknagar,Ashoknagar APMC,Lak(Teora),Tiwada,FAQ,2026-01-23,3275.0,3445.0,3350.0,6.7700000000000005,Rs./Quintal,Metric Tonnes
Madhya Pradesh,Ashoknagar,Ashoknagar APMC,Lentil(Masur)(Whole),Masur Dal,FAQ,2026-01-23,4550.0,5870.0,5770.0,5.08,Rs./Quintal,Metric Tonnes
Madhya Pradesh,Ashoknagar,Ashoknagar APMC,Maize,Local,Non-FAQ,2026-01-23,1450.0,1450.0,1450.0,2.295,Rs./Quintal,Metric Tonnes
Madhya Pradesh,Ashoknagar,Ashoknagar APMC,Maize,Local,FAQ,2026-01-23,700.0,1800.0,1500.0,1566.549,Rs./Quintal,Metric Tonnes
Madhya Pradesh,Ashoknagar,Ashoknagar APMC,Mustard,Mustard,FAQ,2026-01-23,4060.0,6646.0,6646.0,12.690000000000001,Rs./Quintal,Metric Tonnes
Madhya Pradesh,Ashoknagar,Ashoknagar APMC,Paddy(Common),Paddy,FAQ,2026-01-23,3350.0,3350.0,3350.0,5.995000000000001,Rs./Quintal,Metric Tonnes
Madhya Pradesh,Ashoknagar,Ashoknagar APMC,Paddy(Common),Dhan,FAQ,2026-01-23,2850.0,3720.0,3585.0,455.878,Rs./Quintal,Metric Tonnes
Madhya Pradesh,Ashoknagar,Ashoknagar APMC,Soyabean,Soyabeen,Non-FAQ,2026-01-23,2156.0,3800.0,3800.0,2.025,Rs./Quintal,Metric Tonnes
Madhya Pradesh,Ashoknagar,Ashoknagar APMC,Soyabean,Soyabeen,FAQ,2026-01-23,3525.0,5590.0,5250.0,127.029,Rs./Quintal,Metric Tonnes
Madhya Pradesh,Ashoknagar,Ashoknagar APMC,Wheat,Wheat,FAQ,2026-01-23,2300.0,3500.0,2745.0,407.307,Rs./Quintal,Metric Tonnes
Madhya Pradesh,Ashoknagar,Ashoknagar APMC,buttery,Buttery,FAQ,2026-01-23,2705.0,4645.0,3495.0,24.762,Rs./Quintal,Metric Tonnes
Madhya Pradesh,Sehore,Ashta APMC,Bengal Gram(Gram)(Whole),Chana Kabuli,FAQ,2026-01-23,5695.0,7002.0,7002.0,6.8580000000000005,Rs./Quintal,Metric Tonnes
Madhya Pradesh,Sehore,Ashta APMC,Bengal Gram(Gram)(Whole),Gram,FAQ,2026-01-23,3800.0,5751.0,3800.0,27.942000000000004,Rs./Quintal,Metric Tonnes
Madhya Pradesh,Sehore,Ashta APMC,Black Gram(Urd Beans)(Whole),Urda/Urd,FAQ,2026-01-23,4570.0,4570.0,4570.0,4.196000000000001,Rs./Quintal,Metric Tonnes
Madhya Pradesh,Sehore,Ashta APMC,Kabuli Chana(Chickpeas-White),Dollar Gram,FAQ,2026-01-23,3960.0,5436.0,5436.0,0.7280000000000001,Rs./Quintal,Metric Tonnes
Madhya Pradesh,Sehore,Ashta APMC,Lentil(Masur)(Whole),Masur Dal,FAQ,2026-01-23,5100.0,5821.0,5821.0,1.6510000000000002,Rs./Quintal,Metric Tonnes
Madhya Pradesh,Sehore,Ashta APMC,Maize,Local,FAQ,2026-01-23,1420.0,1600.0,1600.0,20.193,Rs./Quintal,Metric Tonnes
Madhya Pradesh,Sehore,Ashta APMC,Mustard,Mustard,FAQ,2026-01-23,4797.0,4801.0,4801.0,0.481,Rs./Quintal,Metric Tonnes
Madhya Pradesh,Sehore,Ashta APMC,Red gram/Arhar/Tur(whole),Arhar Dal(Tur),FAQ,2026-01-23,5000.0,6202.0,6202.0,0.9119999999999999,Rs./Quintal,Metric Tonnes
Madhya Pradesh,Sehore,Ashta APMC,Soyabean,Soyabeen,FAQ,2026-01-23,2900.0,7000.0,5301.0,352.235,Rs./Quintal,Metric Tonnes
Madhya Pradesh,Sehore,Ashta APMC,Soyabean,Soyabeen,Non-FAQ,2026-01-23,2850.0,2850.0,2850.0,2.84,Rs./Quintal,Metric Tonnes
Madhya Pradesh,Sehore,Ashta APMC,Wheat,Wheat,FAQ,2026-01-23,2381.0,3610.0,2600.0,366.03600000000006,Rs./Quintal,Metric Tonnes
Madhya Pradesh,Hoshangabad,Babai APMC,Paddy(Common),Puspa (MR 301),FAQ,2026-01-23,3950.0,3950.0,3950.0,17.0,Rs./Quintal,Metric Tonnes
Madhya Pradesh,Hoshangabad,Babai APMC,Wheat,Mill Quality,Non-FAQ,2026-01-23,2335.0,2400.0,2400.0,68.57300000000001,Rs./Quintal,Metric Tonnes
Madhya Pradesh,Chhatarpur,Badamalhera APMC,Barley(Jau),Barley,Non-FAQ,2026-01-23,2250.0,2250.0,2250.0,8.1,Rs./Quintal,Metric Tonnes
Madhya Pradesh,Chhatarpur,Badamalhera APMC,Soyabean,Soyabeen,FAQ,2026-01-23,4800.0,5220.0,5220.0,125.798,Rs./Quintal,Metric Tonnes
Madhya Pradesh,Chhatarpur,Badamalhera APMC,Soyabean,Soyabeen,Non-FAQ,2026-01-23,4865.0,4865.0,4865.0,3.9560000000000004,Rs./Quintal,Metric Tonnes
Madhya Pradesh,Chhatarpur,Badamalhera APMC,Wheat,Mill Quality,Non-FAQ,2026-01-23,2400.0,2600.0,2560.0,554.179,Rs./Quintal,Metric Tonnes
Madhya Pradesh,Shivpuri,Badarwas APMC,Bengal Gram(Gram)(Whole),Gram,Non-FAQ,2026-01-23,4480.0,5280.0,5280.0,4.44,Rs./Quintal,Metric Tonnes
Madhya Pradesh,Shivpuri,Badarwas APMC,Bengal Gram(Gram)(Whole),Gram,FAQ,2026-01-23,5155.0,5155.0,5155.0,0.525,Rs./Quintal,Metric Tonnes
Madhya Pradesh,Shivpuri,Badarwas APMC,Maize,Local,Non-FAQ,2026-01-23,1200.0,1730.0,1540.0,1803.1290000000001,Rs./Quintal,Metric Tonnes
Madhya Pradesh,Shivpuri,Badarwas APMC,Maize,Local,FAQ,2026-01-23,1270.0,1685.0,1560.0,200.51600000000002,Rs./Quintal,Metric Tonnes
Madhya Pradesh,Shivpuri,Badarwas APMC,Mustard,Mustard,Non-FAQ,2026-01-23,5510.0,6055.0,6055.0,2.898,Rs./Quintal,Metric Tonnes
Madhya Pradesh,Shivpuri,Badarwas APMC,Red gram/Arhar/Tur(whole),Arhar Dal(Tur),Non-FAQ,2026-01-23,5950.0,6150.0,6150.0,6.365,Rs./Quintal,Metric Tonnes
Madhya Pradesh,Shivpuri,Badarwas APMC,Soyabean,Soyabeen,Non-FAQ,2026-01-23,4405.0,5185.0,5185.0,4.672,Rs./Quintal,Metric Tonnes
Madhya Pradesh,Shivpuri,Badarwas APMC,Wheat,Wheat,Non-FAQ,2026-01-23,2405.0,2750.0,2505.0,19.948,Rs./Quintal,Metric Tonnes
Madhya Pradesh,Ujjain,Badnagar APMC,Bengal Gram(Gram)(Whole),Desi (F.A.Q. Split),FAQ,2026-01-23,4000.0,4000.0,4000.0,3.361,Rs./Quintal,Metric Tonnes
Madhya Pradesh,Ujjain,Badnagar APMC,Bengal Gram(Gram)(Whole),Gram,FAQ,2026-01-23,5000.0,5601.0,5000.0,30.419,Rs./Quintal,Metric Tonnes
Madhya Pradesh,Ujjain,Badnagar APMC,Black Gram(Urd Beans)(Whole),Urda/Urd,FAQ,2026-01-23,6650.0,6650.0,6650.0,0.238,Rs./Quintal,Metric Tonnes
Madhya Pradesh,Ujjain,Badnagar APMC,Garlic,Garlic,FAQ,2026-01-23,1000.0,5500.0,5500.0,0.42500000000000004,Rs./Quintal,Metric Tonnes
Madhya Pradesh,Ujjain,Badnagar APMC,Green Peas,Pea,FAQ,2026-01-23,2100.0,4599.0,4599.0,11.116,Rs./Quintal,Metric Tonnes
Madhya Pradesh,Ujjain,Badnagar APMC,Kabuli Chana(Chickpeas-White),Dollar Gram,FAQ,2026-01-23,3800.0,8781.0,8200.0,10.302,Rs./Quintal,Metric Tonnes
Madhya Pradesh,Ujjain,Badnagar APMC,Soyabean,Yellow,FAQ,2026-01-23,2701.0,6850.0,5400.0,449.538,Rs./Quintal,Metric Tonnes
Madhya Pradesh,Ujjain,Badnagar APMC,Wheat,Wheat,FAQ,2026-01-23,1999.0,2700.0,2500.0,107.00200000000001,Rs./Quintal,Metric Tonnes
Madhya Pradesh,Dhar,Badnawar APMC,Cotton,Without Ginned Cotton,FAQ,2026-01-23,7100.0,7650.0,7650.0,4.271,Rs./Quintal,Metric Tonnes
Madhya Pradesh,Dhar,Badnawar APMC,Wheat,Wheat,FAQ,2026-01-23,2500.0,2500.0,2500.0,35.85,Rs./Quintal,Metric Tonnes
Madhya Pradesh,Shajapur,Badod APMC,Soyabean,Soyabeen,Non-FAQ,2026-01-23,3351.0,5175.0,5175.0,0.553,Rs./Quintal,Metric Tonnes
Madhya Pradesh,Shajapur,Badod APMC,Wheat,Wheat,Non-FAQ,2026-01-23,2300.0,2490.0,2490.0,27.718000000000004,Rs./Quintal,Metric Tonnes
Madhya Pradesh,Khargone,Badwaha APMC,Cotton,Without Ginned Cotton,FAQ,2026-01-23,6600.0,7400.0,7400.0,0.6400000000000001,Rs./Quintal,Metric Tonnes
Madhya Pradesh,Khargone,Badwaha APMC,Rose(Loose)),Rose(Loose),FAQ,2026-01-23,6500.0,6500.0,6500.0,10.463000000000001,Rs./Quintal,Metric Tonnes
Madhya Pradesh,Khargone,Badwaha APMC,Wheat,Wheat,FAQ,2026-01-23,2400.0,2400.0,2400.0,4.95,Rs./Quintal,Metric Tonnes
Madhya Pradesh,Badwani,Badwani APMC,Bajra(Pearl Millet/Cumbu),Millet,FAQ,2026-01-23,1600.0,1750.0,1700.0,26.0,Rs./Quintal,Metric Tonnes
Madhya Pradesh,Badwani,Badwani APMC,Maize,Yellow,FAQ,2026-01-23,1400.0,1600.0,1505.0,112.926,Rs./Quintal,Metric Tonnes
Madhya Pradesh,Dewas,Bagli APMC,Maize,Yellow,Non-FAQ,2026-01-23,1400.0,1618.0,1586.0,48.45,Rs./Quintal,Metric Tonnes
Madhya Pradesh,Dewas,Bagli APMC,Red gram/Arhar/Tur(whole),Arhar Dal(Tur),Non-FAQ,2026-01-23,4851.0,6796.0,6000.0,22.650000000000002,Rs./Quintal,Metric Tonnes
Madhya Pradesh,Dewas,Bagli APMC,Wheat,Mill Quality,Non-FAQ,2026-01-23,2599.0,2750.0,2750.0,8.0,Rs./Quintal,Metric Tonnes
Madhya Pradesh,Rewa,Baikunthpur APMC,Lak(Teora),Tiwada,FAQ,2026-01-23,3300.0,3300.0,3300.0,3.5,Rs./Quintal,Metric Tonnes
Madhya Pradesh,Rewa,Baikunthpur APMC,Mustard,Mustard,FAQ,2026-01-23,6290.0,6300.0,6300.0,6.484999999999999,Rs./Quintal,Metric Tonnes
Madhya Pradesh,Rewa,Baikunthpur APMC,Wheat,Wheat,FAQ,2026-01-23,2535.0,2550.0,2540.0,27.785000000000004,Rs./Quintal,Metric Tonnes
Madhya Pradesh,Chhatarpur,Bakswaha APMC,Maize,Local,FAQ,2026-01-23,1500.0,1500.0,1500.0,6.2,Rs./Quintal,Metric Tonnes
Madhya Pradesh,Sehore,Baktara APMC,Paddy(Common),Basmati,FAQ,2026-01-23,3631.0,4021.0,3851.0,1169.28,Rs./Quintal,Metric Tonnes
Madhya Pradesh,Sehore,Baktara APMC,Paddy(Common),Basmati,Non-FAQ,2026-01-23,3865.0,4001.0,4001.0,72.34500000000001,Rs./Quintal,Metric Tonnes
Madhya Pradesh,Sagar,Bamora APMC,Bengal Gram(Gram)(Whole),Desi (F.A.Q. Split),FAQ,2026-01-23,4850.0,4850.0,4850.0,0.333,Rs./Quintal,Metric Tonnes
Madhya Pradesh,Sagar,Bamora APMC,Maize,Local,FAQ,2026-01-23,1491.0,1540.0,1540.0,9.209999999999999,Rs./Quintal,Metric Tonnes
Madhya Pradesh,Sagar,Bamora APMC,Soyabean,Yellow,FAQ,2026-01-23,5200.0,5200.0,5200.0,0.5599999999999999,Rs./Quintal,Metric Tonnes
Madhya Pradesh,Sagar,Bamora APMC,Wheat,Mill Quality,FAQ,2026-01-23,2395.0,2731.0,2520.0,19.352000000000004,Rs./Quintal,Metric Tonnes
Madhya Pradesh,Hoshangabad,Banapura APMC,Bengal Gram(Gram)(Whole),Desi (F.A.Q. Split),FAQ,2026-01-23,3001.0,5291.0,4501.0,2.5300000000000002,Rs./Quintal,Metric Tonnes
Madhya Pradesh,Hoshangabad,Banapura APMC,Green Gram(Moong)(Whole),Green (Whole),FAQ,2026-01-23,5599.0,6750.0,6750.0,0.6200000000000001,Rs./Quintal,Metric Tonnes
Madhya Pradesh,Hoshangabad,Banapura APMC,Maize,Yellow,FAQ,2026-01-23,1200.0,1649.0,1500.0,1483.545,Rs./Quintal,Metric Tonnes
Madhya Pradesh,Hoshangabad,Banapura APMC,Maize,Local,FAQ,2026-01-23,1450.0,1525.0,1525.0,15.105000000000002,Rs./Quintal,Metric Tonnes
Madhya Pradesh,Hoshangabad,Banapura APMC,Maize,Yellow,Non-FAQ,2026-01-23,1600.0,1600.0,1600.0,4.07,Rs./Quintal,Metric Tonnes
Madhya Pradesh,Hoshangabad,Banapura APMC,Soyabean,Yellow,FAQ,2026-01-23,1551.0,5099.0,5099.0,8.165000000000001,Rs./Quintal,Metric Tonnes
Madhya Pradesh,Hoshangabad,Banapura APMC,Wheat,Local,FAQ,2026-01-23,2451.0,2513.0,2480.0,133.175,Rs./Quintal,Metric Tonnes
Madhya Pradesh,Sagar,Banda APMC,Bengal Gram(Gram)(Whole),Gram,FAQ,2026-01-23,5000.0,5200.0,5100.0,36.22,Rs./Quintal,Metric Tonnes
Madhya Pradesh,Sagar,Banda APMC,Bengal Gram(Gram)(Whole),Gram,Non-FAQ,2026-01-23,5050.0,5050.0,5050.0,3.0,Rs./Quintal,Metric Tonnes
Madhya Pradesh,Sagar,Banda APMC,Maize,Local,Non-FAQ,2026-01-23,1500.0,1510.0,1510.0,49.830000000000005,Rs./Quintal,Metric Tonnes
Madhya Pradesh,Sagar,Banda APMC,Maize,Local,FAQ,2026-01-23,1400.0,1570.0,1525.0,571.9340000000001,Rs./Quintal,Metric Tonnes
Madhya Pradesh,Sagar,Banda APMC,Soyabean,Soyabeen,FAQ,2026-01-23,4700.0,5080.0,5080.0,0.15000000000000002,Rs./Quintal,Metric Tonnes
Madhya Pradesh,Sagar,Banda APMC,Wheat,Wheat,FAQ,2026-01-23,2400.0,2455.0,2430.0,50.765,Rs./Quintal,Metric Tonnes
Madhya Pradesh,Sagar,Banda APMC,Wheat,Wheat,Non-FAQ,2026-01-23,2450.0,2450.0,2450.0,6.0,Rs./Quintal,Metric Tonnes
Madhya Pradesh,Hoshangabad,Bankhedi APMC,Green Gram(Moong)(Whole),Green (Whole),FAQ,2026-01-23,7100.0,7100.0,7100.0,0.18000000000000002,Rs./Quintal,Metric Tonnes
Madhya Pradesh,Hoshangabad,Bankhedi APMC,Paddy(Common),Puspa (MR 301),FAQ,2026-01-23,3250.0,3900.0,3900.0,363.68000000000006,Rs./Quintal,Metric Tonnes
Madhya Pradesh,Hoshangabad,Bankhedi APMC,Paddy(Common),Kranti,FAQ,2026-01-23,1850.0,1850.0,1850.0,0.135,Rs./Quintal,Metric Tonnes
Madhya Pradesh,Hoshangabad,Bankhedi APMC,Wheat,Mill Quality,FAQ,2026-01-23,2405.0,2520.0,2496.0,206.62,Rs./Quintal,Metric Tonnes
Madhya Pradesh,Shivpuri,Barad APMC,Groundnut,Big (With Shell),FAQ,2026-01-23,5005.0,7165.0,6500.0,33.594,Rs./Quintal,Metric Tonnes
Madhya Pradesh,Shivpuri,Barad APMC,Maize,Local,FAQ,2026-01-23,1501.0,1501.0,1501.0,0.435,Rs./Quintal,Metric Tonnes
Madhya Pradesh,Shivpuri,Barad APMC,Mustard,Mustard,Non-FAQ,2026-01-23,3801.0,3801.0,3801.0,1.425,Rs./Quintal,Metric Tonnes
Madhya Pradesh,Shivpuri,Barad APMC,Mustard,Mustard,FAQ,2026-01-23,5330.0,7000.0,6250.0,57.266999999999996,Rs./Quintal,Metric Tonnes
Madhya Pradesh,Shivpuri,Barad APMC,Soyabean,Soyabeen,FAQ,2026-01-23,4690.0,5418.0,5400.0,66.22500000000001,Rs./Quintal,Metric Tonnes
Madhya Pradesh,Shivpuri,Barad APMC,Tomato,Tomato,Non-FAQ,2026-01-23,340.0,800.0,350.0,23.700000000000003,Rs./Quintal,Metric Tonnes
Madhya Pradesh,Shivpuri,Barad APMC,Wheat,Wheat,FAQ,2026-01-23,2500.0,2500.0,2500.0,6.785,Rs./Quintal,Metric Tonnes
Madhya Pradesh,Raisen,Bareli APMC,Bengal Gram(Gram)(Whole),Gram,FAQ,2026-01-23,4680.0,5501.0,5501.0,2.93,Rs./Quintal,Metric Tonnes
Madhya Pradesh,Raisen,Bareli APMC,Paddy(Common),Common,FAQ,2026-01-23,1800.0,1800.0,1800.0,60.510000000000005,Rs./Quintal,Metric Tonnes
Madhya Pradesh,Raisen,Bareli APMC,Paddy(Common),Paddy,Non-FAQ,2026-01-23,3150.0,3150.0,3150.0,39.0,Rs./Quintal,Metric Tonnes
Madhya Pradesh,Raisen,Bareli APMC,Paddy(Common),Puspa (MR 301),FAQ,2026-01-23,3441.0,4005.0,4000.0,293.009,Rs./Quintal,Metric Tonnes
Madhya Pradesh,Raisen,Bareli APMC,Paddy(Common),Paddy,FAQ,2026-01-23,2600.0,4100.0,3800.0,1111.526,Rs./Quintal,Metric Tonnes
Madhya Pradesh,Raisen,Bareli APMC,Paddy(Common),Dhan,FAQ,2026-01-23,3600.0,3921.0,3921.0,337.5,Rs./Quintal,Metric Tonnes
Madhya Pradesh,Raisen,Bareli APMC,Paddy(Common),Basmati,FAQ,2026-01-23,3450.0,4051.0,3801.0,953.2750000000001,Rs./Quintal,Metric Tonnes
Madhya Pradesh,Raisen,Bareli APMC,Red gram/Arhar/Tur(whole),Arhar Dal(Tur),FAQ,2026-01-23,6595.0,7350.0,7350.0,2.97,Rs./Quintal,Metric Tonnes
Madhya Pradesh,Raisen,Bareli APMC,Wheat,Wheat-Organic,FAQ,2026-01-23,2600.0,2600.0,2600.0,5.28,Rs./Quintal,Metric Tonnes
Madhya Pradesh,Raisen,Bareli APMC,Wheat,Mill Quality,FAQ,2026-01-23,2360.0,2500.0,2500.0,6.095000000000001,Rs./Quintal,Metric Tonnes
Madhya Pradesh,Khargone,Bedia APMC,Chili Red,Red,FAQ,2026-01-23,8900.0,17838.52,14000.0,18.752000000000002,Rs./Quintal,Metric Tonnes
Madhya Pradesh,Raisen,Begamganj APMC,Bengal Gram(Gram)(Whole),Gram,Non-FAQ,2026-01-23,4600.0,5485.0,5105.0,46.20400000000001,Rs./Quintal,Metric Tonnes
Madhya Pradesh,Raisen,Begamganj APMC,Lak(Teora),Tiwada,FAQ,2026-01-23,3395.0,3395.0,3395.0,0.606,Rs./Quintal,Metric Tonnes
Madhya Pradesh,Raisen,Begamganj APMC,Lentil(Masur)(Whole),Masur Dal,FAQ,2026-01-23,5895.0,5895.0,5895.0,0.057999999999999996,Rs./Quintal,Metric Tonnes
Madhya Pradesh,Raisen,Begamganj APMC,Lentil(Masur)(Whole),Masur Dal,Non-FAQ,2026-01-23,5135.0,5810.0,5810.0,4.9430000000000005,Rs./Quintal,Metric Tonnes
Madhya Pradesh,Raisen,Begamganj APMC,Maize,Local,Non-FAQ,2026-01-23,1300.0,1650.0,1580.0,416.60100000000006,Rs./Quintal,Metric Tonnes
Madhya Pradesh,Raisen,Begamganj APMC,Maize,Local,FAQ,2026-01-23,1450.0,1660.0,1645.0,41.632000000000005,Rs./Quintal,Metric Tonnes
Madhya Pradesh,Raisen,Begamganj APMC,Mustard,Mustard,Non-FAQ,2026-01-23,6080.0,6500.0,6500.0,0.284,Rs./Quintal,Metric Tonnes
Madhya Pradesh,Raisen,Begamganj APMC,Paddy(Common),Dhan,Non-FAQ,2026-01-23,2200.0,2700.0,2700.0,9.178,Rs./Quintal,Metric Tonnes
Madhya Pradesh,Raisen,Begamganj APMC,Soyabean,Soyabeen,Non-FAQ,2026-01-23,5000.0,5305.0,5105.0,4.59,Rs./Quintal,Metric Tonnes
Madhya Pradesh,Raisen,Begamganj APMC,Soyabean,Soyabeen,FAQ,2026-01-23,5130.0,5130.0,5130.0,1.038,Rs./Quintal,Metric Tonnes
Madhya Pradesh,Raisen,Begamganj APMC,Wheat,Wheat,FAQ,2026-01-23,2105.0,2499.0,2430.0,16.221,Rs./Quintal,Metric Tonnes
Madhya Pradesh,Raisen,Begamganj APMC,Wheat,Wheat,Non-FAQ,2026-01-23,2300.0,2576.0,2450.0,79.077,Rs./Quintal,Metric Tonnes
Madhya Pradesh,Shehdol,Beohari APMC,Barley(Jau),Barley,FAQ,2026-01-23,2301.0,2301.0,2301.0,1.4000000000000001,Rs./Quintal,Metric Tonnes
Madhya Pradesh,Shehdol,Beohari APMC,Harrah,Harrah,FAQ,2026-01-23,1600.0,1600.0,1600.0,2.5,Rs./Quintal,Metric Tonnes
Madhya Pradesh,Shehdol,Beohari APMC,Wheat,Mill Quality,FAQ,2026-01-23,2440.0,2505.0,2500.0,83.79,Rs./Quintal,Metric Tonnes
Madhya Pradesh,Shehdol,Beohari APMC,buttery,Buttery,FAQ,2026-01-23,2800.0,2800.0,2800.0,6.0,Rs./Quintal,Metric Tonnes
Madhya Pradesh,Bhopal,Berasia APMC,Bengal Gram(Gram)(Whole),Gram,FAQ,2026-01-23,5000.0,5405.0,5115.0,2.8510000000000004,Rs./Quintal,Metric Tonnes
Madhya Pradesh,Bhopal,Berasia APMC,Paddy(Common),Basmati,FAQ,2026-01-23,1630.0,3885.0,3850.0,137.895,Rs./Quintal,Metric Tonnes
Madhya Pradesh,Bhopal,Berasia APMC,Paddy(Common),Dhan,FAQ,2026-01-23,2500.0,2500.0,2500.0,0.134,Rs./Quintal,Metric Tonnes
Madhya Pradesh,Bhopal,Berasia APMC,Soyabean,Yellow,FAQ,2026-01-23,3720.0,6150.0,5210.0,114.94100000000002,Rs./Quintal,Metric Tonnes
Madhya Pradesh,Bhopal,Berasia APMC,Soyabean,Soyabeen,FAQ,2026-01-23,3880.0,5425.0,5315.0,59.863,Rs./Quintal,Metric Tonnes
Madhya Pradesh,Bhopal,Berasia APMC,Wheat,Wheat,FAQ,2026-01-23,2300.0,2705.0,2518.0,88.4,Rs./Quintal,Metric Tonnes
Madhya Pradesh,Bhopal,Berasia APMC,Wheat,Mill Quality,FAQ,2026-01-23,2200.0,2570.0,2540.0,69.789,Rs./Quintal,Metric Tonnes
Madhya Pradesh,Betul,Betul APMC,Gur(Jaggery),Jaggery,FAQ,2026-01-23,3300.0,3800.0,3300.0,28.189999999999998,Rs./Quintal,Metric Tonnes
Madhya Pradesh,Betul,Betul APMC,Maize,Yellow,Non-FAQ,2026-01-23,1200.0,1250.0,1250.0,60.0,Rs./Quintal,Metric Tonnes
Madhya Pradesh,Betul,Betul APMC,Maize,Maize/Corn-Organic,FAQ,2026-01-23,1500.0,1550.0,1550.0,30.700000000000003,Rs./Quintal,Metric Tonnes
Madhya Pradesh,Betul,Betul APMC,Maize,Yellow,FAQ,2026-01-23,1534.0,1548.0,1548.0,99.80000000000001,Rs./Quintal,Metric Tonnes
Madhya Pradesh,Betul,Betul APMC,Maize,Deshi Red,FAQ,2026-01-23,1595.0,1675.0,1675.0,6.655,Rs./Quintal,Metric Tonnes
Madhya Pradesh,Betul,Betul APMC,Wheat,Mill Quality,FAQ,2026-01-23,2365.0,2538.0,2496.0,90.052,Rs./Quintal,Metric Tonnes
Madhya Pradesh,Datia,Bhander APMC,Groundnut,Big (With Shell),FAQ,2026-01-23,6560.0,6705.0,6705.0,6.0,Rs./Quintal,Metric Tonnes
Madhya Pradesh,Datia,Bhander APMC,Paddy(Common),Paddy,FAQ,2026-01-23,3475.0,3705.0,3705.0,51.215,Rs./Quintal,Metric Tonnes
Madhya Pradesh,Datia,Bhander APMC,Paddy(Common),Dhan,FAQ,2026-01-23,3070.0,3715.0,3695.0,67.447,Rs./Quintal,Metric Tonnes
Madhya Pradesh,Datia,Bhander APMC,Wheat,Other,FAQ,2026-01-23,2511.0,2793.0,2793.0,34.255,Rs./Quintal,Metric Tonnes
Madhya Pradesh,Datia,Bhander APMC,Wheat,Mill Quality,FAQ,2026-01-23,2400.0,2548.0,2499.0,578.763,Rs./Quintal,Metric Tonnes
Madhya Pradesh,Betul,Bhensdehi APMC,Maize,Local,FAQ,2026-01-23,1500.0,1725.0,1610.0,193.365,Rs./Quintal,Metric Tonnes
Madhya Pradesh,Khargone,Bhikangaon APMC,Bengal Gram(Gram)(Whole),Gram,FAQ,2026-01-23,5505.0,5700.0,5700.0,1.1400000000000001,Rs./Quintal,Metric Tonnes
Madhya Pradesh,Khargone,Bhikangaon APMC,Cotton,Without Ginned Cotton,FAQ,2026-01-23,5691.0,8098.0,7600.0,80.506,Rs./Quintal,Metric Tonnes
Madhya Pradesh,Khargone,Bhikangaon APMC,Maize,Local,Non-FAQ,2026-01-23,1501.0,1505.0,1501.0,39.11000000000001,Rs./Quintal,Metric Tonnes
Madhya Pradesh,Khargone,Bhikangaon APMC,Maize,Local,FAQ,2026-01-23,1200.0,1805.0,1586.0,168.793,Rs./Quintal,Metric Tonnes
Madhya Pradesh,Khargone,Bhikangaon APMC,Maize,Yellow,Non-FAQ,2026-01-23,1511.0,1511.0,1511.0,2.0,Rs./Quintal,Metric Tonnes
Madhya Pradesh,Khargone,Bhikangaon APMC,Red gram/Arhar/Tur(whole),Arhar Dal(Tur),FAQ,2026-01-23,6175.0,7245.0,7140.0,17.669,Rs./Quintal,Metric Tonnes
Madhya Pradesh,Khargone,Bhikangaon APMC,Soyabean,Soyabeen,FAQ,2026-01-23,4995.0,5705.0,5300.0,6.519,Rs./Quintal,Metric Tonnes
Madhya Pradesh,Khargone,Bhikangaon APMC,Wheat,Wheat,FAQ,2026-01-23,2440.0,2678.0,2636.0,27.8,Rs./Quintal,Metric Tonnes
Madhya Pradesh,Bhind,Bhind APMC,Bajra(Pearl Millet/Cumbu),Millet,FAQ,2026-01-23,1890.0,1890.0,1890.0,10.5,Rs./Quintal,Metric Tonnes
Madhya Pradesh,Bhind,Bhind APMC,Bajra(Pearl Millet/Cumbu),Millet,Non-FAQ,2026-01-23,1818.0,2300.0,1840.0,74.9,Rs./Quintal,Metric Tonnes
Madhya Pradesh,Bhind,Bhind APMC,Jowar(Sorghum),Jowar (Yellow),Non-FAQ,2026-01-23,1840.0,1850.0,1850.0,1.3,Rs./Quintal,Metric Tonnes
Madhya Pradesh,Bhind,Bhind APMC,Mustard,Mustard,FAQ,2026-01-23,6205.0,6620.0,6590.0,25.405,Rs./Quintal,Metric Tonnes
Madhya Pradesh,Bhind,Bhind APMC,Wheat,Wheat,Non-FAQ,2026-01-23,2290.0,2532.0,2527.0,100.80000000000001,Rs./Quintal,Metric Tonnes
Madhya Pradesh,Gwalior,Bhitarwar APMC,Paddy(Common),Dhan,Non-FAQ,2026-01-23,3100.0,3450.0,3450.0,23.055000000000003,Rs./Quintal,Metric Tonnes
Madhya Pradesh,Gwalior,Bhitarwar APMC,Wheat,Mill Quality,Non-FAQ,2026-01-23,2370.0,2500.0,2450.0,206.495,Rs./Quintal,Metric Tonnes
Madhya Pradesh,Gwalior,Bhitarwar APMC,Wheat,Mill Quality,FAQ,2026-01-23,2440.0,2440.0,2440.0,7.58,Rs./Quintal,Metric Tonnes
Madhya Pradesh,Bhopal,Bhopal APMC,Bengal Gram(Gram)(Whole),Gram,FAQ,2026-01-23,4125.0,5275.0,5275.0,5.433,Rs./Quintal,Metric Tonnes
Madhya Pradesh,Bhopal,Bhopal APMC,Garlic,Garlic,FAQ,2026-01-23,200.0,14050.0,4000.0,53.156,Rs./Quintal,Metric Tonnes
Madhya Pradesh,Bhopal,Bhopal APMC,Garlic,Desi,FAQ,2026-01-23,8300.0,8300.0,8300.0,2.261,Rs./Quintal,Metric Tonnes
Madhya Pradesh,Bhopal,Bhopal APMC,Garlic,China,FAQ,2026-01-23,7000.0,7000.0,7000.0,0.141,Rs./Quintal,Metric Tonnes
Madhya Pradesh,Bhopal,Bhopal APMC,Green Peas,Pea,FAQ,2026-01-23,3775.0,3775.0,3775.0,42.120000000000005,Rs./Quintal,Metric Tonnes
Madhya Pradesh,Bhopal,Bhopal APMC,Maize,Local,FAQ,2026-01-23,1350.0,1671.0,1350.0,12.047,Rs./Quintal,Metric Tonnes
Madhya Pradesh,Bhopal,Bhopal APMC,Onion,Onion,FAQ,2026-01-23,1050.0,1100.0,1100.0,25.0,Rs./Quintal,Metric Tonnes
Madhya Pradesh,Bhopal,Bhopal APMC,Paddy(Common),Paddy,FAQ,2026-01-23,1360.0,3925.0,3850.0,208.577,Rs./Quintal,Metric Tonnes
Madhya Pradesh,Bhopal,Bhopal APMC,Soyabean,Soyabeen,FAQ,2026-01-23,4000.0,6100.0,5301.0,24.028000000000002,Rs./Quintal,Metric Tonnes
Madhya Pradesh,Bhopal,Bhopal APMC,Wheat,Wheat,FAQ,2026-01-23,2200.0,2799.0,2540.0,47.421,Rs./Quintal,Metric Tonnes
Madhya Pradesh,Chhatarpur,Bijawar APMC,Green Peas,Pea,FAQ,2026-01-23,3850.0,4000.0,3905.0,33.75,Rs./Quintal,Metric Tonnes
Madhya Pradesh,Chhatarpur,Bijawar APMC,Wheat,Wheat,FAQ,2026-01-23,2430.0,2438.0,2438.0,14.880000000000003,Rs./Quintal,Metric Tonnes
Madhya Pradesh,Chhatarpur,Bijawar APMC,Wheat,Mill Quality,Non-FAQ,2026-01-23,2450.0,2514.0,2501.0,156.865,Rs./Quintal,Metric Tonnes
Madhya Pradesh,Sagar,Bina APMC,Bengal Gram(Gram)(Whole),Gram,FAQ,2026-01-23,4956.0,5408.0,5000.0,48.31,Rs./Quintal,Metric Tonnes
Madhya Pradesh,Sagar,Bina APMC,Green Peas,Pea,FAQ,2026-01-23,3911.0,3940.0,3940.0,1.485,Rs./Quintal,Metric Tonnes
Madhya Pradesh,Sagar,Bina APMC,Lak(Teora),Tiwada,FAQ,2026-01-23,3380.0,3600.0,3600.0,52.275000000000006,Rs./Quintal,Metric Tonnes
Madhya Pradesh,Sagar,Bina APMC,Lentil(Masur)(Whole),Masur Dal,FAQ,2026-01-23,5800.0,6301.0,6100.0,10.885,Rs./Quintal,Metric Tonnes
Madhya Pradesh,Sagar,Bina APMC,Maize,Local,FAQ,2026-01-23,1470.0,1530.0,1530.0,26.960000000000004,Rs./Quintal,Metric Tonnes
Madhya Pradesh,Sagar,Bina APMC,Mustard,Mustard,FAQ,2026-01-23,5600.0,6200.0,6200.0,5.515000000000001,Rs./Quintal,Metric Tonnes
Madhya Pradesh,Sagar,Bina APMC,Soyabean,Soyabeen,FAQ,2026-01-23,4612.0,5701.0,5237.0,29.095,Rs./Quintal,Metric Tonnes
Madhya Pradesh,Sagar,Bina APMC,Wheat,Wheat,FAQ,2026-01-23,2100.0,3226.0,2555.0,139.73,Rs./Quintal,Metric Tonnes
Madhya Pradesh,Sagar,Bina APMC,buttery,Buttery,FAQ,2026-01-23,3600.0,4636.0,4636.0,12.525,Rs./Quintal,Metric Tonnes
Madhya Pradesh,Guna,Binaganj APMC,Coriander(Leaves),Coriander,FAQ,2026-01-23,8750.0,10250.0,10250.0,0.664,Rs./Bundle,Bundle
Madhya Pradesh,Guna,Binaganj APMC,Maize,Local,FAQ,2026-01-23,1415.0,1705.0,1545.0,113.19900000000001,Rs./Quintal,Metric Tonnes
Madhya Pradesh,Guna,Binaganj APMC,Maize,Local,Non-FAQ,2026-01-23,1550.0,1620.0,1620.0,1.9140000000000001,Rs./Quintal,Metric Tonnes
Madhya Pradesh,Guna,Binaganj APMC,Soyabean,Soyabeen,FAQ,2026-01-23,4690.0,5390.0,5110.0,8.686,Rs./Quintal,Metric Tonnes
Madhya Pradesh,Guna,Binaganj APMC,Soyabean,Soyabeen,Non-FAQ,2026-01-23,5200.0,5210.0,5210.0,1.7870000000000001,Rs./Quintal,Metric Tonnes
Madhya Pradesh,Guna,Binaganj APMC,Wheat,Wheat,FAQ,2026-01-23,2100.0,2560.0,2540.0,32.19,Rs./Quintal,Metric Tonnes
Madhya Pradesh,Burhanpur,Burhanpur APMC,Cotton,Medium Fiber,FAQ,2026-01-23,6900.0,7535.0,7000.0,31.578,Rs./Quintal,Metric Tonnes
Madhya Pradesh,Burhanpur,Burhanpur APMC,Maize,Local,Non-FAQ,2026-01-23,1559.0,1559.0,1559.0,2.93,Rs./Quintal,Metric Tonnes
Madhya Pradesh,Burhanpur,Burhanpur APMC,Maize,Local,FAQ,2026-01-23,1500.0,2000.0,1505.0,27.244,Rs./Quintal,Metric Tonnes
Madhya Pradesh,Burhanpur,Burhanpur APMC,Red gram/Arhar/Tur(whole),Arhar Dal(Tur),Non-FAQ,2026-01-23,5201.0,7844.0,7600.0,58.870000000000005,Rs./Quintal,Metric Tonnes
Madhya Pradesh,Burhanpur,Burhanpur APMC,Red gram/Arhar/Tur(whole),Other,FAQ,2026-01-23,7600.0,7600.0,7600.0,1.316,Rs./Quintal,Metric Tonnes
Madhya Pradesh,Burhanpur,Burhanpur APMC,Red gram/Arhar/Tur(whole),Arhar Dal(Tur),FAQ,2026-01-23,6111.0,7901.0,7600.0,80.177,Rs./Quintal,Metric Tonnes
Madhya Pradesh,Burhanpur,Burhanpur APMC,Soyabean,Soyabeen,FAQ,2026-01-23,4550.0,5276.0,5276.0,11.922,Rs./Quintal,Metric Tonnes
Madhya Pradesh,Burhanpur,Burhanpur APMC,Wheat,Wheat,Non-FAQ,2026-01-23,2600.0,2600.0,2600.0,0.16000000000000003,Rs./Quintal,Metric Tonnes
Madhya Pradesh,Burhanpur,Burhanpur APMC,Wheat,Wheat,FAQ,2026-01-23,2345.0,2345.0,2345.0,0.682,Rs./Quintal,Metric Tonnes
Madhya Pradesh,Rewa,Chaakghat APMC,Mustard,Sarson(Black),FAQ,2026-01-23,5800.0,5800.0,5800.0,3.2,Rs./Quintal,Metric Tonnes
Madhya Pradesh,Rewa,Chaakghat APMC,Paddy(Common),Paddy fine,FAQ,2026-01-23,2410.0,2410.0,2410.0,4.6000000000000005,Rs./Quintal,Metric Tonnes
Madhya Pradesh,Rewa,Chaakghat APMC,Wheat,Mill Quality,FAQ,2026-01-23,2435.0,2450.0,2450.0,23.0,Rs./Quintal,Metric Tonnes
Madhya Pradesh,Ashoknagar,Chanderi APMC,Maize,Local,Non-FAQ,2026-01-23,1300.0,1600.0,1561.0,244.627,Rs./Quintal,Metric Tonnes
Madhya Pradesh,Ashoknagar,Chanderi APMC,Mustard,Mustard,Non-FAQ,2026-01-23,5211.0,5211.0,5211.0,0.5790000000000001,Rs./Quintal,Metric Tonnes
Madhya Pradesh,Ashoknagar,Chanderi APMC,Wheat,Wheat,Non-FAQ,2026-01-23,2200.0,2520.0,2490.0,115.31700000000001,Rs./Quintal,Metric Tonnes
Madhya Pradesh,Chhindwara,Chaurai APMC,Bengal Gram(Gram)(Whole),Gram,FAQ,2026-01-23,5100.0,5125.0,5125.0,7.56,Rs./Quintal,Metric Tonnes
Madhya Pradesh,Chhindwara,Chaurai APMC,Maize,Maize/Corn-Organic,Non-FAQ,2026-01-23,1650.0,1650.0,1650.0,9.5,Rs./Quintal,Metric Tonnes
Madhya Pradesh,Chhindwara,Chaurai APMC,Maize,Local,Non-FAQ,2026-01-23,1500.0,1701.0,1701.0,143.0,Rs./Quintal,Metric Tonnes
Madhya Pradesh,Chhindwara,Chaurai APMC,Maize,Yellow,Non-FAQ,2026-01-23,1550.0,1650.0,1650.0,959.0,Rs./Quintal,Metric Tonnes
Madhya Pradesh,Chhindwara,Chaurai APMC,Maize,Yellow,FAQ,2026-01-23,1443.0,1742.0,1600.0,2443.659,Rs./Quintal,Metric Tonnes
Madhya Pradesh,Chhindwara,Chaurai APMC,Maize,Local,FAQ,2026-01-23,1709.0,1709.0,1709.0,2.7,Rs./Quintal,Metric Tonnes
Madhya Pradesh,Chhindwara,Chaurai APMC,Wheat,Mill Quality,FAQ,2026-01-23,2450.0,2450.0,2450.0,0.27999999999999997,Rs./Quintal,Metric Tonnes
Madhya Pradesh,Rajgarh,Chhapiheda APMC,Wheat,Wheat,FAQ,2026-01-23,2490.0,2555.0,2550.0,39.135000000000005,Rs./Quintal,Metric Tonnes
Madhya Pradesh,Chhatarpur,Chhatarpur APMC,Barley(Jau),Barley,FAQ,2026-01-23,2275.0,2301.0,2301.0,25.400000000000002,Rs./Quintal,Metric Tonnes
Madhya Pradesh,Chhatarpur,Chhatarpur APMC,Barley(Jau),Barley,Non-FAQ,2026-01-23,2300.0,2325.0,2300.0,65.15,Rs./Quintal,Metric Tonnes
Madhya Pradesh,Chhatarpur,Chhatarpur APMC,Black Gram(Urd Beans)(Whole),Urda/Urd,Non-FAQ,2026-01-23,4545.0,5125.0,5125.0,33.63,Rs./Quintal,Metric Tonnes
Madhya Pradesh,Chhatarpur,Chhatarpur APMC,Groundnut,Big (With Shell),Non-FAQ,2026-01-23,4600.0,6050.0,5300.0,92.60000000000001,Rs./Quintal,Metric Tonnes
Madhya Pradesh,Chhatarpur,Chhatarpur APMC,Mustard,Mustard,Non-FAQ,2026-01-23,6025.0,6125.0,6100.0,24.574,Rs./Quintal,Metric Tonnes
Madhya Pradesh,Chhatarpur,Chhatarpur APMC,Soyabean,Soyabeen,FAQ,2026-01-23,5195.0,5345.0,5345.0,10.850000000000001,Rs./Quintal,Metric Tonnes
Madhya Pradesh,Chhatarpur,Chhatarpur APMC,Soyabean,Soyabeen,Non-FAQ,2026-01-23,4890.0,5355.0,5355.0,8.978,Rs./Quintal,Metric Tonnes
Madhya Pradesh,Chhatarpur,Chhatarpur APMC,Wheat,Mill Quality,FAQ,2026-01-23,2460.0,2556.0,2556.0,102.18,Rs./Quintal,Metric Tonnes
Madhya Pradesh,Chhatarpur,Chhatarpur APMC,Wheat,Wheat,FAQ,2026-01-23,2475.0,2475.0,2475.0,7.5,Rs./Quintal,Metric Tonnes
Madhya Pradesh,Chhatarpur,Chhatarpur APMC,Wheat,Mill Quality,Non-FAQ,2026-01-23,2400.0,2500.0,2440.0,449.645,Rs./Quintal,Metric Tonnes
Madhya Pradesh,Chhindwara,Chhindwara APMC,Bengal Gram(Gram)(Whole),Gram,FAQ,2026-01-23,4750.0,5200.0,5200.0,0.9,Rs./Quintal,Metric Tonnes
Madhya Pradesh,Chhindwara,Chhindwara APMC,Mahua,Mahua Flower,FAQ,2026-01-23,2000.0,3100.0,3100.0,37.0,Rs./Quintal,Metric Tonnes
Madhya Pradesh,Chhindwara,Chhindwara APMC,Maize,Maize/Corn-Organic,FAQ,2026-01-23,1500.0,1500.0,1500.0,6.025,Rs./Quintal,Metric Tonnes
Madhya Pradesh,Chhindwara,Chhindwara APMC,Maize,Local,FAQ,2026-01-23,1300.0,1790.0,1650.0,3787.438,Rs./Quintal,Metric Tonnes
Madhya Pradesh,Chhindwara,Chhindwara APMC,Maize,Yellow,FAQ,2026-01-23,1560.0,1600.0,1600.0,21.0,Rs./Quintal,Metric Tonnes
Madhya Pradesh,Chhindwara,Chhindwara APMC,Maize,Yellow,Non-FAQ,2026-01-23,1602.0,1796.0,1630.0,4035.5,Rs./Quintal,Metric Tonnes
Madhya Pradesh,Chhindwara,Chhindwara APMC,Red gram/Arhar/Tur(whole),Arhar Dal(Tur),FAQ,2026-01-23,7115.0,7450.0,7450.0,0.15000000000000002,Rs./Quintal,Metric Tonnes
Madhya Pradesh,Chhindwara,Chhindwara APMC,Soyabean,Soyabeen,FAQ,2026-01-23,4499.0,5254.0,5050.0,35.550000000000004,Rs./Quintal,Metric Tonnes
Madhya Pradesh,Chhindwara,Chhindwara APMC,Wheat,Wheat,FAQ,2026-01-23,2462.0,2799.0,2671.0,52.139,Rs./Quintal,Metric Tonnes
Madhya Pradesh,Chhindwara,Chhindwara APMC,Wheat,Mill Quality,Non-FAQ,2026-01-23,2590.0,2630.0,2600.0,63.379999999999995,Rs./Quintal,Metric Tonnes
Madhya Pradesh,Chhindwara,Chhindwara APMC,Wheat,Mill Quality,FAQ,2026-01-23,2450.0,2775.0,2551.0,107.384,Rs./Quintal,Metric Tonnes
Madhya Pradesh,Seoni,Chhpara APMC,Maize,Local,FAQ,2026-01-23,1580.0,1750.0,1700.0,160.4,Rs./Quintal,Metric Tonnes
Madhya Pradesh,Seoni,Chhpara APMC,Maize,Local,Non-FAQ,2026-01-23,1550.0,1700.0,1700.0,102.78,Rs./Quintal,Metric Tonnes
Madhya Pradesh,Seoni,Chhpara APMC,Maize,Yellow,FAQ,2026-01-23,1450.0,1625.0,1450.0,278.90000000000003,Rs./Quintal,Metric Tonnes
Madhya Pradesh,Seoni,Chhpara APMC,Maize,Yellow,Non-FAQ,2026-01-23,1445.0,1680.0,1455.0,85.60000000000001,Rs./Quintal,Metric Tonnes
Madhya Pradesh,Gwalior,Dabra APMC,Mustard,Mustard,FAQ,2026-01-23,6000.0,6200.0,6200.0,26.52,Rs./Quintal,Metric Tonnes
Madhya Pradesh,Gwalior,Dabra APMC,Paddy(Common),1121,FAQ,2026-01-23,3300.0,3796.0,3600.0,309.685,Rs./Quintal,Metric Tonnes
Madhya Pradesh,Gwalior,Dabra APMC,Paddy(Common),Basmati 1509,FAQ,2026-01-23,3000.0,3650.0,3650.0,489.745,Rs./Quintal,Metric Tonnes
Madhya Pradesh,Gwalior,Dabra APMC,Paddy(Common),Dhan,FAQ,2026-01-23,3740.0,3760.0,3750.0,102.23,Rs./Quintal,Metric Tonnes
Madhya Pradesh,Gwalior,Dabra APMC,Paddy(Common),Paddy,FAQ,2026-01-23,3200.0,3755.0,3750.0,237.62,Rs./Quintal,Metric Tonnes
Madhya Pradesh,Gwalior,Dabra APMC,Wheat,Wheat,FAQ,2026-01-23,2575.0,2610.0,2610.0,16.5,Rs./Quintal,Metric Tonnes
Madhya Pradesh,Mandsaur,Daloda APMC,Bengal Gram(Gram)(Whole),Desi (F.A.Q. Split),FAQ,2026-01-23,5411.0,5411.0,5411.0,0.305,Rs./Quintal,Metric Tonnes
Madhya Pradesh,Mandsaur,Daloda APMC,Bengal Gram(Gram)(Whole),Gram,FAQ,2026-01-23,3651.0,5399.0,5351.0,2.357,Rs./Quintal,Metric Tonnes
Madhya Pradesh,Mandsaur,Daloda APMC,Garlic,Garlic,FAQ,2026-01-23,100.0,15001.0,8500.0,247.25700000000003,Rs./Quintal,Metric Tonnes
Madhya Pradesh,Mandsaur,Daloda APMC,Green Peas,Pea,FAQ,2026-01-23,3401.0,3401.0,3401.0,0.147,Rs./Quintal,Metric Tonnes
Madhya Pradesh,Mandsaur,Daloda APMC,Lentil(Masur)(Whole),Masur Dal,FAQ,2026-01-23,5600.0,5860.0,5860.0,0.35000000000000003,Rs./Quintal,Metric Tonnes
Madhya Pradesh,Mandsaur,Daloda APMC,Linseed,Flaxseed,FAQ,2026-01-23,6000.0,7711.0,7701.0,1.395,Rs./Quintal,Metric Tonnes
Madhya Pradesh,Mandsaur,Daloda APMC,Maize,Local,FAQ,2026-01-23,1551.0,1650.0,1650.0,4.260000000000001,Rs./Quintal,Metric Tonnes
Madhya Pradesh,Mandsaur,Daloda APMC,Methi Seeds,Methiseeds,FAQ,2026-01-23,5001.0,5001.0,5001.0,0.05,Rs./Quintal,Metric Tonnes
Madhya Pradesh,Mandsaur,Daloda APMC,Mustard,Mustard,FAQ,2026-01-23,5300.0,6251.0,5700.0,4.6979999999999995,Rs./Quintal,Metric Tonnes
Madhya Pradesh,Mandsaur,Daloda APMC,Soyabean,Soyabeen,FAQ,2026-01-23,4996.0,5490.0,5490.0,8.517000000000001,Rs./Quintal,Metric Tonnes
Madhya Pradesh,Mandsaur,Daloda APMC,Wheat,Wheat,FAQ,2026-01-23,1501.0,2810.0,2700.0,86.74700000000001,Rs./Quintal,Metric Tonnes
Madhya Pradesh,Damoh,Damoh APMC,Bengal Gram(Gram)(Whole),Gram,Non-FAQ,2026-01-23,5400.0,5400.0,5400.0,1.2000000000000002,Rs./Quintal,Metric Tonnes
Madhya Pradesh,Damoh,Damoh APMC,Bengal Gram(Gram)(Whole),Gram,FAQ,2026-01-23,2400.0,5700.0,5450.0,168.22500000000002,Rs./Quintal,Metric Tonnes
Madhya Pradesh,Damoh,Damoh APMC,Bengal Gram(Gram)(Whole),Desi (F.A.Q. Split),FAQ,2026-01-23,5210.0,5350.0,5325.0,26.680000000000003,Rs./Quintal,Metric Tonnes
Madhya Pradesh,Damoh,Damoh APMC,Black Gram(Urd Beans)(Whole),Urda/Urd,FAQ,2026-01-23,4210.0,7255.0,6255.0,23.343000000000004,Rs./Quintal,Metric Tonnes
Madhya Pradesh,Damoh,Damoh APMC,Green Gram(Moong)(Whole),Green (Whole),FAQ,2026-01-23,1600.0,5580.0,5580.0,0.37000000000000005,Rs./Quintal,Metric Tonnes
Madhya Pradesh,Damoh,Damoh APMC,Green Peas,Pea,FAQ,2026-01-23,2000.0,4090.0,3310.0,10.649000000000001,Rs./Quintal,Metric Tonnes
Madhya Pradesh,Damoh,Damoh APMC,Lentil(Masur)(Whole),Masur Dal,FAQ,2026-01-23,5900.0,7400.0,6160.0,20.240000000000002,Rs./Quintal,Metric Tonnes
Madhya Pradesh,Damoh,Damoh APMC,Linseed,Flaxseed,FAQ,2026-01-23,7855.0,7875.0,7855.0,0.44400000000000006,Rs./Quintal,Metric Tonnes
Madhya Pradesh,Damoh,Damoh APMC,Maize,Local,FAQ,2026-01-23,1500.0,1640.0,1625.0,213.49800000000002,Rs./Quintal,Metric Tonnes
Madhya Pradesh,Damoh,Damoh APMC,Maize,Local,Non-FAQ,2026-01-23,1550.0,1660.0,1650.0,82.2,Rs./Quintal,Metric Tonnes
Madhya Pradesh,Damoh,Damoh APMC,Mustard,Mustard,FAQ,2026-01-23,5005.0,6505.0,6505.0,3.3740000000000006,Rs./Quintal,Metric Tonnes
Madhya Pradesh,Damoh,Damoh APMC,Red gram/Arhar/Tur(whole),Arhar Dal(Tur),FAQ,2026-01-23,5000.0,7530.0,6600.0,52.143,Rs./Quintal,Metric Tonnes
Madhya Pradesh,Damoh,Damoh APMC,Soyabean,Soyabeen,FAQ,2026-01-23,4205.0,5270.0,5200.0,53.56100000000001,Rs./Quintal,Metric Tonnes
Madhya Pradesh,Damoh,Damoh APMC,Wheat,Wheat,Non-FAQ,2026-01-23,2500.0,2500.0,2500.0,13.9,Rs./Quintal,Metric Tonnes
Madhya Pradesh,Damoh,Damoh APMC,Wheat,Mill Quality,Non-FAQ,2026-01-23,2500.0,2500.0,2500.0,60.0,Rs./Quintal,Metric Tonnes
Madhya Pradesh,Damoh,Damoh APMC,buttery,Buttery,FAQ,2026-01-23,3000.0,4370.0,3770.0,33.466,Rs./Quintal,Metric Tonnes
Madhya Pradesh,Datia,Datia APMC,Groundnut,Big (With Shell),FAQ,2026-01-23,6135.0,6610.0,6315.0,29.010000000000005,Rs./Quintal,Metric Tonnes
Madhya Pradesh,Datia,Datia APMC,Paddy(Common),Dhan,FAQ,2026-01-23,3015.0,3785.0,3785.0,53.44,Rs./Quintal,Metric Tonnes
Madhya Pradesh,Datia,Datia APMC,Wheat,Mill Quality,FAQ,2026-01-23,2380.0,2524.0,2516.0,187.84500000000003,Rs./Quintal,Metric Tonnes
Madhya Pradesh,Sagar,Deori APMC,Bengal Gram(Gram)(Whole),Desi (F.A.Q. Split),Non-FAQ,2026-01-23,4500.0,4800.0,4800.0,16.6,Rs./Quintal,Metric Tonnes
Madhya Pradesh,Sagar,Deori APMC,Bengal Gram(Gram)(Whole),Gram,FAQ,2026-01-23,5285.0,5285.0,5285.0,3.2,Rs./Quintal,Metric Tonnes
Madhya Pradesh,Sagar,Deori APMC,Bengal Gram(Gram)(Whole),Gram,Non-FAQ,2026-01-23,5165.0,5180.0,5180.0,10.9,Rs./Quintal,Metric Tonnes
Madhya Pradesh,Sagar,Deori APMC,Maize,Local,FAQ,2026-01-23,1525.0,1655.0,1570.0,501.291,Rs./Quintal,Metric Tonnes
Madhya Pradesh,Sagar,Deori APMC,Maize,Local,Non-FAQ,2026-01-23,1560.0,1635.0,1580.0,117.0,Rs./Quintal,Metric Tonnes
Madhya Pradesh,Sagar,Deori APMC,Maize,Yellow,FAQ,2026-01-23,1600.0,1610.0,1600.0,44.300000000000004,Rs./Quintal,Metric Tonnes
Madhya Pradesh,Sagar,Deori APMC,Onion,Onion,Non-FAQ,2026-01-23,900.0,900.0,900.0,20.0,Rs./Quintal,Metric Tonnes
Madhya Pradesh,Sagar,Deori APMC,Onion,Onion,FAQ,2026-01-23,1000.0,1000.0,1000.0,14.0,Rs./Quintal,Metric Tonnes
Madhya Pradesh,Sagar,Deori APMC,Wheat,Wheat,FAQ,2026-01-23,2465.0,2525.0,2480.0,230.5,Rs./Quintal,Metric Tonnes
Madhya Pradesh,Panna,Devandranagar APMC,Bengal Gram(Gram)(Whole),Gram,Non-FAQ,2026-01-23,5505.0,5518.0,5518.0,10.0,Rs./Quintal,Metric Tonnes
Madhya Pradesh,Panna,Devandranagar APMC,Wheat,Wheat,Non-FAQ,2026-01-23,2520.0,2525.0,2525.0,8.0,Rs./Quintal,Metric Tonnes
Madhya Pradesh,Dewas,Dewas APMC,Bengal Gram(Gram)(Whole),Gram,FAQ,2026-01-23,2650.0,5800.0,5800.0,5.364000000000001,Rs./Quintal,Metric Tonnes
Madhya Pradesh,Dewas,Dewas APMC,Green Peas,Pea,FAQ,2026-01-23,3850.42,3850.42,3850.42,41.647000000000006,Rs./Quintal,Metric Tonnes
Madhya Pradesh,Dewas,Dewas APMC,Kabuli Chana(Chickpeas-White),Dollar Gram,FAQ,2026-01-23,3510.0,8710.0,8600.0,19.817,Rs./Quintal,Metric Tonnes
Madhya Pradesh,Dewas,Dewas APMC,Maize,Local,FAQ,2026-01-23,1250.0,1671.0,1500.0,4.255,Rs./Quintal,Metric Tonnes
Madhya Pradesh,Dewas,Dewas APMC,Methi Seeds,Methiseeds,FAQ,2026-01-23,5201.0,5201.0,5201.0,0.06,Rs./Quintal,Metric Tonnes
Madhya Pradesh,Dewas,Dewas APMC,Mustard,Mustard,FAQ,2026-01-23,4900.0,6152.0,6152.0,4.482,Rs./Quintal,Metric Tonnes
Madhya Pradesh,Dewas,Dewas APMC,"Sesamum(Sesame,Gingelly,Til)",Sesame,FAQ,2026-01-23,6250.0,6250.0,6250.0,0.066,Rs./Quintal,Metric Tonnes
Madhya Pradesh,Dewas,Dewas APMC,Soyabean,Soyabeen,FAQ,2026-01-23,2050.0,6200.0,5450.0,559.711,Rs./Quintal,Metric Tonnes
Madhya Pradesh,Dewas,Dewas APMC,Soyabean,Soyabeen,Non-FAQ,2026-01-23,1710.0,3840.0,3840.0,0.5630000000000001,Rs./Quintal,Metric Tonnes
Madhya Pradesh,Dewas,Dewas APMC,Wheat,Wheat,FAQ,2026-01-23,1101.0,2928.0,2650.0,322.51300000000003,Rs./Quintal,Metric Tonnes
Madhya Pradesh,Dhar,Dhamnod APMC,Bengal Gram(Gram)(Whole),Gram,FAQ,2026-01-23,7230.0,7755.0,7755.0,2.85,Rs./Quintal,Metric Tonnes
Madhya Pradesh,Dhar,Dhamnod APMC,Cotton,Without Ginned Cotton,FAQ,2026-01-23,5500.0,7815.0,6900.0,103.032,Rs./Quintal,Metric Tonnes
Madhya Pradesh,Dhar,Dhamnod APMC,Kabuli Chana(Chickpeas-White),Dollar Gram,FAQ,2026-01-23,4325.0,8450.0,8450.0,23.969,Rs./Quintal,Metric Tonnes
Madhya Pradesh,Dhar,Dhamnod APMC,Maize,Local,FAQ,2026-01-23,1391.0,1745.0,1653.0,121.782,Rs./Quintal,Metric Tonnes
Madhya Pradesh,Dhar,Dhamnod APMC,Red gram/Arhar/Tur(whole),Arhar Dal(Tur),FAQ,2026-01-23,6505.0,7525.0,7525.0,2.95,Rs./Quintal,Metric Tonnes
Madhya Pradesh,Dhar,Dhamnod APMC,Soyabean,Soyabeen,FAQ,2026-01-23,4255.0,5395.0,5395.0,9.615000000000002,Rs./Quintal,Metric Tonnes
Madhya Pradesh,Dhar,Dhamnod APMC,Soyabean,Other,FAQ,2026-01-23,3810.0,3810.0,3810.0,4.765,Rs./Quintal,Metric Tonnes
Madhya Pradesh,Dhar,Dhamnod APMC,Wheat,Wheat,FAQ,2026-01-23,2375.0,2580.0,2572.0,11.595,Rs./Quintal,Metric Tonnes
Madhya Pradesh,Dhar,Dhar APMC,Maize,Local,FAQ,2026-01-23,1505.0,1505.0,1505.0,6.5,Rs./Quintal,Metric Tonnes
Madhya Pradesh,Dhar,Dhar APMC,Soyabean,Soyabeen,FAQ,2026-01-23,5025.0,5300.0,5300.0,37.961000000000006,Rs./Quintal,Metric Tonnes
Madhya Pradesh,Dhar,Dhar APMC,Wheat,Mill Quality,FAQ,2026-01-23,2007.0,2070.0,2070.0,10.9,Rs./Quintal,Metric Tonnes
Madhya Pradesh,Dindori,Dindori APMC,Mustard,Sarson(Black),Non-FAQ,2026-01-23,6000.0,6050.0,6050.0,5.5,Rs./Quintal,Metric Tonnes
Madhya Pradesh,Dindori,Dindori APMC,Niger Seed(Ramtil),Ramatilli,Non-FAQ,2026-01-23,9700.0,9700.0,9700.0,1.7000000000000002,Rs./Quintal,Metric Tonnes
Madhya Pradesh,Dindori,Dindori APMC,Paddy(Common),Other,Non-FAQ,2026-01-23,1900.0,2380.0,2370.0,139.4,Rs./Quintal,Metric Tonnes
Madhya Pradesh,Narsinghpur,Gadarwada APMC,Bengal Gram(Gram)(Whole),Desi (F.A.Q. Split),Non-FAQ,2026-01-23,5250.0,5500.0,5450.0,37.46,Rs./Quintal,Metric Tonnes
Madhya Pradesh,Narsinghpur,Gadarwada APMC,Bengal Gram(Gram)(Whole),Gram,FAQ,2026-01-23,4500.0,5721.0,5721.0,15.480000000000002,Rs./Quintal,Metric Tonnes
Madhya Pradesh,Narsinghpur,Gadarwada APMC,Bengal Gram(Gram)(Whole),Gram,Non-FAQ,2026-01-23,4850.0,5651.0,5651.0,1.85,Rs./Quintal,Metric Tonnes
Madhya Pradesh,Narsinghpur,Gadarwada APMC,Black Gram(Urd Beans)(Whole),Urda/Urd,FAQ,2026-01-23,7272.0,7272.0,7272.0,0.28500000000000003,Rs./Quintal,Metric Tonnes
Madhya Pradesh,Narsinghpur,Gadarwada APMC,Green Gram(Moong)(Whole),Green (Whole),FAQ,2026-01-23,6600.0,7025.04,7025.04,41.645,Rs./Quintal,Metric Tonnes
Madhya Pradesh,Narsinghpur,Gadarwada APMC,Paddy(Common),Paddy,FAQ,2026-01-23,3000.0,3820.0,3800.0,30.07,Rs./Quintal,Metric Tonnes
Madhya Pradesh,Narsinghpur,Gadarwada APMC,Paddy(Common),Kranti,FAQ,2026-01-23,1800.0,2401.0,1800.0,22.755000000000003,Rs./Quintal,Metric Tonnes
Madhya Pradesh,Narsinghpur,Gadarwada APMC,Paddy(Common),Kranti,Non-FAQ,2026-01-23,2000.0,2310.0,2150.0,118.72000000000001,Rs./Quintal,Metric Tonnes
Madhya Pradesh,Narsinghpur,Gadarwada APMC,Paddy(Common),Puspa (MR 301),FAQ,2026-01-23,1851.0,4000.0,3775.0,281.57,Rs./Quintal,Metric Tonnes
Madhya Pradesh,Narsinghpur,Gadarwada APMC,Paddy(Common),Paddy,Non-FAQ,2026-01-23,2300.0,3200.0,3200.0,82.688,Rs./Quintal,Metric Tonnes
Madhya Pradesh,Narsinghpur,Gadarwada APMC,Red gram/Arhar/Tur(whole),Arhar Dal(Tur),FAQ,2026-01-23,5000.0,7561.0,7400.0,8.265,Rs./Quintal,Metric Tonnes
Madhya Pradesh,Narsinghpur,Gadarwada APMC,Soyabean,Soyabeen,FAQ,2026-01-23,3401.0,5396.0,5396.0,6.98,Rs./Quintal,Metric Tonnes
Madhya Pradesh,Narsinghpur,Gadarwada APMC,Wheat,Mill Quality,FAQ,2026-01-23,2360.0,2550.0,2441.0,15.865000000000002,Rs./Quintal,Metric Tonnes
Madhya Pradesh,Narsinghpur,Gadarwada APMC,Wheat,Mill Quality,Non-FAQ,2026-01-23,2450.0,2510.0,2450.0,7.203,Rs./Quintal,Metric Tonnes
Madhya Pradesh,Raisen,Gairatganj APMC,Maize,Local,Non-FAQ,2026-01-23,1526.0,1540.0,1540.0,4.855,Rs./Quintal,Metric Tonnes
Madhya Pradesh,Raisen,Gairatganj APMC,Maize,Local,FAQ,2026-01-23,1450.0,1450.0,1450.0,9.0,Rs./Quintal,Metric Tonnes
Madhya Pradesh,Raisen,Gairatganj APMC,Paddy(Common),Basmati,FAQ,2026-01-23,2600.0,3900.0,3850.0,635.1700000000001,Rs./Quintal,Metric Tonnes
Madhya Pradesh,Raisen,Gairatganj APMC,Paddy(Common),Dhan,Non-FAQ,2026-01-23,1536.0,3926.0,3870.0,100.83200000000001,Rs./Quintal,Metric Tonnes
Madhya Pradesh,Raisen,Gairatganj APMC,Wheat,Wheat,Non-FAQ,2026-01-23,2481.0,2481.0,2481.0,4.0,Rs./Quintal,Metric Tonnes
Madhya Pradesh,Raisen,Gairatganj APMC,Wheat,Wheat,FAQ,2026-01-23,2445.0,2800.0,2800.0,62.800000000000004,Rs./Quintal,Metric Tonnes
Madhya Pradesh,Raisen,Gairatganj APMC,buttery,Buttery,FAQ,2026-01-23,4500.0,4500.0,4500.0,0.9900000000000001,Rs./Quintal,Metric Tonnes
Madhya Pradesh,Dhar,Gandhwani APMC,Cotton,Without Ginned Cotton,FAQ,2026-01-23,6000.0,7980.0,7600.0,220.08100000000002,Rs./Quintal,Metric Tonnes
Madhya Pradesh,Dhar,Gandhwani APMC,Maize,Local,FAQ,2026-01-23,1430.0,2000.0,1430.0,13.724000000000002,Rs./Quintal,Metric Tonnes
Madhya Pradesh,Dhar,Gandhwani APMC,Soyabean,Soyabeen,FAQ,2026-01-23,5000.0,5094.0,5094.0,6.604000000000001,Rs./Quintal,Metric Tonnes
Madhya Pradesh,Dhar,Gandhwani APMC,Wheat,Wheat,FAQ,2026-01-23,2500.0,2651.0,2525.0,68.19500000000001,Rs./Quintal,Metric Tonnes
Madhya Pradesh,Vidisha,Ganjbasoda APMC,Lentil(Masur)(Whole),Masur Dal,FAQ,2026-01-23,6315.0,6315.0,6315.0,34.19,Rs./Quintal,Metric Tonnes
Madhya Pradesh,Vidisha,Ganjbasoda APMC,Paddy(Common),Paddy,FAQ,2026-01-23,3700.0,3850.0,3850.0,52.655,Rs./Quintal,Metric Tonnes
Madhya Pradesh,Vidisha,Ganjbasoda APMC,Soyabean,Soyabeen,FAQ,2026-01-23,4395.0,5405.0,5405.0,5.005,Rs./Quintal,Metric Tonnes
Madhya Pradesh,Vidisha,Ganjbasoda APMC,Wheat,PISSI,FAQ,2026-01-23,2336.0,2500.0,2500.0,3.14,Rs./Quintal,Metric Tonnes
Madhya Pradesh,Sagar,Garhakota APMC,Bengal Gram(Gram)(Whole),Gram,FAQ,2026-01-23,4805.0,5460.0,5420.0,7.554000000000001,Rs./Quintal,Metric Tonnes
Madhya Pradesh,Sagar,Garhakota APMC,Green Peas,Pea,FAQ,2026-01-23,3005.0,3005.0,3005.0,0.128,Rs./Quintal,Metric Tonnes
Madhya Pradesh,Sagar,Garhakota APMC,Maize,Local,FAQ,2026-01-23,1450.0,1620.0,1590.0,188.96,Rs./Quintal,Metric Tonnes
Madhya Pradesh,Sagar,Garhakota APMC,Maize,Sweet Corn (For Biscuits),FAQ,2026-01-23,1555.0,1555.0,1555.0,7.56,Rs./Quintal,Metric Tonnes
Madhya Pradesh,Sagar,Garhakota APMC,Soyabean,Yellow,FAQ,2026-01-23,7000.0,7000.0,7000.0,0.1,Rs./Quintal,Metric Tonnes
Madhya Pradesh,Sagar,Garhakota APMC,Soyabean,Soyabeen,Non-FAQ,2026-01-23,3350.0,3350.0,3350.0,0.29,Rs./Quintal,Metric Tonnes
Madhya Pradesh,Sagar,Garhakota APMC,Soyabean,Soyabeen,FAQ,2026-01-23,4545.0,5345.0,5340.0,13.088000000000001,Rs./Quintal,Metric Tonnes
Madhya Pradesh,Sagar,Garhakota APMC,Wheat,Wheat,FAQ,2026-01-23,2400.0,2610.0,2485.0,8.843000000000002,Rs./Quintal,Metric Tonnes
Madhya Pradesh,Indore,Gautampura APMC,Bengal Gram(Gram)(Whole),Gram,FAQ,2026-01-23,4830.0,4990.0,4990.0,12.0,Rs./Quintal,Metric Tonnes
Madhya Pradesh,Indore,Gautampura APMC,Soyabean,Soyabeen,FAQ,2026-01-23,4925.0,5281.0,5281.0,5.745000000000001,Rs./Quintal,Metric Tonnes
Madhya Pradesh,Indore,Gautampura APMC,Wheat,Local,FAQ,2026-01-23,2600.0,2600.0,2600.0,7.690000000000001,Rs./Quintal,Metric Tonnes
Madhya Pradesh,Indore,Gautampura APMC,Wheat,Wheat,FAQ,2026-01-23,2600.0,2600.0,2600.0,14.654,Rs./Quintal,Metric Tonnes
Madhya Pradesh,Seoni,Ghansour APMC,Kutki,Kutki,FAQ,2026-01-23,3900.0,4010.0,4010.0,20.0,Rs./Quintal,Metric Tonnes
Madhya Pradesh,Seoni,Ghansour APMC,Maize,Local,FAQ,2026-01-23,1420.0,1550.0,1550.0,52.85,Rs./Quintal,Metric Tonnes
Madhya Pradesh,Seoni,Ghansour APMC,Maize,Local,Non-FAQ,2026-01-23,1565.0,1615.0,1600.0,84.9,Rs./Quintal,Metric Tonnes
Madhya Pradesh,Seoni,Ghansour APMC,Maize,Yellow,FAQ,2026-01-23,1400.0,1430.0,1420.0,125.15,Rs./Quintal,Metric Tonnes
Madhya Pradesh,Bhind,Gohad APMC,Mustard,Mustard,FAQ,2026-01-23,6435.0,7000.0,6600.0,132.335,Rs./Quintal,Metric Tonnes
Madhya Pradesh,Bhind,Gohad APMC,Paddy(Common),Common,FAQ,2026-01-23,3200.0,3200.0,3200.0,4.655,Rs./Quintal,Metric Tonnes
Madhya Pradesh,Bhind,Gohad APMC,Paddy(Common),Dhan,Non-FAQ,2026-01-23,3100.0,3100.0,3100.0,6.4,Rs./Quintal,Metric Tonnes
Madhya Pradesh,Bhind,Gohad APMC,Paddy(Common),Paddy,FAQ,2026-01-23,3135.0,3135.0,3135.0,29.985000000000003,Rs./Quintal,Metric Tonnes
Madhya Pradesh,Bhind,Gohad APMC,Paddy(Common),Basmati 1509,FAQ,2026-01-23,2645.0,3245.0,3245.0,10.14,Rs./Quintal,Metric Tonnes
Madhya Pradesh,Bhind,Gohad APMC,Wheat,Wheat,FAQ,2026-01-23,2450.0,2575.0,2490.0,14.285,Rs./Quintal,Metric Tonnes
Madhya Pradesh,Dindori,Gorakhpur APMC,Kutki,Kutki,FAQ,2026-01-23,4350.0,4400.0,4400.0,15.8,Rs./Quintal,Metric Tonnes
Madhya Pradesh,Dindori,Gorakhpur APMC,Niger Seed(Ramtil),Ramatilli,Non-FAQ,2026-01-23,8800.0,8902.0,8902.0,11.0,Rs./Quintal,Metric Tonnes
Madhya Pradesh,Dindori,Gorakhpur APMC,Soyabean,Yellow,FAQ,2026-01-23,4200.0,4510.0,4410.0,22.134,Rs./Quintal,Metric Tonnes
Madhya Pradesh,Dindori,Gorakhpur APMC,Soyabean,Yellow,Non-FAQ,2026-01-23,4495.0,4530.0,4500.0,20.516000000000002,Rs./Quintal,Metric Tonnes
Madhya Pradesh,Narsinghpur,Gotegaon APMC,Gur(Jaggery),Jaggery,FAQ,2026-01-23,3352.0,3698.0,3650.0,253.32,Rs./Quintal,Metric Tonnes
Madhya Pradesh,Narsinghpur,Gotegaon APMC,Maize,Local,Non-FAQ,2026-01-23,1450.0,1640.0,1600.0,132.70000000000002,Rs./Quintal,Metric Tonnes
Madhya Pradesh,Narsinghpur,Gotegaon APMC,Maize,Local,FAQ,2026-01-23,1511.0,1870.0,1672.0,498.6,Rs./Quintal,Metric Tonnes
Madhya Pradesh,Narsinghpur,Gotegaon APMC,Wheat,Wheat,FAQ,2026-01-23,2500.0,2570.0,2570.0,20.8,Rs./Quintal,Metric Tonnes
Madhya Pradesh,Narsinghpur,Gotegaon APMC,Wheat,Mill Quality,Non-FAQ,2026-01-23,2450.0,2475.0,2475.0,13.5,Rs./Quintal,Metric Tonnes
Madhya Pradesh,Guna,Guna APMC,Bengal Gram(Gram)(Whole),Gram,FAQ,2026-01-23,4190.0,5575.0,5355.0,20.618000000000002,Rs./Quintal,Metric Tonnes
Madhya Pradesh,Guna,Guna APMC,Black Gram(Urd Beans)(Whole),Urda/Urd,FAQ,2026-01-23,5505.0,6755.0,6050.0,3.7030000000000003,Rs./Quintal,Metric Tonnes
Madhya Pradesh,Guna,Guna APMC,Coriander(Leaves),Coriander,FAQ,2026-01-23,7150.0,10175.0,9725.0,65.447,Rs./Bundle,Bundle
Madhya Pradesh,Guna,Guna APMC,Green Gram(Moong)(Whole),Green (Whole),FAQ,2026-01-23,4305.0,7505.0,7505.0,0.901,Rs./Quintal,Metric Tonnes
Madhya Pradesh,Guna,Guna APMC,Maize,Local,Non-FAQ,2026-01-23,1595.0,1595.0,1595.0,4.5200000000000005,Rs./Quintal,Metric Tonnes
Madhya Pradesh,Guna,Guna APMC,Maize,Local,FAQ,2026-01-23,1000.0,1930.0,1520.0,2134.485,Rs./Quintal,Metric Tonnes
Madhya Pradesh,Guna,Guna APMC,Mustard,Mustard,FAQ,2026-01-23,5050.0,5585.0,5585.0,3.5590000000000006,Rs./Quintal,Metric Tonnes
Madhya Pradesh,Guna,Guna APMC,Paddy(Common),Dhan,FAQ,2026-01-23,1555.0,3545.0,3500.0,14.385,Rs./Quintal,Metric Tonnes
Madhya Pradesh,Guna,Guna APMC,Red gram/Arhar/Tur(whole),Arhar Dal(Tur),FAQ,2026-01-23,6530.0,6725.0,6725.0,1.7930000000000001,Rs./Quintal,Metric Tonnes
Madhya Pradesh,Guna,Guna APMC,Wheat,Wheat,FAQ,2026-01-23,1000.0,3610.0,2460.0,483.02600000000007,Rs./Quintal,Metric Tonnes
Madhya Pradesh,Dewas,Haatpipliya APMC,Bengal Gram(Gram)(Whole),Gram,Non-FAQ,2026-01-23,4375.0,5190.0,5020.0,0.438,Rs./Quintal,Metric Tonnes
Madhya Pradesh,Dewas,Haatpipliya APMC,Maize,Local,Non-FAQ,2026-01-23,1241.0,1660.0,1506.0,27.094,Rs./Quintal,Metric Tonnes
Madhya Pradesh,Dewas,Haatpipliya APMC,Soyabean,Soyabeen,FAQ,2026-01-23,4830.0,4830.0,4830.0,3.5500000000000003,Rs./Quintal,Metric Tonnes
Madhya Pradesh,Dewas,Haatpipliya APMC,Soyabean,Soyabeen,Non-FAQ,2026-01-23,2025.0,5346.0,5270.0,39.313,Rs./Quintal,Metric Tonnes
Madhya Pradesh,Dewas,Haatpipliya APMC,Wheat,Wheat,Non-FAQ,2026-01-23,2101.0,2751.0,2350.0,22.5,Rs./Quintal,Metric Tonnes
Madhya Pradesh,Dewas,Haatpipliya APMC,Wheat,Wheat,FAQ,2026-01-23,2558.0,2559.0,2559.0,10.43,Rs./Quintal,Metric Tonnes
Madhya Pradesh,Rewa,Hanumana APMC,Wheat,Mill Quality,FAQ,2026-01-23,2450.0,2450.0,2450.0,18.8,Rs./Quintal,Metric Tonnes
Madhya Pradesh,Harda,Harda APMC,Bengal Gram(Gram)(Whole),Chana Kabuli,FAQ,2026-01-23,5600.0,5600.0,5600.0,4.2,Rs./Quintal,Metric Tonnes
Madhya Pradesh,Chhatarpur,Harpalpur APMC,Groundnut,Big (With Shell),Non-FAQ,2026-01-23,4002.0,4200.0,4156.0,27.893,Rs./Quintal,Metric Tonnes
Madhya Pradesh,Chhatarpur,Harpalpur APMC,Groundnut,Big (With Shell),FAQ,2026-01-23,4012.0,4152.0,4152.0,58.043,Rs./Quintal,Metric Tonnes
Madhya Pradesh,Chhatarpur,Harpalpur APMC,Lak(Teora),Tiwada,FAQ,2026-01-23,3210.0,3270.0,3270.0,16.105,Rs./Quintal,Metric Tonnes
Madhya Pradesh,Chhatarpur,Harpalpur APMC,Wheat,Wheat,FAQ,2026-01-23,2500.0,2598.0,2567.0,82.281,Rs./Quintal,Metric Tonnes
Madhya Pradesh,Khandwa,Harsood APMC,Bengal Gram(Gram)(Whole),Gram,FAQ,2026-01-23,4801.0,5200.0,5200.0,0.205,Rs./Quintal,Metric Tonnes
Madhya Pradesh,Khandwa,Harsood APMC,Maize,Yellow,FAQ,2026-01-23,1270.0,1621.0,1580.0,136.476,Rs./Quintal,Metric Tonnes
Madhya Pradesh,Khandwa,Harsood APMC,Maize,Yellow,Non-FAQ,2026-01-23,1499.0,1550.0,1550.0,84.78500000000001,Rs./Quintal,Metric Tonnes
Madhya Pradesh,Khandwa,Harsood APMC,Red gram/Arhar/Tur(whole),Arhar Dal(Tur),FAQ,2026-01-23,5199.0,6535.0,6535.0,0.718,Rs./Quintal,Metric Tonnes
Madhya Pradesh,Khandwa,Harsood APMC,Soyabean,Yellow,FAQ,2026-01-23,3301.0,5400.0,5281.0,23.423000000000002,Rs./Quintal,Metric Tonnes
Madhya Pradesh,Khandwa,Harsood APMC,Wheat,Mill Quality,Non-FAQ,2026-01-23,2500.0,2511.0,2511.0,10.13,Rs./Quintal,Metric Tonnes
Madhya Pradesh,Khandwa,Harsood APMC,Wheat,Wheat,FAQ,2026-01-23,2435.0,2530.0,2497.0,19.332,Rs./Quintal,Metric Tonnes
Madhya Pradesh,Khandwa,Harsood APMC,Wheat,Mill Quality,FAQ,2026-01-23,2499.0,2538.0,2500.0,35.62,Rs./Quintal,Metric Tonnes
Madhya Pradesh,Damoh,Hata APMC,Bengal Gram(Gram)(Whole),Gram,Non-FAQ,2026-01-23,5230.0,5270.0,5230.0,20.913,Rs./Quintal,Metric Tonnes
Madhya Pradesh,Damoh,Hata APMC,Lentil(Masur)(Whole),Masur Dal,Non-FAQ,2026-01-23,6210.0,6350.0,6350.0,20.268,Rs./Quintal,Metric Tonnes
Madhya Pradesh,Damoh,Hata APMC,Soyabean,Soyabeen,FAQ,2026-01-23,4800.0,4800.0,4800.0,1.5030000000000001,Rs./Quintal,Metric Tonnes
Madhya Pradesh,Damoh,Hata APMC,Wheat,Wheat,Non-FAQ,2026-01-23,2245.0,2500.0,2500.0,43.633,Rs./Quintal,Metric Tonnes
Madhya Pradesh,Hoshangabad,Hoshangabad APMC,Paddy(Common),Dhan,Non-FAQ,2026-01-23,3500.0,3810.0,3810.0,27.165,Rs./Quintal,Metric Tonnes
Madhya Pradesh,Indore,Indore APMC,Bengal Gram(Gram)(Whole),Gram,FAQ,2026-01-23,4425.0,8190.0,5200.0,53.675000000000004,Rs./Quintal,Metric Tonnes
Madhya Pradesh,Indore,Indore APMC,Chili Red,Red,FAQ,2026-01-23,3210.0,13130.0,13130.0,4.601,Rs./Quintal,Metric Tonnes
Madhya Pradesh,Indore,Indore APMC,Garlic,Garlic,FAQ,2026-01-23,1000.0,13500.0,2800.0,195.92000000000002,Rs./Quintal,Metric Tonnes
Madhya Pradesh,Indore,Indore APMC,Green Gram(Moong)(Whole),Green (Whole),FAQ,2026-01-23,6200.0,6800.0,6800.0,19.521,Rs./Quintal,Metric Tonnes
Madhya Pradesh,Indore,Indore APMC,Green Peas,Pea,FAQ,2026-01-23,3200.0,3780.0,3780.0,0.34900000000000003,Rs./Quintal,Metric Tonnes
Madhya Pradesh,Indore,Indore APMC,Kabuli Chana(Chickpeas-White),Double Dollar Chana,FAQ,2026-01-23,8800.0,8800.0,8800.0,0.396,Rs./Quintal,Metric Tonnes
Madhya Pradesh,Indore,Indore APMC,Kabuli Chana(Chickpeas-White),Dollar Gram,FAQ,2026-01-23,3935.0,9490.0,8540.0,304.266,Rs./Quintal,Metric Tonnes
Madhya Pradesh,Indore,Indore APMC,Lentil(Masur)(Whole),Masur Dal,FAQ,2026-01-23,4040.0,4040.0,4040.0,0.038000000000000006,Rs./Quintal,Metric Tonnes
Madhya Pradesh,Indore,Indore APMC,Maize,Local,FAQ,2026-01-23,1432.0,1642.0,1642.0,29.048000000000002,Rs./Quintal,Metric Tonnes
Madhya Pradesh,Indore,Indore APMC,Methi Seeds,Methiseeds,FAQ,2026-01-23,4205.0,4205.0,4205.0,0.385,Rs./Quintal,Metric Tonnes
Madhya Pradesh,Indore,Indore APMC,Mustard,Mustard,FAQ,2026-01-23,5760.0,6591.0,6591.0,0.8390000000000001,Rs./Quintal,Metric Tonnes
Madhya Pradesh,Indore,Indore APMC,Onion,Onion,Non-FAQ,2026-01-23,317.0,1761.0,1497.0,529.9970000000001,Rs./Quintal,Metric Tonnes
Madhya Pradesh,Indore,Indore APMC,Onion,Other,FAQ,2026-01-23,747.0,1700.0,1700.0,350.12,Rs./Quintal,Metric Tonnes
Madhya Pradesh,Indore,Indore APMC,Onion,Onion,FAQ,2026-01-23,286.0,1766.0,1428.0,630.008,Rs./Quintal,Metric Tonnes
Madhya Pradesh,Indore,Indore APMC,Paddy(Common),Paddy,FAQ,2026-01-23,2750.0,2750.0,2750.0,27.560000000000002,Rs./Quintal,Metric Tonnes
Madhya Pradesh,Indore,Indore APMC,Potato,Local,Non-FAQ,2026-01-23,455.0,883.0,755.0,265.441,Rs./Quintal,Metric Tonnes
Madhya Pradesh,Indore,Indore APMC,Potato,Local,FAQ,2026-01-23,435.0,1056.0,739.0,453.812,Rs./Quintal,Metric Tonnes
Madhya Pradesh,Indore,Indore APMC,Red gram/Arhar/Tur(whole),Arhar Dal(Tur),FAQ,2026-01-23,1505.0,7560.0,5600.0,455.09700000000004,Rs./Quintal,Metric Tonnes
Madhya Pradesh,Indore,Indore APMC,Soyabean,Soyabeen,FAQ,2026-01-23,505.0,5685.0,5370.0,181.42000000000002,Rs./Quintal,Metric Tonnes
Madhya Pradesh,Indore,Indore APMC,Wheat,Wheat,FAQ,2026-01-23,1200.0,2816.0,2300.0,169.63800000000003,Rs./Quintal,Metric Tonnes
Madhya Pradesh,Ashoknagar,Isagarh APMC,Lentil(Masur)(Whole),Masur Dal,FAQ,2026-01-23,6050.0,6105.0,6105.0,7.962000000000001,Rs./Quintal,Metric Tonnes
Madhya Pradesh,Ashoknagar,Isagarh APMC,Maize,Local,FAQ,2026-01-23,1295.0,1685.0,1520.0,340.48400000000004,Rs./Quintal,Metric Tonnes
Madhya Pradesh,Hoshangabad,Itarsi APMC,Bengal Gram(Gram)(Whole),Gram,FAQ,2026-01-23,4300.0,5325.0,5325.0,8.65,Rs./Quintal,Metric Tonnes
Madhya Pradesh,Hoshangabad,Itarsi APMC,Green Gram(Moong)(Whole),Green (Whole),FAQ,2026-01-23,1400.0,7200.0,7200.0,2.37,Rs./Quintal,Metric Tonnes
Madhya Pradesh,Hoshangabad,Itarsi APMC,Maize,Local,FAQ,2026-01-23,1350.0,1693.0,1500.0,422.55,Rs./Quintal,Metric Tonnes
Madhya Pradesh,Hoshangabad,Itarsi APMC,Mustard,Mustard,FAQ,2026-01-23,6000.0,6000.0,6000.0,0.18500000000000003,Rs./Quintal,Metric Tonnes
Madhya Pradesh,Hoshangabad,Itarsi APMC,Paddy(Common),Red,FAQ,2026-01-23,3675.0,3675.0,3675.0,2.97,Rs./Quintal,Metric Tonnes
Madhya Pradesh,Hoshangabad,Itarsi APMC,Paddy(Common),Common,FAQ,2026-01-23,3865.0,3865.0,3865.0,5.505,Rs./Quintal,Metric Tonnes
Madhya Pradesh,Hoshangabad,Itarsi APMC,Paddy(Common),Paddy,FAQ,2026-01-23,2050.0,4030.0,3830.0,994.835,Rs./Quintal,Metric Tonnes
Madhya Pradesh,Hoshangabad,Itarsi APMC,Paddy(Common),Dhan,FAQ,2026-01-23,2700.0,4035.0,3865.0,343.16,Rs./Quintal,Metric Tonnes
Madhya Pradesh,Hoshangabad,Itarsi APMC,Red gram/Arhar/Tur(whole),Arhar Dal(Tur),FAQ,2026-01-23,6301.0,6301.0,6301.0,1.29,Rs./Quintal,Metric Tonnes
Madhya Pradesh,Hoshangabad,Itarsi APMC,Soyabean,Soyabeen,FAQ,2026-01-23,3200.0,5002.0,5002.0,2.305,Rs./Quintal,Metric Tonnes
Madhya Pradesh,Hoshangabad,Itarsi APMC,Wheat,Wheat,FAQ,2026-01-23,2200.0,2575.0,2480.0,243.675,Rs./Quintal,Metric Tonnes
Madhya Pradesh,Jabalpur,Jabalpur APMC,Bengal Gram(Gram)(Whole),Gram,FAQ,2026-01-23,4700.0,5550.0,5000.0,64.077,Rs./Quintal,Metric Tonnes
Madhya Pradesh,Jabalpur,Jabalpur APMC,Bengal Gram(Gram)(Whole),Chana Kaala,FAQ,2026-01-23,7399.01,7399.01,7399.01,0.16000000000000003,Rs./Quintal,Metric Tonnes
Madhya Pradesh,Jabalpur,Jabalpur APMC,Black Gram(Urd Beans)(Whole),Urda/Urd,FAQ,2026-01-23,4000.0,9400.0,7600.0,40.753,Rs./Quintal,Metric Tonnes
Madhya Pradesh,Jabalpur,Jabalpur APMC,Green Gram(Moong)(Whole),Green (Whole),Non-FAQ,2026-01-23,3400.0,4515.0,4515.0,2.895,Rs./Quintal,Metric Tonnes
Madhya Pradesh,Jabalpur,Jabalpur APMC,Green Peas,Pea,FAQ,2026-01-23,1960.0,3725.0,2450.0,19.777,Rs./Quintal,Metric Tonnes
Madhya Pradesh,Jabalpur,Jabalpur APMC,Kodo Millet(Varagu),Kondo,FAQ,2026-01-23,2250.0,2450.0,2350.0,54.1,Rs./Quintal,Metric Tonnes
Madhya Pradesh,Jabalpur,Jabalpur APMC,Kutki,Kutki,FAQ,2026-01-23,4095.0,4400.0,4300.0,22.6,Rs./Quintal,Metric Tonnes
Madhya Pradesh,Jabalpur,Jabalpur APMC,Lentil(Masur)(Whole),Masur Dal,FAQ,2026-01-23,4200.0,5700.0,5200.0,5.864000000000001,Rs./Quintal,Metric Tonnes
Madhya Pradesh,Jabalpur,Jabalpur APMC,Linseed,Flaxseed,FAQ,2026-01-23,7305.0,7700.0,7700.0,0.18000000000000002,Rs./Quintal,Metric Tonnes
Madhya Pradesh,Jabalpur,Jabalpur APMC,Maize,Local,FAQ,2026-01-23,1400.0,1685.0,1600.0,511.96400000000006,Rs./Quintal,Metric Tonnes
Madhya Pradesh,Jabalpur,Jabalpur APMC,Mustard,Mustard,FAQ,2026-01-23,5650.0,6455.0,6455.0,0.7290000000000001,Rs./Quintal,Metric Tonnes
Madhya Pradesh,Jabalpur,Jabalpur APMC,Paddy(Common),Paddy,FAQ,2026-01-23,1865.0,1865.0,1865.0,2.022,Rs./Quintal,Metric Tonnes
Madhya Pradesh,Jabalpur,Jabalpur APMC,Paddy(Common),Dhan,FAQ,2026-01-23,1555.0,3055.0,1920.0,80.979,Rs./Quintal,Metric Tonnes
Madhya Pradesh,Jabalpur,Jabalpur APMC,Red gram/Arhar/Tur(whole),Arhar Dal(Tur),FAQ,2026-01-23,3980.0,7700.0,6000.0,46.621,Rs./Quintal,Metric Tonnes
Madhya Pradesh,Jabalpur,Jabalpur APMC,Soyabean,Soyabeen,FAQ,2026-01-23,4125.0,4890.0,4890.0,1.656,Rs./Quintal,Metric Tonnes
Madhya Pradesh,Jabalpur,Jabalpur APMC,Wheat,Wheat,FAQ,2026-01-23,2350.0,2591.0,2550.0,470.27299999999997,Rs./Quintal,Metric Tonnes
Madhya Pradesh,Jabalpur,Jabalpur APMC,buttery,Buttery,FAQ,2026-01-23,2960.0,4255.0,4255.0,7.445,Rs./Quintal,Metric Tonnes
Madhya Pradesh,Sagar,Jaisinagar APMC,Maize,Local,FAQ,2026-01-23,1405.0,1630.0,1580.0,214.18200000000002,Rs./Quintal,Metric Tonnes
Madhya Pradesh,Sagar,Jaisinagar APMC,Maize,Yellow,FAQ,2026-01-23,1510.0,1630.0,1565.0,444.0520000000001,Rs./Quintal,Metric Tonnes
Madhya Pradesh,Sagar,Jaisinagar APMC,Soyabean,Soyabeen,FAQ,2026-01-23,5150.0,5150.0,5150.0,0.265,Rs./Quintal,Metric Tonnes
Madhya Pradesh,Sagar,Jaisinagar APMC,Wheat,Mill Quality,FAQ,2026-01-23,2350.0,2405.0,2405.0,65.01100000000001,Rs./Quintal,Metric Tonnes
Madhya Pradesh,Ratlam,Jaora APMC,Asalia,Asalia,FAQ,2026-01-23,5651.0,5651.0,5651.0,0.023000000000000003,Rs./Quintal,Metric Tonnes
Madhya Pradesh,Ratlam,Jaora APMC,Bengal Gram(Gram)(Whole),Gram,FAQ,2026-01-23,4401.0,5500.0,5326.0,14.162,Rs./Quintal,Metric Tonnes
Madhya Pradesh,Ratlam,Jaora APMC,Black Gram(Urd Beans)(Whole),Urda/Urd,FAQ,2026-01-23,3500.0,7285.0,5800.0,8.41,Rs./Quintal,Metric Tonnes
Madhya Pradesh,Ratlam,Jaora APMC,Coriander(Leaves),Coriander,FAQ,2026-01-23,8400.0,8789.0,8789.0,0.07500000000000001,Rs./Bundle,Bundle
Madhya Pradesh,Ratlam,Jaora APMC,Garlic,Garlic,FAQ,2026-01-23,500.0,14851.0,5000.0,100.13300000000001,Rs./Quintal,Metric Tonnes
Madhya Pradesh,Ratlam,Jaora APMC,Green Peas,Pea,FAQ,2026-01-23,2500.0,3100.0,3100.0,0.09100000000000001,Rs./Quintal,Metric Tonnes
Madhya Pradesh,Ratlam,Jaora APMC,Groundnut,Big (With Shell),FAQ,2026-01-23,5700.0,5700.0,5700.0,0.045000000000000005,Rs./Quintal,Metric Tonnes
Madhya Pradesh,Ratlam,Jaora APMC,Kabuli Chana(Chickpeas-White),Dollar Gram,FAQ,2026-01-23,3400.0,9020.0,7000.0,49.376000000000005,Rs./Quintal,Metric Tonnes
Madhya Pradesh,Ratlam,Jaora APMC,Lentil(Masur)(Whole),Masur Dal,FAQ,2026-01-23,5850.0,6200.0,6200.0,0.305,Rs./Quintal,Metric Tonnes
Madhya Pradesh,Ratlam,Jaora APMC,Linseed,Flaxseed,FAQ,2026-01-23,5480.0,7970.0,7725.0,21.622,Rs./Quintal,Metric Tonnes
Madhya Pradesh,Ratlam,Jaora APMC,Maize,Local,FAQ,2026-01-23,1600.0,1600.0,1600.0,0.137,Rs./Quintal,Metric Tonnes
Madhya Pradesh,Ratlam,Jaora APMC,Methi Seeds,Methiseeds,FAQ,2026-01-23,4000.0,6900.0,5600.0,26.867000000000004,Rs./Quintal,Metric Tonnes
Madhya Pradesh,Ratlam,Jaora APMC,Mustard,Mustard,FAQ,2026-01-23,5400.0,6500.0,5680.0,13.656,Rs./Quintal,Metric Tonnes
Madhya Pradesh,Ratlam,Jaora APMC,Onion,Onion,FAQ,2026-01-23,200.0,1511.0,1241.0,67.069,Rs./Quintal,Metric Tonnes
Madhya Pradesh,Ratlam,Jaora APMC,"Sesamum(Sesame,Gingelly,Til)",Sesame,FAQ,2026-01-23,4604.0,8711.0,8711.0,1.306,Rs./Quintal,Metric Tonnes
Madhya Pradesh,Ratlam,Jaora APMC,Soyabean,Soyabeen,FAQ,2026-01-23,2900.0,6025.0,5100.0,200.304,Rs./Quintal,Metric Tonnes
Madhya Pradesh,Ratlam,Jaora APMC,Soyabean,Soyabeen,Non-FAQ,2026-01-23,4325.0,5131.0,5131.0,0.05,Rs./Quintal,Metric Tonnes
Madhya Pradesh,Ratlam,Jaora APMC,Wheat,Wheat,FAQ,2026-01-23,2291.0,3176.0,2600.0,406.149,Rs./Quintal,Metric Tonnes
Madhya Pradesh,Ratlam,Jaora APMC,nigella seeds,Kalonji/Nigella,FAQ,2026-01-23,23400.0,24001.0,24001.0,0.065,Rs./Quintal,Metric Tonnes
Madhya Pradesh,Ratlam,Jaora APMC,poppy seeds,Khaskhas,FAQ,2026-01-23,100000.0,138000.0,138000.0,0.281,Rs./Quintal,Metric Tonnes
Madhya Pradesh,Tikamgarh,Jatara APMC,Wheat,Wheat,Non-FAQ,2026-01-23,2450.0,2515.0,2486.0,280.016,Rs./Quintal,Metric Tonnes
Madhya Pradesh,Tikamgarh,Jatara APMC,Wheat,Local,Non-FAQ,2026-01-23,2462.0,2500.0,2470.0,73.39500000000001,Rs./Quintal,Metric Tonnes
Madhya Pradesh,Tikamgarh,Jatara APMC,Wheat,Mill Quality,Non-FAQ,2026-01-23,2458.0,2500.0,2500.0,26.499000000000002,Rs./Quintal,Metric Tonnes
Madhya Pradesh,Neemuch,Javad APMC,Maize,Local,FAQ,2026-01-23,1200.0,1644.0,1600.0,29.324,Rs./Quintal,Metric Tonnes
Madhya Pradesh,Damoh,Javera APMC,Maize,Local,Non-FAQ,2026-01-23,1450.0,1510.0,1500.0,85.0,Rs./Quintal,Metric Tonnes
Madhya Pradesh,Damoh,Javera APMC,Maize,Yellow,Non-FAQ,2026-01-23,1350.0,1400.0,1400.0,54.400000000000006,Rs./Quintal,Metric Tonnes
Madhya Pradesh,Damoh,Javera APMC,Paddy(Common),Dhan,Non-FAQ,2026-01-23,1610.0,1610.0,1610.0,12.0,Rs./Quintal,Metric Tonnes
Madhya Pradesh,Damoh,Javera APMC,Wheat,Mill Quality,FAQ,2026-01-23,2480.0,2480.0,2480.0,32.0,Rs./Quintal,Metric Tonnes
Madhya Pradesh,Sehore,Jawar APMC,Maize,Local,FAQ,2026-01-23,1601.0,1655.0,1655.0,23.35,Rs./Quintal,Metric Tonnes
Madhya Pradesh,Sehore,Jawar APMC,Mustard,Mustard,FAQ,2026-01-23,4111.0,4460.0,4460.0,0.189,Rs./Quintal,Metric Tonnes
Madhya Pradesh,Sehore,Jawar APMC,Soyabean,Soyabeen,FAQ,2026-01-23,3300.0,5559.0,5400.0,40.695,Rs./Quintal,Metric Tonnes
Madhya Pradesh,Sehore,Jawar APMC,Wheat,Wheat,FAQ,2026-01-23,2198.0,2695.0,2601.0,44.378,Rs./Quintal,Metric Tonnes
Madhya Pradesh,Rajgarh,Jeerapur APMC,Wheat,Wheat,FAQ,2026-01-23,2550.0,2600.0,2600.0,78.02000000000001,Rs./Quintal,Metric Tonnes
Madhya Pradesh,Jhabua,Jhabua APMC,Cotton,Without Ginned Cotton,FAQ,2026-01-23,7000.0,7877.0,7400.0,568.986,Rs./Quintal,Metric Tonnes
Madhya Pradesh,Jhabua,Jhabua APMC,Groundnut,Big (With Shell),FAQ,2026-01-23,5000.0,5000.0,5000.0,9.5,Rs./Quintal,Metric Tonnes
Madhya Pradesh,Alirajpur,Jobat APMC,Cotton,Medium Fiber,FAQ,2026-01-23,6700.0,7400.0,7200.0,78.83800000000001,Rs./Quintal,Metric Tonnes
Madhya Pradesh,Alirajpur,Jobat APMC,Cotton,Without Ginned Cotton,FAQ,2026-01-23,6490.0,8000.0,7400.0,282.545,Rs./Quintal,Metric Tonnes
Madhya Pradesh,Alirajpur,Jobat APMC,Cotton,Without Ginned Cotton,Non-FAQ,2026-01-23,7450.0,7510.0,7510.0,6.0,Rs./Quintal,Metric Tonnes
Madhya Pradesh,Alirajpur,Jobat APMC,Maize,Local,FAQ,2026-01-23,1503.0,1503.0,1503.0,2.1,Rs./Quintal,Metric Tonnes
Madhya Pradesh,Alirajpur,Jobat APMC,Wheat,Wheat,FAQ,2026-01-23,2400.0,2450.0,2450.0,50.0,Rs./Quintal,Metric Tonnes
Madhya Pradesh,Morena,Jora APMC,Wheat,Mill Quality,Non-FAQ,2026-01-23,2475.0,2500.0,2500.0,34.5,Rs./Quintal,Metric Tonnes
Madhya Pradesh,Morena,Kailaras APMC,Bajra(Pearl Millet/Cumbu),Millet,FAQ,2026-01-23,1931.0,1975.0,1940.0,31.823000000000004,Rs./Quintal,Metric Tonnes
Madhya Pradesh,Morena,Kailaras APMC,Mustard,Mustard,FAQ,2026-01-23,6512.0,6723.0,6660.0,36.518,Rs./Quintal,Metric Tonnes
Madhya Pradesh,Morena,Kailaras APMC,Red gram/Arhar/Tur(whole),Arhar Dal(Tur),FAQ,2026-01-23,3600.0,6345.0,6345.0,1.244,Rs./Quintal,Metric Tonnes
Madhya Pradesh,Morena,Kailaras APMC,Soyabean,Soyabeen,FAQ,2026-01-23,4768.0,5118.0,5000.0,78.308,Rs./Quintal,Metric Tonnes
Madhya Pradesh,Morena,Kailaras APMC,Wheat,Wheat,FAQ,2026-01-23,2526.0,2574.0,2564.0,4.5,Rs./Quintal,Metric Tonnes
Madhya Pradesh,Shajapur,Kalapipal APMC,Bengal Gram(Gram)(Whole),Gram,Non-FAQ,2026-01-23,4641.0,5035.0,5035.0,0.8180000000000001,Rs./Quintal,Metric Tonnes
Madhya Pradesh,Shajapur,Kalapipal APMC,Garlic,Garlic,FAQ,2026-01-23,2000.0,8700.0,3000.0,19.353,Rs./Quintal,Metric Tonnes
Madhya Pradesh,Shajapur,Kalapipal APMC,Lentil(Masur)(Whole),Masur Dal,Non-FAQ,2026-01-23,5701.0,5800.0,5800.0,0.15900000000000003,Rs./Quintal,Metric Tonnes
Madhya Pradesh,Shajapur,Kalapipal APMC,Onion,Onion,FAQ,2026-01-23,300.0,699.0,699.0,8.17,Rs./Quintal,Metric Tonnes
Madhya Pradesh,Shajapur,Kalapipal APMC,Potato,Potato,FAQ,2026-01-23,511.0,511.0,511.0,4.422,Rs./Quintal,Metric Tonnes
Madhya Pradesh,Shajapur,Kalapipal APMC,Soyabean,Yellow,Non-FAQ,2026-01-23,2802.0,2802.0,2802.0,0.558,Rs./Quintal,Metric Tonnes
Madhya Pradesh,Shajapur,Kalapipal APMC,Soyabean,Yellow,FAQ,2026-01-23,2601.0,5421.0,5351.0,40.162000000000006,Rs./Quintal,Metric Tonnes
Madhya Pradesh,Shajapur,Kalapipal APMC,Wheat,Wheat,Non-FAQ,2026-01-23,2191.0,2736.0,2541.0,42.685,Rs./Quintal,Metric Tonnes
Madhya Pradesh,Dewas,Kannod APMC,Maize,Local,FAQ,2026-01-23,1568.0,1650.0,1650.0,12.66,Rs./Quintal,Metric Tonnes
Madhya Pradesh,Narsinghpur,Kareli APMC,Bengal Gram(Gram)(Whole),Gram,FAQ,2026-01-23,4000.0,6290.0,5580.0,123.59000000000002,Rs./Quintal,Metric Tonnes
Madhya Pradesh,Narsinghpur,Kareli APMC,Black Gram(Urd Beans)(Whole),Urda/Urd,FAQ,2026-01-23,6901.0,7901.0,7901.0,4.33,Rs./Quintal,Metric Tonnes
Madhya Pradesh,Narsinghpur,Kareli APMC,Green Gram(Moong)(Whole),Green (Whole),FAQ,2026-01-23,4900.0,5300.0,5300.0,0.555,Rs./Quintal,Metric Tonnes
Madhya Pradesh,Narsinghpur,Kareli APMC,Gur(Jaggery),Jaggery,FAQ,2026-01-23,3000.0,4300.0,3500.0,2269.708,Rs./Quintal,Metric Tonnes
Madhya Pradesh,Narsinghpur,Kareli APMC,Lentil(Masur)(Whole),Masur Dal,FAQ,2026-01-23,4864.0,6411.0,6411.0,15.555000000000001,Rs./Quintal,Metric Tonnes
Madhya Pradesh,Narsinghpur,Kareli APMC,Maize,Local,FAQ,2026-01-23,1502.0,1576.0,1567.0,48.38,Rs./Quintal,Metric Tonnes
Madhya Pradesh,Narsinghpur,Kareli APMC,Red gram/Arhar/Tur(whole),Arhar Dal(Tur),FAQ,2026-01-23,5800.0,8300.0,8300.0,12.305,Rs./Quintal,Metric Tonnes
Madhya Pradesh,Narsinghpur,Kareli APMC,Soyabean,Soyabeen,FAQ,2026-01-23,4850.0,6100.0,5125.0,16.040000000000003,Rs./Quintal,Metric Tonnes
Madhya Pradesh,Narsinghpur,Kareli APMC,Wheat,Wheat,FAQ,2026-01-23,2300.0,2565.0,2450.0,22.82,Rs./Quintal,Metric Tonnes
Madhya Pradesh,Narsinghpur,Kareli APMC,buttery,Buttery,FAQ,2026-01-23,3350.0,4800.0,4790.0,6.140000000000001,Rs./Quintal,Metric Tonnes
Madhya Pradesh,Shivpuri,Karera APMC,Wheat,Wheat,Non-FAQ,2026-01-23,2350.0,2550.0,2460.0,106.205,Rs./Quintal,Metric Tonnes
Madhya Pradesh,Shivpuri,Karera APMC,Wheat,Mill Quality,FAQ,2026-01-23,2400.0,2400.0,2400.0,7.7250000000000005,Rs./Quintal,Metric Tonnes
Madhya Pradesh,Khargone,Karhi APMC,Cotton,Without Ginned Cotton,FAQ,2026-01-23,7175.0,7720.0,7200.0,26.927999999999997,Rs./Quintal,Metric Tonnes
Madhya Pradesh,Khargone,Karhi APMC,Kabuli Chana(Chickpeas-White),Dollar Gram,FAQ,2026-01-23,4705.0,8405.0,8405.0,0.42400000000000004,Rs./Quintal,Metric Tonnes
Madhya Pradesh,Khargone,Karhi APMC,Wheat,Wheat,FAQ,2026-01-23,2400.0,2700.0,2700.0,15.340000000000002,Rs./Quintal,Metric Tonnes
Madhya Pradesh,Khargone,Kasrawad APMC,Maize,Yellow,Non-FAQ,2026-01-23,1650.0,1650.0,1650.0,5.0,Rs./Quintal,Metric Tonnes
Madhya Pradesh,Khargone,Kasrawad APMC,Wheat,Wheat,FAQ,2026-01-23,2405.0,2670.0,2650.0,170.21500000000003,Rs./Quintal,Metric Tonnes
Madhya Pradesh,Khargone,Kasrawad APMC,Wheat,Wheat-Organic,FAQ,2026-01-23,2700.0,2700.0,2700.0,3.19,Rs./Quintal,Metric Tonnes
Madhya Pradesh,Katni,Katni APMC,Barley(Jau),Barley,Non-FAQ,2026-01-23,2399.0,2420.0,2420.0,0.7370000000000001,Rs./Quintal,Metric Tonnes
Madhya Pradesh,Katni,Katni APMC,Bengal Gram(Gram)(Whole),Gram,Non-FAQ,2026-01-23,4450.0,5580.0,5490.0,38.733000000000004,Rs./Quintal,Metric Tonnes
Madhya Pradesh,Katni,Katni APMC,Cummin Seed(Jeera),Cummin Seed(Jeera),FAQ,2026-01-23,19800.0,19800.0,19800.0,3.75,Rs./Quintal,Metric Tonnes
Madhya Pradesh,Katni,Katni APMC,Lentil(Masur)(Whole),Masur Dal,FAQ,2026-01-23,5273.31,5273.31,5273.31,34.461000000000006,Rs./Quintal,Metric Tonnes
Madhya Pradesh,Katni,Katni APMC,Mustard,Mustard,Non-FAQ,2026-01-23,5950.0,6419.0,6319.0,10.144,Rs./Quintal,Metric Tonnes
Madhya Pradesh,Katni,Katni APMC,Mustard,Mustard,FAQ,2026-01-23,6300.0,6300.0,6300.0,6.19,Rs./Quintal,Metric Tonnes
Madhya Pradesh,Katni,Katni APMC,Paddy(Common),Dhan,Non-FAQ,2026-01-23,1350.0,2039.0,1900.0,29.615,Rs./Quintal,Metric Tonnes
Madhya Pradesh,Katni,Katni APMC,Red gram/Arhar/Tur(whole),Arhar Dal(Tur),Non-FAQ,2026-01-23,6700.0,7301.0,7301.0,1.9800000000000002,Rs./Quintal,Metric Tonnes
Madhya Pradesh,Katni,Katni APMC,Red gram/Arhar/Tur(whole),Arhar Dal(Tur),FAQ,2026-01-23,6028.94,7877.33,7800.0,528.6020000000001,Rs./Quintal,Metric Tonnes
Madhya Pradesh,Katni,Katni APMC,Wheat,Wheat,Non-FAQ,2026-01-23,2200.0,2661.0,2517.0,90.903,Rs./Quintal,Metric Tonnes
Madhya Pradesh,Katni,Katni APMC,Wheat,Local,Non-FAQ,2026-01-23,2500.0,2500.0,2500.0,35.0,Rs./Quintal,Metric Tonnes
Madhya Pradesh,Katni,Katni APMC,Wheat,Mill Quality,FAQ,2026-01-23,2440.0,2520.0,2500.0,85.10000000000001,Rs./Quintal,Metric Tonnes
Madhya Pradesh,Katni,Katni APMC,Wheat,Wheat,FAQ,2026-01-23,2500.0,2600.0,2600.0,60.0,Rs./Quintal,Metric Tonnes
Madhya Pradesh,Katni,Katni APMC,Wheat,Mill Quality,Non-FAQ,2026-01-23,2430.0,2575.0,2450.0,33.2,Rs./Quintal,Metric Tonnes
Madhya Pradesh,Seoni,Keolari APMC,Maize,Local,Non-FAQ,2026-01-23,1600.0,1600.0,1600.0,66.0,Rs./Quintal,Metric Tonnes
Madhya Pradesh,Seoni,Keolari APMC,Maize,Yellow,Non-FAQ,2026-01-23,1710.0,1710.0,1710.0,20.6,Rs./Quintal,Metric Tonnes
Madhya Pradesh,Seoni,Keolari APMC,Maize,Local,FAQ,2026-01-23,1670.0,1710.0,1710.0,78.75,Rs./Quintal,Metric Tonnes
Madhya Pradesh,Sagar,Kesli APMC,Maize,Other,FAQ,2026-01-23,1490.0,1490.0,1490.0,2.2,Rs./Quintal,Metric Tonnes
Madhya Pradesh,Sagar,Kesli APMC,Maize,Local,FAQ,2026-01-23,1545.0,1605.0,1575.0,65.81,Rs./Quintal,Metric Tonnes
Madhya Pradesh,Sagar,Kesli APMC,Wheat,Wheat,FAQ,2026-01-23,2450.0,2500.0,2460.0,47.25,Rs./Quintal,Metric Tonnes
Madhya Pradesh,Ujjain,Khachrod APMC,Soyabean,Soyabeen,FAQ,2026-01-23,4767.0,5461.0,5461.0,26.402,Rs./Quintal,Metric Tonnes
Madhya Pradesh,Ujjain,Khachrod APMC,Wheat,Wheat,FAQ,2026-01-23,2449.0,2840.0,2840.0,27.871,Rs./Quintal,Metric Tonnes
Madhya Pradesh,Khandwa,Khandwa APMC,Bengal Gram(Gram)(Whole),Gram,FAQ,2026-01-23,4650.0,5525.0,5000.0,30.897000000000006,Rs./Quintal,Metric Tonnes
Madhya Pradesh,Khandwa,Khandwa APMC,Cotton,Without Ginned Cotton,FAQ,2026-01-23,6513.0,8025.0,7929.9,167.88800000000003,Rs./Quintal,Metric Tonnes
Madhya Pradesh,Khandwa,Khandwa APMC,Kabuli Chana(Chickpeas-White),Dollar Gram,FAQ,2026-01-23,7000.0,7000.0,7000.0,0.032,Rs./Quintal,Metric Tonnes
Madhya Pradesh,Khandwa,Khandwa APMC,Maize,Local,FAQ,2026-01-23,1400.0,1685.0,1591.0,481.033,Rs./Quintal,Metric Tonnes
Madhya Pradesh,Khandwa,Khandwa APMC,Onion,Local,FAQ,2026-01-23,1000.0,1000.0,1000.0,15.0,Rs./Quintal,Metric Tonnes
Madhya Pradesh,Khandwa,Khandwa APMC,Red gram/Arhar/Tur(whole),Arhar Dal(Tur),FAQ,2026-01-23,4201.0,7480.0,6600.0,80.453,Rs./Quintal,Metric Tonnes
Madhya Pradesh,Khandwa,Khandwa APMC,Soyabean,Soyabeen,FAQ,2026-01-23,3931.0,5200.0,4551.0,52.93,Rs./Quintal,Metric Tonnes
Madhya Pradesh,Khandwa,Khandwa APMC,Soyabean,Soyabeen,Non-FAQ,2026-01-23,4565.0,4800.0,4800.0,9.395000000000001,Rs./Quintal,Metric Tonnes
Madhya Pradesh,Khandwa,Khandwa APMC,Soyabean,Yellow,FAQ,2026-01-23,2600.0,6626.0,5300.0,92.755,Rs./Quintal,Metric Tonnes
Madhya Pradesh,Khandwa,Khandwa APMC,Wheat,Wheat,FAQ,2026-01-23,2450.0,2610.0,2510.0,25.863,Rs./Quintal,Metric Tonnes
Madhya Pradesh,Khandwa,Khandwa APMC,Wheat,Mill Quality,FAQ,2026-01-23,2245.0,2622.0,2400.0,250.019,Rs./Quintal,Metric Tonnes
Madhya Pradesh,Shivpuri,Khanyadhana APMC,Groundnut,Big (With Shell),FAQ,2026-01-23,6050.0,6200.0,6125.0,15.3,Rs./Quintal,Metric Tonnes
Madhya Pradesh,Shivpuri,Khanyadhana APMC,Mustard,Mustard,FAQ,2026-01-23,5855.0,6010.0,6010.0,27.0,Rs./Quintal,Metric Tonnes
Madhya Pradesh,Shivpuri,Khanyadhana APMC,Wheat,Mill Quality,FAQ,2026-01-23,2350.0,2450.0,2450.0,55.5,Rs./Quintal,Metric Tonnes
Madhya Pradesh,Tikamgarh,Khargapur APMC,Mustard,Mustard,FAQ,2026-01-23,6200.0,6250.0,6214.0,60.480999999999995,Rs./Quintal,Metric Tonnes
Madhya Pradesh,Tikamgarh,Khargapur APMC,Wheat,Mill Quality,FAQ,2026-01-23,2450.0,2501.0,2500.0,60.580999999999996,Rs./Quintal,Metric Tonnes
Madhya Pradesh,Khargone,Khargone APMC,Cotton,Without Ginned Cotton,FAQ,2026-01-23,6090.0,7400.0,7400.0,4.54,Rs./Quintal,Metric Tonnes
Madhya Pradesh,Khargone,Khargone APMC,Maize,Local,Non-FAQ,2026-01-23,1150.0,1591.0,1591.0,56.754999999999995,Rs./Quintal,Metric Tonnes
Madhya Pradesh,Khargone,Khargone APMC,Maize,Local,FAQ,2026-01-23,1400.0,1700.0,1450.0,97.45,Rs./Quintal,Metric Tonnes
Madhya Pradesh,Khargone,Khargone APMC,Red gram/Arhar/Tur(whole),Arhar Dal(Tur),FAQ,2026-01-23,6400.0,7000.0,6800.0,10.818000000000001,Rs./Quintal,Metric Tonnes
Madhya Pradesh,Khargone,Khargone APMC,Soyabean,Soyabeen,Non-FAQ,2026-01-23,5250.0,5250.0,5250.0,1.55,Rs./Quintal,Metric Tonnes
Madhya Pradesh,Khargone,Khargone APMC,Wheat,Wheat,FAQ,2026-01-23,2600.0,2600.0,2600.0,3.346,Rs./Quintal,Metric Tonnes
Madhya Pradesh,Dewas,Khategaon APMC,Bengal Gram(Gram)(Whole),Gram,FAQ,2026-01-23,4301.0,5240.0,5240.0,9.783000000000001,Rs./Quintal,Metric Tonnes
Madhya Pradesh,Dewas,Khategaon APMC,Green Gram(Moong)(Whole),Green (Whole),FAQ,2026-01-23,5503.0,5503.0,5503.0,0.334,Rs./Quintal,Metric Tonnes
Madhya Pradesh,Dewas,Khategaon APMC,Kabuli Chana(Chickpeas-White),Russian,FAQ,2026-01-23,5260.0,5266.0,5266.0,6.922000000000001,Rs./Quintal,Metric Tonnes
Madhya Pradesh,Dewas,Khategaon APMC,Kabuli Chana(Chickpeas-White),Dollar Gram,FAQ,2026-01-23,4001.0,8751.0,8751.0,45.79,Rs./Quintal,Metric Tonnes
Madhya Pradesh,Dewas,Khategaon APMC,Maize,Deshi White,FAQ,2026-01-23,1520.0,1520.0,1520.0,5.112,Rs./Quintal,Metric Tonnes
Madhya Pradesh,Dewas,Khategaon APMC,Maize,Local,FAQ,2026-01-23,1000.0,1611.0,1300.0,707.35,Rs./Quintal,Metric Tonnes
Madhya Pradesh,Dewas,Khategaon APMC,Red gram/Arhar/Tur(whole),Arhar Dal(Tur),FAQ,2026-01-23,6150.0,6330.0,6330.0,2.016,Rs./Quintal,Metric Tonnes
Madhya Pradesh,Dewas,Khategaon APMC,Soyabean,Soyabeen,FAQ,2026-01-23,4321.0,5340.0,5271.0,31.882,Rs./Quintal,Metric Tonnes
Madhya Pradesh,Dewas,Khategaon APMC,Wheat,Wheat,FAQ,2026-01-23,2425.0,2590.0,2490.0,81.06,Rs./Quintal,Metric Tonnes
Madhya Pradesh,Shivpuri,Khatora APMC,Maize,Local,Non-FAQ,2026-01-23,1230.0,1635.0,1581.0,81.33300000000001,Rs./Quintal,Metric Tonnes
Madhya Pradesh,Shivpuri,Khatora APMC,Maize,Local,FAQ,2026-01-23,1360.0,1450.0,1450.0,69.4,Rs./Quintal,Metric Tonnes
Madhya Pradesh,Shivpuri,Khatora APMC,Wheat,Wheat,FAQ,2026-01-23,2250.0,2250.0,2250.0,8.0,Rs./Quintal,Metric Tonnes
Madhya Pradesh,Badwani,Khetia APMC,Cotton,Ginned Cotton,FAQ,2026-01-23,7935.0,7935.0,7935.0,1.5550000000000002,Rs./Quintal,Metric Tonnes
Madhya Pradesh,Badwani,Khetia APMC,Cotton,Without Ginned Cotton,FAQ,2026-01-23,7060.0,8985.0,7780.0,217.73000000000002,Rs./Quintal,Metric Tonnes
Madhya Pradesh,Badwani,Khetia APMC,Maize,Yellow,FAQ,2026-01-23,1575.0,1685.0,1670.0,43.745000000000005,Rs./Quintal,Metric Tonnes
Madhya Pradesh,Harda,Khirakiya APMC,Bengal Gram(Gram)(Whole),Desi (F.A.Q. Split),Non-FAQ,2026-01-23,4821.0,5100.0,5100.0,0.32000000000000006,Rs./Quintal,Metric Tonnes
Madhya Pradesh,Harda,Khirakiya APMC,Bengal Gram(Gram)(Whole),Gram,Non-FAQ,2026-01-23,4857.0,4902.0,4902.0,0.512,Rs./Quintal,Metric Tonnes
Madhya Pradesh,Harda,Khirakiya APMC,Green Gram(Moong)(Whole),Green (Whole),Non-FAQ,2026-01-23,2500.0,5080.0,5080.0,0.7230000000000001,Rs./Quintal,Metric Tonnes
Madhya Pradesh,Harda,Khirakiya APMC,Maize,Local,Non-FAQ,2026-01-23,1203.0,1644.0,1595.0,238.723,Rs./Quintal,Metric Tonnes
Madhya Pradesh,Harda,Khirakiya APMC,Red gram/Arhar/Tur(whole),Arhar Dal(Tur),Non-FAQ,2026-01-23,6622.0,6910.0,6910.0,0.771,Rs./Quintal,Metric Tonnes
Madhya Pradesh,Harda,Khirakiya APMC,Soyabean,Yellow,Non-FAQ,2026-01-23,3000.0,5201.0,5201.0,4.844,Rs./Quintal,Metric Tonnes
Madhya Pradesh,Harda,Khirakiya APMC,Soyabean,Soyabeen,Non-FAQ,2026-01-23,4700.0,5400.0,5400.0,13.221000000000002,Rs./Quintal,Metric Tonnes
Madhya Pradesh,Harda,Khirakiya APMC,Soyabean,Yellow,FAQ,2026-01-23,4400.0,5380.0,5380.0,8.450000000000001,Rs./Quintal,Metric Tonnes
Madhya Pradesh,Harda,Khirakiya APMC,Wheat,Mill Quality,Non-FAQ,2026-01-23,2361.0,2583.0,2568.0,70.32000000000001,Rs./Quintal,Metric Tonnes
Madhya Pradesh,Sagar,Khurai APMC,Bengal Gram(Gram)(Whole),Gram,FAQ,2026-01-23,4680.0,5631.0,5244.0,30.171,Rs./Quintal,Metric Tonnes
Madhya Pradesh,Sagar,Khurai APMC,Bengal Gram(Gram)(Whole),Desi (F.A.Q. Split),FAQ,2026-01-23,5000.0,5269.0,5269.0,2.128,Rs./Quintal,Metric Tonnes
Madhya Pradesh,Sagar,Khurai APMC,Green Peas,Pea,FAQ,2026-01-23,2750.0,3675.0,3675.0,14.346000000000002,Rs./Quintal,Metric Tonnes
Madhya Pradesh,Sagar,Khurai APMC,Lak(Teora),Tiwada,FAQ,2026-01-23,3440.0,3500.0,3500.0,4.468,Rs./Quintal,Metric Tonnes
Madhya Pradesh,Sagar,Khurai APMC,Lentil(Masur)(Whole),Masur Dal,FAQ,2026-01-23,5410.0,5881.0,5881.0,2.7230000000000003,Rs./Quintal,Metric Tonnes
Madhya Pradesh,Sagar,Khurai APMC,Maize,Local,FAQ,2026-01-23,1450.0,1560.0,1560.0,42.709,Rs./Quintal,Metric Tonnes
Madhya Pradesh,Sagar,Khurai APMC,Mustard,Mustard,FAQ,2026-01-23,5800.0,7420.0,7420.0,0.221,Rs./Quintal,Metric Tonnes
Madhya Pradesh,Sagar,Khurai APMC,Soyabean,Soyabeen,FAQ,2026-01-23,4000.0,5358.0,5172.0,6.148,Rs./Quintal,Metric Tonnes
Madhya Pradesh,Sagar,Khurai APMC,Wheat,Wheat,FAQ,2026-01-23,2415.0,3000.0,2440.0,114.31500000000001,Rs./Quintal,Metric Tonnes
Madhya Pradesh,Shivpuri,Kolaras APMC,Bengal Gram(Gram)(Whole),Gram,FAQ,2026-01-23,5105.0,5105.0,5105.0,0.164,Rs./Quintal,Metric Tonnes
Madhya Pradesh,Shivpuri,Kolaras APMC,Bengal Gram(Gram)(Whole),Gram,Non-FAQ,2026-01-23,4360.0,5515.0,5300.0,14.036000000000001,Rs./Quintal,Metric Tonnes
Madhya Pradesh,Shivpuri,Kolaras APMC,Black Gram(Urd Beans)(Whole),Urda/Urd,FAQ,2026-01-23,6900.0,6980.0,6980.0,0.9490000000000001,Rs./Quintal,Metric Tonnes
Madhya Pradesh,Shivpuri,Kolaras APMC,Black Gram(Urd Beans)(Whole),Urda/Urd,Non-FAQ,2026-01-23,5005.0,6900.0,6900.0,2.233,Rs./Quintal,Metric Tonnes
Madhya Pradesh,Shivpuri,Kolaras APMC,Coriander(Leaves),Coriander,FAQ,2026-01-23,7100.0,7100.0,7100.0,0.227,Rs./Bundle,Bundle
Madhya Pradesh,Shivpuri,Kolaras APMC,Green Gram(Moong)(Whole),Green (Whole),FAQ,2026-01-23,6100.0,6100.0,6100.0,2.34,Rs./Quintal,Metric Tonnes
Madhya Pradesh,Shivpuri,Kolaras APMC,Groundnut,Big (With Shell),Non-FAQ,2026-01-23,5355.0,6305.0,6305.0,0.7130000000000001,Rs./Quintal,Metric Tonnes
Madhya Pradesh,Shivpuri,Kolaras APMC,Lentil(Masur)(Whole),Masur Dal,Non-FAQ,2026-01-23,5750.0,5900.0,5900.0,1.8530000000000002,Rs./Quintal,Metric Tonnes
Madhya Pradesh,Shivpuri,Kolaras APMC,Lentil(Masur)(Whole),Masur Dal,FAQ,2026-01-23,5855.0,5855.0,5855.0,0.146,Rs./Quintal,Metric Tonnes
Madhya Pradesh,Shivpuri,Kolaras APMC,Maize,Local,Non-FAQ,2026-01-23,1005.0,1805.0,1630.0,1045.17,Rs./Quintal,Metric Tonnes
Madhya Pradesh,Shivpuri,Kolaras APMC,Mustard,Mustard,Non-FAQ,2026-01-23,4555.0,6710.0,5840.0,57.845000000000006,Rs./Quintal,Metric Tonnes
Madhya Pradesh,Shivpuri,Kolaras APMC,Mustard,Mustard,FAQ,2026-01-23,5450.0,6985.0,6985.0,41.548,Rs./Quintal,Metric Tonnes
Madhya Pradesh,Shivpuri,Kolaras APMC,Soyabean,Soyabeen,FAQ,2026-01-23,4000.0,5355.0,5150.0,19.152,Rs./Quintal,Metric Tonnes
Madhya Pradesh,Shivpuri,Kolaras APMC,Soyabean,Soyabeen,Non-FAQ,2026-01-23,3805.0,5100.0,5100.0,10.159,Rs./Quintal,Metric Tonnes
Madhya Pradesh,Shivpuri,Kolaras APMC,Wheat,Wheat,Non-FAQ,2026-01-23,2465.0,2505.0,2505.0,4.348,Rs./Quintal,Metric Tonnes
Madhya Pradesh,Shivpuri,Kolaras APMC,Wheat,Wheat,FAQ,2026-01-23,2295.0,2475.0,2475.0,2.761,Rs./Quintal,Metric Tonnes
Madhya Pradesh,Mandla,Krishi Upaj Mandi Samiti Bichhiya,Kutki,Kutki,FAQ,2026-01-23,4120.0,4320.0,4300.0,24.700000000000003,Rs./Quintal,Metric Tonnes
Madhya Pradesh,Mandla,Krishi Upaj Mandi Samiti Bichhiya,Mustard,Mustard,FAQ,2026-01-23,6100.0,6100.0,6100.0,5.0,Rs./Quintal,Metric Tonnes
Madhya Pradesh,Mandla,Krishi Upaj Mandi Samiti Bichhiya,Paddy(Common),Common,Non-FAQ,2026-01-23,1950.0,1950.0,1950.0,40.0,Rs./Quintal,Metric Tonnes
Madhya Pradesh,Mandla,Krishi Upaj Mandi Samiti Bichhiya,Paddy(Common),Dhan,FAQ,2026-01-23,2080.0,2130.0,2130.0,44.35,Rs./Quintal,Metric Tonnes
Madhya Pradesh,Mandla,Krishi Upaj Mandi Samiti Bichhiya,Paddy(Common),Paddy,FAQ,2026-01-23,2090.0,2130.0,2130.0,34.010000000000005,Rs./Quintal,Metric Tonnes
Madhya Pradesh,Mandla,Krishi Upaj Mandi Samiti Bichhiya,Wheat,Wheat,FAQ,2026-01-23,2400.0,2400.0,2400.0,3.0,Rs./Quintal,Metric Tonnes
Madhya Pradesh,Mandla,Krishi Upaj Mandi Samiti Bichhiya,Wheat,Local,Non-FAQ,2026-01-23,2300.0,2300.0,2300.0,8.5,Rs./Quintal,Metric Tonnes
Madhya Pradesh,Dhar,Kukshi APMC,Chili Red,Red,FAQ,2026-01-23,13000.0,13000.0,13000.0,10.3,Rs./Quintal,Metric Tonnes
Madhya Pradesh,Dhar,Kukshi APMC,Cotton,Without Ginned Cotton,Non-FAQ,2026-01-23,7415.0,7460.0,7430.0,9.3,Rs./Quintal,Metric Tonnes
Madhya Pradesh,Dhar,Kukshi APMC,Cotton,Without Ginned Cotton,FAQ,2026-01-23,6500.0,7775.0,7500.0,212.125,Rs./Quintal,Metric Tonnes
Madhya Pradesh,Dhar,Kukshi APMC,Maize,Deshi White,FAQ,2026-01-23,1640.0,1640.0,1640.0,1.77,Rs./Quintal,Metric Tonnes
Madhya Pradesh,Dhar,Kukshi APMC,Maize,Local,Non-FAQ,2026-01-23,1245.0,1590.0,1510.0,30.64,Rs./Quintal,Metric Tonnes
Madhya Pradesh,Dhar,Kukshi APMC,Maize,Local,FAQ,2026-01-23,1280.0,1750.0,1550.0,223.81500000000003,Rs./Quintal,Metric Tonnes
Madhya Pradesh,Dhar,Kukshi APMC,Wheat,Wheat,Non-FAQ,2026-01-23,2460.0,2500.0,2500.0,40.125,Rs./Quintal,Metric Tonnes
Madhya Pradesh,Dhar,Kukshi APMC,Wheat,Wheat,FAQ,2026-01-23,2475.0,2580.0,2500.0,39.569,Rs./Quintal,Metric Tonnes
Madhya Pradesh,Guna,Kumbhraj APMC,Coriander(Leaves),Coriander,FAQ,2026-01-23,9475.0,10150.0,10150.0,0.11499999999999999,Rs./Bundle,Bundle
Madhya Pradesh,Guna,Kumbhraj APMC,Maize,Local,FAQ,2026-01-23,1330.0,1675.0,1580.0,266.389,Rs./Quintal,Metric Tonnes
Madhya Pradesh,Guna,Kumbhraj APMC,Maize,Local,Non-FAQ,2026-01-23,1605.0,1605.0,1605.0,4.2700000000000005,Rs./Quintal,Metric Tonnes
Madhya Pradesh,Guna,Kumbhraj APMC,Soyabean,Soyabeen,FAQ,2026-01-23,4560.0,4560.0,4560.0,0.132,Rs./Quintal,Metric Tonnes
Madhya Pradesh,Guna,Kumbhraj APMC,Wheat,Wheat,Non-FAQ,2026-01-23,2530.0,2530.0,2530.0,0.36000000000000004,Rs./Quintal,Metric Tonnes
Madhya Pradesh,Guna,Kumbhraj APMC,Wheat,Wheat,FAQ,2026-01-23,2455.0,2625.0,2625.0,10.939,Rs./Quintal,Metric Tonnes
Madhya Pradesh,Rajgarh,Kurawar APMC,Bengal Gram(Gram)(Whole),Gram,FAQ,2026-01-23,4065.0,4980.0,4980.0,0.9410000000000001,Rs./Quintal,Metric Tonnes
Madhya Pradesh,Rajgarh,Kurawar APMC,Coriander(Leaves),Coriander,FAQ,2026-01-23,7000.0,8250.0,8250.0,0.23700000000000002,Rs./Bundle,Bundle
Madhya Pradesh,Rajgarh,Kurawar APMC,Lentil(Masur)(Whole),Masur Dal,FAQ,2026-01-23,5695.0,6080.0,6080.0,1.471,Rs./Quintal,Metric Tonnes
Madhya Pradesh,Rajgarh,Kurawar APMC,Mustard,Mustard,FAQ,2026-01-23,5765.0,5995.0,5995.0,0.41900000000000004,Rs./Quintal,Metric Tonnes
Madhya Pradesh,Rajgarh,Kurawar APMC,Soyabean,Soyabeen,Non-FAQ,2026-01-23,1905.0,4405.0,4405.0,0.568,Rs./Quintal,Metric Tonnes
Madhya Pradesh,Rajgarh,Kurawar APMC,Soyabean,Soyabeen,FAQ,2026-01-23,1115.0,5490.0,5375.0,195.505,Rs./Quintal,Metric Tonnes
Madhya Pradesh,Rajgarh,Kurawar APMC,Wheat,Local,FAQ,2026-01-23,2480.0,2655.0,2655.0,0.48300000000000004,Rs./Quintal,Metric Tonnes
Madhya Pradesh,Rajgarh,Kurawar APMC,Wheat,Wheat,FAQ,2026-01-23,2205.0,2825.0,2580.0,109.786,Rs./Quintal,Metric Tonnes
Madhya Pradesh,Rajgarh,Kurawar APMC,Wheat,Mill Quality,FAQ,2026-01-23,2440.0,2550.0,2550.0,12.0,Rs./Quintal,Metric Tonnes
Madhya Pradesh,Bhind,Lahar APMC,Bajra(Pearl Millet/Cumbu),Millet,FAQ,2026-01-23,1885.0,1950.0,1950.0,23.6,Rs./Quintal,Metric Tonnes
Madhya Pradesh,Bhind,Lahar APMC,Mustard,Mustard,FAQ,2026-01-23,6581.0,6642.0,6642.0,4.5,Rs./Quintal,Metric Tonnes
Madhya Pradesh,Bhind,Lahar APMC,Wheat,Wheat,FAQ,2026-01-23,2467.0,2508.0,2495.0,113.80000000000001,Rs./Quintal,Metric Tonnes
Madhya Pradesh,Seoni,Lakhnadon APMC,Maize,Yellow,FAQ,2026-01-23,1468.0,1477.0,1477.0,53.900000000000006,Rs./Quintal,Metric Tonnes
Madhya Pradesh,Seoni,Lakhnadon APMC,Maize,Yellow,Non-FAQ,2026-01-23,1407.0,1415.0,1407.0,29.700000000000003,Rs./Quintal,Metric Tonnes
Madhya Pradesh,Seoni,Lakhnadon APMC,Maize,Local,Non-FAQ,2026-01-23,1521.0,1601.0,1601.0,94.4,Rs./Quintal,Metric Tonnes
Madhya Pradesh,Seoni,Lakhnadon APMC,Maize,Local,FAQ,2026-01-23,1700.0,1700.0,1700.0,34.7,Rs./Quintal,Metric Tonnes
Madhya Pradesh,Balaghat,Lalbarra APMC,Paddy(Common),Paddy,FAQ,2026-01-23,2000.0,2000.0,2000.0,35.0,Rs./Quintal,Metric Tonnes
Madhya Pradesh,Gwalior,Lashkar APMC,Bajra(Pearl Millet/Cumbu),Millet,FAQ,2026-01-23,2250.28,2298.9,2298.9,61.98,Rs./Quintal,Metric Tonnes
Madhya Pradesh,Gwalior,Lashkar APMC,Green Peas,Pea,FAQ,2026-01-23,3700.0,3700.0,3700.0,2.8000000000000003,Rs./Quintal,Metric Tonnes
Madhya Pradesh,Gwalior,Lashkar APMC,Jowar(Sorghum),Jowar (Yellow),FAQ,2026-01-23,2225.0,2300.0,2300.0,2.0,Rs./Quintal,Metric Tonnes
Madhya Pradesh,Gwalior,Lashkar APMC,Mustard,Mustard,FAQ,2026-01-23,6400.0,6900.0,6850.0,104.7,Rs./Quintal,Metric Tonnes
Madhya Pradesh,Gwalior,Lashkar APMC,Paddy(Common),Dhan,FAQ,2026-01-23,3535.0,3535.0,3535.0,2.5,Rs./Quintal,Metric Tonnes
Madhya Pradesh,Gwalior,Lashkar APMC,Wheat,Wheat,FAQ,2026-01-23,2405.0,2540.0,2530.0,28.632,Rs./Quintal,Metric Tonnes
Madhya Pradesh,Vidisha,Lateri APMC,Maize,Local,FAQ,2026-01-23,405.0,2105.0,1570.0,490.33900000000006,Rs./Quintal,Metric Tonnes
Madhya Pradesh,Vidisha,Lateri APMC,Maize,Local,Non-FAQ,2026-01-23,1300.0,1615.0,1570.0,162.687,Rs./Quintal,Metric Tonnes
Madhya Pradesh,Vidisha,Lateri APMC,Wheat,Wheat,FAQ,2026-01-23,2400.0,2400.0,2400.0,0.331,Rs./Quintal,Metric Tonnes
Madhya Pradesh,Vidisha,Lateri APMC,Wheat,Sharbati,FAQ,2026-01-23,3300.0,3300.0,3300.0,2.023,Rs./Quintal,Metric Tonnes
Madhya Pradesh,Vidisha,Lateri APMC,Wheat,Mill Quality,Non-FAQ,2026-01-23,2605.0,2605.0,2605.0,4.9,Rs./Quintal,Metric Tonnes
Madhya Pradesh,Vidisha,Lateri APMC,Wheat,Mill Quality,FAQ,2026-01-23,2105.0,2205.0,2205.0,18.8,Rs./Quintal,Metric Tonnes
Madhya Pradesh,Dewas,Loharda APMC,Black Gram(Urd Beans)(Whole),Urda/Urd,FAQ,2026-01-23,8040.0,8310.0,8310.0,5.82,Rs./Quintal,Metric Tonnes
Madhya Pradesh,Dewas,Loharda APMC,Maize,Local,FAQ,2026-01-23,1300.0,1600.0,1550.0,92.64500000000001,Rs./Quintal,Metric Tonnes
Madhya Pradesh,Dewas,Loharda APMC,Red gram/Arhar/Tur(whole),Arhar Dal(Tur),FAQ,2026-01-23,5180.0,5420.0,5420.0,6.010000000000001,Rs./Quintal,Metric Tonnes
Madhya Pradesh,Dewas,Loharda APMC,Wheat,Wheat,FAQ,2026-01-23,2440.0,2725.0,2450.0,28.448000000000004,Rs./Quintal,Metric Tonnes
Madhya Pradesh,Rajgarh,Machalpur APMC,Soyabean,Soyabeen,FAQ,2026-01-23,5150.0,5280.0,5280.0,1.186,Rs./Quintal,Metric Tonnes
Madhya Pradesh,Shivpuri,Magroni APMC,Groundnut,Big (With Shell),FAQ,2026-01-23,6840.0,7320.0,7010.0,11.9,Rs./Quintal,Metric Tonnes
Madhya Pradesh,Shivpuri,Magroni APMC,Groundnut,Groundnut seed,FAQ,2026-01-23,7002.0,7002.0,7002.0,0.5,Rs./Quintal,Metric Tonnes
Madhya Pradesh,Shivpuri,Magroni APMC,Paddy(Common),Paddy,FAQ,2026-01-23,2300.0,3731.0,3660.0,318.18000000000006,Rs./Quintal,Metric Tonnes
Madhya Pradesh,Shivpuri,Magroni APMC,Wheat,Wheat,FAQ,2026-01-23,2450.0,2500.0,2500.0,67.3,Rs./Quintal,Metric Tonnes
Madhya Pradesh,Ujjain,Mahidpur APMC,Wheat,Wheat,FAQ,2026-01-23,2309.0,2351.0,2351.0,25.644000000000002,Rs./Quintal,Metric Tonnes
Madhya Pradesh,Guna,Maksudangarh APMC,Bengal Gram(Gram)(Whole),Gram,FAQ,2026-01-23,5075.0,5200.0,5200.0,0.5559999999999999,Rs./Quintal,Metric Tonnes
Madhya Pradesh,Guna,Maksudangarh APMC,Coriander(Leaves),Coriander,FAQ,2026-01-23,8950.0,9150.0,9000.0,0.6930000000000001,Rs./Bundle,Bundle
Madhya Pradesh,Guna,Maksudangarh APMC,Maize,Local,Non-FAQ,2026-01-23,1541.0,1728.0,1602.0,235.304,Rs./Quintal,Metric Tonnes
Madhya Pradesh,Guna,Maksudangarh APMC,Maize,Local,FAQ,2026-01-23,1396.0,1670.0,1571.0,133.627,Rs./Quintal,Metric Tonnes
Madhya Pradesh,Guna,Maksudangarh APMC,Mustard,Mustard,FAQ,2026-01-23,5455.0,6671.0,6671.0,1.709,Rs./Quintal,Metric Tonnes
Madhya Pradesh,Guna,Maksudangarh APMC,Soyabean,Soyabeen,FAQ,2026-01-23,3500.0,5720.0,5720.0,9.978000000000002,Rs./Quintal,Metric Tonnes
Madhya Pradesh,Guna,Maksudangarh APMC,Wheat,Wheat,Non-FAQ,2026-01-23,2453.0,2476.0,2460.0,20.301000000000002,Rs./Quintal,Metric Tonnes
Madhya Pradesh,Guna,Maksudangarh APMC,Wheat,Wheat,FAQ,2026-01-23,2270.0,2731.0,2500.0,228.506,Rs./Quintal,Metric Tonnes
Madhya Pradesh,Sagar,Malthone APMC,Lak(Teora),Tiwada,FAQ,2026-01-23,3990.0,4100.0,4000.0,35.800000000000004,Rs./Quintal,Metric Tonnes
Madhya Pradesh,Neemuch,Manasa APMC,Bengal Gram(Gram)(Whole),Gram,Non-FAQ,2026-01-23,4350.0,5140.0,5140.0,1.4130000000000003,Rs./Quintal,Metric Tonnes
Madhya Pradesh,Neemuch,Manasa APMC,Bengal Gram(Gram)(Whole),Gram,FAQ,2026-01-23,4700.0,5411.0,5400.0,50.27,Rs./Quintal,Metric Tonnes
Madhya Pradesh,Neemuch,Manasa APMC,Black Gram(Urd Beans)(Whole),Urda/Urd,Non-FAQ,2026-01-23,2000.0,6080.0,6080.0,0.6030000000000001,Rs./Quintal,Metric Tonnes
Madhya Pradesh,Neemuch,Manasa APMC,Garlic,Garlic,FAQ,2026-01-23,700.0,8916.0,7201.0,16.339,Rs./Quintal,Metric Tonnes
Madhya Pradesh,Neemuch,Manasa APMC,Lentil(Masur)(Whole),Masur Dal,FAQ,2026-01-23,5700.0,5701.0,5701.0,0.125,Rs./Quintal,Metric Tonnes
Madhya Pradesh,Neemuch,Manasa APMC,Linseed,Flaxseed,FAQ,2026-01-23,7570.0,7809.0,7809.0,6.435,Rs./Quintal,Metric Tonnes
Madhya Pradesh,Neemuch,Manasa APMC,Maize,Local,FAQ,2026-01-23,1528.0,1689.0,1640.0,42.028,Rs./Quintal,Metric Tonnes
Madhya Pradesh,Neemuch,Manasa APMC,Maize,Local,Non-FAQ,2026-01-23,1451.0,1495.0,1495.0,4.051,Rs./Quintal,Metric Tonnes
Madhya Pradesh,Neemuch,Manasa APMC,Methi Seeds,Methiseeds,FAQ,2026-01-23,4900.0,5640.0,5640.0,0.9210000000000002,Rs./Quintal,Metric Tonnes
Madhya Pradesh,Neemuch,Manasa APMC,Mustard,Mustard,FAQ,2026-01-23,4600.0,7000.0,7000.0,9.145999999999999,Rs./Quintal,Metric Tonnes
Madhya Pradesh,Neemuch,Manasa APMC,Onion,Onion,Non-FAQ,2026-01-23,100.0,1111.0,700.0,19.826,Rs./Quintal,Metric Tonnes
Madhya Pradesh,Neemuch,Manasa APMC,Soyabean,Soyabeen,FAQ,2026-01-23,3201.0,5446.0,5400.0,81.471,Rs./Quintal,Metric Tonnes
Madhya Pradesh,Neemuch,Manasa APMC,Wheat,Wheat,Non-FAQ,2026-01-23,2000.0,2648.0,2499.0,28.653,Rs./Quintal,Metric Tonnes
Madhya Pradesh,Neemuch,Manasa APMC,Wheat,Wheat,FAQ,2026-01-23,2300.0,2653.0,2649.0,74.908,Rs./Quintal,Metric Tonnes
Madhya Pradesh,Dhar,Manawar APMC,Kabuli Chana(Chickpeas-White),Dollar Gram,FAQ,2026-01-23,8100.0,8300.0,8100.0,11.984000000000002,Rs./Quintal,Metric Tonnes
Madhya Pradesh,Dhar,Manawar APMC,Maize,Local,FAQ,2026-01-23,1575.0,1930.0,1600.0,222.25,Rs./Quintal,Metric Tonnes
Madhya Pradesh,Dhar,Manawar APMC,Soyabean,Soyabeen,FAQ,2026-01-23,5100.0,5151.0,5151.0,4.8950000000000005,Rs./Quintal,Metric Tonnes
Madhya Pradesh,Dhar,Manawar APMC,Wheat,Wheat,Non-FAQ,2026-01-23,2520.0,2520.0,2520.0,5.74,Rs./Quintal,Metric Tonnes
Madhya Pradesh,Dhar,Manawar APMC,Wheat,Wheat,FAQ,2026-01-23,2500.0,2980.0,2935.0,48.001000000000005,Rs./Quintal,Metric Tonnes
Madhya Pradesh,Mandla,Mandla APMC,Wheat,Mill Quality,Non-FAQ,2026-01-23,2400.0,2400.0,2400.0,14.5,Rs./Quintal,Metric Tonnes
Madhya Pradesh,Mandsaur,Mandsaur APMC,Bengal Gram(Gram)(Whole),Chana Kabuli,Non-FAQ,2026-01-23,3600.0,7800.0,7800.0,1.468,Rs./Quintal,Metric Tonnes
Madhya Pradesh,Mandsaur,Mandsaur APMC,Bengal Gram(Gram)(Whole),Gram,Non-FAQ,2026-01-23,4000.0,5460.0,5000.0,73.56400000000001,Rs./Quintal,Metric Tonnes
Madhya Pradesh,Mandsaur,Mandsaur APMC,Black Gram(Urd Beans)(Whole),Urda/Urd,Non-FAQ,2026-01-23,4750.0,7001.0,6451.0,2.4770000000000003,Rs./Quintal,Metric Tonnes
Madhya Pradesh,Mandsaur,Mandsaur APMC,Garlic,Garlic,FAQ,2026-01-23,1001.0,15900.0,7600.0,173.585,Rs./Quintal,Metric Tonnes
Madhya Pradesh,Mandsaur,Mandsaur APMC,Garlic,Garlic-Organic,FAQ,2026-01-23,7911.0,9600.0,9600.0,2.334,Rs./Quintal,Metric Tonnes
Madhya Pradesh,Mandsaur,Mandsaur APMC,Groundnut,Groundnut seed,Non-FAQ,2026-01-23,8000.0,8300.0,8300.0,0.33,Rs./Quintal,Metric Tonnes
Madhya Pradesh,Mandsaur,Mandsaur APMC,Groundnut,Big (With Shell),Non-FAQ,2026-01-23,2700.0,9000.0,6500.0,67.243,Rs./Quintal,Metric Tonnes
Madhya Pradesh,Mandsaur,Mandsaur APMC,Lentil(Masur)(Whole),Masur Dal,Non-FAQ,2026-01-23,2410.0,6586.0,6586.0,2.563,Rs./Quintal,Metric Tonnes
Madhya Pradesh,Mandsaur,Mandsaur APMC,Maize,Local,Non-FAQ,2026-01-23,1400.0,1948.0,1630.0,39.101,Rs./Quintal,Metric Tonnes
Madhya Pradesh,Mandsaur,Mandsaur APMC,Maize,Local,FAQ,2026-01-23,1400.0,1625.0,1625.0,0.497,Rs./Quintal,Metric Tonnes
Madhya Pradesh,Mandsaur,Mandsaur APMC,Mustard,Mustard,FAQ,2026-01-23,5950.0,5950.0,5950.0,0.22200000000000003,Rs./Quintal,Metric Tonnes
Madhya Pradesh,Mandsaur,Mandsaur APMC,Mustard,Mustard,Non-FAQ,2026-01-23,4350.0,8051.0,6500.0,33.455000000000005,Rs./Quintal,Metric Tonnes
Madhya Pradesh,Mandsaur,Mandsaur APMC,Onion,Onion,FAQ,2026-01-23,300.0,3517.0,801.0,128.302,Rs./Quintal,Metric Tonnes
Madhya Pradesh,Mandsaur,Mandsaur APMC,Onion,Onion-Organic,FAQ,2026-01-23,205.0,1281.0,352.0,10.806000000000001,Rs./Quintal,Metric Tonnes
Madhya Pradesh,Mandsaur,Mandsaur APMC,Onion,Onion,Non-FAQ,2026-01-23,354.0,1491.0,600.0,146.66,Rs./Quintal,Metric Tonnes
Madhya Pradesh,Mandsaur,Mandsaur APMC,"Sesamum(Sesame,Gingelly,Til)",Sesame,Non-FAQ,2026-01-23,2727.0,9094.0,9094.0,1.139,Rs./Quintal,Metric Tonnes
Madhya Pradesh,Mandsaur,Mandsaur APMC,Soyabean,Soyabeen,FAQ,2026-01-23,2000.0,6000.0,5000.0,71.27300000000001,Rs./Quintal,Metric Tonnes
Madhya Pradesh,Mandsaur,Mandsaur APMC,Soyabean,Soyabeen,Non-FAQ,2026-01-23,311.0,5800.0,4700.0,141.888,Rs./Quintal,Metric Tonnes
Madhya Pradesh,Mandsaur,Mandsaur APMC,Wheat,Wheat,Non-FAQ,2026-01-23,2201.0,3031.0,2630.0,194.032,Rs./Quintal,Metric Tonnes
Madhya Pradesh,Satna,Mehar APMC,Paddy(Common),Common,FAQ,2026-01-23,1801.0,1810.0,1810.0,15.200000000000001,Rs./Quintal,Metric Tonnes
Madhya Pradesh,Satna,Mehar APMC,"Sesamum(Sesame,Gingelly,Til)",Sesame,Non-FAQ,2026-01-23,7025.0,7050.0,7050.0,0.8400000000000001,Rs./Quintal,Metric Tonnes
Madhya Pradesh,Satna,Mehar APMC,Wheat,Local,Non-FAQ,2026-01-23,2505.0,2630.0,2630.0,35.300000000000004,Rs./Quintal,Metric Tonnes
Madhya Pradesh,Bhind,Mehgaon APMC,Mustard,Mustard,FAQ,2026-01-23,6500.0,6590.0,6590.0,16.150000000000002,Rs./Quintal,Metric Tonnes
Madhya Pradesh,Bhind,Mehgaon APMC,Wheat,Wheat,FAQ,2026-01-23,2395.0,2400.0,2400.0,7.5,Rs./Quintal,Metric Tonnes
Madhya Pradesh,Indore,Mhow APMC,Bengal Gram(Gram)(Whole),Chana Kanta,FAQ,2026-01-23,5201.0,5201.0,5201.0,0.141,Rs./Quintal,Metric Tonnes
Madhya Pradesh,Indore,Mhow APMC,Maize,Local,FAQ,2026-01-23,1350.0,1650.0,1600.0,31.645,Rs./Quintal,Metric Tonnes
Madhya Pradesh,Indore,Mhow APMC,Red gram/Arhar/Tur(whole),Arhar Dal(Tur),FAQ,2026-01-23,6800.0,6800.0,6800.0,0.6200000000000001,Rs./Quintal,Metric Tonnes
Madhya Pradesh,Indore,Mhow APMC,Soyabean,Soyabeen,FAQ,2026-01-23,2061.0,5501.0,5351.0,116.87,Rs./Quintal,Metric Tonnes
Madhya Pradesh,Indore,Mhow APMC,Wheat,Wheat,FAQ,2026-01-23,2200.0,2800.0,2800.0,16.071,Rs./Quintal,Metric Tonnes
Madhya Pradesh,Balaghat,Mohgaon APMC,Paddy(Common),Paddy,FAQ,2026-01-23,2370.0,2370.0,2370.0,13.5,Rs./Quintal,Metric Tonnes
Madhya Pradesh,Shajapur,Momanbadodiya APMC,Soyabean,Soyabeen,FAQ,2026-01-23,5035.0,5035.0,5035.0,2.0500000000000003,Rs./Quintal,Metric Tonnes
Madhya Pradesh,Morena,Morena APMC,Bajra(Pearl Millet/Cumbu),Millet,Non-FAQ,2026-01-23,1845.0,1863.0,1850.0,33.718,Rs./Quintal,Metric Tonnes
Madhya Pradesh,Morena,Morena APMC,Mustard,Mustard,Non-FAQ,2026-01-23,5670.0,6780.0,6750.0,63.389,Rs./Quintal,Metric Tonnes
Madhya Pradesh,Morena,Morena APMC,Potato,Potato,Non-FAQ,2026-01-23,500.0,600.0,500.0,37.0,Rs./Quintal,Metric Tonnes
Madhya Pradesh,Morena,Morena APMC,Tomato,Tomato,Non-FAQ,2026-01-23,1000.0,1500.0,1000.0,8.0,Rs./Quintal,Metric Tonnes
Madhya Pradesh,Morena,Morena APMC,Wheat,Wheat,Non-FAQ,2026-01-23,2490.0,2553.0,2540.0,39.342000000000006,Rs./Quintal,Metric Tonnes
Madhya Pradesh,Bhind,Mow APMC,Mustard,Mustard,FAQ,2026-01-23,6500.0,6680.0,6650.0,7.805,Rs./Quintal,Metric Tonnes
Madhya Pradesh,Bhind,Mow APMC,Wheat,Wheat,FAQ,2026-01-23,2420.0,2455.0,2425.0,8.9,Rs./Quintal,Metric Tonnes
Madhya Pradesh,Betul,Multai APMC,Maize,Local,FAQ,2026-01-23,1401.0,1415.0,1401.0,53.5,Rs./Quintal,Metric Tonnes
Madhya Pradesh,Betul,Multai APMC,Maize,Local,Non-FAQ,2026-01-23,1400.0,1650.0,1600.0,692.52,Rs./Quintal,Metric Tonnes
Madhya Pradesh,Betul,Multai APMC,Maize,Yellow,FAQ,2026-01-23,1650.0,1650.0,1650.0,38.910000000000004,Rs./Quintal,Metric Tonnes
Madhya Pradesh,Khandwa,Mundi APMC,Cotton,Without Ginned Cotton,FAQ,2026-01-23,7689.6,8010.0,7929.9,56.741,Rs./Quintal,Metric Tonnes
Madhya Pradesh,Khandwa,Mundi APMC,Maize,Local,FAQ,2026-01-23,1450.0,1450.0,1450.0,0.885,Rs./Quintal,Metric Tonnes
Madhya Pradesh,Khandwa,Mundi APMC,Red gram/Arhar/Tur(whole),Arhar Dal(Tur),FAQ,2026-01-23,6002.0,6002.0,6002.0,0.09100000000000001,Rs./Quintal,Metric Tonnes
Madhya Pradesh,Khandwa,Mundi APMC,Wheat,Wheat,FAQ,2026-01-23,2370.0,2550.0,2455.0,49.46600000000001,Rs./Quintal,Metric Tonnes
Madhya Pradesh,Ashoknagar,Mungawali APMC,Bengal Gram(Gram)(Whole),Gram,Non-FAQ,2026-01-23,5175.0,5175.0,5175.0,0.30000000000000004,Rs./Quintal,Metric Tonnes
Madhya Pradesh,Ashoknagar,Mungawali APMC,Maize,Local,FAQ,2026-01-23,1350.0,1550.0,1515.0,117.5,Rs./Quintal,Metric Tonnes
Madhya Pradesh,Ashoknagar,Mungawali APMC,Maize,Local,Non-FAQ,2026-01-23,1300.0,1650.0,1500.0,124.955,Rs./Quintal,Metric Tonnes
Madhya Pradesh,Ashoknagar,Mungawali APMC,Paddy(Common),Dhan,Non-FAQ,2026-01-23,2505.0,2505.0,2505.0,0.1,Rs./Quintal,Metric Tonnes
Madhya Pradesh,Ashoknagar,Mungawali APMC,Soyabean,Soyabeen,Non-FAQ,2026-01-23,4155.0,5130.0,5130.0,6.235,Rs./Quintal,Metric Tonnes
Madhya Pradesh,Ashoknagar,Mungawali APMC,Wheat,Wheat,Non-FAQ,2026-01-23,2405.0,2700.0,2420.0,42.333,Rs./Quintal,Metric Tonnes
Madhya Pradesh,Ujjain,Nagda APMC,Soyabean,Soyabeen,FAQ,2026-01-23,3333.0,5451.0,5451.0,10.877,Rs./Quintal,Metric Tonnes
Madhya Pradesh,Ujjain,Nagda APMC,Soyabean,Soyabeen,Non-FAQ,2026-01-23,3450.0,5290.0,5290.0,7.205,Rs./Quintal,Metric Tonnes
Madhya Pradesh,Ujjain,Nagda APMC,Wheat,Wheat,Non-FAQ,2026-01-23,2420.0,2550.0,2550.0,8.304,Rs./Quintal,Metric Tonnes
Madhya Pradesh,Satna,Nagod APMC,Bengal Gram(Gram)(Whole),Gram,FAQ,2026-01-23,5320.0,5442.0,5351.0,12.5,Rs./Quintal,Metric Tonnes
Madhya Pradesh,Satna,Nagod APMC,Kodo Millet(Varagu),Kondo,FAQ,2026-01-23,2300.0,2390.0,2390.0,11.5,Rs./Quintal,Metric Tonnes
Madhya Pradesh,Satna,Nagod APMC,Mustard,Mustard,FAQ,2026-01-23,6200.0,6205.0,6205.0,4.5,Rs./Quintal,Metric Tonnes
Madhya Pradesh,Satna,Nagod APMC,Soyabean,Soyabeen,FAQ,2026-01-23,4751.0,4751.0,4751.0,4.095000000000001,Rs./Quintal,Metric Tonnes
Madhya Pradesh,Satna,Nagod APMC,Wheat,Wheat,FAQ,2026-01-23,2400.0,2560.0,2505.0,94.47000000000001,Rs./Quintal,Metric Tonnes
Madhya Pradesh,Satna,Nagod APMC,Wheat,Mill Quality,Non-FAQ,2026-01-23,2520.0,2550.0,2530.0,42.900000000000006,Rs./Quintal,Metric Tonnes
Madhya Pradesh,Mandla,Nainpur APMC,Maize,Yellow,FAQ,2026-01-23,1500.0,1800.0,1800.0,24.0,Rs./Quintal,Metric Tonnes
Madhya Pradesh,Mandla,Nainpur APMC,Maize,Yellow,Non-FAQ,2026-01-23,1500.0,1500.0,1500.0,4.4,Rs./Quintal,Metric Tonnes
Madhya Pradesh,Mandla,Nainpur APMC,Paddy(Common),Common,Non-FAQ,2026-01-23,1850.0,1850.0,1850.0,5.0,Rs./Quintal,Metric Tonnes
Madhya Pradesh,Mandla,Nainpur APMC,Wheat,Local,Non-FAQ,2026-01-23,2300.0,2400.0,2400.0,25.200000000000003,Rs./Quintal,Metric Tonnes
Madhya Pradesh,Mandla,Nainpur APMC,Wheat,Mill Quality,Non-FAQ,2026-01-23,2345.0,2345.0,2345.0,7.612000000000001,Rs./Quintal,Metric Tonnes
Madhya Pradesh,Mandla,Nainpur APMC,Wheat,Local,FAQ,2026-01-23,2350.0,2410.0,2410.0,16.2,Rs./Quintal,Metric Tonnes
Madhya Pradesh,Mandla,Nainpur APMC,Wheat,Wheat,Non-FAQ,2026-01-23,2450.0,2475.0,2475.0,11.73,Rs./Quintal,Metric Tonnes
Madhya Pradesh,Shajapur,Nalkehda APMC,Coriander(Leaves),Coriander,FAQ,2026-01-23,7400.0,9012.0,9012.0,1.034,Rs./Bundle,Bundle
Madhya Pradesh,Shajapur,Nalkehda APMC,Lentil(Masur)(Whole),Masur Dal,FAQ,2026-01-23,5700.0,5700.0,5700.0,0.059,Rs./Quintal,Metric Tonnes
Madhya Pradesh,Shajapur,Nalkehda APMC,Mustard,Mustard,FAQ,2026-01-23,6200.0,6200.0,6200.0,1.122,Rs./Quintal,Metric Tonnes
Madhya Pradesh,Shajapur,Nalkehda APMC,Soyabean,Soyabeen,FAQ,2026-01-23,3615.0,5364.0,5340.0,46.910000000000004,Rs./Quintal,Metric Tonnes
Madhya Pradesh,Shajapur,Nalkehda APMC,Wheat,Wheat,FAQ,2026-01-23,2400.0,2590.0,2475.0,57.07000000000001,Rs./Quintal,Metric Tonnes
Madhya Pradesh,Rajgarh,Narsinghgarh APMC,Soyabean,Soyabeen,FAQ,2026-01-23,4305.0,5255.0,5255.0,0.35800000000000004,Rs./Quintal,Metric Tonnes
Madhya Pradesh,Narsinghpur,Narsinghpur APMC,Bengal Gram(Gram)(Whole),Desi (F.A.Q. Split),FAQ,2026-01-23,4450.0,6000.0,5431.0,30.945,Rs./Quintal,Metric Tonnes
Madhya Pradesh,Narsinghpur,Narsinghpur APMC,Bengal Gram(Gram)(Whole),Desi (F.A.Q. Split),Non-FAQ,2026-01-23,4805.0,6134.0,5456.0,25.265,Rs./Quintal,Metric Tonnes
Madhya Pradesh,Narsinghpur,Narsinghpur APMC,Black Gram(Urd Beans)(Whole),Urda/Urd,Non-FAQ,2026-01-23,6666.0,7717.0,7717.0,1.0250000000000001,Rs./Quintal,Metric Tonnes
Madhya Pradesh,Narsinghpur,Narsinghpur APMC,Black Gram(Urd Beans)(Whole),Urda/Urd,FAQ,2026-01-23,6714.0,7312.0,7312.0,2.7750000000000004,Rs./Quintal,Metric Tonnes
Madhya Pradesh,Narsinghpur,Narsinghpur APMC,Gur(Jaggery),Jaggery,FAQ,2026-01-23,3240.0,3725.0,3715.0,75.034,Rs./Quintal,Metric Tonnes
Madhya Pradesh,Narsinghpur,Narsinghpur APMC,Lentil(Masur)(Whole),Local,FAQ,2026-01-23,5511.0,5800.0,5800.0,1.1900000000000002,Rs./Quintal,Metric Tonnes
Madhya Pradesh,Narsinghpur,Narsinghpur APMC,Lentil(Masur)(Whole),Local,Non-FAQ,2026-01-23,5000.0,5850.0,5850.0,1.2000000000000002,Rs./Quintal,Metric Tonnes
Madhya Pradesh,Narsinghpur,Narsinghpur APMC,Maize,Yellow,FAQ,2026-01-23,1450.0,1805.0,1600.0,761.5790000000001,Rs./Quintal,Metric Tonnes
Madhya Pradesh,Narsinghpur,Narsinghpur APMC,Maize,Yellow,Non-FAQ,2026-01-23,1450.0,1725.0,1600.0,276.635,Rs./Quintal,Metric Tonnes
Madhya Pradesh,Narsinghpur,Narsinghpur APMC,Red gram/Arhar/Tur(whole),Arhar Dal(Tur),FAQ,2026-01-23,4800.0,8000.0,8000.0,3.455,Rs./Quintal,Metric Tonnes
Madhya Pradesh,Narsinghpur,Narsinghpur APMC,Red gram/Arhar/Tur(whole),Arhar Dal(Tur),Non-FAQ,2026-01-23,4812.0,7500.0,7500.0,0.9050000000000001,Rs./Quintal,Metric Tonnes
Madhya Pradesh,Narsinghpur,Narsinghpur APMC,Soyabean,Yellow,Non-FAQ,2026-01-23,4201.0,5300.0,5000.0,10.870000000000001,Rs./Quintal,Metric Tonnes
Madhya Pradesh,Narsinghpur,Narsinghpur APMC,Soyabean,Yellow,FAQ,2026-01-23,4875.0,5250.0,5000.0,5.455,Rs./Quintal,Metric Tonnes
Madhya Pradesh,Narsinghpur,Narsinghpur APMC,Wheat,Mill Quality,Non-FAQ,2026-01-23,2500.0,2542.0,2525.0,13.825000000000001,Rs./Quintal,Metric Tonnes
Madhya Pradesh,Narsinghpur,Narsinghpur APMC,Wheat,Mill Quality,FAQ,2026-01-23,2460.0,2531.0,2520.0,24.810000000000002,Rs./Quintal,Metric Tonnes
Madhya Pradesh,Narsinghpur,Narsinghpur APMC,buttery,Buttery,FAQ,2026-01-23,4200.0,4200.0,4200.0,0.215,Rs./Quintal,Metric Tonnes
Madhya Pradesh,Sehore,Nasrullaganj APMC,Bengal Gram(Gram)(Whole),Gram,Non-FAQ,2026-01-23,4401.0,5000.0,5000.0,0.994,Rs./Quintal,Metric Tonnes
Madhya Pradesh,Sehore,Nasrullaganj APMC,Green Gram(Moong)(Whole),Green (Whole),Non-FAQ,2026-01-23,4801.0,4801.0,4801.0,0.054000000000000006,Rs./Quintal,Metric Tonnes
Madhya Pradesh,Sehore,Nasrullaganj APMC,Maize,Local,Non-FAQ,2026-01-23,1300.0,1648.0,1450.0,218.768,Rs./Quintal,Metric Tonnes
Madhya Pradesh,Sehore,Nasrullaganj APMC,Maize,Local,FAQ,2026-01-23,1251.0,1639.0,1450.0,894.764,Rs./Quintal,Metric Tonnes
Madhya Pradesh,Sehore,Nasrullaganj APMC,Soyabean,Soyabeen,Non-FAQ,2026-01-23,4301.0,5209.0,5209.0,17.758000000000003,Rs./Quintal,Metric Tonnes
Madhya Pradesh,Sehore,Nasrullaganj APMC,Soyabean,Soyabeen,FAQ,2026-01-23,4652.0,4652.0,4652.0,0.246,Rs./Quintal,Metric Tonnes
Madhya Pradesh,Sehore,Nasrullaganj APMC,Wheat,Wheat,FAQ,2026-01-23,2372.0,2372.0,2372.0,5.15,Rs./Quintal,Metric Tonnes
Madhya Pradesh,Sehore,Nasrullaganj APMC,Wheat,Wheat,Non-FAQ,2026-01-23,2300.0,2581.0,2441.0,80.605,Rs./Quintal,Metric Tonnes
Madhya Pradesh,Chhatarpur,Naugaon APMC,Barley(Jau),Barley,Non-FAQ,2026-01-23,2040.0,2114.0,2114.0,33.0,Rs./Quintal,Metric Tonnes
Madhya Pradesh,Chhatarpur,Naugaon APMC,Black Gram(Urd Beans)(Whole),Urda/Urd,Non-FAQ,2026-01-23,5720.0,5960.0,5760.0,30.0,Rs./Quintal,Metric Tonnes
Madhya Pradesh,Chhatarpur,Naugaon APMC,Groundnut,Big (With Shell),Non-FAQ,2026-01-23,5680.0,5910.0,5735.0,102.23400000000001,Rs./Quintal,Metric Tonnes
Madhya Pradesh,Chhatarpur,Naugaon APMC,Soyabean,Soyabeen,FAQ,2026-01-23,4600.0,5050.0,4820.0,94.43,Rs./Quintal,Metric Tonnes
Madhya Pradesh,Chhatarpur,Naugaon APMC,Wheat,Wheat,Non-FAQ,2026-01-23,2450.0,2551.0,2510.0,424.315,Rs./Quintal,Metric Tonnes
Madhya Pradesh,Neemuch,Neemuch APMC,Absinthe,chirayta,FAQ,2026-01-23,5048.0,8976.0,8976.0,10.308,Rs./Quintal,Metric Tonnes
Madhya Pradesh,Neemuch,Neemuch APMC,Asgand,Asgand,FAQ,2026-01-23,13000.0,34719.0,22900.0,13.814,Rs./Quintal,Metric Tonnes
Madhya Pradesh,Neemuch,Neemuch APMC,Asgand,Asafoetida leaf,FAQ,2026-01-23,361.0,941.0,941.0,13.81,Rs./Quintal,Metric Tonnes
Madhya Pradesh,Neemuch,Neemuch APMC,Asparagus,Asparagus,FAQ,2026-01-23,27000.0,28300.0,28300.0,0.271,Rs./Quintal,Metric Tonnes
Madhya Pradesh,Neemuch,Neemuch APMC,Barley(Jau),Barley,FAQ,2026-01-23,2420.0,2501.0,2501.0,1.346,Rs./Quintal,Metric Tonnes
Madhya Pradesh,Neemuch,Neemuch APMC,Bengal Gram(Gram)(Whole),Chana Kabuli,FAQ,2026-01-23,3400.0,8100.0,6300.0,2.757,Rs./Quintal,Metric Tonnes
Madhya Pradesh,Neemuch,Neemuch APMC,Bengal Gram(Gram)(Whole),Gram,FAQ,2026-01-23,3412.0,5495.0,5240.0,39.251000000000005,Rs./Quintal,Metric Tonnes
Madhya Pradesh,Neemuch,Neemuch APMC,Bengal Gram(Gram)(Whole),Chana mausami,FAQ,2026-01-23,5051.0,5051.0,5051.0,0.31600000000000006,Rs./Quintal,Metric Tonnes
Madhya Pradesh,Neemuch,Neemuch APMC,Bengal Gram(Gram)(Whole),Gram,Non-FAQ,2026-01-23,5399.0,5399.0,5399.0,0.215,Rs./Quintal,Metric Tonnes
Madhya Pradesh,Neemuch,Neemuch APMC,Black Gram(Urd Beans)(Whole),Urda/Urd,FAQ,2026-01-23,4000.0,6400.0,6351.0,8.531,Rs./Quintal,Metric Tonnes
Madhya Pradesh,Neemuch,Neemuch APMC,Coriander(Leaves),Coriander,FAQ,2026-01-23,300.0,10060.0,9301.0,42.199000000000005,Rs./Bundle,Bundle
Madhya Pradesh,Neemuch,Neemuch APMC,Garlic,Average,FAQ,2026-01-23,1400.0,12900.0,9000.0,58.816,Rs./Quintal,Metric Tonnes
Madhya Pradesh,Neemuch,Neemuch APMC,Garlic,Garlic,FAQ,2026-01-23,2650.0,13700.0,7800.0,214.916,Rs./Quintal,Metric Tonnes
Madhya Pradesh,Neemuch,Neemuch APMC,Giloy,Giloy,FAQ,2026-01-23,2790.0,2790.0,2790.0,0.037,Rs./Quintal,Metric Tonnes
Madhya Pradesh,Neemuch,Neemuch APMC,Groundnut,Big (With Shell),Non-FAQ,2026-01-23,6051.0,6811.0,6651.0,12.618000000000002,Rs./Quintal,Metric Tonnes
Madhya Pradesh,Neemuch,Neemuch APMC,Groundnut,Big (With Shell),FAQ,2026-01-23,5902.0,7500.0,7000.0,51.793,Rs./Quintal,Metric Tonnes
Madhya Pradesh,Neemuch,Neemuch APMC,Lentil(Masur)(Whole),Masur Dal,FAQ,2026-01-23,4600.0,6999.0,6171.0,3.465,Rs./Quintal,Metric Tonnes
Madhya Pradesh,Neemuch,Neemuch APMC,Linseed,Flaxseed,FAQ,2026-01-23,7200.0,7461.0,7461.0,0.275,Rs./Quintal,Metric Tonnes
Madhya Pradesh,Neemuch,Neemuch APMC,Maize,Local,FAQ,2026-01-23,1530.0,1861.0,1667.0,52.261,Rs./Quintal,Metric Tonnes
Madhya Pradesh,Neemuch,Neemuch APMC,Methi Seeds,Methiseeds,FAQ,2026-01-23,3850.0,6206.0,4800.0,17.380000000000003,Rs./Quintal,Metric Tonnes
Madhya Pradesh,Neemuch,Neemuch APMC,Mustard,Mustard,FAQ,2026-01-23,4700.0,6920.0,6000.0,128.907,Rs./Quintal,Metric Tonnes
Madhya Pradesh,Neemuch,Neemuch APMC,Neem Seed,Neem leaves,FAQ,2026-01-23,1100.0,1600.0,1600.0,0.277,Rs./Quintal,Metric Tonnes
Madhya Pradesh,Neemuch,Neemuch APMC,Onion,Onion,FAQ,2026-01-23,350.0,1511.0,1031.0,33.969,Rs./Quintal,Metric Tonnes
Madhya Pradesh,Neemuch,Neemuch APMC,Onion,Red,FAQ,2026-01-23,202.0,1695.0,1200.0,72.214,Rs./Quintal,Metric Tonnes
Madhya Pradesh,Neemuch,Neemuch APMC,Onion,Medium,FAQ,2026-01-23,141.0,1210.0,751.0,11.301000000000002,Rs./Quintal,Metric Tonnes
Madhya Pradesh,Neemuch,Neemuch APMC,"Sesamum(Sesame,Gingelly,Til)",Sesame,FAQ,2026-01-23,4890.0,8751.0,6250.0,3.119,Rs./Quintal,Metric Tonnes
Madhya Pradesh,Neemuch,Neemuch APMC,Soyabean,Soyabeen,FAQ,2026-01-23,4300.0,5462.0,5190.0,219.52600000000004,Rs./Quintal,Metric Tonnes
Madhya Pradesh,Neemuch,Neemuch APMC,Wheat,Wheat,FAQ,2026-01-23,2295.0,3175.0,2600.0,146.741,Rs./Quintal,Metric Tonnes
Madhya Pradesh,Neemuch,Neemuch APMC,nigella,Kalonji,FAQ,2026-01-23,20000.0,22351.0,22351.0,2.7590000000000003,Rs./Quintal,Metric Tonnes
Madhya Pradesh,Neemuch,Neemuch APMC,nigella seeds,Kalonji/Nigella,FAQ,2026-01-23,15500.0,24900.0,24850.0,7.93,Rs./Quintal,Metric Tonnes
Madhya Pradesh,Neemuch,Neemuch APMC,poppy seeds,Poppy seed,FAQ,2026-01-23,81400.0,140900.0,122000.0,2.4600000000000004,Rs./Quintal,Metric Tonnes
Madhya Pradesh,Tikamgarh,Niwadi APMC,Groundnut,Big (With Shell),FAQ,2026-01-23,5723.0,7000.0,7000.0,57.800000000000004,Rs./Quintal,Metric Tonnes
Madhya Pradesh,Tikamgarh,Niwadi APMC,Groundnut,Big (With Shell),Non-FAQ,2026-01-23,6000.0,7265.0,7000.0,33.19,Rs./Quintal,Metric Tonnes
Madhya Pradesh,Tikamgarh,Niwadi APMC,Wheat,Mill Quality,Non-FAQ,2026-01-23,2380.0,2525.0,2481.0,441.21400000000006,Rs./Quintal,Metric Tonnes
Madhya Pradesh,Raisen,Obedullaganj APMC,Paddy(Common),Paddy,FAQ,2026-01-23,3550.0,3800.0,3800.0,162.20000000000002,Rs./Quintal,Metric Tonnes
Madhya Pradesh,Raisen,Obedullaganj APMC,Paddy(Common),Puspa (MR 301),FAQ,2026-01-23,3800.0,3900.0,3850.0,201.05,Rs./Quintal,Metric Tonnes
Madhya Pradesh,Raisen,Obedullaganj APMC,Paddy(Common),Dhan,FAQ,2026-01-23,3350.0,3900.0,3735.0,190.245,Rs./Quintal,Metric Tonnes
Madhya Pradesh,Raisen,Obedullaganj APMC,Paddy(Common),Basmati,FAQ,2026-01-23,3500.0,3900.0,3900.0,396.65000000000003,Rs./Quintal,Metric Tonnes
Madhya Pradesh,Raisen,Obedullaganj APMC,Wheat,Local,FAQ,2026-01-23,2600.0,2600.0,2600.0,5.0,Rs./Quintal,Metric Tonnes
Madhya Pradesh,Jabalpur,Paatan APMC,Bengal Gram(Gram)(Whole),Gram,FAQ,2026-01-23,4680.0,5555.0,5555.0,1.754,Rs./Quintal,Metric Tonnes
Madhya Pradesh,Jabalpur,Paatan APMC,Black Gram(Urd Beans)(Whole),Urda/Urd,FAQ,2026-01-23,7005.0,8540.0,8100.0,31.206000000000003,Rs./Quintal,Metric Tonnes
Madhya Pradesh,Jabalpur,Paatan APMC,Green Gram(Moong)(Whole),Green (Whole),FAQ,2026-01-23,5000.0,5000.0,5000.0,0.55,Rs./Quintal,Metric Tonnes
Madhya Pradesh,Jabalpur,Paatan APMC,Lentil(Masur)(Whole),Masur Dal,FAQ,2026-01-23,5505.0,5505.0,5505.0,0.118,Rs./Quintal,Metric Tonnes
Madhya Pradesh,Jabalpur,Paatan APMC,Maize,Local,FAQ,2026-01-23,1620.0,1620.0,1620.0,6.2700000000000005,Rs./Quintal,Metric Tonnes
Madhya Pradesh,Jabalpur,Paatan APMC,Paddy(Common),Basmati,FAQ,2026-01-23,2900.0,2900.0,2900.0,0.21200000000000002,Rs./Quintal,Metric Tonnes
Madhya Pradesh,Jabalpur,Paatan APMC,Paddy(Common),Paddy,FAQ,2026-01-23,1650.0,1650.0,1650.0,0.23700000000000002,Rs./Quintal,Metric Tonnes
Madhya Pradesh,Jabalpur,Paatan APMC,Red gram/Arhar/Tur(whole),Arhar Dal(Tur),FAQ,2026-01-23,7375.0,7375.0,7375.0,0.8220000000000001,Rs./Quintal,Metric Tonnes
Madhya Pradesh,Jabalpur,Paatan APMC,Soyabean,Soyabeen,FAQ,2026-01-23,4800.0,5100.0,5100.0,1.1400000000000001,Rs./Quintal,Metric Tonnes
Madhya Pradesh,Jabalpur,Paatan APMC,Wheat,Wheat,FAQ,2026-01-23,2430.0,2900.0,2525.0,194.87900000000002,Rs./Quintal,Metric Tonnes
Madhya Pradesh,Jabalpur,Paatan APMC,Wheat,Mill Quality,FAQ,2026-01-23,2200.0,2610.0,2610.0,30.621,Rs./Quintal,Metric Tonnes
Madhya Pradesh,Rajgarh,Pachaur APMC,Wheat,Wheat,Non-FAQ,2026-01-23,2541.0,2541.0,2541.0,4.755,Rs./Quintal,Metric Tonnes
Madhya Pradesh,Rajgarh,Pachaur APMC,Wheat,Wheat,FAQ,2026-01-23,2505.0,2540.0,2540.0,16.34,Rs./Quintal,Metric Tonnes
Madhya Pradesh,Rajgarh,Pachaur APMC,Wheat,Mill Quality,FAQ,2026-01-23,2625.0,2725.0,2725.0,63.765,Rs./Quintal,Metric Tonnes
Madhya Pradesh,Seoni,Palari APMC,Maize,Local,FAQ,2026-01-23,1625.0,1705.0,1655.0,196.11,Rs./Quintal,Metric Tonnes
Madhya Pradesh,Seoni,Palari APMC,Maize,Local,Non-FAQ,2026-01-23,1680.0,1710.0,1700.0,219.94000000000003,Rs./Quintal,Metric Tonnes
Madhya Pradesh,Tikamgarh,Palera APMC,Wheat,Mill Quality,Non-FAQ,2026-01-23,2543.0,2564.0,2549.0,151.70000000000002,Rs./Quintal,Metric Tonnes
Madhya Pradesh,Khandwa,Pandhana APMC,Cotton,Without Ginned Cotton,FAQ,2026-01-23,7203.0,7341.0,7341.0,0.61,Rs./Quintal,Metric Tonnes
Madhya Pradesh,Khandwa,Pandhana APMC,Maize,Local,FAQ,2026-01-23,1351.0,1612.0,1526.0,63.115,Rs./Quintal,Metric Tonnes
Madhya Pradesh,Khandwa,Pandhana APMC,Red gram/Arhar/Tur(whole),Arhar Dal(Tur),FAQ,2026-01-23,6200.0,6595.0,6595.0,1.116,Rs./Quintal,Metric Tonnes
Madhya Pradesh,Khandwa,Pandhana APMC,Wheat,Wheat,FAQ,2026-01-23,2400.0,2552.0,2400.0,16.639,Rs./Quintal,Metric Tonnes
Madhya Pradesh,Chhindwara,Pandhurna APMC,Cotton,Without Ginned Cotton,FAQ,2026-01-23,7850.0,7925.0,7900.0,11.88,Rs./Quintal,Metric Tonnes
Madhya Pradesh,Chhindwara,Pandhurna APMC,Maize,Local,FAQ,2026-01-23,1526.0,1650.0,1641.0,213.175,Rs./Quintal,Metric Tonnes
Madhya Pradesh,Chhindwara,Pandhurna APMC,Maize,Local,Non-FAQ,2026-01-23,1525.0,1625.0,1625.0,42.54,Rs./Quintal,Metric Tonnes
Madhya Pradesh,Panna,Panna APMC,Bengal Gram(Gram)(Whole),Gram,FAQ,2026-01-23,4875.0,5435.0,5435.0,2.166,Rs./Quintal,Metric Tonnes
Madhya Pradesh,Panna,Panna APMC,Black Gram(Urd Beans)(Whole),Urda/Urd,FAQ,2026-01-23,5800.0,6350.0,6350.0,37.199000000000005,Rs./Quintal,Metric Tonnes
Madhya Pradesh,Panna,Panna APMC,Green Peas,Pea,FAQ,2026-01-23,3800.0,3920.0,3920.0,5.184000000000001,Rs./Quintal,Metric Tonnes
Madhya Pradesh,Panna,Panna APMC,Lentil(Masur)(Whole),Masur Dal,FAQ,2026-01-23,5755.0,5755.0,5755.0,0.227,Rs./Quintal,Metric Tonnes
Madhya Pradesh,Panna,Panna APMC,Mustard,Mustard,FAQ,2026-01-23,5899.0,5899.0,5899.0,0.34700000000000003,Rs./Quintal,Metric Tonnes
Madhya Pradesh,Panna,Panna APMC,Wheat,Mill Quality,FAQ,2026-01-23,2416.0,2485.0,2480.0,47.882000000000005,Rs./Quintal,Metric Tonnes
Madhya Pradesh,Panna,Panna APMC,Wheat,Mill Quality,Non-FAQ,2026-01-23,2440.0,2460.0,2460.0,28.710000000000004,Rs./Quintal,Metric Tonnes
Madhya Pradesh,Panna,Panna APMC,buttery,Buttery,FAQ,2026-01-23,3260.0,3500.0,3500.0,21.465000000000003,Rs./Quintal,Metric Tonnes
Madhya Pradesh,Panna,Pawai APMC,Wheat,Mill Quality,FAQ,2026-01-23,2400.0,2400.0,2400.0,20.0,Rs./Quintal,Metric Tonnes
Madhya Pradesh,Jhabua,Petlawad APMC,Cotton,Without Ginned Cotton,FAQ,2026-01-23,5050.0,7588.0,7300.0,230.87199999999999,Rs./Quintal,Metric Tonnes
Madhya Pradesh,Jhabua,Petlawad APMC,Cotton,Without Ginned Cotton,Non-FAQ,2026-01-23,7500.0,7500.0,7500.0,0.533,Rs./Quintal,Metric Tonnes
Madhya Pradesh,Jhabua,Petlawad APMC,Maize,Yellow,FAQ,2026-01-23,1550.0,1575.0,1550.0,17.472,Rs./Quintal,Metric Tonnes
Madhya Pradesh,Jhabua,Petlawad APMC,Maize,Local,FAQ,2026-01-23,1581.0,1750.0,1750.0,13.840000000000002,Rs./Quintal,Metric Tonnes
Madhya Pradesh,Jhabua,Petlawad APMC,Wheat,Wheat,FAQ,2026-01-23,2000.0,2505.0,2500.0,52.459,Rs./Quintal,Metric Tonnes
Madhya Pradesh,Jhabua,Petlawad APMC,Wheat,Mill Quality,FAQ,2026-01-23,2426.0,2426.0,2426.0,4.93,Rs./Quintal,Metric Tonnes
Madhya Pradesh,Shivpuri,Pichhour APMC,Groundnut,Big (With Shell),Non-FAQ,2026-01-23,5655.0,5700.0,5700.0,7.0,Rs./Quintal,Metric Tonnes
Madhya Pradesh,Shivpuri,Pichhour APMC,Groundnut,Groundnut seed,Non-FAQ,2026-01-23,5705.0,5825.0,5825.0,20.700000000000003,Rs./Quintal,Metric Tonnes
Madhya Pradesh,Shivpuri,Pichhour APMC,Maize,Local,Non-FAQ,2026-01-23,1305.0,1350.0,1350.0,10.3,Rs./Quintal,Metric Tonnes
Madhya Pradesh,Shivpuri,Pichhour APMC,Wheat,Mill Quality,Non-FAQ,2026-01-23,2400.0,2460.0,2450.0,341.5,Rs./Quintal,Metric Tonnes
Madhya Pradesh,Hoshangabad,Pipariya APMC,Bengal Gram(Gram)(Whole),Gram,FAQ,2026-01-23,4150.0,5650.0,5601.0,111.4,Rs./Quintal,Metric Tonnes
Madhya Pradesh,Hoshangabad,Pipariya APMC,Black Gram(Urd Beans)(Whole),Urda/Urd,FAQ,2026-01-23,5000.0,7060.0,7060.0,0.30000000000000004,Rs./Quintal,Metric Tonnes
Madhya Pradesh,Hoshangabad,Pipariya APMC,Green Gram(Moong)(Whole),Green (Whole),FAQ,2026-01-23,5800.0,6700.0,6700.0,0.15000000000000002,Rs./Quintal,Metric Tonnes
Madhya Pradesh,Hoshangabad,Pipariya APMC,Maize,Local,FAQ,2026-01-23,1545.0,1551.0,1551.0,9.15,Rs./Quintal,Metric Tonnes
Madhya Pradesh,Hoshangabad,Pipariya APMC,Paddy(Common),Paddy,FAQ,2026-01-23,3750.0,3800.0,3800.0,15.675,Rs./Quintal,Metric Tonnes
Madhya Pradesh,Hoshangabad,Pipariya APMC,Paddy(Common),Basmati,FAQ,2026-01-23,3250.0,3970.0,3968.0,150.155,Rs./Quintal,Metric Tonnes
Madhya Pradesh,Hoshangabad,Pipariya APMC,Paddy(Common),Puspa (MR 301),FAQ,2026-01-23,2700.0,3978.0,3800.0,2249.7360000000003,Rs./Quintal,Metric Tonnes
Madhya Pradesh,Hoshangabad,Pipariya APMC,Red gram/Arhar/Tur(whole),Arhar Dal(Tur),Non-FAQ,2026-01-23,7460.0,7460.0,7460.0,1.35,Rs./Quintal,Metric Tonnes
Madhya Pradesh,Hoshangabad,Pipariya APMC,Red gram/Arhar/Tur(whole),Arhar Dal(Tur),FAQ,2026-01-23,2050.0,7485.0,7380.0,30.900000000000002,Rs./Quintal,Metric Tonnes
Madhya Pradesh,Hoshangabad,Pipariya APMC,Soyabean,Soyabeen,FAQ,2026-01-23,4711.0,5125.0,5060.0,2.0500000000000003,Rs./Quintal,Metric Tonnes
Madhya Pradesh,Hoshangabad,Pipariya APMC,Wheat,Wheat,FAQ,2026-01-23,2367.0,2612.0,2508.0,149.63,Rs./Quintal,Metric Tonnes
Madhya Pradesh,Mandsaur,Piplya APMC,Bengal Gram(Gram)(Whole),Gram,FAQ,2026-01-23,5201.0,5201.0,5201.0,0.48,Rs./Quintal,Metric Tonnes
Madhya Pradesh,Mandsaur,Piplya APMC,Garlic,Garlic,FAQ,2026-01-23,300.0,12200.0,6900.0,210.30300000000003,Rs./Quintal,Metric Tonnes
Madhya Pradesh,Mandsaur,Piplya APMC,Garlic,Garlic-Organic,FAQ,2026-01-23,10003.0,10003.0,10003.0,0.5,Rs./Quintal,Metric Tonnes
Madhya Pradesh,Mandsaur,Piplya APMC,Groundnut,Big (With Shell),FAQ,2026-01-23,4800.0,6601.0,6601.0,1.184,Rs./Quintal,Metric Tonnes
Madhya Pradesh,Mandsaur,Piplya APMC,Maize,Local,FAQ,2026-01-23,1646.0,1646.0,1646.0,0.056999999999999995,Rs./Quintal,Metric Tonnes
Madhya Pradesh,Mandsaur,Piplya APMC,Soyabean,Soyabeen,FAQ,2026-01-23,1341.0,5556.0,4500.0,44.30500000000001,Rs./Quintal,Metric Tonnes
Madhya Pradesh,Mandsaur,Piplya APMC,Wheat,Wheat,FAQ,2026-01-23,2452.0,2651.0,2651.0,11.952,Rs./Quintal,Metric Tonnes
Madhya Pradesh,Ashoknagar,Piprai APMC,Maize,Local,FAQ,2026-01-23,1430.0,1540.0,1540.0,29.200000000000003,Rs./Quintal,Metric Tonnes
Madhya Pradesh,Ashoknagar,Piprai APMC,Soyabean,Soyabeen,FAQ,2026-01-23,5171.0,5171.0,5171.0,0.435,Rs./Quintal,Metric Tonnes
Madhya Pradesh,Ashoknagar,Piprai APMC,Wheat,Wheat,FAQ,2026-01-23,2401.0,2401.0,2401.0,0.42000000000000004,Rs./Quintal,Metric Tonnes
Madhya Pradesh,Shivpuri,Pohari APMC,Bajra(Pearl Millet/Cumbu),Millet,Non-FAQ,2026-01-23,1915.0,1915.0,1915.0,0.22000000000000003,Rs./Quintal,Metric Tonnes
Madhya Pradesh,Shivpuri,Pohari APMC,Bengal Gram(Gram)(Whole),Gram,Non-FAQ,2026-01-23,4700.0,4700.0,4700.0,0.267,Rs./Quintal,Metric Tonnes
Madhya Pradesh,Shivpuri,Pohari APMC,Groundnut,Big (With Shell),Non-FAQ,2026-01-23,5605.0,5995.0,5995.0,1.439,Rs./Quintal,Metric Tonnes
Madhya Pradesh,Shivpuri,Pohari APMC,Maize,Local,Non-FAQ,2026-01-23,1215.0,1320.0,1320.0,2.813,Rs./Quintal,Metric Tonnes
Madhya Pradesh,Shivpuri,Pohari APMC,Mustard,Mustard,Non-FAQ,2026-01-23,4500.0,7050.0,6005.0,146.96400000000003,Rs./Quintal,Metric Tonnes
Madhya Pradesh,Shivpuri,Pohari APMC,Mustard,Mustard,FAQ,2026-01-23,6875.0,6875.0,6875.0,0.45199999999999996,Rs./Quintal,Metric Tonnes
Madhya Pradesh,Shivpuri,Pohari APMC,Soyabean,Soyabeen,Non-FAQ,2026-01-23,4485.0,5325.0,5325.0,11.256,Rs./Quintal,Metric Tonnes
Madhya Pradesh,Shivpuri,Pohari APMC,Wheat,Wheat,Non-FAQ,2026-01-23,2440.0,2490.0,2490.0,3.0600000000000005,Rs./Quintal,Metric Tonnes
Madhya Pradesh,Shivpuri,Pohari APMC,Wheat,Mill Quality,Non-FAQ,2026-01-23,2425.0,2425.0,2425.0,3.2770000000000006,Rs./Quintal,Metric Tonnes
Madhya Pradesh,Morena,Porsa APMC,Bajra(Pearl Millet/Cumbu),Millet,Non-FAQ,2026-01-23,1800.0,1830.0,1820.0,38.5,Rs./Quintal,Metric Tonnes
Madhya Pradesh,Morena,Porsa APMC,Mustard,Mustard,FAQ,2026-01-23,6440.0,6500.0,6500.0,5.93,Rs./Quintal,Metric Tonnes
Madhya Pradesh,Morena,Porsa APMC,Mustard,Mustard,Non-FAQ,2026-01-23,6400.0,6400.0,6400.0,2.9000000000000004,Rs./Quintal,Metric Tonnes
Madhya Pradesh,Morena,Porsa APMC,Wheat,Wheat,FAQ,2026-01-23,2500.0,2535.0,2520.0,39.5,Rs./Quintal,Metric Tonnes
Madhya Pradesh,Tikamgarh,Prithvipur APMC,Wheat,Mill Quality,Non-FAQ,2026-01-23,2400.0,2500.0,2450.0,345.3,Rs./Quintal,Metric Tonnes
Madhya Pradesh,Guna,Raghogarh APMC,Maize,Local,FAQ,2026-01-23,1435.0,1685.0,1640.0,137.39200000000002,Rs./Quintal,Metric Tonnes
Madhya Pradesh,Guna,Raghogarh APMC,Wheat,Wheat,FAQ,2026-01-23,2490.0,2570.0,2570.0,9.717,Rs./Quintal,Metric Tonnes
Madhya Pradesh,Sagar,Rahatgarh APMC,Maize,Local,Non-FAQ,2026-01-23,1340.0,1630.0,1565.0,167.96500000000003,Rs./Quintal,Metric Tonnes
Madhya Pradesh,Sagar,Rahatgarh APMC,Maize,Yellow,Non-FAQ,2026-01-23,1550.0,1550.0,1550.0,7.46,Rs./Quintal,Metric Tonnes
Madhya Pradesh,Sagar,Rahatgarh APMC,Wheat,Wheat,Non-FAQ,2026-01-23,2390.0,2390.0,2390.0,6.18,Rs./Quintal,Metric Tonnes
Madhya Pradesh,Raisen,Raisen APMC,Paddy(Common),Basmati,FAQ,2026-01-23,3650.0,3930.0,3750.0,541.547,Rs./Quintal,Metric Tonnes
Madhya Pradesh,Raisen,Raisen APMC,Paddy(Common),Paddy,FAQ,2026-01-23,3650.0,3980.0,3860.0,224.51,Rs./Quintal,Metric Tonnes
Madhya Pradesh,Raisen,Raisen APMC,Paddy(Common),Puspa (MR 301),FAQ,2026-01-23,3630.0,3825.0,3700.0,141.744,Rs./Quintal,Metric Tonnes
Madhya Pradesh,Dhar,Rajgarh APMC,Cotton,Without Ginned Cotton,FAQ,2026-01-23,7400.0,7650.0,7630.0,41.0,Rs./Quintal,Metric Tonnes
Madhya Pradesh,Dhar,Rajgarh APMC,Maize,Local,FAQ,2026-01-23,1500.0,1500.0,1500.0,4.736,Rs./Quintal,Metric Tonnes
Madhya Pradesh,Dhar,Rajgarh APMC,Soyabean,Soyabeen,FAQ,2026-01-23,3670.0,3670.0,3670.0,0.338,Rs./Quintal,Metric Tonnes
Madhya Pradesh,Dhar,Rajgarh APMC,Wheat,Lokwan,FAQ,2026-01-23,2450.0,2500.0,2500.0,16.45,Rs./Quintal,Metric Tonnes
Madhya Pradesh,Dhar,Rajgarh APMC,Wheat,Wheat,FAQ,2026-01-23,2400.0,2400.0,2400.0,8.0,Rs./Quintal,Metric Tonnes
Madhya Pradesh,Chhatarpur,Rajnagar APMC,Mustard,Mustard,Non-FAQ,2026-01-23,5825.0,6125.0,5850.0,18.05,Rs./Quintal,Metric Tonnes
Madhya Pradesh,Chhatarpur,Rajnagar APMC,Soyabean,Soyabeen,Non-FAQ,2026-01-23,4390.0,4525.0,4425.0,38.050000000000004,Rs./Quintal,Metric Tonnes
Madhya Pradesh,Chhatarpur,Rajnagar APMC,Wheat,Wheat Mix,Non-FAQ,2026-01-23,2500.0,2550.0,2525.0,372.15000000000003,Rs./Quintal,Metric Tonnes
Madhya Pradesh,Satna,Ramnagar APMC,Wheat,Mill Quality,Non-FAQ,2026-01-23,2495.0,2500.0,2500.0,16.01,Rs./Quintal,Metric Tonnes
Madhya Pradesh,Shivpuri,Rannod APMC,Maize,Local,FAQ,2026-01-23,1398.0,1558.0,1558.0,8.169,Rs./Quintal,Metric Tonnes
Madhya Pradesh,Ratlam,Ratlam APMC,Green Peas,Pea,FAQ,2026-01-23,4100.0,4100.0,4100.0,4.6000000000000005,Rs./Quintal,Metric Tonnes
Madhya Pradesh,Sehore,Rehati APMC,Bengal Gram(Gram)(Whole),Gram,FAQ,2026-01-23,4800.0,4800.0,4800.0,0.1,Rs./Quintal,Metric Tonnes
Madhya Pradesh,Sehore,Rehati APMC,Bengal Gram(Gram)(Whole),Chana Kanta,FAQ,2026-01-23,4800.0,4800.0,4800.0,4.0,Rs./Quintal,Metric Tonnes
Madhya Pradesh,Sehore,Rehati APMC,Bengal Gram(Gram)(Whole),Desi (F.A.Q. Split),FAQ,2026-01-23,4801.0,4801.0,4801.0,3.4610000000000003,Rs./Quintal,Metric Tonnes
Madhya Pradesh,Sehore,Rehati APMC,Maize,Local,Non-FAQ,2026-01-23,1490.0,1540.0,1500.0,45.5,Rs./Quintal,Metric Tonnes
Madhya Pradesh,Sehore,Rehati APMC,Maize,Local,FAQ,2026-01-23,1255.0,1586.0,1412.0,301.742,Rs./Quintal,Metric Tonnes
Madhya Pradesh,Sehore,Rehati APMC,Wheat,Wheat,FAQ,2026-01-23,2460.0,2519.0,2519.0,17.905,Rs./Quintal,Metric Tonnes
Madhya Pradesh,Sehore,Rehati APMC,Wheat,Mill Quality,FAQ,2026-01-23,2450.0,2475.0,2475.0,20.105000000000004,Rs./Quintal,Metric Tonnes
Madhya Pradesh,Sagar,Rehli APMC,Bengal Gram(Gram)(Whole),Gram,Non-FAQ,2026-01-23,4701.0,5240.0,5200.0,49.93000000000001,Rs./Quintal,Metric Tonnes
Madhya Pradesh,Sagar,Rehli APMC,Lentil(Masur)(Whole),Masur Dal,Non-FAQ,2026-01-23,6000.0,6000.0,6000.0,0.10900000000000001,Rs./Quintal,Metric Tonnes
Madhya Pradesh,Sagar,Rehli APMC,Maize,Local,Non-FAQ,2026-01-23,1470.0,1752.0,1600.0,1768.9360000000001,Rs./Quintal,Metric Tonnes
Madhya Pradesh,Sagar,Rehli APMC,Wheat,Wheat,Non-FAQ,2026-01-23,2350.0,2450.0,2450.0,10.520000000000001,Rs./Quintal,Metric Tonnes
Madhya Pradesh,Rewa,Rewa APMC,Wheat,Malwa Shakti,FAQ,2026-01-23,2400.0,2400.0,2400.0,7.0,Rs./Quintal,Metric Tonnes
Madhya Pradesh,Rewa,Rewa APMC,Wheat,Mill Quality,FAQ,2026-01-23,2525.0,2540.0,2540.0,22.0,Rs./Quintal,Metric Tonnes
Madhya Pradesh,Morena,Sabalgarh APMC,Bajra(Pearl Millet/Cumbu),Millet,Non-FAQ,2026-01-23,1863.0,1863.0,1863.0,2.14,Rs./Quintal,Metric Tonnes
Madhya Pradesh,Morena,Sabalgarh APMC,Mustard,Mustard,FAQ,2026-01-23,6665.0,6665.0,6665.0,2.67,Rs./Quintal,Metric Tonnes
Madhya Pradesh,Morena,Sabalgarh APMC,Mustard,Sarson(Black),Non-FAQ,2026-01-23,6540.0,6700.0,6700.0,42.155,Rs./Quintal,Metric Tonnes
Madhya Pradesh,Morena,Sabalgarh APMC,Red gram/Arhar/Tur(whole),Arhar Dal(Tur),Non-FAQ,2026-01-23,4950.0,5650.0,5650.0,12.185,Rs./Quintal,Metric Tonnes
Madhya Pradesh,Morena,Sabalgarh APMC,Wheat,Mill Quality,Non-FAQ,2026-01-23,2450.0,2519.0,2519.0,2.5050000000000003,Rs./Quintal,Metric Tonnes
Madhya Pradesh,Sagar,Sagar APMC,Bengal Gram(Gram)(Whole),Gram,FAQ,2026-01-23,3880.0,5550.0,5250.0,91.837,Rs./Quintal,Metric Tonnes
Madhya Pradesh,Sagar,Sagar APMC,Black Gram(Urd Beans)(Whole),Urda/Urd,FAQ,2026-01-23,4805.0,6505.0,6505.0,0.6150000000000001,Rs./Quintal,Metric Tonnes
Madhya Pradesh,Sagar,Sagar APMC,Lak(Teora),Tiwada,FAQ,2026-01-23,2755.0,3525.0,3450.0,21.681,Rs./Quintal,Metric Tonnes
Madhya Pradesh,Sagar,Sagar APMC,Lentil(Masur)(Whole),Masur Dal,FAQ,2026-01-23,3000.0,7600.0,5970.0,32.135000000000005,Rs./Quintal,Metric Tonnes
Madhya Pradesh,Sagar,Sagar APMC,Maize,Maize/Corn-Organic,FAQ,2026-01-23,1550.0,1550.0,1550.0,50.0,Rs./Quintal,Metric Tonnes
Madhya Pradesh,Sagar,Sagar APMC,Maize,Maize/Corn-Organic,Non-FAQ,2026-01-23,1500.0,1510.0,1500.0,39.0,Rs./Quintal,Metric Tonnes
Madhya Pradesh,Sagar,Sagar APMC,Maize,Local,Non-FAQ,2026-01-23,1945.0,1995.0,1965.0,203.782,Rs./Quintal,Metric Tonnes
Madhya Pradesh,Sagar,Sagar APMC,Maize,Local,FAQ,2026-01-23,1425.0,1680.0,1500.0,1950.491,Rs./Quintal,Metric Tonnes
Madhya Pradesh,Sagar,Sagar APMC,Mustard,Mustard,FAQ,2026-01-23,5950.0,6755.0,6755.0,3.473,Rs./Quintal,Metric Tonnes
Madhya Pradesh,Sagar,Sagar APMC,Red gram/Arhar/Tur(whole),Arhar Dal(Tur),FAQ,2026-01-23,6955.0,6955.0,6955.0,0.29,Rs./Quintal,Metric Tonnes
Madhya Pradesh,Sagar,Sagar APMC,Soyabean,Soyabeen,FAQ,2026-01-23,2405.0,5500.0,5015.0,269.25300000000004,Rs./Quintal,Metric Tonnes
Madhya Pradesh,Sagar,Sagar APMC,Wheat,Wheat,FAQ,2026-01-23,2265.0,2575.0,2415.0,467.46400000000006,Rs./Quintal,Metric Tonnes
Madhya Pradesh,Sagar,Sagar APMC,buttery,Buttery,FAQ,2026-01-23,3150.0,4400.0,4350.0,51.84700000000001,Rs./Quintal,Metric Tonnes
Madhya Pradesh,Ratlam,Sailana APMC,Bengal Gram(Gram)(Whole),Gram,FAQ,2026-01-23,5200.0,5200.0,5200.0,0.020000000000000004,Rs./Quintal,Metric Tonnes
Madhya Pradesh,Ratlam,Sailana APMC,Cotton,Without Ginned Cotton,FAQ,2026-01-23,6725.0,8300.0,7600.0,437.50500000000005,Rs./Quintal,Metric Tonnes
Madhya Pradesh,Ratlam,Sailana APMC,Cotton,Without Ginned Cotton,Non-FAQ,2026-01-23,7000.0,7450.0,7421.0,30.400000000000002,Rs./Quintal,Metric Tonnes
Madhya Pradesh,Ratlam,Sailana APMC,Cotton,Long fiber,FAQ,2026-01-23,7220.0,7350.0,7300.0,54.0,Rs./Quintal,Metric Tonnes
Madhya Pradesh,Ratlam,Sailana APMC,Garlic,Garlic,FAQ,2026-01-23,1300.0,8000.0,8000.0,6.336,Rs./Quintal,Metric Tonnes
Madhya Pradesh,Ratlam,Sailana APMC,Kabuli Chana(Chickpeas-White),Dollar Gram,FAQ,2026-01-23,5133.0,6707.0,6707.0,0.032,Rs./Quintal,Metric Tonnes
Madhya Pradesh,Ratlam,Sailana APMC,Maize,Local,FAQ,2026-01-23,1572.0,1572.0,1572.0,0.225,Rs./Quintal,Metric Tonnes
Madhya Pradesh,Ratlam,Sailana APMC,Mustard,Mustard,FAQ,2026-01-23,5400.0,5400.0,5400.0,0.24,Rs./Quintal,Metric Tonnes
Madhya Pradesh,Ratlam,Sailana APMC,Onion,Onion,FAQ,2026-01-23,576.0,1750.0,1750.0,14.205000000000002,Rs./Quintal,Metric Tonnes
Madhya Pradesh,Ratlam,Sailana APMC,Soyabean,Soyabeen,FAQ,2026-01-23,3645.0,6600.0,5501.0,16.464,Rs./Quintal,Metric Tonnes
Madhya Pradesh,Ratlam,Sailana APMC,Wheat,Wheat,FAQ,2026-01-23,2260.0,3121.0,3061.0,27.048000000000002,Rs./Quintal,Metric Tonnes
Madhya Pradesh,Khargone,Sanawad APMC,Bengal Gram(Gram)(Whole),Gram,FAQ,2026-01-23,4750.0,5000.0,5000.0,24.12,Rs./Quintal,Metric Tonnes
Madhya Pradesh,Khargone,Sanawad APMC,Cotton,Without Ginned Cotton,Non-FAQ,2026-01-23,4655.0,4780.0,4780.0,12.075000000000001,Rs./Quintal,Metric Tonnes
Madhya Pradesh,Khargone,Sanawad APMC,Cotton,Without Ginned Cotton,FAQ,2026-01-23,4380.0,7400.0,6500.0,44.160000000000004,Rs./Quintal,Metric Tonnes
Madhya Pradesh,Khargone,Sanawad APMC,Green Gram(Moong)(Whole),Green (Whole),FAQ,2026-01-23,7650.0,7750.0,7750.0,0.18200000000000002,Rs./Quintal,Metric Tonnes
Madhya Pradesh,Khargone,Sanawad APMC,Kabuli Chana(Chickpeas-White),Dollar Gram,FAQ,2026-01-23,2800.0,8855.0,8855.0,2.258,Rs./Quintal,Metric Tonnes
Madhya Pradesh,Khargone,Sanawad APMC,Red gram/Arhar/Tur(whole),Arhar Dal(Tur),FAQ,2026-01-23,4805.0,6495.0,6495.0,1.2640000000000002,Rs./Quintal,Metric Tonnes
Madhya Pradesh,Khargone,Sanawad APMC,Soyabean,Soyabeen,FAQ,2026-01-23,4790.0,5100.0,5100.0,0.978,Rs./Quintal,Metric Tonnes
Madhya Pradesh,Khargone,Sanawad APMC,Wheat,Wheat,FAQ,2026-01-23,2400.0,2599.0,2599.0,35.141000000000005,Rs./Quintal,Metric Tonnes
Madhya Pradesh,Khargone,Sanawad APMC,Wheat,Wheat,Non-FAQ,2026-01-23,2420.0,2420.0,2420.0,8.22,Rs./Quintal,Metric Tonnes
Madhya Pradesh,Indore,Sanwer APMC,Bengal Gram(Gram)(Whole),Chana Kaala,FAQ,2026-01-23,7280.09,7280.09,7280.09,0.87,Rs./Quintal,Metric Tonnes
Madhya Pradesh,Indore,Sanwer APMC,Green Gram(Moong)(Whole),Green (Whole),FAQ,2026-01-23,9241.79,9241.79,9241.79,0.25,Rs./Quintal,Metric Tonnes
Madhya Pradesh,Indore,Sanwer APMC,Soyabean,Soyabeen,FAQ,2026-01-23,3250.0,5416.0,5200.0,162.81900000000002,Rs./Quintal,Metric Tonnes
Madhya Pradesh,Indore,Sanwer APMC,Wheat,Wheat,Non-FAQ,2026-01-23,2450.0,2535.0,2504.0,41.035000000000004,Rs./Quintal,Metric Tonnes
Madhya Pradesh,Indore,Sanwer APMC,Wheat,Wheat,FAQ,2026-01-23,2350.0,2575.0,2575.0,15.240000000000002,Rs./Quintal,Metric Tonnes
Madhya Pradesh,Rajgarh,Sarangpur APMC,Onion,Local,Non-FAQ,2026-01-23,250.0,1000.0,500.0,31.5,Rs./Quintal,Metric Tonnes
Madhya Pradesh,Rajgarh,Sarangpur APMC,Soyabean,Soyabeen,FAQ,2026-01-23,4500.0,5360.0,5360.0,15.905000000000001,Rs./Quintal,Metric Tonnes
Madhya Pradesh,Rajgarh,Sarangpur APMC,Wheat,Mill Quality,FAQ,2026-01-23,2610.0,2610.0,2610.0,7.470000000000001,Rs./Quintal,Metric Tonnes
Madhya Pradesh,Satna,Satna APMC,Barley(Jau),Barley,FAQ,2026-01-23,2325.0,2325.0,2325.0,0.44800000000000006,Rs./Quintal,Metric Tonnes
Madhya Pradesh,Satna,Satna APMC,Bengal Gram(Gram)(Whole),Gram,FAQ,2026-01-23,4025.0,5465.0,5400.0,22.614,Rs./Quintal,Metric Tonnes
Madhya Pradesh,Satna,Satna APMC,Black Gram(Urd Beans)(Whole),Urda/Urd,FAQ,2026-01-23,4860.0,7280.0,7280.0,4.492,Rs./Quintal,Metric Tonnes
Madhya Pradesh,Satna,Satna APMC,Green Peas,Pea,FAQ,2026-01-23,3595.0,3680.0,3680.0,1.724,Rs./Quintal,Metric Tonnes
Madhya Pradesh,Satna,Satna APMC,Lak(Teora),Tiwada,FAQ,2026-01-23,3095.0,3385.0,3385.0,1.9280000000000002,Rs./Quintal,Metric Tonnes
Madhya Pradesh,Satna,Satna APMC,Lentil(Masur)(Whole),Masur Dal,FAQ,2026-01-23,4800.0,6055.0,6000.0,5.377000000000001,Rs./Quintal,Metric Tonnes
Madhya Pradesh,Satna,Satna APMC,Linseed,Flaxseed,FAQ,2026-01-23,7285.0,7700.0,7700.0,0.44000000000000006,Rs./Quintal,Metric Tonnes
Madhya Pradesh,Satna,Satna APMC,Mustard,Mustard,FAQ,2026-01-23,5500.0,6600.0,6600.0,72.731,Rs./Quintal,Metric Tonnes
Madhya Pradesh,Satna,Satna APMC,Paddy(Common),Dhan,FAQ,2026-01-23,2369.0,2369.0,2369.0,4.0,Rs./Quintal,Metric Tonnes
Madhya Pradesh,Satna,Satna APMC,Red gram/Arhar/Tur(whole),Arhar Dal(Tur),FAQ,2026-01-23,6500.0,7480.0,7480.0,2.199,Rs./Quintal,Metric Tonnes
Madhya Pradesh,Satna,Satna APMC,"Sesamum(Sesame,Gingelly,Til)",Sesame,FAQ,2026-01-23,7745.0,7745.0,7745.0,0.142,Rs./Quintal,Metric Tonnes
Madhya Pradesh,Satna,Satna APMC,Soyabean,Soyabeen,FAQ,2026-01-23,3000.0,5200.0,5200.0,1.854,Rs./Quintal,Metric Tonnes
Madhya Pradesh,Satna,Satna APMC,Wheat,Wheat,FAQ,2026-01-23,2450.0,2627.0,2515.0,220.00900000000001,Rs./Quintal,Metric Tonnes
Madhya Pradesh,Satna,Satna APMC,Wheat,Mill Quality,Non-FAQ,2026-01-23,2485.0,2570.0,2570.0,13.31,Rs./Quintal,Metric Tonnes
Madhya Pradesh,Satna,Satna APMC,buttery,Buttery,FAQ,2026-01-23,3300.0,3345.0,3345.0,3.1370000000000005,Rs./Quintal,Metric Tonnes
Madhya Pradesh,Chhindwara,Saunsar APMC,Maize,Yellow,FAQ,2026-01-23,1416.0,1634.0,1520.0,482.33400000000006,Rs./Quintal,Metric Tonnes
Madhya Pradesh,Khargone,Segaon APMC,Maize,Local,FAQ,2026-01-23,1500.0,1525.0,1525.0,17.02,Rs./Quintal,Metric Tonnes
Madhya Pradesh,Khargone,Segaon APMC,Soyabean,Soyabeen,Non-FAQ,2026-01-23,5165.0,5205.0,5205.0,5.845000000000001,Rs./Quintal,Metric Tonnes
Madhya Pradesh,Khargone,Segaon APMC,Wheat,Wheat,FAQ,2026-01-23,2500.0,2500.0,2500.0,5.575,Rs./Quintal,Metric Tonnes
Madhya Pradesh,Jabalpur,Sehora APMC,Bengal Gram(Gram)(Whole),Desi (F.A.Q. Split),FAQ,2026-01-23,3800.0,5100.0,4750.0,7.343000000000001,Rs./Quintal,Metric Tonnes
Madhya Pradesh,Jabalpur,Sehora APMC,Paddy(Common),Common,FAQ,2026-01-23,1697.0,2291.0,1897.0,262.946,Rs./Quintal,Metric Tonnes
Madhya Pradesh,Jabalpur,Sehora APMC,Water chestnut,Water chestnut,FAQ,2026-01-23,3100.0,22880.0,14000.0,9.178,Rs./Quintal,Metric Tonnes
Madhya Pradesh,Jabalpur,Sehora APMC,Wheat,Mill Quality,FAQ,2026-01-23,2400.0,2588.0,2572.0,110.224,Rs./Quintal,Metric Tonnes
Madhya Pradesh,Sehore,Sehore APMC,Bengal Gram(Gram)(Whole),Chana Kanta,FAQ,2026-01-23,4451.0,5301.0,5301.0,2.1780000000000004,Rs./Quintal,Metric Tonnes
Madhya Pradesh,Sehore,Sehore APMC,Bengal Gram(Gram)(Whole),Gram,FAQ,2026-01-23,4726.0,5287.0,5250.0,1.5170000000000001,Rs./Quintal,Metric Tonnes
Madhya Pradesh,Sehore,Sehore APMC,Bengal Gram(Gram)(Whole),Chana Kabuli,FAQ,2026-01-23,4900.0,6201.0,5360.0,0.514,Rs./Quintal,Metric Tonnes
Madhya Pradesh,Sehore,Sehore APMC,Coriander(Leaves),Coriander,FAQ,2026-01-23,8900.0,9500.0,8900.0,0.09300000000000001,Rs./Bundle,Bundle
Madhya Pradesh,Sehore,Sehore APMC,Garlic,Garlic,FAQ,2026-01-23,500.0,11900.0,2000.0,22.981,Rs./Quintal,Metric Tonnes
Madhya Pradesh,Sehore,Sehore APMC,Green Gram(Moong)(Whole),Green (Whole),FAQ,2026-01-23,4500.0,4500.0,4500.0,0.098,Rs./Quintal,Metric Tonnes
Madhya Pradesh,Sehore,Sehore APMC,Maize,Local,FAQ,2026-01-23,1476.0,1720.0,1701.0,73.546,Rs./Quintal,Metric Tonnes
Madhya Pradesh,Sehore,Sehore APMC,Mustard,Mustard,FAQ,2026-01-23,4675.0,4675.0,4675.0,0.21400000000000002,Rs./Quintal,Metric Tonnes
Madhya Pradesh,Sehore,Sehore APMC,Onion,Onion,FAQ,2026-01-23,436.0,1741.0,950.0,18.998,Rs./Quintal,Metric Tonnes
Madhya Pradesh,Sehore,Sehore APMC,Red gram/Arhar/Tur(whole),Arhar Dal(Tur),FAQ,2026-01-23,6251.0,6251.0,6251.0,0.034999999999999996,Rs./Quintal,Metric Tonnes
Madhya Pradesh,Sehore,Sehore APMC,Soyabean,Yellow,FAQ,2026-01-23,2411.0,6500.0,5350.0,231.985,Rs./Quintal,Metric Tonnes
Madhya Pradesh,Sehore,Sehore APMC,Soyabean,Yellow,Non-FAQ,2026-01-23,3300.0,5359.0,5351.0,5.026,Rs./Quintal,Metric Tonnes
Madhya Pradesh,Sehore,Sehore APMC,Wheat,Malwa Shakti,FAQ,2026-01-23,2399.0,2705.0,2437.0,20.984,Rs./Quintal,Metric Tonnes
Madhya Pradesh,Sehore,Sehore APMC,Wheat,Lokwan,Non-FAQ,2026-01-23,2570.0,2570.0,2570.0,0.051000000000000004,Rs./Quintal,Metric Tonnes
Madhya Pradesh,Sehore,Sehore APMC,Wheat,Wheat Mix,FAQ,2026-01-23,2500.0,2500.0,2500.0,3.854,Rs./Quintal,Metric Tonnes
Madhya Pradesh,Sehore,Sehore APMC,Wheat,Wheat,FAQ,2026-01-23,2431.0,2642.0,2582.0,16.685,Rs./Quintal,Metric Tonnes
Madhya Pradesh,Sehore,Sehore APMC,Wheat,Lokwan,FAQ,2026-01-23,2395.0,2909.0,2700.0,169.52700000000002,Rs./Quintal,Metric Tonnes
Madhya Pradesh,Sehore,Sehore APMC,Wheat,Mill Quality,FAQ,2026-01-23,1950.0,2564.0,2440.0,44.001000000000005,Rs./Quintal,Metric Tonnes
Madhya Pradesh,Hoshangabad,Semriharchand APMC,Paddy(Common),Puspa (MR 301),Non-FAQ,2026-01-23,3600.0,3700.0,3600.0,48.95,Rs./Quintal,Metric Tonnes
Madhya Pradesh,Hoshangabad,Semriharchand APMC,Paddy(Common),Basmati,Non-FAQ,2026-01-23,3900.0,3900.0,3900.0,30.25,Rs./Quintal,Metric Tonnes
Madhya Pradesh,Hoshangabad,Semriharchand APMC,Paddy(Common),Puspa (MR 301),FAQ,2026-01-23,3600.0,4030.0,3800.0,1017.0250000000001,Rs./Quintal,Metric Tonnes
Madhya Pradesh,Hoshangabad,Semriharchand APMC,Paddy(Common),Basmati,FAQ,2026-01-23,800.0,4108.0,3800.0,1491.625,Rs./Quintal,Metric Tonnes
Madhya Pradesh,Hoshangabad,Semriharchand APMC,Paddy(Common),Paddy,FAQ,2026-01-23,3750.0,3800.0,3750.0,48.900000000000006,Rs./Quintal,Metric Tonnes
Madhya Pradesh,Hoshangabad,Semriharchand APMC,Soyabean,Yellow,FAQ,2026-01-23,4450.0,4450.0,4450.0,0.265,Rs./Quintal,Metric Tonnes
Madhya Pradesh,Hoshangabad,Semriharchand APMC,Wheat,Mill Quality,FAQ,2026-01-23,2475.0,2480.0,2480.0,5.66,Rs./Quintal,Metric Tonnes
Madhya Pradesh,Badwani,Sendhwa APMC,Cotton,Without Ginned Cotton,FAQ,2026-01-23,6005.0,7900.0,7600.0,142.005,Rs./Quintal,Metric Tonnes
Madhya Pradesh,Badwani,Sendhwa APMC,Maize,Local,Non-FAQ,2026-01-23,1405.0,1635.0,1635.0,57.17000000000001,Rs./Quintal,Metric Tonnes
Madhya Pradesh,Badwani,Sendhwa APMC,Maize,Local,FAQ,2026-01-23,1470.0,1615.0,1575.0,232.495,Rs./Quintal,Metric Tonnes
Madhya Pradesh,Badwani,Sendhwa APMC,Red gram/Arhar/Tur(whole),Arhar Dal(Tur),FAQ,2026-01-23,6825.0,7000.0,7000.0,11.915000000000001,Rs./Quintal,Metric Tonnes
Madhya Pradesh,Badwani,Sendhwa APMC,Soyabean,Soyabeen,FAQ,2026-01-23,5105.0,5345.0,5285.0,15.636000000000003,Rs./Quintal,Metric Tonnes
Madhya Pradesh,Seoni,Seoni APMC,Maize,Local,FAQ,2026-01-23,1500.0,1920.0,1600.0,384.562,Rs./Quintal,Metric Tonnes
Madhya Pradesh,Seoni,Seoni APMC,Maize,Yellow,Non-FAQ,2026-01-23,1516.0,1920.0,1600.0,1140.659,Rs./Quintal,Metric Tonnes
Madhya Pradesh,Seoni,Seoni APMC,Maize,Maize/Corn-Organic,FAQ,2026-01-23,1590.0,1590.0,1590.0,12.0,Rs./Quintal,Metric Tonnes
Madhya Pradesh,Seoni,Seoni APMC,Maize,Local,Non-FAQ,2026-01-23,1525.0,1908.0,1600.0,759.0500000000001,Rs./Quintal,Metric Tonnes
Madhya Pradesh,Seoni,Seoni APMC,Maize,Yellow,FAQ,2026-01-23,1575.0,1670.0,1600.0,210.89000000000001,Rs./Quintal,Metric Tonnes
Madhya Pradesh,Seoni,Seoni APMC,Wheat,Wheat,Non-FAQ,2026-01-23,2540.0,2540.0,2540.0,6.5,Rs./Quintal,Metric Tonnes
Madhya Pradesh,Seoni,Seoni APMC,Wheat,Local,FAQ,2026-01-23,2499.0,2550.0,2550.0,30.1,Rs./Quintal,Metric Tonnes
Madhya Pradesh,Datia,Sevda APMC,Gur(Jaggery),Jaggery,FAQ,2026-01-23,3500.0,3540.0,3540.0,52.5,Rs./Quintal,Metric Tonnes
Madhya Pradesh,Datia,Sevda APMC,Paddy(Common),Dhan,Non-FAQ,2026-01-23,3055.0,3675.0,3645.0,88.7,Rs./Quintal,Metric Tonnes
Madhya Pradesh,Datia,Sevda APMC,Paddy(Common),Paddy,Non-FAQ,2026-01-23,3285.0,3405.0,3405.0,22.0,Rs./Quintal,Metric Tonnes
Madhya Pradesh,Datia,Sevda APMC,Paddy(Common),Paddy,FAQ,2026-01-23,3200.0,3870.0,3650.0,262.2,Rs./Quintal,Metric Tonnes
Madhya Pradesh,Datia,Sevda APMC,Wheat,Mill Quality,Non-FAQ,2026-01-23,2471.0,2557.0,2548.0,105.10000000000001,Rs./Quintal,Metric Tonnes
Madhya Pradesh,Datia,Sevda APMC,Wheat,Mill Quality,FAQ,2026-01-23,2461.0,2507.0,2485.0,44.300000000000004,Rs./Quintal,Metric Tonnes
Madhya Pradesh,Ashoknagar,Shadora APMC,Maize,Local,FAQ,2026-01-23,1260.0,1705.0,1575.0,309.627,Rs./Quintal,Metric Tonnes
Madhya Pradesh,Ashoknagar,Shadora APMC,Maize,Local,Non-FAQ,2026-01-23,1335.0,1680.0,1540.0,176.591,Rs./Quintal,Metric Tonnes
Madhya Pradesh,Sagar,Shahagarh APMC,Mustard,Mustard,Non-FAQ,2026-01-23,5987.0,6070.0,6070.0,16.6,Rs./Quintal,Metric Tonnes
Madhya Pradesh,Shehdol,Shahdol APMC,Mustard,Mustard,Non-FAQ,2026-01-23,5800.0,5800.0,5800.0,6.5,Rs./Quintal,Metric Tonnes
Madhya Pradesh,Jabalpur,Shahpura Bhitoni (F&V) APMC,Bengal Gram(Gram)(Whole),Desi (F.A.Q. Split),FAQ,2026-01-23,5200.0,5255.0,5255.0,11.600000000000001,Rs./Quintal,Metric Tonnes
Madhya Pradesh,Jabalpur,Shahpura Bhitoni (F&V) APMC,Maize,Yellow,FAQ,2026-01-23,1580.0,1640.0,1625.0,35.5,Rs./Quintal,Metric Tonnes
Madhya Pradesh,Jabalpur,Shahpura(Jabalpur) APMC,Kutki,Kutki,FAQ,2026-01-23,3800.0,3990.0,3990.0,24.8,Rs./Quintal,Metric Tonnes
Madhya Pradesh,Jabalpur,Shahpura(Jabalpur) APMC,Niger Seed(Ramtil),Ramatilli,Non-FAQ,2026-01-23,9700.0,9700.0,9700.0,8.07,Rs./Quintal,Metric Tonnes
Madhya Pradesh,Jabalpur,Shahpura(Jabalpur) APMC,Paddy(Common),Paddy,FAQ,2026-01-23,2400.0,2400.0,2400.0,57.61000000000001,Rs./Quintal,Metric Tonnes
Madhya Pradesh,Jabalpur,Shahpura(Jabalpur) APMC,Wheat,Mill Quality,Non-FAQ,2026-01-23,2400.0,2400.0,2400.0,8.01,Rs./Quintal,Metric Tonnes
Madhya Pradesh,Shajapur,Shajapur APMC,Garlic,Garlic,FAQ,2026-01-23,1069.0,8600.0,5297.0,12.319,Rs./Quintal,Metric Tonnes
Madhya Pradesh,Shajapur,Shajapur APMC,Onion,Onion,FAQ,2026-01-23,1222.66,1439.88,1439.88,44.036,Rs./Quintal,Metric Tonnes
Madhya Pradesh,Shajapur,Shajapur APMC,Onion,Medium,Non-FAQ,2026-01-23,221.23,801.0,801.0,157.12800000000001,Rs./Quintal,Metric Tonnes
Madhya Pradesh,Shajapur,Shajapur APMC,Onion,Medium,FAQ,2026-01-23,150.0,1611.0,1179.0,699.663,Rs./Quintal,Metric Tonnes
Madhya Pradesh,Shajapur,Shajapur APMC,Potato,Other,FAQ,2026-01-23,834.44,834.44,834.44,1.832,Rs./Quintal,Metric Tonnes
Madhya Pradesh,Shajapur,Shajapur APMC,Potato,Potato,Non-FAQ,2026-01-23,211.0,655.0,655.0,91.117,Rs./Quintal,Metric Tonnes
Madhya Pradesh,Shajapur,Shajapur APMC,Potato,Potato,FAQ,2026-01-23,352.2,952.0,930.0,199.51800000000003,Rs./Quintal,Metric Tonnes
Madhya Pradesh,Mandsaur,Shamgarh APMC,Bengal Gram(Gram)(Whole),Gram,Non-FAQ,2026-01-23,2601.0,4980.0,4980.0,0.455,Rs./Quintal,Metric Tonnes
Madhya Pradesh,Mandsaur,Shamgarh APMC,Black Gram(Urd Beans)(Whole),Urda/Urd,Non-FAQ,2026-01-23,4680.0,6051.0,6051.0,0.394,Rs./Quintal,Metric Tonnes
Madhya Pradesh,Mandsaur,Shamgarh APMC,Groundnut,Big (With Shell),Non-FAQ,2026-01-23,5800.0,7050.0,6600.0,1.201,Rs./Quintal,Metric Tonnes
Madhya Pradesh,Mandsaur,Shamgarh APMC,Maize,Local,Non-FAQ,2026-01-23,1548.0,2061.0,2061.0,7.151000000000001,Rs./Quintal,Metric Tonnes
Madhya Pradesh,Mandsaur,Shamgarh APMC,Mustard,Mustard,Non-FAQ,2026-01-23,5601.0,6455.0,6455.0,3.285,Rs./Quintal,Metric Tonnes
Madhya Pradesh,Mandsaur,Shamgarh APMC,Onion,Onion,FAQ,2026-01-23,100.0,1388.0,600.0,17.938,Rs./Quintal,Metric Tonnes
Madhya Pradesh,Mandsaur,Shamgarh APMC,Onion,Onion,Non-FAQ,2026-01-23,120.0,1336.0,1336.0,14.052000000000001,Rs./Quintal,Metric Tonnes
Madhya Pradesh,Mandsaur,Shamgarh APMC,Soyabean,Soyabeen,Non-FAQ,2026-01-23,1450.0,5450.0,5400.0,16.614,Rs./Quintal,Metric Tonnes
Madhya Pradesh,Mandsaur,Shamgarh APMC,Wheat,Mill Quality,Non-FAQ,2026-01-23,2540.0,2595.0,2595.0,2.304,Rs./Quintal,Metric Tonnes
Madhya Pradesh,Mandsaur,Shamgarh APMC,Wheat,Wheat,Non-FAQ,2026-01-23,2564.0,2564.0,2564.0,0.266,Rs./Quintal,Metric Tonnes
Madhya Pradesh,Vidisha,Shamshabad APMC,Bengal Gram(Gram)(Whole),Gram,FAQ,2026-01-23,4675.0,4675.0,4675.0,0.13,Rs./Quintal,Metric Tonnes
Madhya Pradesh,Vidisha,Shamshabad APMC,Maize,Local,FAQ,2026-01-23,1439.0,1500.0,1440.0,18.168000000000003,Rs./Quintal,Metric Tonnes
Madhya Pradesh,Vidisha,Shamshabad APMC,Soyabean,Soyabeen,FAQ,2026-01-23,4200.0,5891.0,5891.0,12.519,Rs./Quintal,Metric Tonnes
Madhya Pradesh,Vidisha,Shamshabad APMC,Wheat,Wheat,FAQ,2026-01-23,2369.0,2535.0,2400.0,34.19,Rs./Quintal,Metric Tonnes
Madhya Pradesh,Sheopur,Sheopurbadod APMC,Bengal Gram(Gram)(Whole),Gram,FAQ,2026-01-23,4850.0,4850.0,4850.0,0.6190000000000001,Rs./Quintal,Metric Tonnes
Madhya Pradesh,Sheopur,Sheopurbadod APMC,Paddy(Common),Dhan,FAQ,2026-01-23,2700.0,3711.0,3560.0,149.317,Rs./Quintal,Metric Tonnes
Madhya Pradesh,Sheopur,Sheopurbadod APMC,Wheat,Wheat,FAQ,2026-01-23,2508.0,2524.0,2524.0,11.431000000000001,Rs./Quintal,Metric Tonnes
Madhya Pradesh,Sheopur,Sheopurkalan APMC,Bengal Gram(Gram)(Whole),Gram,FAQ,2026-01-23,5200.0,5255.0,5255.0,4.2299999999999995,Rs./Quintal,Metric Tonnes
Madhya Pradesh,Sheopur,Sheopurkalan APMC,Maize,Local,FAQ,2026-01-23,1680.0,1680.0,1680.0,5.09,Rs./Quintal,Metric Tonnes
Madhya Pradesh,Sheopur,Sheopurkalan APMC,Mustard,Mustard,FAQ,2026-01-23,5400.0,6740.0,6625.0,28.921,Rs./Quintal,Metric Tonnes
Madhya Pradesh,Sheopur,Sheopurkalan APMC,Paddy(Common),Dhan,Non-FAQ,2026-01-23,3725.0,3725.0,3725.0,10.100000000000001,Rs./Quintal,Metric Tonnes
Madhya Pradesh,Sheopur,Sheopurkalan APMC,Paddy(Common),Dhan,FAQ,2026-01-23,3310.0,3710.0,3700.0,110.14600000000002,Rs./Quintal,Metric Tonnes
Madhya Pradesh,Sheopur,Sheopurkalan APMC,Paddy(Common),Paddy,FAQ,2026-01-23,3300.0,3790.0,3550.0,990.9200000000001,Rs./Quintal,Metric Tonnes
Madhya Pradesh,Sheopur,Sheopurkalan APMC,Paddy(Common),Paddy,Non-FAQ,2026-01-23,2450.0,3760.0,3690.0,181.03900000000002,Rs./Quintal,Metric Tonnes
Madhya Pradesh,Sheopur,Sheopurkalan APMC,Soyabean,Soyabeen,Non-FAQ,2026-01-23,4200.0,4200.0,4200.0,2.6,Rs./Quintal,Metric Tonnes
Madhya Pradesh,Sheopur,Sheopurkalan APMC,Wheat,Wheat,FAQ,2026-01-23,2480.0,2564.0,2530.0,112.06800000000001,Rs./Quintal,Metric Tonnes
Madhya Pradesh,Shivpuri,Shivpuri APMC,Bengal Gram(Gram)(Whole),Gram,FAQ,2026-01-23,4945.0,4945.0,4945.0,0.21000000000000002,Rs./Quintal,Metric Tonnes
Madhya Pradesh,Shivpuri,Shivpuri APMC,Harrah,Harrah,FAQ,2026-01-23,1500.0,1500.0,1500.0,1.5,Rs./Quintal,Metric Tonnes
Madhya Pradesh,Shivpuri,Shivpuri APMC,Maize,Local,FAQ,2026-01-23,910.0,1575.0,1555.0,26.910000000000004,Rs./Quintal,Metric Tonnes
Madhya Pradesh,Shivpuri,Shivpuri APMC,Mustard,Mustard,FAQ,2026-01-23,5400.0,6900.0,6200.0,28.563000000000002,Rs./Quintal,Metric Tonnes
Madhya Pradesh,Shivpuri,Shivpuri APMC,Soyabean,Soyabeen,FAQ,2026-01-23,5100.0,5285.0,5285.0,14.357,Rs./Quintal,Metric Tonnes
Madhya Pradesh,Shivpuri,Shivpuri APMC,Tomato,Tomato,FAQ,2026-01-23,200.0,850.0,350.0,105.2,Rs./Quintal,Metric Tonnes
Madhya Pradesh,Shivpuri,Shivpuri APMC,Wheat,Wheat,FAQ,2026-01-23,2360.0,2490.0,2490.0,17.939,Rs./Quintal,Metric Tonnes
Madhya Pradesh,Shivpuri,Shivpuri APMC,Wheat,Local,FAQ,2026-01-23,2430.0,2430.0,2430.0,2.004,Rs./Quintal,Metric Tonnes
Madhya Pradesh,Shajapur,Shujalpur APMC,Bengal Gram(Gram)(Whole),Gram,FAQ,2026-01-23,5161.0,6621.0,6621.0,4.163,Rs./Quintal,Metric Tonnes
Madhya Pradesh,Shajapur,Shujalpur APMC,Garlic,Desi,FAQ,2026-01-23,1201.0,6900.0,6900.0,0.7690000000000001,Rs./Quintal,Metric Tonnes
Madhya Pradesh,Shajapur,Shujalpur APMC,Kabuli Chana(Chickpeas-White),Dollar Gram,FAQ,2026-01-23,4241.0,9281.0,9281.0,50.891000000000005,Rs./Quintal,Metric Tonnes
Madhya Pradesh,Shajapur,Shujalpur APMC,Lentil(Masur)(Whole),Masur Dal,FAQ,2026-01-23,5591.0,6011.0,6011.0,0.27999999999999997,Rs./Quintal,Metric Tonnes
Madhya Pradesh,Shajapur,Shujalpur APMC,Onion,Red,FAQ,2026-01-23,100.0,701.0,701.0,1.3,Rs./Quintal,Metric Tonnes
Madhya Pradesh,Shajapur,Shujalpur APMC,Soyabean,Soyabeen,FAQ,2026-01-23,3091.0,5361.0,5301.0,51.306,Rs./Quintal,Metric Tonnes
Madhya Pradesh,Shajapur,Shujalpur APMC,Wheat,Wheat,FAQ,2026-01-23,2411.0,2581.0,2581.0,21.82,Rs./Quintal,Metric Tonnes
Madhya Pradesh,Sehore,Shyampur APMC,Soyabean,Soyabeen,FAQ,2026-01-23,5400.0,5540.0,5540.0,1.6,Rs./Quintal,Metric Tonnes
Madhya Pradesh,Sehore,Shyampur APMC,Wheat,Wheat Mix,FAQ,2026-01-23,2465.0,2615.0,2530.0,48.5,Rs./Quintal,Metric Tonnes
Madhya Pradesh,Sehore,Shyampur APMC,Wheat,Mill Quality,FAQ,2026-01-23,2490.0,2600.0,2600.0,7.1000000000000005,Rs./Quintal,Metric Tonnes
Madhya Pradesh,Sidhi,Sidhi APMC,Soyabean,Soyabeen,Non-FAQ,2026-01-23,5330.0,5330.0,5330.0,2.1,Rs./Quintal,Metric Tonnes
Madhya Pradesh,Sidhi,Sidhi APMC,Wheat,Mill Quality,Non-FAQ,2026-01-23,2451.0,2451.0,2451.0,3.0600000000000005,Rs./Quintal,Metric Tonnes
Madhya Pradesh,Raisen,Silvani APMC,Paddy(Common),Basmati,FAQ,2026-01-23,2500.0,3995.0,3750.0,973.155,Rs./Quintal,Metric Tonnes
Madhya Pradesh,Raisen,Silvani APMC,Soyabean,Soyabeen,FAQ,2026-01-23,5335.0,5335.0,5335.0,0.05,Rs./Quintal,Metric Tonnes
Madhya Pradesh,Raisen,Silvani APMC,Wheat,Wheat,FAQ,2026-01-23,2446.0,2505.0,2505.0,28.380000000000003,Rs./Quintal,Metric Tonnes
Madhya Pradesh,Panna,Simariya APMC,Green Peas,Pea,FAQ,2026-01-23,3700.0,3700.0,3700.0,2.645,Rs./Quintal,Metric Tonnes
Madhya Pradesh,Panna,Simariya APMC,Wheat,Wheat,FAQ,2026-01-23,2460.0,2500.0,2500.0,18.240000000000002,Rs./Quintal,Metric Tonnes
Madhya Pradesh,Harda,Sirali APMC,Maize,Local,FAQ,2026-01-23,1400.0,1659.0,1540.0,114.633,Rs./Quintal,Metric Tonnes
Madhya Pradesh,Harda,Sirali APMC,Soyabean,Soyabeen,FAQ,2026-01-23,4950.0,5072.0,5072.0,6.2330000000000005,Rs./Quintal,Metric Tonnes
Madhya Pradesh,Harda,Sirali APMC,Wheat,Mill Quality,FAQ,2026-01-23,2450.0,2608.0,2540.0,45.31,Rs./Quintal,Metric Tonnes
Madhya Pradesh,Vidisha,Sironj APMC,Maize,Local,FAQ,2026-01-23,1675.0,1700.0,1700.0,58.64,Rs./Quintal,Metric Tonnes
Madhya Pradesh,Mandsaur,Sitmau APMC,Garlic,Garlic,FAQ,2026-01-23,2400.0,7400.0,6410.0,4.158,Rs./Quintal,Metric Tonnes
Madhya Pradesh,Mandsaur,Sitmau APMC,Lentil(Masur)(Whole),Masur Dal,FAQ,2026-01-23,6100.0,6100.0,6100.0,0.037,Rs./Quintal,Metric Tonnes
Madhya Pradesh,Mandsaur,Sitmau APMC,Linseed,Flaxseed,FAQ,2026-01-23,7700.0,7700.0,7700.0,0.8570000000000001,Rs./Quintal,Metric Tonnes
Madhya Pradesh,Mandsaur,Sitmau APMC,Maize,Local,FAQ,2026-01-23,1540.0,1653.0,1653.0,2.757,Rs./Quintal,Metric Tonnes
Madhya Pradesh,Mandsaur,Sitmau APMC,Onion,Onion,FAQ,2026-01-23,200.0,1130.0,600.0,37.526,Rs./Quintal,Metric Tonnes
Madhya Pradesh,Mandsaur,Sitmau APMC,Soyabean,Yellow,FAQ,2026-01-23,3101.0,5501.0,5501.0,7.958,Rs./Quintal,Metric Tonnes
Madhya Pradesh,Mandsaur,Sitmau APMC,Wheat,Wheat,FAQ,2026-01-23,2400.0,2751.0,2501.0,8.929,Rs./Quintal,Metric Tonnes
Madhya Pradesh,Dewas,Sonkatch APMC,Maize,Local,FAQ,2026-01-23,1386.0,1625.0,1625.0,9.996,Rs./Quintal,Metric Tonnes
Madhya Pradesh,Dewas,Sonkatch APMC,Soyabean,Soyabeen,FAQ,2026-01-23,2600.0,5671.0,5500.0,41.61000000000001,Rs./Quintal,Metric Tonnes
Madhya Pradesh,Dewas,Sonkatch APMC,Wheat,Wheat,FAQ,2026-01-23,2026.0,2655.0,2440.0,69.045,Rs./Quintal,Metric Tonnes
Madhya Pradesh,Shajapur,Susner APMC,Maize,Local,Non-FAQ,2026-01-23,1595.0,1607.0,1607.0,2.895,Rs./Quintal,Metric Tonnes
Madhya Pradesh,Ratlam,Taal APMC,Soyabean,Soyabeen,FAQ,2026-01-23,5151.0,5390.0,5390.0,16.331,Rs./Quintal,Metric Tonnes
Madhya Pradesh,Ratlam,Taal APMC,Soyabean,Yellow,FAQ,2026-01-23,4800.0,5391.0,5291.0,20.309,Rs./Quintal,Metric Tonnes
Madhya Pradesh,Ratlam,Taal APMC,Wheat,Wheat,FAQ,2026-01-23,2512.0,2576.0,2576.0,3.4000000000000004,Rs./Quintal,Metric Tonnes
Madhya Pradesh,Narsinghpur,Tendukheda APMC,Gur(Jaggery),Jaggery,FAQ,2026-01-23,3000.0,3995.0,3200.0,210.5,Rs./Quintal,Metric Tonnes
Madhya Pradesh,Narsinghpur,Tendukheda APMC,Maize,Local,FAQ,2026-01-23,1600.0,1650.0,1650.0,31.1,Rs./Quintal,Metric Tonnes
Madhya Pradesh,Jhabua,Thandla APMC,Cotton,Without Ginned Cotton,FAQ,2026-01-23,7000.0,8200.0,7350.0,413.49300000000005,Rs./Quintal,Metric Tonnes
Madhya Pradesh,Tikamgarh,Tikamgarh APMC,Barley(Jau),Barley,FAQ,2026-01-23,2350.0,2400.0,2400.0,34.1,Rs./Quintal,Metric Tonnes
Madhya Pradesh,Tikamgarh,Tikamgarh APMC,Black Gram(Urd Beans)(Whole),Urda/Urd,FAQ,2026-01-23,5211.0,7600.0,6450.0,142.954,Rs./Quintal,Metric Tonnes
Madhya Pradesh,Tikamgarh,Tikamgarh APMC,Mustard,Mustard,FAQ,2026-01-23,6200.0,6300.0,6300.0,5.75,Rs./Quintal,Metric Tonnes
Madhya Pradesh,Tikamgarh,Tikamgarh APMC,Soyabean,Soyabeen,FAQ,2026-01-23,4700.0,5435.0,5435.0,28.437,Rs./Quintal,Metric Tonnes
Madhya Pradesh,Tikamgarh,Tikamgarh APMC,Wheat,Mill Quality,FAQ,2026-01-23,2450.0,2450.0,2450.0,5.0200000000000005,Rs./Quintal,Metric Tonnes
Madhya Pradesh,Tikamgarh,Tikamgarh APMC,Wheat,Wheat,FAQ,2026-01-23,2250.0,2520.0,2455.0,571.891,Rs./Quintal,Metric Tonnes
Madhya Pradesh,Harda,Timarni APMC,Bengal Gram(Gram)(Whole),Gram,FAQ,2026-01-23,4291.0,5320.0,5301.0,3.4960000000000004,Rs./Quintal,Metric Tonnes
Madhya Pradesh,Harda,Timarni APMC,Black Gram(Urd Beans)(Whole),Urda/Urd,FAQ,2026-01-23,5176.0,5176.0,5176.0,0.8400000000000001,Rs./Quintal,Metric Tonnes
Madhya Pradesh,Harda,Timarni APMC,Green Gram(Moong)(Whole),Green (Whole),FAQ,2026-01-23,5400.0,6100.0,6100.0,3.5240000000000005,Rs./Quintal,Metric Tonnes
Madhya Pradesh,Harda,Timarni APMC,Maize,Local,FAQ,2026-01-23,1051.0,1632.0,1570.0,667.888,Rs./Quintal,Metric Tonnes
Madhya Pradesh,Harda,Timarni APMC,Maize,Deshi Red,Non-FAQ,2026-01-23,1399.0,1399.0,1399.0,0.52,Rs./Quintal,Metric Tonnes
Madhya Pradesh,Harda,Timarni APMC,Soyabean,Soyabeen,FAQ,2026-01-23,3499.0,5341.0,5341.0,5.113,Rs./Quintal,Metric Tonnes
Madhya Pradesh,Harda,Timarni APMC,Wheat,Mill Quality,Non-FAQ,2026-01-23,2456.0,2456.0,2456.0,0.91,Rs./Quintal,Metric Tonnes
Madhya Pradesh,Harda,Timarni APMC,Wheat,Wheat,FAQ,2026-01-23,2201.0,2501.0,2473.0,29.834,Rs./Quintal,Metric Tonnes
Madhya Pradesh,Raisen,Udaipura APMC,Bengal Gram(Gram)(Whole),Desi (F.A.Q. Split),FAQ,2026-01-23,4510.0,5495.0,5495.0,12.07,Rs./Quintal,Metric Tonnes
Madhya Pradesh,Raisen,Udaipura APMC,Green Gram(Moong)(Whole),Green (Whole),FAQ,2026-01-23,2105.0,6320.0,6130.0,15.340000000000002,Rs./Quintal,Metric Tonnes
Madhya Pradesh,Raisen,Udaipura APMC,Lak(Teora),Tiwada,FAQ,2026-01-23,3250.0,3365.0,3365.0,5.210000000000001,Rs./Quintal,Metric Tonnes
Madhya Pradesh,Raisen,Udaipura APMC,Lentil(Masur)(Whole),Masur Dal,FAQ,2026-01-23,5310.0,5865.0,5865.0,0.535,Rs./Quintal,Metric Tonnes
Madhya Pradesh,Raisen,Udaipura APMC,Paddy(Common),Basmati,FAQ,2026-01-23,3700.0,3800.0,3800.0,75.61,Rs./Quintal,Metric Tonnes
Madhya Pradesh,Raisen,Udaipura APMC,Paddy(Common),Paddy,FAQ,2026-01-23,2800.0,4165.0,3700.0,460.65000000000003,Rs./Quintal,Metric Tonnes
Madhya Pradesh,Raisen,Udaipura APMC,Red gram/Arhar/Tur(whole),Arhar Dal(Tur),FAQ,2026-01-23,6950.0,7515.0,7500.0,14.89,Rs./Quintal,Metric Tonnes
Madhya Pradesh,Raisen,Udaipura APMC,Soyabean,Soyabeen,FAQ,2026-01-23,4300.0,5270.0,5270.0,5.04,Rs./Quintal,Metric Tonnes
Madhya Pradesh,Raisen,Udaipura APMC,Wheat,Mill Quality,FAQ,2026-01-23,2430.0,2490.0,2465.0,45.74,Rs./Quintal,Metric Tonnes
Madhya Pradesh,Raisen,Udaipura APMC,buttery,Buttery,FAQ,2026-01-23,1900.0,4500.0,4500.0,3.6,Rs./Quintal,Metric Tonnes
Madhya Pradesh,Ujjain,Ujjain APMC,Paddy(Common),Paddy,FAQ,2026-01-23,2580.0,2855.0,2855.0,71.86,Rs./Quintal,Metric Tonnes
Madhya Pradesh,Ujjain,Ujjain APMC,Wheat,Wheat,FAQ,2026-01-23,2425.0,2450.0,2450.0,15.697000000000001,Rs./Quintal,Metric Tonnes
Madhya Pradesh,Umariya,Umariya APMC,Paddy(Common),Dhan,FAQ,2026-01-23,2000.0,2000.0,2000.0,2.0,Rs./Quintal,Metric Tonnes
Madhya Pradesh,Umariya,Umariya APMC,Wheat,Wheat,Non-FAQ,2026-01-23,2450.0,2500.0,2500.0,33.685,Rs./Quintal,Metric Tonnes
Madhya Pradesh,Umariya,Umariya APMC,Wheat,Wheat,FAQ,2026-01-23,2440.0,2480.0,2480.0,15.96,Rs./Quintal,Metric Tonnes
Madhya Pradesh,Ujjain,Unhel APMC,Soyabean,Soyabeen,FAQ,2026-01-23,3880.0,5400.0,5391.0,34.910000000000004,Rs./Quintal,Metric Tonnes
Madhya Pradesh,Ujjain,Unhel APMC,Wheat,Wheat,FAQ,2026-01-23,2351.0,2550.0,2550.0,9.901000000000002,Rs./Quintal,Metric Tonnes
Madhya Pradesh,Vidisha,Vidisha APMC,Bengal Gram(Gram)(Whole),Gram,FAQ,2026-01-23,4110.0,5675.0,5300.0,40.409,Rs./Quintal,Metric Tonnes
Madhya Pradesh,Vidisha,Vidisha APMC,Green Gram(Moong)(Whole),Green (Whole),FAQ,2026-01-23,5500.0,5500.0,5500.0,0.13899999999999998,Rs./Quintal,Metric Tonnes
Madhya Pradesh,Vidisha,Vidisha APMC,Lak(Teora),Tiwada,FAQ,2026-01-23,3100.0,3351.0,3351.0,1.5170000000000001,Rs./Quintal,Metric Tonnes
Madhya Pradesh,Vidisha,Vidisha APMC,Lentil(Masur)(Whole),Masur Dal,FAQ,2026-01-23,6070.0,6420.0,6420.0,4.6049999999999995,Rs./Quintal,Metric Tonnes
Madhya Pradesh,Vidisha,Vidisha APMC,Maize,Local,FAQ,2026-01-23,1362.0,1564.0,1470.0,103.886,Rs./Quintal,Metric Tonnes
Madhya Pradesh,Vidisha,Vidisha APMC,Mustard,Mustard,FAQ,2026-01-23,4250.0,6250.0,6250.0,0.9960000000000001,Rs./Quintal,Metric Tonnes
Madhya Pradesh,Vidisha,Vidisha APMC,Paddy(Common),Paddy-Organic,FAQ,2026-01-23,3600.0,3600.0,3600.0,38.7,Rs./Quintal,Metric Tonnes
Madhya Pradesh,Vidisha,Vidisha APMC,Paddy(Common),Red,FAQ,2026-01-23,2722.0,4006.0,4006.0,16.948,Rs./Quintal,Metric Tonnes
Madhya Pradesh,Vidisha,Vidisha APMC,Paddy(Common),Basmati,FAQ,2026-01-23,3750.0,3850.0,3750.0,173.53,Rs./Quintal,Metric Tonnes
Madhya Pradesh,Vidisha,Vidisha APMC,Paddy(Common),Paddy,FAQ,2026-01-23,1640.0,4100.0,3800.0,1192.606,Rs./Quintal,Metric Tonnes
Madhya Pradesh,Vidisha,Vidisha APMC,Paddy(Common),Puspa (MR 301),FAQ,2026-01-23,3500.0,3977.0,3500.0,134.052,Rs./Quintal,Metric Tonnes
Madhya Pradesh,Vidisha,Vidisha APMC,Paddy(Common),Dhan,FAQ,2026-01-23,3300.0,3750.0,3700.0,578.393,Rs./Quintal,Metric Tonnes
Madhya Pradesh,Vidisha,Vidisha APMC,Soyabean,Soyabeen,FAQ,2026-01-23,4415.0,5512.0,5400.0,11.544,Rs./Quintal,Metric Tonnes
Madhya Pradesh,Vidisha,Vidisha APMC,Wheat,Wheat,FAQ,2026-01-23,2150.0,2781.0,2500.0,354.65000000000003,Rs./Quintal,Metric Tonnes
Madhya Pradesh,Vidisha,Vidisha APMC,Wheat,Sharbati,FAQ,2026-01-23,2750.0,3151.0,3151.0,10.847000000000001,Rs./Quintal,Metric Tonnes
Madhya Pradesh,Sheopur,Vijaypur APMC,Mustard,Mustard,Non-FAQ,2026-01-23,6500.0,6510.0,6510.0,4.5,Rs./Quintal,Metric Tonnes
Madhya Pradesh,Sheopur,Vijaypur APMC,Mustard,Mustard,FAQ,2026-01-23,6650.0,6670.0,6650.0,13.980000000000002,Rs./Quintal,Metric Tonnes
Madhya Pradesh,Ratlam,A lot APMC,Wheat,Wheat,FAQ,2026-01-24,2400.0,2430.0,2430.0,24.463,Rs./Quintal,Metric Tonnes
Madhya Pradesh,Bhind,Alampur APMC,Paddy(Common),Paddy,Non-FAQ,2026-01-24,3535.0,3750.0,3700.0,92.0,Rs./Quintal,Metric Tonnes
Madhya Pradesh,Bhind,Alampur APMC,Wheat,Wheat,Non-FAQ,2026-01-24,2450.0,2464.0,2450.0,16.8,Rs./Quintal,Metric Tonnes
Madhya Pradesh,Bhind,Alampur APMC,Wheat,Mill Quality,Non-FAQ,2026-01-24,2420.0,2455.0,2455.0,17.0,Rs./Quintal,Metric Tonnes
Madhya Pradesh,Alirajpur,Alirajpur APMC,Black Gram(Urd Beans)(Whole),Urda/Urd,FAQ,2026-01-24,5500.0,6500.0,6000.0,62.7,Rs./Quintal,Metric Tonnes
Madhya Pradesh,Alirajpur,Alirajpur APMC,Cotton,Without Ginned Cotton,Non-FAQ,2026-01-24,7100.0,7200.0,7200.0,7.800000000000001,Rs./Quintal,Metric Tonnes
Madhya Pradesh,Alirajpur,Alirajpur APMC,Cotton,Without Ginned Cotton,FAQ,2026-01-24,6900.0,7200.0,7200.0,8.200000000000001,Rs./Quintal,Metric Tonnes
Madhya Pradesh,Alirajpur,Alirajpur APMC,Groundnut,Big (With Shell),FAQ,2026-01-24,3809.52,5100.0,5000.0,35.6,Rs./Quintal,Metric Tonnes
Madhya Pradesh,Alirajpur,Alirajpur APMC,Groundnut,Big (With Shell),Non-FAQ,2026-01-24,4000.0,4100.0,4000.0,10.953000000000001,Rs./Quintal,Metric Tonnes
Madhya Pradesh,Alirajpur,Alirajpur APMC,Maize,Local,FAQ,2026-01-24,1500.0,1500.0,1500.0,1.6,Rs./Quintal,Metric Tonnes
Madhya Pradesh,Satna,Amarpatan APMC,Wheat,Mill Quality,FAQ,2026-01-24,2470.0,2470.0,2470.0,7.300000000000001,Rs./Quintal,Metric Tonnes
Madhya Pradesh,Chhindwara,Amarwda APMC,Maize,Yellow,FAQ,2026-01-24,1450.0,1740.0,1670.0,866.9100000000001,Rs./Quintal,Metric Tonnes
Madhya Pradesh,Chhindwara,Amarwda APMC,Maize,Local,FAQ,2026-01-24,1400.0,1705.0,1650.0,933.1,Rs./Quintal,Metric Tonnes
Madhya Pradesh,Chhindwara,Amarwda APMC,Maize,Local,Non-FAQ,2026-01-24,1560.0,1590.0,1590.0,87.0,Rs./Quintal,Metric Tonnes
Madhya Pradesh,Badwani,Anjad APMC,Maize,Local,FAQ,2026-01-24,1570.0,1570.0,1570.0,17.290000000000003,Rs./Quintal,Metric Tonnes
Madhya Pradesh,Badwani,Anjad APMC,Maize,Yellow,FAQ,2026-01-24,1400.0,1600.0,1500.0,157.64000000000001,Rs./Quintal,Metric Tonnes
Madhya Pradesh,Anupur,Anuppur APMC,Wheat,Wheat,Non-FAQ,2026-01-24,2400.0,2400.0,2400.0,5.0,Rs./Quintal,Metric Tonnes
Madhya Pradesh,Ashoknagar,Ashoknagar APMC,Bengal Gram(Gram)(Whole),Desi (F.A.Q. Split),Non-FAQ,2026-01-24,4200.0,4200.0,4200.0,3.2100000000000004,Rs./Quintal,Metric Tonnes
Madhya Pradesh,Ashoknagar,Ashoknagar APMC,Paddy(Common),Paddy,FAQ,2026-01-24,3350.0,3350.0,3350.0,5.9750000000000005,Rs./Quintal,Metric Tonnes
Madhya Pradesh,Chhatarpur,Badamalhera APMC,Wheat,Mill Quality,Non-FAQ,2026-01-24,2475.0,2500.0,2500.0,30.14,Rs./Quintal,Metric Tonnes
Madhya Pradesh,Ujjain,Badnagar APMC,Green Peas,Pea,FAQ,2026-01-24,3000.0,3250.0,3250.0,8.353,Rs./Quintal,Metric Tonnes
Madhya Pradesh,Ujjain,Badnagar APMC,Kabuli Chana(Chickpeas-White),Dollar Gram,FAQ,2026-01-24,8110.0,8220.0,8220.0,4.8180000000000005,Rs./Quintal,Metric Tonnes
Madhya Pradesh,Ujjain,Badnagar APMC,Wheat,Wheat,FAQ,2026-01-24,2450.0,2525.0,2500.0,92.75,Rs./Quintal,Metric Tonnes
Madhya Pradesh,Ujjain,Badnagar APMC,Wheat,Wheat,Non-FAQ,2026-01-24,2500.0,2500.0,2500.0,12.92,Rs./Quintal,Metric Tonnes
Madhya Pradesh,Dhar,Badnawar APMC,Cotton,Without Ginned Cotton,FAQ,2026-01-24,7000.0,7600.0,7600.0,5.658,Rs./Quintal,Metric Tonnes
Madhya Pradesh,Dhar,Badnawar APMC,Garlic,Garlic,FAQ,2026-01-24,2100.0,8000.0,3500.0,31.733999999999998,Rs./Quintal,Metric Tonnes
Madhya Pradesh,Dhar,Badnawar APMC,Onion,Onion,FAQ,2026-01-24,300.0,380.0,380.0,41.729000000000006,Rs./Quintal,Metric Tonnes
Madhya Pradesh,Dhar,Badnawar(F&V) APMC,Garlic,Garlic,Local,2026-01-24,3500.0,3500.0,3500.0,70.9,Rs./Quintal,Metric Tonnes
Madhya Pradesh,Dhar,Badnawar(F&V) APMC,Onion,Onion,Local,2026-01-24,380.0,380.0,380.0,41.7,Rs./Quintal,Metric Tonnes
Madhya Pradesh,Dhar,Badnawar(F&V) APMC,Peas Wet,Peas Wet,Local,2026-01-24,1200.0,1200.0,1200.0,78.0,Rs./Quintal,Metric Tonnes
Madhya Pradesh,Khargone,Badwaha APMC,Maize,Local,Non-FAQ,2026-01-24,1505.0,1505.0,1505.0,7.83,Rs./Quintal,Metric Tonnes
Madhya Pradesh,Khargone,Badwaha APMC,Rose(Loose)),Rose(Loose),FAQ,2026-01-24,6500.0,6500.0,6500.0,13.304,Rs./Quintal,Metric Tonnes
Madhya Pradesh,Badwani,Badwani APMC,Maize,Local,FAQ,2026-01-24,1500.0,1550.0,1550.0,38.7,Rs./Quintal,Metric Tonnes
Madhya Pradesh,Badwani,Badwani APMC,Wheat,Wheat,FAQ,2026-01-24,2595.0,2610.0,2610.0,21.900000000000002,Rs./Quintal,Metric Tonnes
Madhya Pradesh,Dewas,Bagli APMC,Maize,Yellow,Non-FAQ,2026-01-24,1400.0,1500.0,1500.0,33.1,Rs./Quintal,Metric Tonnes
Madhya Pradesh,Rewa,Baikunthpur APMC,Mustard,Mustard,Non-FAQ,2026-01-24,6000.0,6200.0,6200.0,4.3,Rs./Quintal,Metric Tonnes
Madhya Pradesh,Sehore,Baktara APMC,Paddy(Common),Basmati,FAQ,2026-01-24,3771.0,4051.0,3825.0,780.7,Rs./Quintal,Metric Tonnes
Madhya Pradesh,Sehore,Baktara APMC,Paddy(Common),Basmati,Non-FAQ,2026-01-24,3871.0,4001.0,3901.0,115.63499999999999,Rs./Quintal,Metric Tonnes
Madhya Pradesh,Sehore,Baktara APMC,Wheat,Wheat,FAQ,2026-01-24,2394.0,2511.0,2511.0,41.85,Rs./Quintal,Metric Tonnes
Madhya Pradesh,Balaghat,Balaghat APMC,Paddy(Common),Dhan,Non-FAQ,2026-01-24,1700.0,1700.0,1700.0,10.0,Rs./Quintal,Metric Tonnes
Madhya Pradesh,Balaghat,Balaghat APMC,Wheat,Wheat,FAQ,2026-01-24,2210.0,2210.0,2210.0,6.3500000000000005,Rs./Quintal,Metric Tonnes
Madhya Pradesh,Sagar,Bamora APMC,Bengal Gram(Gram)(Whole),Organic,FAQ,2026-01-24,5300.0,5300.0,5300.0,2.2,Rs./Quintal,Metric Tonnes
Madhya Pradesh,Sagar,Bamora APMC,Paddy(Common),Paddy,FAQ,2026-01-24,2000.0,2000.0,2000.0,2.7,Rs./Quintal,Metric Tonnes
Madhya Pradesh,Hoshangabad,Banapura APMC,Bengal Gram(Gram)(Whole),Desi (F.A.Q. Split),Non-FAQ,2026-01-24,5400.0,5425.0,5425.0,17.0,Rs./Quintal,Metric Tonnes
Madhya Pradesh,Hoshangabad,Banapura APMC,Maize,Yellow,Non-FAQ,2026-01-24,1300.0,1660.0,1660.0,90.10000000000001,Rs./Quintal,Metric Tonnes
Madhya Pradesh,Sagar,Banda APMC,Maize,Local,Non-FAQ,2026-01-24,1500.0,1500.0,1500.0,13.3,Rs./Quintal,Metric Tonnes
Madhya Pradesh,Sagar,Banda APMC,Wheat,Wheat,Non-FAQ,2026-01-24,2405.0,2465.0,2425.0,55.14,Rs./Quintal,Metric Tonnes
Madhya Pradesh,Hoshangabad,Bankhedi APMC,Paddy(Common),Puspa (MR 301),FAQ,2026-01-24,3900.0,3900.0,3900.0,58.115,Rs./Quintal,Metric Tonnes
Madhya Pradesh,Shivpuri,Barad APMC,Mustard,Mustard,FAQ,2026-01-24,6400.0,6850.0,6850.0,5.769,Rs./Quintal,Metric Tonnes
Madhya Pradesh,Raisen,Bareli APMC,Paddy(Common),Paddy,Non-FAQ,2026-01-24,3221.0,3240.0,3240.0,75.5,Rs./Quintal,Metric Tonnes
Madhya Pradesh,Raisen,Bareli APMC,Paddy(Common),Puspa (MR 301),FAQ,2026-01-24,3751.0,4005.0,3800.0,199.061,Rs./Quintal,Metric Tonnes
Madhya Pradesh,Raisen,Bareli APMC,Paddy(Common),Dhan,FAQ,2026-01-24,3550.0,3920.0,3920.0,441.15500000000003,Rs./Quintal,Metric Tonnes
Madhya Pradesh,Raisen,Bareli APMC,Paddy(Common),Basmati,FAQ,2026-01-24,3200.0,3901.0,3821.0,558.86,Rs./Quintal,Metric Tonnes
Madhya Pradesh,Raisen,Bareli APMC,Paddy(Common),Paddy,FAQ,2026-01-24,3025.0,3975.0,3950.0,1137.491,Rs./Quintal,Metric Tonnes
Madhya Pradesh,Khargone,Bedia APMC,Chili Red,Red,FAQ,2026-01-24,7200.0,26000.0,8500.0,189.149,Rs./Quintal,Metric Tonnes
Madhya Pradesh,Shehdol,Beohari APMC,Mahua,Mahua Flower,FAQ,2026-01-24,3801.0,4050.0,4050.0,7.990000000000001,Rs./Quintal,Metric Tonnes
Madhya Pradesh,Shehdol,Beohari APMC,Wheat,Mill Quality,FAQ,2026-01-24,2501.0,2505.0,2501.0,20.0,Rs./Quintal,Metric Tonnes
Madhya Pradesh,Betul,Betul APMC,Gur(Jaggery),Jaggery,FAQ,2026-01-24,3520.0,3520.0,3520.0,6.072,Rs./Quintal,Metric Tonnes
Madhya Pradesh,Betul,Betul APMC,Maize,Deshi Red,FAQ,2026-01-24,1550.0,1600.0,1600.0,50.0,Rs./Quintal,Metric Tonnes
Madhya Pradesh,Betul,Betul APMC,Maize,Maize/Corn-Organic,FAQ,2026-01-24,1520.0,1550.0,1550.0,45.5,Rs./Quintal,Metric Tonnes
Madhya Pradesh,Betul,Betul APMC,Maize,Yellow,Non-FAQ,2026-01-24,1200.0,1500.0,1500.0,243.13600000000002,Rs./Quintal,Metric Tonnes
Madhya Pradesh,Betul,Betul APMC,Soyabean,Yellow,Non-FAQ,2026-01-24,4350.0,4400.0,4400.0,13.5,Rs./Quintal,Metric Tonnes
Madhya Pradesh,Betul,Betul APMC,Wheat,Mill Quality,FAQ,2026-01-24,2400.0,2514.0,2514.0,89.07600000000001,Rs./Quintal,Metric Tonnes
Madhya Pradesh,Khargone,Bhikangaon APMC,Maize,Local,FAQ,2026-01-24,1500.0,1500.0,1500.0,11.0,Rs./Quintal,Metric Tonnes
Madhya Pradesh,Bhind,Bhind APMC,Bajra(Pearl Millet/Cumbu),Millet,FAQ,2026-01-24,1840.0,1890.0,1890.0,31.6,Rs./Quintal,Metric Tonnes
Madhya Pradesh,Bhind,Bhind APMC,Bajra(Pearl Millet/Cumbu),Millet,Non-FAQ,2026-01-24,1814.0,2350.0,2225.0,83.9,Rs./Quintal,Metric Tonnes
Madhya Pradesh,Bhind,Bhind APMC,Mustard,Mustard,FAQ,2026-01-24,6380.0,6900.0,6805.0,25.77,Rs./Quintal,Metric Tonnes
Madhya Pradesh,Bhind,Bhind APMC,Wheat,Mill Quality,FAQ,2026-01-24,2495.0,2495.0,2495.0,7.0,Rs./Quintal,Metric Tonnes
Madhya Pradesh,Bhind,Bhind APMC,Wheat,Wheat,Non-FAQ,2026-01-24,2250.0,2534.0,2513.0,43.5,Rs./Quintal,Metric Tonnes
Madhya Pradesh,Gwalior,Bhitarwar APMC,Wheat,Mill Quality,FAQ,2026-01-24,2555.0,2560.0,2560.0,15.015,Rs./Quintal,Metric Tonnes
Madhya Pradesh,Bhopal,Bhopal APMC,Gond,Gond,FAQ,2026-01-24,10000.0,10000.0,10000.0,10.0,Rs./Quintal,Metric Tonnes
Madhya Pradesh,Bhopal,Bhopal APMC,Paddy(Common),Dhan,FAQ,2026-01-24,3800.0,3800.0,3800.0,98.75,Rs./Quintal,Metric Tonnes
Madhya Pradesh,Rajgarh,Biaora APMC,Bengal Gram(Gram)(Whole),Gram,FAQ,2026-01-24,4850.0,4850.0,4850.0,0.082,Rs./Quintal,Metric Tonnes
Madhya Pradesh,Rajgarh,Biaora APMC,Coriander(Leaves),Coriander,FAQ,2026-01-24,4400.0,9980.0,9700.0,10.826,Rs./Bundle,Bundle
Madhya Pradesh,Rajgarh,Biaora APMC,Maize,Local,FAQ,2026-01-24,1600.0,1600.0,1600.0,0.763,Rs./Quintal,Metric Tonnes
Madhya Pradesh,Rajgarh,Biaora APMC,Mustard,Mustard,FAQ,2026-01-24,6200.0,6200.0,6200.0,0.371,Rs./Quintal,Metric Tonnes
Madhya Pradesh,Rajgarh,Biaora APMC,Soyabean,Soyabeen,FAQ,2026-01-24,4805.0,5555.0,5265.0,67.03099999999999,Rs./Quintal,Metric Tonnes
Madhya Pradesh,Rajgarh,Biaora APMC,Wheat,Wheat,Non-FAQ,2026-01-24,2470.0,2470.0,2470.0,2.797,Rs./Quintal,Metric Tonnes
Madhya Pradesh,Rajgarh,Biaora APMC,Wheat,Wheat,FAQ,2026-01-24,2360.0,2610.0,2515.0,266.543,Rs./Quintal,Metric Tonnes
Madhya Pradesh,Chhatarpur,Bijawar APMC,Green Peas,Pea,FAQ,2026-01-24,3800.0,4900.0,4000.0,33.35,Rs./Quintal,Metric Tonnes
Madhya Pradesh,Chhatarpur,Bijawar APMC,Soyabean,Yellow,Non-FAQ,2026-01-24,4801.0,4801.0,4801.0,4.1000000000000005,Rs./Quintal,Metric Tonnes
Madhya Pradesh,Sagar,Bina APMC,Lak(Teora),Tiwada,FAQ,2026-01-24,3200.0,3200.0,3200.0,0.4,Rs./Quintal,Metric Tonnes
Madhya Pradesh,Burhanpur,Burhanpur APMC,Cotton,Medium Fiber,FAQ,2026-01-24,6750.0,7400.0,7300.0,42.529,Rs./Quintal,Metric Tonnes
Madhya Pradesh,Burhanpur,Burhanpur APMC,Maize,Local,FAQ,2026-01-24,1451.0,1600.0,1600.0,37.455000000000005,Rs./Quintal,Metric Tonnes
Madhya Pradesh,Burhanpur,Burhanpur APMC,Maize,Local,Non-FAQ,2026-01-24,1450.0,1450.0,1450.0,27.1,Rs./Quintal,Metric Tonnes
Madhya Pradesh,Rewa,Chaakghat APMC,Mustard,Sarson(Black),FAQ,2026-01-24,5800.0,5900.0,5825.0,17.415000000000003,Rs./Quintal,Metric Tonnes
Madhya Pradesh,Rewa,Chaakghat APMC,Paddy(Common),Paddy fine,FAQ,2026-01-24,2450.0,2600.0,2600.0,51.0,Rs./Quintal,Metric Tonnes
Madhya Pradesh,Rewa,Chaakghat APMC,Wheat,Mill Quality,FAQ,2026-01-24,2430.0,2450.0,2450.0,21.6,Rs./Quintal,Metric Tonnes
Madhya Pradesh,Ashoknagar,Chanderi APMC,Maize,Local,FAQ,2026-01-24,1550.0,1550.0,1550.0,4.0,Rs./Quintal,Metric Tonnes
Madhya Pradesh,Chhindwara,Chaurai APMC,Maize,Yellow,Non-FAQ,2026-01-24,1511.0,1650.0,1580.0,187.3,Rs./Quintal,Metric Tonnes
Madhya Pradesh,Chhindwara,Chaurai APMC,Maize,Local,Non-FAQ,2026-01-24,1499.0,1599.0,1599.0,39.800000000000004,Rs./Quintal,Metric Tonnes
Madhya Pradesh,Chhindwara,Chaurai APMC,Maize,Yellow,FAQ,2026-01-24,1500.0,1710.0,1600.0,207.3,Rs./Quintal,Metric Tonnes
Madhya Pradesh,Chhindwara,Chaurai APMC,Maize,Local,FAQ,2026-01-24,1550.0,1901.0,1600.0,222.35000000000002,Rs./Quintal,Metric Tonnes
Madhya Pradesh,Chhindwara,Chaurai APMC,Wheat,Wheat,FAQ,2026-01-24,2500.0,2500.0,2500.0,4.5,Rs./Quintal,Metric Tonnes
Madhya Pradesh,Rajgarh,Chhapiheda APMC,Wheat,Wheat,FAQ,2026-01-24,2500.0,2525.0,2510.0,33.388,Rs./Quintal,Metric Tonnes
Madhya Pradesh,Chhatarpur,Chhatarpur APMC,Groundnut,Big (With Shell),FAQ,2026-01-24,6800.0,6800.0,6800.0,5.84,Rs./Quintal,Metric Tonnes
Madhya Pradesh,Chhatarpur,Chhatarpur APMC,"Sesamum(Sesame,Gingelly,Til)",Sesame,Non-FAQ,2026-01-24,8500.0,8500.0,8500.0,2.0,Rs./Quintal,Metric Tonnes
Madhya Pradesh,Chhatarpur,Chhatarpur APMC,Wheat,Mill Quality,FAQ,2026-01-24,2430.0,2520.0,2450.0,91.45,Rs./Quintal,Metric Tonnes
Madhya Pradesh,Chhatarpur,Chhatarpur APMC,Wheat,Wheat,FAQ,2026-01-24,2490.0,2490.0,2490.0,8.0,Rs./Quintal,Metric Tonnes
Madhya Pradesh,Chhindwara,Chhindwara APMC,Maize,Yellow,FAQ,2026-01-24,1590.0,1605.0,1600.0,42.800000000000004,Rs./Quintal,Metric Tonnes
Madhya Pradesh,Chhindwara,Chhindwara APMC,Maize,Yellow,Non-FAQ,2026-01-24,1560.0,1721.0,1637.0,2335.1,Rs./Quintal,Metric Tonnes
Madhya Pradesh,Chhindwara,Chhindwara APMC,Maize,Local,Non-FAQ,2026-01-24,1588.69,1707.67,1707.67,29.03,Rs./Quintal,Metric Tonnes
Madhya Pradesh,Seoni,Chhpara APMC,Maize,Local,Non-FAQ,2026-01-24,1455.0,1660.0,1600.0,239.68800000000002,Rs./Quintal,Metric Tonnes
Madhya Pradesh,Seoni,Chhpara APMC,Maize,Yellow,Non-FAQ,2026-01-24,1650.0,1680.0,1680.0,43.0,Rs./Quintal,Metric Tonnes
Madhya Pradesh,Seoni,Chhpara APMC,Maize,Yellow,FAQ,2026-01-24,1440.0,1675.0,1600.0,283.90000000000003,Rs./Quintal,Metric Tonnes
Madhya Pradesh,Seoni,Chhpara APMC,Maize,Local,FAQ,2026-01-24,1570.0,1750.0,1750.0,222.5,Rs./Quintal,Metric Tonnes
Madhya Pradesh,Damoh,Damoh APMC,Wheat,Mill Quality,Non-FAQ,2026-01-24,2200.0,2220.0,2220.0,35.9,Rs./Quintal,Metric Tonnes
Madhya Pradesh,Datia,Datia APMC,Wheat,Mill Quality,Non-FAQ,2026-01-24,2510.0,2510.0,2510.0,7.0,Rs./Quintal,Metric Tonnes
Madhya Pradesh,Sagar,Deori APMC,Bengal Gram(Gram)(Whole),Desi (F.A.Q. Split),FAQ,2026-01-24,5300.0,5300.0,5300.0,3.567,Rs./Quintal,Metric Tonnes
Madhya Pradesh,Sagar,Deori APMC,Maize,Yellow,FAQ,2026-01-24,1500.0,1610.0,1600.0,73.85900000000001,Rs./Quintal,Metric Tonnes
Madhya Pradesh,Sagar,Deori APMC,Maize,Local,FAQ,2026-01-24,1600.0,1600.0,1600.0,1.5,Rs./Quintal,Metric Tonnes
Madhya Pradesh,Sagar,Deori APMC,Maize,Local,Non-FAQ,2026-01-24,1560.0,1580.0,1560.0,37.0,Rs./Quintal,Metric Tonnes
Madhya Pradesh,Sagar,Deori APMC,Onion,Onion,FAQ,2026-01-24,900.0,1000.0,1000.0,90.0,Rs./Quintal,Metric Tonnes
Madhya Pradesh,Dewas,Dewas APMC,Wheat,Wheat,FAQ,2026-01-24,2533.0,2588.0,2588.0,17.453,Rs./Quintal,Metric Tonnes
Madhya Pradesh,Dhar,Dhamnod APMC,Cotton,Without Ginned Cotton,FAQ,2026-01-24,7500.0,7500.0,7500.0,0.8500000000000001,Rs./Quintal,Metric Tonnes
Madhya Pradesh,Dhar,Dhamnod APMC,Maize,Local,FAQ,2026-01-24,1700.0,1710.0,1710.0,22.700000000000003,Rs./Quintal,Metric Tonnes
Madhya Pradesh,Dhar,Dhamnod APMC,Maize,Yellow,FAQ,2026-01-24,1661.0,2000.0,2000.0,63.712,Rs./Quintal,Metric Tonnes
Madhya Pradesh,Dhar,Dhamnod APMC,Maize,Yellow,Non-FAQ,2026-01-24,1410.0,1410.0,1410.0,6.57,Rs./Quintal,Metric Tonnes
Madhya Pradesh,Dhar,Dhar APMC,Wheat,Malwa Shakti,FAQ,2026-01-24,2580.0,2580.0,2580.0,35.0,Rs./Quintal,Metric Tonnes
Madhya Pradesh,Dhar,Dhar APMC,Wheat,Wheat,FAQ,2026-01-24,2700.0,2700.0,2700.0,5.105,Rs./Quintal,Metric Tonnes
Madhya Pradesh,Dindori,Dindori APMC,Mustard,Sarson(Black),Non-FAQ,2026-01-24,5850.0,6000.0,6000.0,28.710000000000004,Rs./Quintal,Metric Tonnes
Madhya Pradesh,Dindori,Dindori APMC,Niger Seed(Ramtil),Ramatilli,Non-FAQ,2026-01-24,8650.0,9700.0,9700.0,9.49,Rs./Quintal,Metric Tonnes
Madhya Pradesh,Dindori,Dindori APMC,Paddy(Common),Dhan,Non-FAQ,2026-01-24,1950.0,2369.0,2369.0,42.0,Rs./Quintal,Metric Tonnes
Madhya Pradesh,Dindori,Dindori APMC,Paddy(Common),Other,Non-FAQ,2026-01-24,2369.0,2370.0,2369.0,39.35,Rs./Quintal,Metric Tonnes
Madhya Pradesh,Dindori,Dindori APMC,Wheat,Local,Non-FAQ,2026-01-24,2400.0,2425.0,2425.0,7.045000000000001,Rs./Quintal,Metric Tonnes
Madhya Pradesh,Narsinghpur,Gadarwada APMC,Gur(Jaggery),Jaggery,FAQ,2026-01-24,3200.0,4105.0,3750.0,109.887,Rs./Quintal,Metric Tonnes
Madhya Pradesh,Narsinghpur,Gadarwada APMC,Paddy(Common),Paddy,FAQ,2026-01-24,3640.0,3925.0,3925.0,6.881,Rs./Quintal,Metric Tonnes
Madhya Pradesh,Raisen,Gairatganj APMC,Bengal Gram(Gram)(Whole),Gram,FAQ,2026-01-24,5100.0,5500.0,5100.0,28.0,Rs./Quintal,Metric Tonnes
Madhya Pradesh,Dhar,Gandhwani APMC,Cotton,Without Ginned Cotton,FAQ,2026-01-24,6500.0,7620.0,7600.0,41.387,Rs./Quintal,Metric Tonnes
Madhya Pradesh,Dhar,Gandhwani APMC,Soyabean,Soyabeen,FAQ,2026-01-24,4500.0,5100.0,5100.0,14.930000000000001,Rs./Quintal,Metric Tonnes
Madhya Pradesh,Vidisha,Ganjbasoda APMC,Black Gram(Urd Beans)(Whole),Urda/Urd,FAQ,2026-01-24,6100.0,6100.0,6100.0,0.40800000000000003,Rs./Quintal,Metric Tonnes
Madhya Pradesh,Vidisha,Ganjbasoda APMC,Lak(Teora),Tiwada,FAQ,2026-01-24,3350.0,3400.0,3400.0,11.4,Rs./Quintal,Metric Tonnes
Madhya Pradesh,Vidisha,Ganjbasoda APMC,Paddy(Common),Paddy,FAQ,2026-01-24,3600.0,3850.0,3850.0,20.91,Rs./Quintal,Metric Tonnes
Madhya Pradesh,Vidisha,Ganjbasoda APMC,Paddy(Common),Puspa (MR 301),FAQ,2026-01-24,3680.0,3750.0,3700.0,85.15,Rs./Quintal,Metric Tonnes
Madhya Pradesh,Sagar,Garhakota APMC,Maize,Local,Non-FAQ,2026-01-24,1525.0,1525.0,1525.0,12.9,Rs./Quintal,Metric Tonnes
Madhya Pradesh,Sagar,Garhakota APMC,Onion,Onion,Non-FAQ,2026-01-24,750.0,800.0,750.0,49.0,Rs./Quintal,Metric Tonnes
Madhya Pradesh,Indore,Gautampura APMC,Soyabean,Soyabeen,FAQ,2026-01-24,5352.7,5352.7,5352.7,22.575000000000003,Rs./Quintal,Metric Tonnes
Madhya Pradesh,Indore,Gautampura APMC,Wheat,Wheat,FAQ,2026-01-24,2300.0,2550.0,2540.0,24.722,Rs./Quintal,Metric Tonnes
Madhya Pradesh,Indore,Gautampura APMC,Wheat,Lokwan,FAQ,2026-01-24,2615.0,2615.0,2615.0,7.08,Rs./Quintal,Metric Tonnes
Madhya Pradesh,Seoni,Ghansour APMC,Kutki,Kutki,FAQ,2026-01-24,3900.0,3910.0,3910.0,8.0,Rs./Quintal,Metric Tonnes
Madhya Pradesh,Seoni,Ghansour APMC,Maize,Yellow,FAQ,2026-01-24,1405.0,1425.0,1420.0,54.5,Rs./Quintal,Metric Tonnes
Madhya Pradesh,Seoni,Ghansour APMC,Maize,Local,FAQ,2026-01-24,1611.0,1621.0,1621.0,46.5,Rs./Quintal,Metric Tonnes
Madhya Pradesh,Bhind,Gohad APMC,Paddy(Common),Paddy,FAQ,2026-01-24,3249.99,3249.99,3249.99,8.035,Rs./Quintal,Metric Tonnes
Madhya Pradesh,Bhind,Gohad APMC,Paddy(Common),Dhan,Non-FAQ,2026-01-24,2500.0,2510.0,2510.0,15.4,Rs./Quintal,Metric Tonnes
Madhya Pradesh,Bhind,Gohad APMC,Wheat,Mill Quality,FAQ,2026-01-24,2515.0,2515.0,2515.0,27.338,Rs./Quintal,Metric Tonnes
Madhya Pradesh,Dindori,Gorakhpur APMC,Kutki,Kutki,FAQ,2026-01-24,3100.0,4400.0,4400.0,10.8,Rs./Quintal,Metric Tonnes
Madhya Pradesh,Dindori,Gorakhpur APMC,Paddy(Common),Paddy,FAQ,2026-01-24,2369.0,2369.0,2369.0,7.800000000000001,Rs./Quintal,Metric Tonnes
Madhya Pradesh,Dindori,Gorakhpur APMC,Soyabean,Yellow,FAQ,2026-01-24,4700.0,4710.0,4700.0,4.0409999999999995,Rs./Quintal,Metric Tonnes
Madhya Pradesh,Narsinghpur,Gotegaon APMC,Gur(Jaggery),Jaggery,FAQ,2026-01-24,3290.0,3300.0,3300.0,18.0,Rs./Quintal,Metric Tonnes
Madhya Pradesh,Rewa,Hanumana APMC,Lak(Teora),Tiwada,FAQ,2026-01-24,3200.0,3200.0,3200.0,5.4,Rs./Quintal,Metric Tonnes
Madhya Pradesh,Khandwa,Harsood APMC,Maize,Yellow,Non-FAQ,2026-01-24,1460.0,1500.0,1500.0,37.795,Rs./Quintal,Metric Tonnes
Madhya Pradesh,Khandwa,Harsood APMC,Maize,Local,FAQ,2026-01-24,1720.0,1720.0,1720.0,6.0,Rs./Quintal,Metric Tonnes
Madhya Pradesh,Khandwa,Harsood APMC,Soyabean,Soyabeen,Non-FAQ,2026-01-24,4911.0,4911.0,4911.0,3.9340000000000006,Rs./Quintal,Metric Tonnes
Madhya Pradesh,Damoh,Hata APMC,Bengal Gram(Gram)(Whole),Gram,FAQ,2026-01-24,5290.0,5300.0,5300.0,7.1000000000000005,Rs./Quintal,Metric Tonnes
Madhya Pradesh,Hoshangabad,Hoshangabad APMC,Paddy(Common),Dhan,Non-FAQ,2026-01-24,3800.0,3800.0,3800.0,3.539,Rs./Quintal,Metric Tonnes
Madhya Pradesh,Sehore,Ichhawar APMC,Maize,Local,Non-FAQ,2026-01-24,1200.0,1200.0,1200.0,14.0,Rs./Quintal,Metric Tonnes
Madhya Pradesh,Sehore,Ichhawar APMC,Maize,Local,FAQ,2026-01-24,1200.0,1200.0,1200.0,16.5,Rs./Quintal,Metric Tonnes
Madhya Pradesh,Indore,Indore APMC,Bengal Gram(Gram)(Whole),Gram,FAQ,2026-01-24,5200.0,5200.0,5200.0,27.1,Rs./Quintal,Metric Tonnes
Madhya Pradesh,Indore,Indore APMC,Black Gram(Urd Beans)(Whole),Urda/Urd,FAQ,2026-01-24,8250.0,8300.0,8250.0,91.11500000000001,Rs./Quintal,Metric Tonnes
Madhya Pradesh,Indore,Indore APMC,Garlic,Garlic,FAQ,2026-01-24,1000.0,12750.0,6500.0,85.656,Rs./Quintal,Metric Tonnes
Madhya Pradesh,Indore,Indore APMC,Mahua,Mahua Flower,FAQ,2026-01-24,2450.0,2450.0,2450.0,29.8,Rs./Quintal,Metric Tonnes
Madhya Pradesh,Indore,Indore APMC,Onion,Onion,Non-FAQ,2026-01-24,243.0,1644.0,1380.0,867.715,Rs./Quintal,Metric Tonnes
Madhya Pradesh,Indore,Indore APMC,Onion,Onion,FAQ,2026-01-24,403.0,1681.0,1475.0,787.643,Rs./Quintal,Metric Tonnes
Madhya Pradesh,Indore,Indore APMC,Onion,Other,FAQ,2026-01-24,828.0,1700.0,1700.0,361.40000000000003,Rs./Quintal,Metric Tonnes
Madhya Pradesh,Indore,Indore APMC,Potato,Local,FAQ,2026-01-24,296.0,992.0,992.0,394.814,Rs./Quintal,Metric Tonnes
Madhya Pradesh,Indore,Indore APMC,Potato,Local,Non-FAQ,2026-01-24,420.0,863.0,775.0,366.03200000000004,Rs./Quintal,Metric Tonnes
Madhya Pradesh,Indore,Indore APMC,Red gram/Arhar/Tur(whole),Arhar Dal(Tur),FAQ,2026-01-24,5900.0,5900.0,5900.0,29.85,Rs./Quintal,Metric Tonnes
Madhya Pradesh,Indore,Indore APMC,Soyabean,Soyabeen,FAQ,2026-01-24,5406.43,5913.7,5913.7,55.684000000000005,Rs./Quintal,Metric Tonnes
Madhya Pradesh,Indore,Indore APMC,Turmeric,Finger,FAQ,2026-01-24,22473.0,22473.0,22473.0,1.25,Rs./Quintal,Metric Tonnes
Madhya Pradesh,Indore,Indore APMC,Wheat,Wheat,Non-FAQ,2026-01-24,2451.0,2740.0,2740.0,37.9,Rs./Quintal,Metric Tonnes
Madhya Pradesh,Ashoknagar,Isagarh APMC,Maize,Local,FAQ,2026-01-24,1250.0,1500.0,1500.0,50.25,Rs./Quintal,Metric Tonnes
Madhya Pradesh,Hoshangabad,Itarsi APMC,Maize,Local,FAQ,2026-01-24,1400.0,2476.0,1525.0,128.27,Rs./Quintal,Metric Tonnes
Madhya Pradesh,Hoshangabad,Itarsi APMC,Paddy(Common),Dhan,FAQ,2026-01-24,2700.0,4010.0,3870.0,154.89000000000001,Rs./Quintal,Metric Tonnes
Madhya Pradesh,Hoshangabad,Itarsi APMC,Paddy(Common),Paddy,FAQ,2026-01-24,2635.0,4010.0,3850.0,249.125,Rs./Quintal,Metric Tonnes
Madhya Pradesh,Hoshangabad,Itarsi APMC,Wheat,Wheat,FAQ,2026-01-24,2411.0,2482.0,2467.0,43.115,Rs./Quintal,Metric Tonnes
Madhya Pradesh,Jabalpur,Jabalpur APMC,Kutki,Kutki,FAQ,2026-01-24,4360.0,4360.0,4360.0,1.3,Rs./Quintal,Metric Tonnes
Madhya Pradesh,Jabalpur,Jabalpur APMC,Maize,Local,Non-FAQ,2026-01-24,1450.0,1450.0,1450.0,16.0,Rs./Quintal,Metric Tonnes
Madhya Pradesh,Jabalpur,Jabalpur APMC,Paddy(Common),Paddy,FAQ,2026-01-24,1650.0,1700.0,1700.0,30.0,Rs./Quintal,Metric Tonnes
Madhya Pradesh,Sagar,Jaisinagar APMC,Maize,Local,Non-FAQ,2026-01-24,1450.0,1505.0,1500.0,55.0,Rs./Quintal,Metric Tonnes
Madhya Pradesh,Ratlam,Jaora APMC,Red gram/Arhar/Tur(whole),Arhar Dal(Tur),FAQ,2026-01-24,5850.0,5850.0,5850.0,35.080000000000005,Rs./Quintal,Metric Tonnes
Madhya Pradesh,Tikamgarh,Jatara APMC,Wheat,Wheat,Non-FAQ,2026-01-24,2458.0,2500.0,2465.0,68.9,Rs./Quintal,Metric Tonnes
Madhya Pradesh,Tikamgarh,Jatara APMC,Wheat,Mill Quality,Non-FAQ,2026-01-24,2465.0,2465.0,2465.0,7.635,Rs./Quintal,Metric Tonnes
Madhya Pradesh,Damoh,Javera APMC,Maize,Local,Non-FAQ,2026-01-24,1400.0,1525.0,1400.0,55.5,Rs./Quintal,Metric Tonnes
Madhya Pradesh,Damoh,Javera APMC,Maize,Local,FAQ,2026-01-24,1450.0,1650.0,1650.0,92.98,Rs./Quintal,Metric Tonnes
Madhya Pradesh,Damoh,Javera APMC,Paddy(Common),Paddy,FAQ,2026-01-24,1750.0,1760.0,1760.0,20.0,Rs./Quintal,Metric Tonnes
Madhya Pradesh,Damoh,Javera APMC,Paddy(Common),Dhan,Non-FAQ,2026-01-24,1700.0,1700.0,1700.0,10.0,Rs./Quintal,Metric Tonnes
Madhya Pradesh,Sehore,Jawar APMC,Maize,Local,FAQ,2026-01-24,1651.0,1651.0,1651.0,8.5,Rs./Quintal,Metric Tonnes
Madhya Pradesh,Rajgarh,Jeerapur APMC,Bengal Gram(Gram)(Whole),Gram,FAQ,2026-01-24,5130.0,5130.0,5130.0,0.085,Rs./Quintal,Metric Tonnes
Madhya Pradesh,Rajgarh,Jeerapur APMC,Coriander(Leaves),Coriander,FAQ,2026-01-24,9125.0,9225.0,9225.0,0.169,Rs./Bundle,Bundle
Madhya Pradesh,Rajgarh,Jeerapur APMC,Lentil(Masur)(Whole),Masur Dal,FAQ,2026-01-24,6470.0,6525.0,6525.0,0.97,Rs./Quintal,Metric Tonnes
Madhya Pradesh,Rajgarh,Jeerapur APMC,Maize,Local,FAQ,2026-01-24,1565.0,1645.0,1645.0,3.2100000000000004,Rs./Quintal,Metric Tonnes
Madhya Pradesh,Rajgarh,Jeerapur APMC,Mustard,Mustard,FAQ,2026-01-24,6460.0,6535.0,6535.0,3.9619999999999997,Rs./Quintal,Metric Tonnes
Madhya Pradesh,Rajgarh,Jeerapur APMC,Soyabean,Soyabeen,FAQ,2026-01-24,4050.0,5580.0,5370.0,43.18600000000001,Rs./Quintal,Metric Tonnes
Madhya Pradesh,Rajgarh,Jeerapur APMC,Wheat,Wheat,FAQ,2026-01-24,2401.0,2550.0,2535.0,133.764,Rs./Quintal,Metric Tonnes
Madhya Pradesh,Jhabua,Jhabua APMC,Cotton,Without Ginned Cotton,FAQ,2026-01-24,7000.0,7869.0,7600.0,231.46,Rs./Quintal,Metric Tonnes
Madhya Pradesh,Jhabua,Jhabua APMC,Groundnut,Big (With Shell),FAQ,2026-01-24,5000.0,5000.0,5000.0,2.5,Rs./Quintal,Metric Tonnes
Madhya Pradesh,Jhabua,Jhabua APMC,Soyabean,Soyabeen,FAQ,2026-01-24,5000.0,5000.0,5000.0,9.4,Rs./Quintal,Metric Tonnes
Madhya Pradesh,Jhabua,Jhabua APMC,Soyabean,Soybean-Organic,FAQ,2026-01-24,5100.0,5100.0,5100.0,2.5,Rs./Quintal,Metric Tonnes
Madhya Pradesh,Jhabua,Jhabua APMC,Soyabean,Yellow,FAQ,2026-01-24,5011.0,5021.0,5021.0,5.1000000000000005,Rs./Quintal,Metric Tonnes
Madhya Pradesh,Alirajpur,Jobat APMC,Cotton,Medium Fiber,FAQ,2026-01-24,6700.0,7400.0,6800.0,82.78800000000001,Rs./Quintal,Metric Tonnes
Madhya Pradesh,Alirajpur,Jobat APMC,Cotton,Without Ginned Cotton,Non-FAQ,2026-01-24,6800.0,7300.0,6800.0,58.0,Rs./Quintal,Metric Tonnes
Madhya Pradesh,Alirajpur,Jobat APMC,Cotton,Without Ginned Cotton,FAQ,2026-01-24,7011.0,8000.0,7600.0,191.43,Rs./Quintal,Metric Tonnes
Madhya Pradesh,Alirajpur,Jobat APMC,Maize,Local,FAQ,2026-01-24,1500.0,1500.0,1500.0,9.0,Rs./Quintal,Metric Tonnes
Madhya Pradesh,Alirajpur,Jobat APMC,Wheat,Wheat,FAQ,2026-01-24,2450.0,2450.0,2450.0,7.6000000000000005,Rs./Quintal,Metric Tonnes
Madhya Pradesh,Morena,Kailaras APMC,Bajra(Pearl Millet/Cumbu),Millet,FAQ,2026-01-24,1901.0,1937.0,1928.0,17.814,Rs./Quintal,Metric Tonnes
Madhya Pradesh,Morena,Kailaras APMC,Mustard,Mustard,FAQ,2026-01-24,6500.0,6799.0,6706.0,19.256,Rs./Quintal,Metric Tonnes
Madhya Pradesh,Morena,Kailaras APMC,Red gram/Arhar/Tur(whole),Arhar Dal(Tur),FAQ,2026-01-24,5010.0,6810.0,6810.0,2.0,Rs./Quintal,Metric Tonnes
Madhya Pradesh,Morena,Kailaras APMC,Soyabean,Soyabeen,FAQ,2026-01-24,5136.0,5200.0,5200.0,3.0,Rs./Quintal,Metric Tonnes
Madhya Pradesh,Morena,Kailaras APMC,Wheat,Wheat,FAQ,2026-01-24,2540.0,2543.0,2543.0,2.4160000000000004,Rs./Quintal,Metric Tonnes
Madhya Pradesh,Narsinghpur,Kareli APMC,Gur(Jaggery),Jaggery,FAQ,2026-01-24,3290.0,3500.0,3500.0,119.628,Rs./Quintal,Metric Tonnes
Madhya Pradesh,Shivpuri,Karera APMC,Groundnut,Big (With Shell),FAQ,2026-01-24,6000.0,6000.0,6000.0,16.64,Rs./Quintal,Metric Tonnes
Madhya Pradesh,Shivpuri,Karera APMC,Wheat,Mill Quality,FAQ,2026-01-24,2350.0,2411.0,2411.0,24.125,Rs./Quintal,Metric Tonnes
Madhya Pradesh,Khargone,Karhi APMC,Cotton,Without Ginned Cotton,FAQ,2026-01-24,7200.0,7200.0,7200.0,7.935,Rs./Quintal,Metric Tonnes
Madhya Pradesh,Khargone,Karhi APMC,Maize,Local,FAQ,2026-01-24,1680.0,1715.0,1715.0,68.14,Rs./Quintal,Metric Tonnes
Madhya Pradesh,Khargone,Karhi APMC,Wheat,Wheat,FAQ,2026-01-24,2500.0,2700.0,2700.0,14.035,Rs./Quintal,Metric Tonnes
Madhya Pradesh,Khargone,Kasrawad APMC,Wheat,Wheat,FAQ,2026-01-24,2425.0,2665.0,2650.0,139.379,Rs./Quintal,Metric Tonnes
Madhya Pradesh,Balaghat,Katangi APMC,Paddy(Common),Common,FAQ,2026-01-24,1830.0,1840.0,1840.0,67.55,Rs./Quintal,Metric Tonnes
Madhya Pradesh,Katni,Katni APMC,Cummin Seed(Jeera),Cummin Seed(Jeera),FAQ,2026-01-24,18500.0,18500.0,18500.0,6.0,Rs./Quintal,Metric Tonnes
Madhya Pradesh,Katni,Katni APMC,Kodo Millet(Varagu),Kondo,FAQ,2026-01-24,2300.0,2390.0,2390.0,33.4,Rs./Quintal,Metric Tonnes
Madhya Pradesh,Katni,Katni APMC,Red gram/Arhar/Tur(whole),Arhar Dal(Tur),FAQ,2026-01-24,6029.16,8180.41,7650.0,506.24399999999997,Rs./Quintal,Metric Tonnes
Madhya Pradesh,Katni,Katni APMC,Wheat,Mill Quality,FAQ,2026-01-24,2490.0,2710.0,2500.0,57.0,Rs./Quintal,Metric Tonnes
Madhya Pradesh,Katni,Katni APMC,Wheat,Wheat,FAQ,2026-01-24,2450.0,2600.0,2600.0,21.5,Rs./Quintal,Metric Tonnes
Madhya Pradesh,Seoni,Keolari APMC,Maize,Local,FAQ,2026-01-24,1625.0,1710.0,1710.0,117.10000000000001,Rs./Quintal,Metric Tonnes
Madhya Pradesh,Seoni,Keolari APMC,Wheat,Wheat,FAQ,2026-01-24,2425.0,2440.0,2425.0,21.5,Rs./Quintal,Metric Tonnes
Madhya Pradesh,Sagar,Kesli APMC,Maize,Local,FAQ,2026-01-24,1460.0,1555.0,1555.0,40.77,Rs./Quintal,Metric Tonnes
Madhya Pradesh,Sagar,Kesli APMC,Paddy(Common),Puspa (MR 301),FAQ,2026-01-24,3996.0,4200.0,3999.0,21.795,Rs./Quintal,Metric Tonnes
Madhya Pradesh,Sagar,Kesli APMC,Wheat,Wheat,FAQ,2026-01-24,2410.0,2410.0,2410.0,6.800000000000001,Rs./Quintal,Metric Tonnes
Madhya Pradesh,Khandwa,Khandwa APMC,Cotton,Without Ginned Cotton,FAQ,2026-01-24,7700.0,7700.0,7700.0,1.195,Rs./Quintal,Metric Tonnes
Madhya Pradesh,Tikamgarh,Khargapur APMC,Wheat,Mill Quality,FAQ,2026-01-24,2469.0,2510.0,2500.0,253.718,Rs./Quintal,Metric Tonnes
Madhya Pradesh,Khargone,Khargone APMC,Cotton,Without Ginned Cotton,FAQ,2026-01-24,5925.0,6130.0,6130.0,6.45,Rs./Quintal,Metric Tonnes
Madhya Pradesh,Khargone,Khargone APMC,Maize,Local,Non-FAQ,2026-01-24,1561.0,1580.0,1580.0,48.075,Rs./Quintal,Metric Tonnes
Madhya Pradesh,Khargone,Khargone APMC,Maize,Local,FAQ,2026-01-24,1150.0,1551.0,1550.0,51.36000000000001,Rs./Quintal,Metric Tonnes
Madhya Pradesh,Khargone,Khargone APMC,Red gram/Arhar/Tur(whole),Arhar Dal(Tur),FAQ,2026-01-24,6210.0,6210.0,6210.0,3.1850000000000005,Rs./Quintal,Metric Tonnes
Madhya Pradesh,Khargone,Khargone APMC,Soyabean,Soyabeen,FAQ,2026-01-24,5100.0,5100.0,5100.0,3.4450000000000003,Rs./Quintal,Metric Tonnes
Madhya Pradesh,Khargone,Khargone APMC,Wheat,Wheat,FAQ,2026-01-24,2515.0,2550.0,2550.0,11.535,Rs./Quintal,Metric Tonnes
Madhya Pradesh,Khargone,Khargone APMC,Wheat,Wheat,Non-FAQ,2026-01-24,2400.0,2400.0,2400.0,8.25,Rs./Quintal,Metric Tonnes
Madhya Pradesh,Dewas,Khategaon APMC,Bengal Gram(Gram)(Whole),Gram,FAQ,2026-01-24,4900.0,5021.0,5000.0,28.628,Rs./Quintal,Metric Tonnes
Madhya Pradesh,Dewas,Khategaon APMC,Black Gram(Urd Beans)(Whole),Urda/Urd,FAQ,2026-01-24,7450.0,7560.0,7560.0,15.440000000000001,Rs./Quintal,Metric Tonnes
Madhya Pradesh,Shivpuri,Khatora APMC,Maize,Local,FAQ,2026-01-24,1402.0,1520.0,1520.0,32.9,Rs./Quintal,Metric Tonnes
Madhya Pradesh,Shivpuri,Khatora APMC,Wheat,Wheat,FAQ,2026-01-24,2225.0,2225.0,2225.0,2.5,Rs./Quintal,Metric Tonnes
Madhya Pradesh,Badwani,Khetia APMC,Cotton,Without Ginned Cotton,FAQ,2026-01-24,6825.0,9005.0,7900.0,301.699,Rs./Quintal,Metric Tonnes
Madhya Pradesh,Badwani,Khetia APMC,Maize,Yellow,FAQ,2026-01-24,1660.0,1740.0,1740.0,8.725,Rs./Quintal,Metric Tonnes
Madhya Pradesh,Rajgarh,Khilchipur APMC,Maize,Local,FAQ,2026-01-24,1575.0,1741.0,1727.0,26.051000000000002,Rs./Quintal,Metric Tonnes
Madhya Pradesh,Rajgarh,Khilchipur APMC,Soyabean,Soyabeen,FAQ,2026-01-24,5025.0,5405.0,5405.0,3.361,Rs./Quintal,Metric Tonnes
Madhya Pradesh,Rajgarh,Khilchipur APMC,Wheat,Mill Quality,Non-FAQ,2026-01-24,2510.0,2535.0,2535.0,42.1,Rs./Quintal,Metric Tonnes
Madhya Pradesh,Rajgarh,Khilchipur APMC,Wheat,Mill Quality,FAQ,2026-01-24,2450.0,2535.0,2529.0,42.064,Rs./Quintal,Metric Tonnes
Madhya Pradesh,Rajgarh,Khujner APMC,Lentil(Masur)(Whole),Masur Dal,FAQ,2026-01-24,5700.0,5700.0,5700.0,3.0,Rs./Quintal,Metric Tonnes
Madhya Pradesh,Sagar,Khurai APMC,Maize,Local,FAQ,2026-01-24,1470.0,1470.0,1470.0,36.5,Rs./Quintal,Metric Tonnes
Madhya Pradesh,Sagar,Khurai APMC,Maize,Hybrid Red (Cattle Feed),FAQ,2026-01-24,1600.0,1600.0,1600.0,58.410000000000004,Rs./Quintal,Metric Tonnes
Madhya Pradesh,Sagar,Khurai APMC,Maize,Deshi Red,FAQ,2026-01-24,1470.0,1470.0,1470.0,1.5,Rs./Quintal,Metric Tonnes
Madhya Pradesh,Shivpuri,Kolaras APMC,Black Gram(Urd Beans)(Whole),Urda/Urd,FAQ,2026-01-24,5280.0,5280.0,5280.0,23.799000000000003,Rs./Quintal,Metric Tonnes
Madhya Pradesh,Mandla,Krishi Upaj Mandi Samiti Bichhiya,Kodo Millet(Varagu),Kondo,FAQ,2026-01-24,2500.0,2800.0,2800.0,9.58,Rs./Quintal,Metric Tonnes
Madhya Pradesh,Mandla,Krishi Upaj Mandi Samiti Bichhiya,Kutki,Kutki,FAQ,2026-01-24,4000.0,4400.0,4400.0,11.64,Rs./Quintal,Metric Tonnes
Madhya Pradesh,Mandla,Krishi Upaj Mandi Samiti Bichhiya,Mustard,Mustard,Non-FAQ,2026-01-24,5000.0,5000.0,5000.0,2.5,Rs./Quintal,Metric Tonnes
Madhya Pradesh,Mandla,Krishi Upaj Mandi Samiti Bichhiya,Niger Seed(Ramtil),Ramatilli,Non-FAQ,2026-01-24,9500.0,9500.0,9500.0,3.0,Rs./Quintal,Metric Tonnes
Madhya Pradesh,Mandla,Krishi Upaj Mandi Samiti Bichhiya,Paddy(Common),Common,Non-FAQ,2026-01-24,1950.0,1950.0,1950.0,90.0,Rs./Quintal,Metric Tonnes
Madhya Pradesh,Mandla,Krishi Upaj Mandi Samiti Bichhiya,Paddy(Common),Dhan,Non-FAQ,2026-01-24,2051.0,2090.0,2090.0,32.663000000000004,Rs./Quintal,Metric Tonnes
Madhya Pradesh,Mandla,Krishi Upaj Mandi Samiti Bichhiya,Rayee,Raee,FAQ,2026-01-24,6200.0,6200.0,6200.0,2.0,Rs./Quintal,Metric Tonnes
Madhya Pradesh,Mandla,Krishi Upaj Mandi Samiti Bichhiya,Wheat,Mill Quality,FAQ,2026-01-24,2550.0,2580.0,2550.0,17.82,Rs./Quintal,Metric Tonnes
Madhya Pradesh,Mandla,Krishi Upaj Mandi Samiti Bichhiya,Wheat,Wheat,Non-FAQ,2026-01-24,2530.0,2550.0,2550.0,18.740000000000002,Rs./Quintal,Metric Tonnes
Madhya Pradesh,Mandla,Krishi Upaj Mandi Samiti Bichhiya,buttery,Buttery,FAQ,2026-01-24,3200.0,3200.0,3200.0,3.5,Rs./Quintal,Metric Tonnes
Madhya Pradesh,Dhar,Kukshi APMC,Cotton,Without Ginned Cotton,FAQ,2026-01-24,6500.0,7650.0,7500.0,58.754,Rs./Quintal,Metric Tonnes
Madhya Pradesh,Dhar,Kukshi APMC,Cotton,Medium Fiber,FAQ,2026-01-24,6980.0,6995.0,6995.0,4.920000000000001,Rs./Quintal,Metric Tonnes
Madhya Pradesh,Dhar,Kukshi APMC,Maize,Yellow,FAQ,2026-01-24,1500.0,1550.0,1550.0,22.05,Rs./Quintal,Metric Tonnes
Madhya Pradesh,Dhar,Kukshi APMC,Maize,Local,FAQ,2026-01-24,1500.0,1750.0,1600.0,108.15,Rs./Quintal,Metric Tonnes
Madhya Pradesh,Dhar,Kukshi APMC,Wheat,Wheat,FAQ,2026-01-24,2300.0,2600.0,2300.0,81.31400000000001,Rs./Quintal,Metric Tonnes
Madhya Pradesh,Rajgarh,Kurawar APMC,Bengal Gram(Gram)(Whole),Gram,FAQ,2026-01-24,4700.0,5065.0,5065.0,0.845,Rs./Quintal,Metric Tonnes
Madhya Pradesh,Rajgarh,Kurawar APMC,Lentil(Masur)(Whole),Masur Dal,FAQ,2026-01-24,5510.0,6145.0,6145.0,1.3390000000000002,Rs./Quintal,Metric Tonnes
Madhya Pradesh,Rajgarh,Kurawar APMC,Mustard,Mustard,FAQ,2026-01-24,5050.0,5050.0,5050.0,0.051000000000000004,Rs./Quintal,Metric Tonnes
Madhya Pradesh,Rajgarh,Kurawar APMC,Soyabean,Soyabeen,FAQ,2026-01-24,955.0,5630.0,5300.0,108.73,Rs./Quintal,Metric Tonnes
Madhya Pradesh,Rajgarh,Kurawar APMC,Wheat,Wheat,FAQ,2026-01-24,2300.0,2795.0,2625.0,64.889,Rs./Quintal,Metric Tonnes
Madhya Pradesh,Rajgarh,Kurawar APMC,Wheat,Local,FAQ,2026-01-24,2625.0,2625.0,2625.0,0.584,Rs./Quintal,Metric Tonnes
Madhya Pradesh,Bhind,Lahar APMC,Bajra(Pearl Millet/Cumbu),Millet,FAQ,2026-01-24,1906.0,1910.0,1910.0,3.3000000000000003,Rs./Quintal,Metric Tonnes
Madhya Pradesh,Bhind,Lahar APMC,Mustard,Mustard,FAQ,2026-01-24,6575.0,6696.0,6696.0,1.6,Rs./Quintal,Metric Tonnes
Madhya Pradesh,Bhind,Lahar APMC,Wheat,Wheat,FAQ,2026-01-24,2432.0,2514.0,2511.0,37.1,Rs./Quintal,Metric Tonnes
Madhya Pradesh,Seoni,Lakhnadon APMC,Maize,Local,Non-FAQ,2026-01-24,1550.0,1580.0,1580.0,19.0,Rs./Quintal,Metric Tonnes
Madhya Pradesh,Seoni,Lakhnadon APMC,Maize,Local,FAQ,2026-01-24,1475.0,1509.0,1502.0,104.4,Rs./Quintal,Metric Tonnes
Madhya Pradesh,Seoni,Lakhnadon APMC,Maize,Yellow,Non-FAQ,2026-01-24,1519.0,1600.0,1600.0,30.900000000000002,Rs./Quintal,Metric Tonnes
Madhya Pradesh,Seoni,Lakhnadon APMC,Maize,Yellow,FAQ,2026-01-24,1485.0,1600.0,1485.0,114.4,Rs./Quintal,Metric Tonnes
Madhya Pradesh,Balaghat,Lalbarra APMC,Paddy(Common),Paddy,FAQ,2026-01-24,2045.0,2045.0,2045.0,69.0,Rs./Quintal,Metric Tonnes
Madhya Pradesh,Gwalior,Lashkar APMC,Jowar(Sorghum),Jowar (Yellow),FAQ,2026-01-24,1925.0,1925.0,1925.0,0.5,Rs./Quintal,Metric Tonnes
Madhya Pradesh,Gwalior,Lashkar APMC,Mustard,Mustard,FAQ,2026-01-24,6575.0,6900.0,6900.0,62.575,Rs./Quintal,Metric Tonnes
Madhya Pradesh,Gwalior,Lashkar APMC,Paddy(Common),Dhan,FAQ,2026-01-24,3275.0,3575.0,3300.0,132.97,Rs./Quintal,Metric Tonnes
Madhya Pradesh,Gwalior,Lashkar APMC,Wheat,Wheat,FAQ,2026-01-24,2400.0,2550.0,2550.0,12.985,Rs./Quintal,Metric Tonnes
Madhya Pradesh,Chhatarpur,LavKush Nagar(Laundi) APMC,Bengal Gram(Gram)(Whole),Desi (F.A.Q. Split),Non-FAQ,2026-01-24,5120.0,5300.0,5200.0,26.8,Rs./Quintal,Metric Tonnes
Madhya Pradesh,Chhatarpur,LavKush Nagar(Laundi) APMC,Mustard,Mustard,Non-FAQ,2026-01-24,5950.0,6100.0,6100.0,22.5,Rs./Quintal,Metric Tonnes
Madhya Pradesh,Dewas,Loharda APMC,Maize,Local,FAQ,2026-01-24,14.5,1600.0,1450.0,63.865,Rs./Quintal,Metric Tonnes
Madhya Pradesh,Dewas,Loharda APMC,Wheat,Wheat,FAQ,2026-01-24,2480.0,2750.0,2750.0,55.855,Rs./Quintal,Metric Tonnes
Madhya Pradesh,Rajgarh,Machalpur APMC,Coriander(Leaves),Coriander,FAQ,2026-01-24,8265.0,9550.0,9550.0,6.931000000000001,Rs./Bundle,Bundle
Madhya Pradesh,Rajgarh,Machalpur APMC,Soyabean,Soyabeen,FAQ,2026-01-24,4735.0,5355.0,5355.0,4.432,Rs./Quintal,Metric Tonnes
Madhya Pradesh,Shivpuri,Magroni APMC,Paddy(Common),Paddy,FAQ,2026-01-24,1822.0,3291.0,3291.0,24.3,Rs./Quintal,Metric Tonnes
Madhya Pradesh,Shivpuri,Magroni APMC,Wheat,Wheat,Non-FAQ,2026-01-24,2486.0,2512.0,2496.0,32.6,Rs./Quintal,Metric Tonnes
Madhya Pradesh,Sagar,Malthone APMC,Wheat,Wheat,FAQ,2026-01-24,2385.0,2415.0,2400.0,57.2,Rs./Quintal,Metric Tonnes
Madhya Pradesh,Dhar,Manawar APMC,Maize,Local,Non-FAQ,2026-01-24,1500.0,1700.0,1700.0,35.003,Rs./Quintal,Metric Tonnes
Madhya Pradesh,Dhar,Manawar APMC,Maize,Local,FAQ,2026-01-24,1500.0,1500.0,1500.0,1.03,Rs./Quintal,Metric Tonnes
Madhya Pradesh,Dhar,Manawar APMC,Soanf,Soanf,FAQ,2026-01-24,8000.0,13000.0,8500.0,13.322000000000001,Rs./Quintal,Metric Tonnes
Madhya Pradesh,Mandla,Mandla APMC,Paddy(Common),Common,FAQ,2026-01-24,2000.0,2010.0,2010.0,19.0,Rs./Quintal,Metric Tonnes
Madhya Pradesh,Mandla,Mandla APMC,Paddy(Common),Paddy,FAQ,2026-01-24,2010.0,2010.0,2010.0,9.5,Rs./Quintal,Metric Tonnes
Madhya Pradesh,Mandla,Mandla APMC,Paddy(Common),Paddy,Non-FAQ,2026-01-24,1800.0,1801.0,1801.0,32.0,Rs./Quintal,Metric Tonnes
Madhya Pradesh,Mandla,Mandla APMC,buttery,Buttery,FAQ,2026-01-24,3050.0,3050.0,3050.0,5.0,Rs./Quintal,Metric Tonnes
Madhya Pradesh,Satna,Mehar APMC,Wheat,Wheat,Non-FAQ,2026-01-24,2400.0,2410.0,2400.0,73.45,Rs./Quintal,Metric Tonnes
Madhya Pradesh,Bhind,Mehgaon APMC,Mustard,Mustard,FAQ,2026-01-24,6490.0,6560.0,6560.0,23.205000000000002,Rs./Quintal,Metric Tonnes
Madhya Pradesh,Indore,Mhow APMC,Wheat,Mill Quality,Non-FAQ,2026-01-24,2450.0,2510.0,2510.0,8.08,Rs./Quintal,Metric Tonnes
Madhya Pradesh,Balaghat,Mohgaon APMC,Kodo Millet(Varagu),Kondo,FAQ,2026-01-24,2520.0,2525.0,2520.0,39.1,Rs./Quintal,Metric Tonnes
Madhya Pradesh,Balaghat,Mohgaon APMC,Wheat,Wheat Mix,FAQ,2026-01-24,2455.0,2455.0,2455.0,10.5,Rs./Quintal,Metric Tonnes
Madhya Pradesh,Morena,Morena APMC,Bajra(Pearl Millet/Cumbu),Millet,Non-FAQ,2026-01-24,1800.0,1839.0,1831.0,39.32,Rs./Quintal,Metric Tonnes
Madhya Pradesh,Morena,Morena APMC,Mustard,Mustard,Non-FAQ,2026-01-24,6500.0,6850.0,6785.0,40.045,Rs./Quintal,Metric Tonnes
Madhya Pradesh,Morena,Morena APMC,Potato,Potato,Non-FAQ,2026-01-24,400.0,600.0,600.0,34.0,Rs./Quintal,Metric Tonnes
Madhya Pradesh,Morena,Morena APMC,Tomato,Tomato,Non-FAQ,2026-01-24,1000.0,1000.0,1000.0,6.0,Rs./Quintal,Metric Tonnes
Madhya Pradesh,Morena,Morena APMC,Wheat,Wheat,Non-FAQ,2026-01-24,2476.0,2534.0,2529.0,18.849,Rs./Quintal,Metric Tonnes
Madhya Pradesh,Betul,Multai APMC,Maize,Maize/Corn-Organic,FAQ,2026-01-24,1400.0,1500.0,1500.0,14.0,Rs./Quintal,Metric Tonnes
Madhya Pradesh,Betul,Multai APMC,Maize,Local,Non-FAQ,2026-01-24,1605.0,1714.0,1644.0,196.71,Rs./Quintal,Metric Tonnes
Madhya Pradesh,Betul,Multai APMC,Maize,Yellow,FAQ,2026-01-24,1600.0,1660.0,1650.0,424.97,Rs./Quintal,Metric Tonnes
Madhya Pradesh,Betul,Multai APMC,Wheat,Mill Quality,FAQ,2026-01-24,2550.0,2575.0,2575.0,19.1,Rs./Quintal,Metric Tonnes
Madhya Pradesh,Satna,Nagod APMC,Wheat,Mill Quality,Non-FAQ,2026-01-24,2525.0,2555.0,2530.0,36.9,Rs./Quintal,Metric Tonnes
Madhya Pradesh,Mandla,Nainpur APMC,Maize,Yellow,FAQ,2026-01-24,1500.0,1800.0,1500.0,37.0,Rs./Quintal,Metric Tonnes
Madhya Pradesh,Shajapur,Nalkehda APMC,Wheat,Wheat,FAQ,2026-01-24,2400.0,2400.0,2400.0,3.59,Rs./Quintal,Metric Tonnes
Madhya Pradesh,Narsinghpur,Narsinghpur APMC,Bengal Gram(Gram)(Whole),Desi (F.A.Q. Split),FAQ,2026-01-24,5300.0,5300.0,5300.0,2.5,Rs./Quintal,Metric Tonnes
Madhya Pradesh,Narsinghpur,Narsinghpur APMC,Gur(Jaggery),Jaggery,FAQ,2026-01-24,3200.0,3740.0,3500.0,123.37700000000001,Rs./Quintal,Metric Tonnes
Madhya Pradesh,Narsinghpur,Narsinghpur APMC,Maize,Yellow,FAQ,2026-01-24,1590.0,1600.0,1600.0,20.0,Rs./Quintal,Metric Tonnes
Madhya Pradesh,Sehore,Nasrullaganj APMC,Maize,Local,Non-FAQ,2026-01-24,1450.0,1543.0,1500.0,74.304,Rs./Quintal,Metric Tonnes
Madhya Pradesh,Sehore,Nasrullaganj APMC,Maize,Local,FAQ,2026-01-24,1317.0,1580.0,1317.0,62.24600000000001,Rs./Quintal,Metric Tonnes
Madhya Pradesh,Sehore,Nasrullaganj APMC,Soyabean,Soyabeen,FAQ,2026-01-24,5200.0,5200.0,5200.0,39.304,Rs./Quintal,Metric Tonnes
Madhya Pradesh,Tikamgarh,Niwadi APMC,Groundnut,Big (With Shell),FAQ,2026-01-24,6400.0,7000.0,7000.0,47.800000000000004,Rs./Quintal,Metric Tonnes
Madhya Pradesh,Tikamgarh,Niwadi APMC,Groundnut,Big (With Shell),Non-FAQ,2026-01-24,6400.0,7565.0,7000.0,59.0,Rs./Quintal,Metric Tonnes
Madhya Pradesh,Tikamgarh,Niwadi APMC,Wheat,Mill Quality,Non-FAQ,2026-01-24,2420.0,2516.0,2495.0,304.932,Rs./Quintal,Metric Tonnes
Madhya Pradesh,Raisen,Obedullaganj APMC,Paddy(Common),Dhan,FAQ,2026-01-24,3700.0,3880.0,3700.0,129.19500000000002,Rs./Quintal,Metric Tonnes
Madhya Pradesh,Raisen,Obedullaganj APMC,Paddy(Common),Paddy,Non-FAQ,2026-01-24,3950.0,3950.0,3950.0,47.0,Rs./Quintal,Metric Tonnes
Madhya Pradesh,Raisen,Obedullaganj APMC,Paddy(Common),Paddy,FAQ,2026-01-24,3775.0,3800.0,3775.0,105.65,Rs./Quintal,Metric Tonnes
Madhya Pradesh,Raisen,Obedullaganj APMC,Paddy(Common),Puspa (MR 301),FAQ,2026-01-24,3900.0,3900.0,3900.0,19.5,Rs./Quintal,Metric Tonnes
Madhya Pradesh,Raisen,Obedullaganj APMC,Paddy(Common),Basmati,FAQ,2026-01-24,2900.0,3850.0,2900.0,61.050000000000004,Rs./Quintal,Metric Tonnes
Madhya Pradesh,Jabalpur,Paatan APMC,Red gram/Arhar/Tur(whole),Arhar Dal(Tur),FAQ,2026-01-24,6000.0,6000.0,6000.0,6.1000000000000005,Rs./Quintal,Metric Tonnes
Madhya Pradesh,Rajgarh,Pachaur APMC,Coriander(Leaves),Coriander,FAQ,2026-01-24,9000.0,9300.0,9300.0,0.10300000000000001,Rs./Bundle,Bundle
Madhya Pradesh,Rajgarh,Pachaur APMC,Lentil(Masur)(Whole),Masur Dal,FAQ,2026-01-24,4850.0,6805.0,6805.0,7.76,Rs./Quintal,Metric Tonnes
Madhya Pradesh,Rajgarh,Pachaur APMC,Mustard,Mustard,FAQ,2026-01-24,6190.0,6495.0,6495.0,0.254,Rs./Quintal,Metric Tonnes
Madhya Pradesh,Rajgarh,Pachaur APMC,Soyabean,Soyabeen,FAQ,2026-01-24,2085.0,5455.0,5400.0,99.269,Rs./Quintal,Metric Tonnes
Madhya Pradesh,Rajgarh,Pachaur APMC,Soyabean,Soyabeen,Non-FAQ,2026-01-24,5405.0,5405.0,5405.0,0.646,Rs./Quintal,Metric Tonnes
Madhya Pradesh,Rajgarh,Pachaur APMC,Wheat,Wheat,Non-FAQ,2026-01-24,2500.0,2650.0,2500.0,52.89500000000001,Rs./Quintal,Metric Tonnes
Madhya Pradesh,Rajgarh,Pachaur APMC,Wheat,Wheat,FAQ,2026-01-24,2200.0,2616.0,2500.0,218.98800000000003,Rs./Quintal,Metric Tonnes
Madhya Pradesh,Rajgarh,Pachaur APMC,Wheat,Mill Quality,FAQ,2026-01-24,2600.0,2725.0,2670.0,26.104000000000003,Rs./Quintal,Metric Tonnes
Madhya Pradesh,Seoni,Palari APMC,Maize,Yellow,FAQ,2026-01-24,1600.0,1600.0,1600.0,3.0,Rs./Quintal,Metric Tonnes
Madhya Pradesh,Seoni,Palari APMC,Maize,Local,FAQ,2026-01-24,1640.0,1650.0,1650.0,64.12,Rs./Quintal,Metric Tonnes
Madhya Pradesh,Tikamgarh,Palera APMC,Wheat,Mill Quality,Non-FAQ,2026-01-24,2530.0,2560.0,2547.0,325.8,Rs./Quintal,Metric Tonnes
Madhya Pradesh,Chhindwara,Pandhurna APMC,Maize,Local,FAQ,2026-01-24,1600.0,1630.0,1600.0,82.10000000000001,Rs./Quintal,Metric Tonnes
Madhya Pradesh,Chhindwara,Pandhurna APMC,Maize,Local,Non-FAQ,2026-01-24,1578.0,1625.0,1625.0,32.455000000000005,Rs./Quintal,Metric Tonnes
Madhya Pradesh,Panna,Panna APMC,Green Peas,Pea,FAQ,2026-01-24,3900.0,3900.0,3900.0,5.0,Rs./Quintal,Metric Tonnes
Madhya Pradesh,Damoh,Patharia APMC,Maize,Local,Non-FAQ,2026-01-24,1400.0,1495.0,1495.0,74.0,Rs./Quintal,Metric Tonnes
Madhya Pradesh,Jhabua,Petlawad APMC,Cotton,Without Ginned Cotton,FAQ,2026-01-24,6850.0,6850.0,6850.0,2.3000000000000003,Rs./Quintal,Metric Tonnes
Madhya Pradesh,Jhabua,Petlawad APMC,Maize,Yellow,FAQ,2026-01-24,1575.0,1575.0,1575.0,21.911,Rs./Quintal,Metric Tonnes
Madhya Pradesh,Jhabua,Petlawad APMC,Wheat,Mill Quality,FAQ,2026-01-24,2100.0,2100.0,2100.0,5.0,Rs./Quintal,Metric Tonnes
Madhya Pradesh,Shivpuri,Pichhour APMC,Groundnut,Big (With Shell),Non-FAQ,2026-01-24,5490.0,6612.0,6539.0,81.7,Rs./Quintal,Metric Tonnes
Madhya Pradesh,Shivpuri,Pichhour APMC,Wheat,Wheat,Non-FAQ,2026-01-24,2365.0,2415.0,2415.0,38.900000000000006,Rs./Quintal,Metric Tonnes
Madhya Pradesh,Hoshangabad,Pipariya APMC,Paddy(Common),Puspa (MR 301),FAQ,2026-01-24,3600.0,3950.0,3875.0,496.067,Rs./Quintal,Metric Tonnes
Madhya Pradesh,Hoshangabad,Pipariya APMC,Paddy(Common),Paddy,FAQ,2026-01-24,3400.0,3850.0,3850.0,49.74700000000001,Rs./Quintal,Metric Tonnes
Madhya Pradesh,Shivpuri,Pohari APMC,Mustard,Mustard,Non-FAQ,2026-01-24,5600.0,6525.0,6525.0,10.219000000000001,Rs./Quintal,Metric Tonnes
Madhya Pradesh,Shivpuri,Pohari APMC,Soyabean,Soyabeen,Non-FAQ,2026-01-24,5000.0,5100.0,5100.0,5.689,Rs./Quintal,Metric Tonnes
Madhya Pradesh,Tikamgarh,Prithvipur APMC,Wheat,Mill Quality,Non-FAQ,2026-01-24,2475.0,2511.0,2501.0,91.30000000000001,Rs./Quintal,Metric Tonnes
Madhya Pradesh,Sagar,Rahatgarh APMC,Maize,Local,Non-FAQ,2026-01-24,1340.0,1637.0,1575.0,319.119,Rs./Quintal,Metric Tonnes
Madhya Pradesh,Sagar,Rahatgarh APMC,Maize,Local,FAQ,2026-01-24,1575.0,1600.0,1600.0,10.548000000000002,Rs./Quintal,Metric Tonnes
Madhya Pradesh,Sagar,Rahatgarh APMC,Soyabean,Yellow,FAQ,2026-01-24,5410.0,5410.0,5410.0,0.264,Rs./Quintal,Metric Tonnes
Madhya Pradesh,Sagar,Rahatgarh APMC,Soyabean,Yellow,Non-FAQ,2026-01-24,4901.0,4901.0,4901.0,0.44400000000000006,Rs./Quintal,Metric Tonnes
Madhya Pradesh,Sagar,Rahatgarh APMC,Wheat,Mill Quality,Non-FAQ,2026-01-24,2395.0,2530.0,2450.0,14.21,Rs./Quintal,Metric Tonnes
Madhya Pradesh,Raisen,Raisen APMC,Maize,Yellow,FAQ,2026-01-24,1500.0,1505.0,1505.0,23.3,Rs./Quintal,Metric Tonnes
Madhya Pradesh,Raisen,Raisen APMC,Paddy(Common),Paddy,FAQ,2026-01-24,3700.0,4000.0,3980.0,138.77,Rs./Quintal,Metric Tonnes
Madhya Pradesh,Raisen,Raisen APMC,Paddy(Common),Dhan,FAQ,2026-01-24,3918.0,3918.0,3918.0,23.1,Rs./Quintal,Metric Tonnes
Madhya Pradesh,Raisen,Raisen APMC,Paddy(Common),Puspa (MR 301),FAQ,2026-01-24,3400.0,3650.0,3650.0,2.91,Rs./Quintal,Metric Tonnes
Madhya Pradesh,Raisen,Raisen APMC,Paddy(Common),Basmati,FAQ,2026-01-24,3650.0,3955.0,3700.0,496.413,Rs./Quintal,Metric Tonnes
Madhya Pradesh,Dhar,Rajgarh APMC,Soyabean,Soyabeen,Non-FAQ,2026-01-24,5000.0,5050.0,5050.0,7.1000000000000005,Rs./Quintal,Metric Tonnes
Madhya Pradesh,Satna,Ramnagar APMC,Bengal Gram(Gram)(Whole),Desi (F.A.Q. Split),Non-FAQ,2026-01-24,4990.0,5010.0,5010.0,5.7,Rs./Quintal,Metric Tonnes
Madhya Pradesh,Ratlam,Ratlam APMC,Maize,Local,FAQ,2026-01-24,1905.0,1910.0,1910.0,13.126,Rs./Quintal,Metric Tonnes
Madhya Pradesh,Morena,Sabalgarh APMC,Mustard,Mustard,Non-FAQ,2026-01-24,6680.0,6680.0,6680.0,2.786,Rs./Quintal,Metric Tonnes
Madhya Pradesh,Morena,Sabalgarh APMC,Mustard,Sarson(Black),Non-FAQ,2026-01-24,6670.0,6715.0,6715.0,8.813,Rs./Quintal,Metric Tonnes
Madhya Pradesh,Morena,Sabalgarh APMC,Red gram/Arhar/Tur(whole),Arhar Dal(Tur),Non-FAQ,2026-01-24,5350.0,5455.0,5455.0,6.1000000000000005,Rs./Quintal,Metric Tonnes
Madhya Pradesh,Morena,Sabalgarh APMC,Wheat,Mill Quality,Non-FAQ,2026-01-24,2450.0,2450.0,2450.0,2.0,Rs./Quintal,Metric Tonnes
Madhya Pradesh,Sagar,Sagar APMC,Maize,Local,FAQ,2026-01-24,1380.0,1600.0,1500.0,313.73900000000003,Rs./Quintal,Metric Tonnes
Madhya Pradesh,Sagar,Sagar APMC,Maize,Local,Non-FAQ,2026-01-24,1950.0,1995.0,1965.0,221.87199999999999,Rs./Quintal,Metric Tonnes
Madhya Pradesh,Sagar,Sagar APMC,Soyabean,Soyabeen,FAQ,2026-01-24,5175.0,5435.0,5435.0,8.413,Rs./Quintal,Metric Tonnes
Madhya Pradesh,Sagar,Sagar APMC,Wheat,PISSI,FAQ,2026-01-24,2335.0,2640.0,2640.0,7.327,Rs./Quintal,Metric Tonnes
Madhya Pradesh,Sagar,Sagar APMC,Wheat,Wheat,FAQ,2026-01-24,2300.0,2680.0,2300.0,50.272000000000006,Rs./Quintal,Metric Tonnes
Madhya Pradesh,Ratlam,Sailana APMC,Cotton,Without Ginned Cotton,FAQ,2026-01-24,7020.0,8100.0,7500.0,453.00800000000004,Rs./Quintal,Metric Tonnes
Madhya Pradesh,Ratlam,Sailana APMC,Cotton,Without Ginned Cotton,Non-FAQ,2026-01-24,7321.0,7800.0,7800.0,9.0,Rs./Quintal,Metric Tonnes
Madhya Pradesh,Ratlam,Sailana APMC,Cotton,Ginned Cotton,FAQ,2026-01-24,7725.0,7810.0,7810.0,12.642000000000001,Rs./Quintal,Metric Tonnes
Madhya Pradesh,Ratlam,Sailana APMC,Maize,Local,FAQ,2026-01-24,1550.0,1625.0,1600.0,100.60300000000001,Rs./Quintal,Metric Tonnes
Madhya Pradesh,Ratlam,Sailana APMC,Soyabean,Soyabeen,FAQ,2026-01-24,5300.0,5500.0,5400.0,9.703000000000001,Rs./Quintal,Metric Tonnes
Madhya Pradesh,Ratlam,Sailana APMC,Wheat,Lokwan,FAQ,2026-01-24,2311.0,2311.0,2311.0,10.765,Rs./Quintal,Metric Tonnes
Madhya Pradesh,Khargone,Sanawad APMC,Cotton,Without Ginned Cotton,Non-FAQ,2026-01-24,5300.0,5300.0,5300.0,0.7650000000000001,Rs./Quintal,Metric Tonnes
Madhya Pradesh,Khargone,Sanawad APMC,Wheat,Wheat,Non-FAQ,2026-01-24,2401.0,2401.0,2401.0,3.83,Rs./Quintal,Metric Tonnes
Madhya Pradesh,Khargone,Sanawad APMC,Wheat,Wheat,FAQ,2026-01-24,2360.0,2360.0,2360.0,3.89,Rs./Quintal,Metric Tonnes
Madhya Pradesh,Indore,Sanwer APMC,Soyabean,Soyabeen,FAQ,2026-01-24,5200.0,5350.0,5350.0,53.778999999999996,Rs./Quintal,Metric Tonnes
Madhya Pradesh,Indore,Sanwer APMC,Wheat,Wheat,FAQ,2026-01-24,2475.0,2475.0,2475.0,1.8870000000000002,Rs./Quintal,Metric Tonnes
Madhya Pradesh,Rajgarh,Sarangpur APMC,Onion,Local,Non-FAQ,2026-01-24,300.0,700.0,600.0,61.0,Rs./Quintal,Metric Tonnes
Madhya Pradesh,Rajgarh,Sarangpur APMC,Wheat,Mill Quality,FAQ,2026-01-24,2390.0,2600.0,2600.0,47.09,Rs./Quintal,Metric Tonnes
Madhya Pradesh,Satna,Satna APMC,Mustard,Mustard,FAQ,2026-01-24,6550.0,6580.0,6580.0,12.0,Rs./Quintal,Metric Tonnes
Madhya Pradesh,Satna,Satna APMC,Paddy(Common),Paddy,FAQ,2026-01-24,2250.0,2250.0,2250.0,24.040000000000003,Rs./Quintal,Metric Tonnes
Madhya Pradesh,Satna,Satna APMC,Wheat,Mill Quality,Non-FAQ,2026-01-24,2401.0,2405.0,2405.0,31.8,Rs./Quintal,Metric Tonnes
Madhya Pradesh,Satna,Satna APMC,Wheat,Wheat,FAQ,2026-01-24,2590.0,2650.0,2600.0,59.6,Rs./Quintal,Metric Tonnes
Madhya Pradesh,Chhindwara,Saunsar APMC,Red gram/Arhar/Tur(whole),Arhar Dal(Tur),FAQ,2026-01-24,6900.0,7100.0,7100.0,5.055,Rs./Quintal,Metric Tonnes
Madhya Pradesh,Khargone,Segaon APMC,Maize,Local,FAQ,2026-01-24,1500.0,1551.0,1551.0,35.075,Rs./Quintal,Metric Tonnes
Madhya Pradesh,Khargone,Segaon APMC,Maize,Local,Non-FAQ,2026-01-24,1550.0,1680.0,1550.0,39.29,Rs./Quintal,Metric Tonnes
Madhya Pradesh,Jabalpur,Sehora APMC,Wheat,Mill Quality,FAQ,2026-01-24,2400.0,2420.0,2420.0,20.863,Rs./Quintal,Metric Tonnes
Madhya Pradesh,Hoshangabad,Semriharchand APMC,Paddy(Common),Basmati,FAQ,2026-01-24,3200.0,3800.0,3800.0,388.71500000000003,Rs./Quintal,Metric Tonnes
Madhya Pradesh,Hoshangabad,Semriharchand APMC,Paddy(Common),Puspa (MR 301),FAQ,2026-01-24,3725.0,3925.0,3800.0,163.81,Rs./Quintal,Metric Tonnes
Madhya Pradesh,Hoshangabad,Semriharchand APMC,Paddy(Common),Dhan,FAQ,2026-01-24,3200.0,3200.0,3200.0,12.3,Rs./Quintal,Metric Tonnes
Madhya Pradesh,Hoshangabad,Semriharchand APMC,Paddy(Common),Puspa (MR 301),Non-FAQ,2026-01-24,3600.0,3600.0,3600.0,49.5,Rs./Quintal,Metric Tonnes
Madhya Pradesh,Hoshangabad,Semriharchand APMC,Paddy(Common),Paddy,FAQ,2026-01-24,3800.0,3800.0,3800.0,22.330000000000002,Rs./Quintal,Metric Tonnes
Madhya Pradesh,Hoshangabad,Semriharchand APMC,Paddy(Common),Basmati,Non-FAQ,2026-01-24,3900.0,3900.0,3900.0,84.7,Rs./Quintal,Metric Tonnes
Madhya Pradesh,Badwani,Sendhwa APMC,Cotton,Without Ginned Cotton,FAQ,2026-01-24,6500.0,7780.0,7600.0,118.705,Rs./Quintal,Metric Tonnes
Madhya Pradesh,Badwani,Sendhwa APMC,Maize,Yellow,Non-FAQ,2026-01-24,1451.0,1451.0,1451.0,7.9,Rs./Quintal,Metric Tonnes
Madhya Pradesh,Badwani,Sendhwa APMC,Maize,Local,Non-FAQ,2026-01-24,1410.0,1665.0,1535.0,103.745,Rs./Quintal,Metric Tonnes
Madhya Pradesh,Badwani,Sendhwa APMC,Maize,Local,FAQ,2026-01-24,1400.0,1640.0,1555.0,173.96,Rs./Quintal,Metric Tonnes
Madhya Pradesh,Badwani,Sendhwa APMC,Red gram/Arhar/Tur(whole),Arhar Dal(Tur),FAQ,2026-01-24,6600.0,7000.0,7000.0,12.595,Rs./Quintal,Metric Tonnes
Madhya Pradesh,Badwani,Sendhwa APMC,Soyabean,Soyabeen,FAQ,2026-01-24,5405.0,5485.0,5460.0,6.170000000000001,Rs./Quintal,Metric Tonnes
Madhya Pradesh,Seoni,Seoni APMC,Maize,Maize/Corn-Organic,FAQ,2026-01-24,1550.0,1600.0,1580.0,46.6,Rs./Quintal,Metric Tonnes
Madhya Pradesh,Seoni,Seoni APMC,Maize,Deshi Red,Non-FAQ,2026-01-24,1585.0,1585.0,1585.0,11.200000000000001,Rs./Quintal,Metric Tonnes
Madhya Pradesh,Seoni,Seoni APMC,Maize,Local,Non-FAQ,2026-01-24,1505.0,1796.0,1600.0,359.71000000000004,Rs./Quintal,Metric Tonnes
Madhya Pradesh,Seoni,Seoni APMC,Maize,Local,FAQ,2026-01-24,16.0,1915.0,1580.0,514.848,Rs./Quintal,Metric Tonnes
Madhya Pradesh,Seoni,Seoni APMC,Maize,Yellow,FAQ,2026-01-24,1500.0,1615.0,1600.0,878.9100000000001,Rs./Quintal,Metric Tonnes
Madhya Pradesh,Seoni,Seoni APMC,Wheat,Mill Quality,Non-FAQ,2026-01-24,2350.0,2400.0,2400.0,24.5,Rs./Quintal,Metric Tonnes
Madhya Pradesh,Datia,Sevda APMC,Bengal Gram(Gram)(Whole),Gram,Non-FAQ,2026-01-24,5008.0,5008.0,5008.0,1.0,Rs./Quintal,Metric Tonnes
Madhya Pradesh,Datia,Sevda APMC,Paddy(Common),Paddy,FAQ,2026-01-24,3400.0,3650.0,3500.0,24.5,Rs./Quintal,Metric Tonnes
Madhya Pradesh,Datia,Sevda APMC,Paddy(Common),Dhan,Non-FAQ,2026-01-24,3100.0,3450.0,3410.0,113.4,Rs./Quintal,Metric Tonnes
Madhya Pradesh,Datia,Sevda APMC,Wheat,Mill Quality,Non-FAQ,2026-01-24,2451.0,2470.0,2470.0,3.8000000000000003,Rs./Quintal,Metric Tonnes
Madhya Pradesh,Datia,Sevda APMC,Wheat,Wheat,Non-FAQ,2026-01-24,2532.0,2544.0,2540.0,99.60000000000001,Rs./Quintal,Metric Tonnes
Madhya Pradesh,Datia,Sevda APMC,Wheat,Mill Quality,FAQ,2026-01-24,2450.0,2450.0,2450.0,5.0,Rs./Quintal,Metric Tonnes
Madhya Pradesh,Sagar,Shahagarh APMC,Mustard,Mustard,Non-FAQ,2026-01-24,5981.0,6014.0,6014.0,9.700000000000001,Rs./Quintal,Metric Tonnes
Madhya Pradesh,Shehdol,Shahdol APMC,Soyabean,Soyabeen,Non-FAQ,2026-01-24,4200.0,4200.0,4200.0,4.0,Rs./Quintal,Metric Tonnes
Madhya Pradesh,Shehdol,Shahdol APMC,Wheat,Mill Quality,Non-FAQ,2026-01-24,2400.0,2400.0,2400.0,20.0,Rs./Quintal,Metric Tonnes
Madhya Pradesh,Jabalpur,Shahpura Bhitoni (F&V) APMC,Maize,Yellow,FAQ,2026-01-24,1600.0,1600.0,1600.0,24.400000000000002,Rs./Quintal,Metric Tonnes
Madhya Pradesh,Jabalpur,Shahpura(Jabalpur) APMC,Green Peas,Pea,FAQ,2026-01-24,3200.0,3400.0,3400.0,22.200000000000003,Rs./Quintal,Metric Tonnes
Madhya Pradesh,Jabalpur,Shahpura(Jabalpur) APMC,Paddy(Common),Paddy,FAQ,2026-01-24,2410.0,2410.0,2410.0,25.22,Rs./Quintal,Metric Tonnes
Madhya Pradesh,Jabalpur,Shahpura(Jabalpur) APMC,Wheat,Wheat,Non-FAQ,2026-01-24,2400.0,2400.0,2400.0,2.5,Rs./Quintal,Metric Tonnes
Madhya Pradesh,Shajapur,Shajapur APMC,Garlic,Garlic,FAQ,2026-01-24,1984.6,5862.0,5862.0,2.106,Rs./Quintal,Metric Tonnes
Madhya Pradesh,Shajapur,Shajapur APMC,Garlic,Desi,FAQ,2026-01-24,5372.5,5372.5,5372.5,1.08,Rs./Quintal,Metric Tonnes
Madhya Pradesh,Shajapur,Shajapur APMC,Onion,Onion,FAQ,2026-01-24,897.78,975.77,975.77,20.855000000000004,Rs./Quintal,Metric Tonnes
Madhya Pradesh,Shajapur,Shajapur APMC,Onion,Medium,FAQ,2026-01-24,210.0,1551.0,1359.0,972.8910000000001,Rs./Quintal,Metric Tonnes
Madhya Pradesh,Shajapur,Shajapur APMC,Onion,Medium,Non-FAQ,2026-01-24,250.0,1148.46,1148.46,266.239,Rs./Quintal,Metric Tonnes
Madhya Pradesh,Shajapur,Shajapur APMC,Potato,Potato,FAQ,2026-01-24,178.0,968.0,923.0,226.487,Rs./Quintal,Metric Tonnes
Madhya Pradesh,Shajapur,Shajapur APMC,Potato,Potato,Non-FAQ,2026-01-24,221.21,729.25,729.25,96.551,Rs./Quintal,Metric Tonnes
Madhya Pradesh,Vidisha,Shamshabad APMC,Paddy(Common),Paddy,Non-FAQ,2026-01-24,2300.0,2400.0,2400.0,24.400000000000002,Rs./Quintal,Metric Tonnes
Madhya Pradesh,Sheopur,Sheopurkalan APMC,Bengal Gram(Gram)(Whole),Gram,FAQ,2026-01-24,5200.0,5200.0,5200.0,1.5,Rs./Quintal,Metric Tonnes
Madhya Pradesh,Sheopur,Sheopurkalan APMC,Paddy(Common),Dhan,FAQ,2026-01-24,3500.0,3500.0,3500.0,15.372,Rs./Quintal,Metric Tonnes
Madhya Pradesh,Sidhi,Sidhi APMC,Wheat,Mill Quality,Non-FAQ,2026-01-24,2400.0,2460.0,2451.0,88.864,Rs./Quintal,Metric Tonnes
Madhya Pradesh,Raisen,Silvani APMC,Paddy(Common),Basmati,FAQ,2026-01-24,3700.0,3905.0,3800.0,321.385,Rs./Quintal,Metric Tonnes
Madhya Pradesh,Raisen,Silvani APMC,Paddy(Common),Dhan,FAQ,2026-01-24,3900.0,3910.0,3910.0,10.4,Rs./Quintal,Metric Tonnes
Madhya Pradesh,Raisen,Silvani APMC,Wheat,Wheat,FAQ,2026-01-24,2300.0,2300.0,2300.0,25.0,Rs./Quintal,Metric Tonnes
Madhya Pradesh,Vidisha,Sironj APMC,Bengal Gram(Gram)(Whole),Gram,FAQ,2026-01-24,4700.0,5160.0,4700.0,13.935,Rs./Quintal,Metric Tonnes
Madhya Pradesh,Vidisha,Sironj APMC,Maize,Local,FAQ,2026-01-24,1530.0,1800.0,1720.0,124.255,Rs./Quintal,Metric Tonnes
Madhya Pradesh,Dewas,Sonkatch APMC,Wheat,Wheat,FAQ,2026-01-24,2410.0,2560.0,2410.0,14.738999999999999,Rs./Quintal,Metric Tonnes
Madhya Pradesh,Shajapur,Soyatkalan APMC,Garlic,Garlic,FAQ,2026-01-24,3750.0,7000.0,7000.0,0.669,Rs./Quintal,Metric Tonnes
Madhya Pradesh,Agar Malwa,Soyatkalan(F&V) APMC,Garlic,Garlic,Grade Range-3,2026-01-24,600.0,7000.0,4000.0,3.4,Rs./Quintal,Metric Tonnes
Madhya Pradesh,Agar Malwa,Soyatkalan(F&V) APMC,Onion,Other,Medium,2026-01-24,165.0,1350.0,1025.0,5.7,Rs./Quintal,Metric Tonnes
Madhya Pradesh,Rajgarh,Suthalia APMC,Wheat,Wheat,FAQ,2026-01-24,2428.0,2428.0,2428.0,0.8460000000000001,Rs./Quintal,Metric Tonnes
Madhya Pradesh,Narsinghpur,Tendukheda APMC,Gur(Jaggery),Jaggery,FAQ,2026-01-24,3150.0,3150.0,3150.0,12.0,Rs./Quintal,Metric Tonnes
Madhya Pradesh,Narsinghpur,Tendukheda APMC,Maize,Local,FAQ,2026-01-24,1700.0,1700.0,1700.0,0.255,Rs./Quintal,Metric Tonnes
Madhya Pradesh,Jhabua,Thandla APMC,Cotton,Long fiber,FAQ,2026-01-24,7150.0,7200.0,7150.0,8.9,Rs./Quintal,Metric Tonnes
Madhya Pradesh,Jhabua,Thandla APMC,Cotton,Without Ginned Cotton,FAQ,2026-01-24,7200.0,8200.0,7350.0,537.7850000000001,Rs./Quintal,Metric Tonnes
Madhya Pradesh,Jhabua,Thandla APMC,Maize,Yellow,FAQ,2026-01-24,1500.0,1500.0,1500.0,5.0,Rs./Quintal,Metric Tonnes
Madhya Pradesh,Jhabua,Thandla APMC,Maize,Local,FAQ,2026-01-24,1500.0,1600.0,1500.0,30.87,Rs./Quintal,Metric Tonnes
Madhya Pradesh,Jhabua,Thandla APMC,Soyabean,Yellow,FAQ,2026-01-24,5000.0,5055.0,5055.0,17.004,Rs./Quintal,Metric Tonnes
Madhya Pradesh,Jhabua,Thandla APMC,Wheat,Lokwan,FAQ,2026-01-24,2400.0,2400.0,2400.0,2.64,Rs./Quintal,Metric Tonnes
Madhya Pradesh,Tikamgarh,Tikamgarh APMC,Black Gram(Urd Beans)(Whole),Urda/Urd,FAQ,2026-01-24,5200.0,7600.0,6400.0,146.362,Rs./Quintal,Metric Tonnes
Madhya Pradesh,Tikamgarh,Tikamgarh APMC,Soyabean,Soyabeen,FAQ,2026-01-24,4566.0,5525.0,5100.0,35.458,Rs./Quintal,Metric Tonnes
Madhya Pradesh,Tikamgarh,Tikamgarh APMC,Wheat,Wheat,FAQ,2026-01-24,2310.0,2531.0,2455.0,480.97299999999996,Rs./Quintal,Metric Tonnes
Madhya Pradesh,Raisen,Udaipura APMC,Paddy(Common),Paddy,FAQ,2026-01-24,3025.0,3900.0,3750.0,153.15,Rs./Quintal,Metric Tonnes
Madhya Pradesh,Raisen,Udaipura APMC,Paddy(Common),Basmati,FAQ,2026-01-24,3800.0,3800.0,3800.0,79.915,Rs./Quintal,Metric Tonnes
Madhya Pradesh,Ujjain,Ujjain APMC,Onion,Onion,Non-FAQ,2026-01-24,250.0,1525.0,250.0,45.791000000000004,Rs./Quintal,Metric Tonnes
Madhya Pradesh,Ujjain,Ujjain APMC,Potato,Potato,FAQ,2026-01-24,111.02,911.0,601.03,194.979,Rs./Quintal,Metric Tonnes
Madhya Pradesh,Ujjain,Ujjain APMC,Potato,Potato,Non-FAQ,2026-01-24,111.05,5453.63,600.0,112.527,Rs./Quintal,Metric Tonnes
Madhya Pradesh,Ujjain,Ujjain APMC,Wheat,Wheat,FAQ,2026-01-24,2250.0,2250.0,2250.0,8.517000000000001,Rs./Quintal,Metric Tonnes
Madhya Pradesh,Umariya,Umariya APMC,Green Peas,Pea,FAQ,2026-01-24,3200.0,3200.0,3200.0,3.7,Rs./Quintal,Metric Tonnes
Madhya Pradesh,Umariya,Umariya APMC,Paddy(Common),Dhan,Non-FAQ,2026-01-24,1900.0,1900.0,1900.0,28.225,Rs./Quintal,Metric Tonnes
Madhya Pradesh,Umariya,Umariya APMC,Wheat,Wheat,Non-FAQ,2026-01-24,2500.0,2500.0,2500.0,5.365,Rs./Quintal,Metric Tonnes
Madhya Pradesh,Umariya,Umariya APMC,Wheat,Wheat,FAQ,2026-01-24,2400.0,2400.0,2400.0,3.0,Rs./Quintal,Metric Tonnes
Madhya Pradesh,Ujjain,Unhel APMC,Wheat,Wheat,FAQ,2026-01-24,2450.0,2450.0,2450.0,4.25,Rs./Quintal,Metric Tonnes
Madhya Pradesh,Balaghat,Varaseoni APMC,Paddy(Common),Paddy,FAQ,2026-01-24,1935.0,3670.0,2705.0,155.86400000000003,Rs./Quintal,Metric Tonnes
Madhya Pradesh,Vidisha,Vidisha APMC,Paddy(Common),Puspa (MR 301),FAQ,2026-01-24,3905.0,3905.0,3905.0,80.0,Rs./Quintal,Metric Tonnes
Madhya Pradesh,Vidisha,Vidisha APMC,Paddy(Common),Paddy-Organic,FAQ,2026-01-24,3600.0,3600.0,3600.0,23.3,Rs./Quintal,Metric Tonnes
Madhya Pradesh,Vidisha,Vidisha APMC,Paddy(Common),Dhan,FAQ,2026-01-24,3400.0,3800.0,3750.0,595.948,Rs./Quintal,Metric Tonnes
Madhya Pradesh,Vidisha,Vidisha APMC,Paddy(Common),Paddy,FAQ,2026-01-24,3750.0,3750.0,3750.0,23.650000000000002,Rs./Quintal,Metric Tonnes
Madhya Pradesh,Vidisha,Vidisha APMC,Paddy(Common),Basmati,FAQ,2026-01-24,3850.0,3850.0,3850.0,68.80499999999999,Rs./Quintal,Metric Tonnes
Madhya Pradesh,Sheopur,Vijaypur APMC,Guar,Guaar,FAQ,2026-01-24,4500.0,4550.0,4550.0,6.0,Rs./Quintal,Metric Tonnes
Madhya Pradesh,Sheopur,Vijaypur APMC,Mustard,Mustard,FAQ,2026-01-24,6655.0,6675.0,6675.0,5.885000000000001,Rs./Quintal,Metric Tonnes
Madhya Pradesh,Ratlam,A lot APMC,Wheat,Wheat,FAQ,2026-01-25,2400.0,2435.0,2410.0,54.201,Rs./Quintal,Metric Tonnes
Madhya Pradesh,Shajapur,Agar APMC,Wheat,Wheat,Non-FAQ,2026-01-25,2400.0,2420.0,2415.0,56.705,Rs./Quintal,Metric Tonnes
Madhya Pradesh,Bhind,Alampur APMC,Wheat,Wheat,Non-FAQ,2026-01-25,2425.0,2458.0,2458.0,9.5,Rs./Quintal,Metric Tonnes
Madhya Pradesh,Bhind,Alampur APMC,Wheat,Wheat,FAQ,2026-01-25,2430.0,2453.0,2453.0,12.3,Rs./Quintal,Metric Tonnes
Madhya Pradesh,Alirajpur,Alirajpur APMC,Cotton,Without Ginned Cotton,FAQ,2026-01-25,5714.29,7100.0,7000.0,29.3,Rs./Quintal,Metric Tonnes
Madhya Pradesh,Alirajpur,Alirajpur APMC,Cotton,Without Ginned Cotton,Non-FAQ,2026-01-25,6500.0,6500.0,6500.0,2.5,Rs./Quintal,Metric Tonnes
Madhya Pradesh,Alirajpur,Alirajpur APMC,Groundnut,Big (With Shell),FAQ,2026-01-25,5000.0,5500.0,5500.0,19.8,Rs./Quintal,Metric Tonnes
Madhya Pradesh,Alirajpur,Alirajpur APMC,Wheat,Wheat,FAQ,2026-01-25,2000.0,2525.0,2525.0,47.5,Rs./Quintal,Metric Tonnes
Madhya Pradesh,Satna,Amarpatan APMC,Wheat,Wheat,FAQ,2026-01-25,2420.0,2450.0,2450.0,21.900000000000002,Rs./Quintal,Metric Tonnes
Madhya Pradesh,Satna,Amarpatan APMC,Wheat,Mill Quality,FAQ,2026-01-25,2460.0,2525.0,2510.0,29.163,Rs./Quintal,Metric Tonnes
Madhya Pradesh,Chhindwara,Amarwda APMC,Maize,Local,FAQ,2026-01-25,1400.0,1680.0,1650.0,710.8000000000001,Rs./Quintal,Metric Tonnes
Madhya Pradesh,Chhindwara,Amarwda APMC,Maize,Local,Non-FAQ,2026-01-25,1473.0,1690.0,1680.0,134.64000000000001,Rs./Quintal,Metric Tonnes
Madhya Pradesh,Chhindwara,Amarwda APMC,Maize,Yellow,FAQ,2026-01-25,1441.0,1742.0,1700.0,304.09000000000003,Rs./Quintal,Metric Tonnes
Madhya Pradesh,Chhindwara,Amarwda APMC,Maize,Yellow,Non-FAQ,2026-01-25,1625.0,1625.0,1625.0,3.18,Rs./Quintal,Metric Tonnes
Madhya Pradesh,Badwani,Anjad APMC,Groundnut,Big (With Shell),FAQ,2026-01-25,6250.0,6300.0,6300.0,3.45,Rs./Quintal,Metric Tonnes
Madhya Pradesh,Badwani,Anjad APMC,Maize,Yellow,FAQ,2026-01-25,1451.0,1540.0,1500.0,235.3,Rs./Quintal,Metric Tonnes
Madhya Pradesh,Anupur,Anuppur APMC,Mustard,Mustard,Non-FAQ,2026-01-25,5500.0,5500.0,5500.0,8.0,Rs./Quintal,Metric Tonnes
Madhya Pradesh,Anupur,Anuppur APMC,Soyabean,Soyabeen,FAQ,2026-01-25,5400.0,5400.0,5400.0,30.0,Rs./Quintal,Metric Tonnes
Madhya Pradesh,Anupur,Anuppur APMC,Wheat,Wheat,Non-FAQ,2026-01-25,2500.0,2500.0,2500.0,10.0,Rs./Quintal,Metric Tonnes
Madhya Pradesh,Ujjain,Badnagar APMC,Wheat,Wheat,FAQ,2026-01-25,2300.0,2480.0,2300.0,31.0,Rs./Quintal,Metric Tonnes
Madhya Pradesh,Ujjain,Badnagar APMC,Wheat,Lokwan,Non-FAQ,2026-01-25,2300.0,2340.0,2340.0,49.138000000000005,Rs./Quintal,Metric Tonnes
Madhya Pradesh,Dhar,Badnawar APMC,Cotton,Without Ginned Cotton,FAQ,2026-01-25,7000.0,7650.0,7650.0,8.950000000000001,Rs./Quintal,Metric Tonnes
Madhya Pradesh,Dhar,Badnawar(F&V) APMC,Garlic,Garlic,Local,2026-01-25,3500.0,3500.0,3500.0,0.5,Rs./Quintal,Metric Tonnes
Madhya Pradesh,Dhar,Badnawar(F&V) APMC,Onion,Onion,Local,2026-01-25,380.0,380.0,380.0,0.5,Rs./Quintal,Metric Tonnes
Madhya Pradesh,Dhar,Badnawar(F&V) APMC,Peas Wet,Peas Wet,Local,2026-01-25,1300.0,1300.0,1300.0,0.5,Rs./Quintal,Metric Tonnes
Madhya Pradesh,Khargone,Badwaha APMC,Rose(Loose)),Rose(Loose),FAQ,2026-01-25,6500.0,6500.0,6500.0,10.174,Rs./Quintal,Metric Tonnes
Madhya Pradesh,Badwani,Badwani APMC,Bajra(Pearl Millet/Cumbu),Millet,FAQ,2026-01-25,1600.0,1750.0,1750.0,13.0,Rs./Quintal,Metric Tonnes
Madhya Pradesh,Badwani,Badwani APMC,Maize,Yellow,FAQ,2026-01-25,1112.0,1550.0,1500.0,113.525,Rs./Quintal,Metric Tonnes
Madhya Pradesh,Badwani,Badwani APMC,Maize,Yellow,Non-FAQ,2026-01-25,1411.0,1411.0,1411.0,14.0,Rs./Quintal,Metric Tonnes
Madhya Pradesh,Badwani,Badwani APMC,Soanf,Soanf,FAQ,2026-01-25,5500.0,13500.0,9000.0,20.944000000000003,Rs./Quintal,Metric Tonnes
Madhya Pradesh,Sehore,Baktara APMC,Paddy(Common),Basmati,FAQ,2026-01-25,3351.0,4051.0,3825.0,642.48,Rs./Quintal,Metric Tonnes
Madhya Pradesh,Sehore,Baktara APMC,Paddy(Common),Basmati,Non-FAQ,2026-01-25,3901.0,4051.0,3901.0,166.51,Rs./Quintal,Metric Tonnes
Madhya Pradesh,Balaghat,Balaghat APMC,Paddy(Common),Dhan,FAQ,2026-01-25,1755.0,1755.0,1755.0,5.0,Rs./Quintal,Metric Tonnes
Madhya Pradesh,Balaghat,Balaghat APMC,Wheat,Wheat-Organic,FAQ,2026-01-25,2250.0,2250.0,2250.0,9.8,Rs./Quintal,Metric Tonnes
Madhya Pradesh,Sagar,Bamora APMC,Wheat,Wheat,FAQ,2026-01-25,2800.0,2800.0,2800.0,7.609999999999999,Rs./Quintal,Metric Tonnes
Madhya Pradesh,Sagar,Banda APMC,Maize,Local,Non-FAQ,2026-01-25,1500.0,1505.0,1505.0,79.73,Rs./Quintal,Metric Tonnes
Madhya Pradesh,Hoshangabad,Bankhedi APMC,Paddy(Common),Puspa (MR 301),FAQ,2026-01-25,3800.0,3900.0,3800.0,180.4,Rs./Quintal,Metric Tonnes
Madhya Pradesh,Shivpuri,Barad APMC,Mustard,Mustard,FAQ,2026-01-25,6300.0,6300.0,6300.0,1.4380000000000002,Rs./Quintal,Metric Tonnes
Madhya Pradesh,Raisen,Bareli APMC,Paddy(Common),Puspa (MR 301),FAQ,2026-01-25,3600.0,3930.0,3801.0,182.22000000000003,Rs./Quintal,Metric Tonnes
Madhya Pradesh,Raisen,Bareli APMC,Paddy(Common),Dhan,FAQ,2026-01-25,3500.0,3691.0,3691.0,224.0,Rs./Quintal,Metric Tonnes
Madhya Pradesh,Raisen,Bareli APMC,Paddy(Common),Basmati,FAQ,2026-01-25,3600.0,3901.0,3821.0,353.89000000000004,Rs./Quintal,Metric Tonnes
Madhya Pradesh,Raisen,Bareli APMC,Paddy(Common),Paddy,Non-FAQ,2026-01-25,3235.0,3295.0,3250.0,258.8,Rs./Quintal,Metric Tonnes
Madhya Pradesh,Raisen,Bareli APMC,Paddy(Common),Paddy,FAQ,2026-01-25,3035.0,3950.0,3900.0,590.495,Rs./Quintal,Metric Tonnes
Madhya Pradesh,Seoni,Barghat APMC,Mustard,Sarson(Black),FAQ,2026-01-25,4900.0,5000.0,5000.0,5.0,Rs./Quintal,Metric Tonnes
Madhya Pradesh,Khargone,Bedia APMC,Chili Red,Red,FAQ,2026-01-25,7149.88,21000.0,19500.0,102.60000000000001,Rs./Quintal,Metric Tonnes
Madhya Pradesh,Shehdol,Beohari APMC,Green Peas,Pea,FAQ,2026-01-25,2650.0,2650.0,2650.0,3.0,Rs./Quintal,Metric Tonnes
Madhya Pradesh,Shehdol,Beohari APMC,Mahua,Mahua Flower,FAQ,2026-01-25,4050.0,4200.0,4100.0,18.169999999999998,Rs./Quintal,Metric Tonnes
Madhya Pradesh,Shehdol,Beohari APMC,Wheat,Mill Quality,FAQ,2026-01-25,2440.0,2470.0,2460.0,36.1,Rs./Quintal,Metric Tonnes
Madhya Pradesh,Shehdol,Beohari APMC,buttery,Buttery,FAQ,2026-01-25,3000.0,3000.0,3000.0,6.5,Rs./Quintal,Metric Tonnes
Madhya Pradesh,Betul,Betul APMC,Maize,Local,Non-FAQ,2026-01-25,1500.0,1500.0,1500.0,53.20700000000001,Rs./Quintal,Metric Tonnes
Madhya Pradesh,Betul,Betul APMC,Maize,Yellow,Non-FAQ,2026-01-25,1295.0,1500.0,1500.0,244.22800000000004,Rs./Quintal,Metric Tonnes
Madhya Pradesh,Khargone,Bhikangaon APMC,Bengal Gram(Gram)(Whole),Gram,FAQ,2026-01-25,4955.0,5440.0,5440.0,3.1180000000000003,Rs./Quintal,Metric Tonnes
Madhya Pradesh,Khargone,Bhikangaon APMC,Cotton,Without Ginned Cotton,FAQ,2026-01-25,5615.0,8040.0,7800.0,48.544000000000004,Rs./Quintal,Metric Tonnes
Madhya Pradesh,Khargone,Bhikangaon APMC,Maize,Local,FAQ,2026-01-25,1200.0,1950.0,1591.0,242.221,Rs./Quintal,Metric Tonnes
Madhya Pradesh,Khargone,Bhikangaon APMC,Red gram/Arhar/Tur(whole),Arhar Dal(Tur),FAQ,2026-01-25,5910.0,7415.0,6600.0,31.989,Rs./Quintal,Metric Tonnes
Madhya Pradesh,Khargone,Bhikangaon APMC,Soyabean,Soyabeen,FAQ,2026-01-25,4400.0,5425.0,5425.0,5.373,Rs./Quintal,Metric Tonnes
Madhya Pradesh,Khargone,Bhikangaon APMC,Wheat,Wheat,FAQ,2026-01-25,2400.0,2692.0,2645.0,54.675000000000004,Rs./Quintal,Metric Tonnes
Madhya Pradesh,Bhind,Bhind APMC,Bajra(Pearl Millet/Cumbu),Millet,FAQ,2026-01-25,1850.0,1900.0,1900.0,20.0,Rs./Quintal,Metric Tonnes
Madhya Pradesh,Bhind,Bhind APMC,Wheat,Wheat,Non-FAQ,2026-01-25,2575.0,2580.0,2580.0,9.0,Rs./Quintal,Metric Tonnes
Madhya Pradesh,Bhopal,Bhopal APMC,Gond,Gond,FAQ,2026-01-25,10000.0,10000.0,10000.0,5.0,Rs./Quintal,Metric Tonnes
Madhya Pradesh,Chhatarpur,Bijawar APMC,Wheat,Mill Quality,FAQ,2026-01-25,2400.0,2420.0,2420.0,77.33,Rs./Quintal,Metric Tonnes
Madhya Pradesh,Chhatarpur,Bijawar APMC,Wheat,Wheat,Non-FAQ,2026-01-25,2501.0,2501.0,2501.0,4.800000000000001,Rs./Quintal,Metric Tonnes
Madhya Pradesh,Chhatarpur,Bijawar APMC,Wheat,Mill Quality,Non-FAQ,2026-01-25,2447.0,2447.0,2447.0,5.268000000000001,Rs./Quintal,Metric Tonnes
Madhya Pradesh,Burhanpur,Burhanpur APMC,Cotton,Medium Fiber,FAQ,2026-01-25,7000.0,7300.0,7000.0,36.46,Rs./Quintal,Metric Tonnes
Madhya Pradesh,Rewa,Chaakghat APMC,Lak(Teora),Tiwada,FAQ,2026-01-25,3025.0,3050.0,3050.0,1.8,Rs./Quintal,Metric Tonnes
Madhya Pradesh,Rewa,Chaakghat APMC,Mustard,Mustard,FAQ,2026-01-25,5600.0,5600.0,5600.0,1.2000000000000002,Rs./Quintal,Metric Tonnes
Madhya Pradesh,Rewa,Chaakghat APMC,Paddy(Common),Paddy fine,FAQ,2026-01-25,2370.0,5400.0,2370.0,61.617999999999995,Rs./Quintal,Metric Tonnes
Madhya Pradesh,Rewa,Chaakghat APMC,Wheat,Mill Quality,FAQ,2026-01-25,2430.0,2530.0,2525.0,41.538000000000004,Rs./Quintal,Metric Tonnes
Madhya Pradesh,Ashoknagar,Chanderi APMC,Maize,Local,FAQ,2026-01-25,1500.0,1500.0,1500.0,3.0,Rs./Quintal,Metric Tonnes
Madhya Pradesh,Ashoknagar,Chanderi APMC,Wheat,Wheat,Non-FAQ,2026-01-25,2410.0,2420.0,2420.0,15.0,Rs./Quintal,Metric Tonnes
Madhya Pradesh,Chhindwara,Chaurai APMC,Maize,Local,FAQ,2026-01-25,1500.0,1650.0,1600.0,78.5,Rs./Quintal,Metric Tonnes
Madhya Pradesh,Chhindwara,Chaurai APMC,Maize,Yellow,Non-FAQ,2026-01-25,1573.0,1600.0,1600.0,50.0,Rs./Quintal,Metric Tonnes
Madhya Pradesh,Chhindwara,Chaurai APMC,Maize,Yellow,FAQ,2026-01-25,1545.0,1650.0,1590.0,102.26,Rs./Quintal,Metric Tonnes
Madhya Pradesh,Rajgarh,Chhapiheda APMC,Wheat,Wheat,FAQ,2026-01-25,2475.0,2475.0,2475.0,6.8500000000000005,Rs./Quintal,Metric Tonnes
Madhya Pradesh,Chhatarpur,Chhatarpur APMC,Barley(Jau),Barley,FAQ,2026-01-25,2310.0,2310.0,2310.0,17.1,Rs./Quintal,Metric Tonnes
Madhya Pradesh,Chhatarpur,Chhatarpur APMC,Groundnut,Big (With Shell),FAQ,2026-01-25,4550.0,5010.0,5010.0,36.4,Rs./Quintal,Metric Tonnes
Madhya Pradesh,Chhatarpur,Chhatarpur APMC,Soyabean,Soyabeen,FAQ,2026-01-25,4750.0,4850.0,4750.0,26.85,Rs./Quintal,Metric Tonnes
Madhya Pradesh,Chhatarpur,Chhatarpur APMC,Wheat,Mill Quality,Non-FAQ,2026-01-25,2400.0,2450.0,2450.0,38.03,Rs./Quintal,Metric Tonnes
Madhya Pradesh,Chhatarpur,Chhatarpur APMC,Wheat,Mill Quality,FAQ,2026-01-25,2460.0,2480.0,2480.0,32.22,Rs./Quintal,Metric Tonnes
Madhya Pradesh,Chhatarpur,Chhatarpur APMC,Wheat,Wheat,FAQ,2026-01-25,2420.0,2420.0,2420.0,8.0,Rs./Quintal,Metric Tonnes
Madhya Pradesh,Chhindwara,Chhindwara APMC,Maize,Yellow,FAQ,2026-01-25,1600.0,1605.0,1605.0,20.6,Rs./Quintal,Metric Tonnes
Madhya Pradesh,Chhindwara,Chhindwara APMC,Maize,Maize/Corn-Organic,FAQ,2026-01-25,1400.0,1500.0,1500.0,39.7,Rs./Quintal,Metric Tonnes
Madhya Pradesh,Chhindwara,Chhindwara APMC,Maize,Yellow,Non-FAQ,2026-01-25,1600.0,1700.0,1672.0,5281.200000000001,Rs./Quintal,Metric Tonnes
Madhya Pradesh,Seoni,Chhpara APMC,Maize,Local,Non-FAQ,2026-01-25,1600.0,1600.0,1600.0,10.96,Rs./Quintal,Metric Tonnes
Madhya Pradesh,Seoni,Chhpara APMC,Maize,Local,FAQ,2026-01-25,1500.0,1700.0,1700.0,99.10000000000001,Rs./Quintal,Metric Tonnes
Madhya Pradesh,Seoni,Chhpara APMC,Maize,Yellow,FAQ,2026-01-25,1490.0,1635.0,1575.0,186.10000000000002,Rs./Quintal,Metric Tonnes
Madhya Pradesh,Seoni,Chhpara APMC,Maize,Yellow,Non-FAQ,2026-01-25,1500.0,1690.0,1690.0,108.30000000000001,Rs./Quintal,Metric Tonnes
Madhya Pradesh,Damoh,Damoh APMC,Maize,Local,FAQ,2026-01-25,1750.0,1750.0,1750.0,40.0,Rs./Quintal,Metric Tonnes
Madhya Pradesh,Sagar,Deori APMC,Bengal Gram(Gram)(Whole),Gram,Non-FAQ,2026-01-25,5175.0,5175.0,5175.0,3.5,Rs./Quintal,Metric Tonnes
Madhya Pradesh,Sagar,Deori APMC,Bengal Gram(Gram)(Whole),Gram,FAQ,2026-01-25,5200.0,5200.0,5200.0,3.5,Rs./Quintal,Metric Tonnes
Madhya Pradesh,Sagar,Deori APMC,Maize,Local,Non-FAQ,2026-01-25,1625.0,1625.0,1625.0,2.064,Rs./Quintal,Metric Tonnes
Madhya Pradesh,Sagar,Deori APMC,Maize,Yellow,FAQ,2026-01-25,1600.0,1615.0,1610.0,53.5,Rs./Quintal,Metric Tonnes
Madhya Pradesh,Sagar,Deori APMC,Onion,Onion,Non-FAQ,2026-01-25,800.0,800.0,800.0,19.0,Rs./Quintal,Metric Tonnes
Madhya Pradesh,Sagar,Deori APMC,Onion,Onion,FAQ,2026-01-25,800.0,800.0,800.0,34.0,Rs./Quintal,Metric Tonnes
Madhya Pradesh,Sagar,Deori APMC,Wheat,Wheat-Organic,FAQ,2026-01-25,2500.0,2500.0,2500.0,7.9,Rs./Quintal,Metric Tonnes
Madhya Pradesh,Sagar,Deori APMC,Wheat,Mill Quality,Non-FAQ,2026-01-25,2475.0,2475.0,2475.0,7.5,Rs./Quintal,Metric Tonnes
Madhya Pradesh,Dhar,Dhamnod APMC,Cotton,Without Ginned Cotton,FAQ,2026-01-25,6400.0,7951.0,7951.0,8.952,Rs./Quintal,Metric Tonnes
Madhya Pradesh,Dhar,Dhamnod APMC,Wheat,Wheat,FAQ,2026-01-25,2250.0,2950.0,2950.0,49.135000000000005,Rs./Quintal,Metric Tonnes
Madhya Pradesh,Dhar,Dhar APMC,Maize,Local,FAQ,2026-01-25,1470.0,1545.0,1545.0,18.5,Rs./Quintal,Metric Tonnes
Madhya Pradesh,Dhar,Dhar APMC,Soyabean,Soyabeen,FAQ,2026-01-25,5000.0,5000.0,5000.0,3.443,Rs./Quintal,Metric Tonnes
Madhya Pradesh,Narsinghpur,Gadarwada APMC,Green Gram(Moong)(Whole),Green (Whole),FAQ,2026-01-25,7445.7,7445.7,7445.7,40.2,Rs./Quintal,Metric Tonnes
Madhya Pradesh,Narsinghpur,Gadarwada APMC,Paddy(Common),Paddy,FAQ,2026-01-25,3800.0,3800.0,3800.0,10.0,Rs./Quintal,Metric Tonnes
Madhya Pradesh,Raisen,Gairatganj APMC,Maize,Local,FAQ,2026-01-25,1510.0,1510.0,1510.0,11.0,Rs./Quintal,Metric Tonnes
Madhya Pradesh,Raisen,Gairatganj APMC,Paddy(Common),Basmati,FAQ,2026-01-25,3850.0,3850.0,3850.0,14.376,Rs./Quintal,Metric Tonnes
Madhya Pradesh,Raisen,Gairatganj APMC,Wheat,Wheat,FAQ,2026-01-25,2700.0,2750.0,2750.0,42.7,Rs./Quintal,Metric Tonnes
Madhya Pradesh,Dhar,Gandhwani APMC,Soyabean,Soyabeen,FAQ,2026-01-25,5100.0,5200.0,5200.0,23.172,Rs./Quintal,Metric Tonnes
Madhya Pradesh,Vidisha,Ganjbasoda APMC,Paddy(Common),Paddy,FAQ,2026-01-25,3700.0,3850.0,3700.0,115.14300000000001,Rs./Quintal,Metric Tonnes
Madhya Pradesh,Vidisha,Ganjbasoda APMC,Paddy(Common),Puspa (MR 301),FAQ,2026-01-25,3690.0,3720.0,3700.0,39.855000000000004,Rs./Quintal,Metric Tonnes
Madhya Pradesh,Sagar,Garhakota APMC,Maize,Local,Non-FAQ,2026-01-25,1450.0,1450.0,1450.0,26.0,Rs./Quintal,Metric Tonnes
Madhya Pradesh,Sagar,Garhakota APMC,Maize,Local,FAQ,2026-01-25,1500.0,1512.0,1500.0,49.5,Rs./Quintal,Metric Tonnes
Madhya Pradesh,Sagar,Garhakota APMC,Onion,Onion,Non-FAQ,2026-01-25,700.0,750.0,750.0,24.0,Rs./Quintal,Metric Tonnes
Madhya Pradesh,Indore,Gautampura APMC,Wheat,Lokwan,FAQ,2026-01-25,2600.0,2700.0,2700.0,22.354,Rs./Quintal,Metric Tonnes
Madhya Pradesh,Indore,Gautampura APMC,Wheat,Wheat,FAQ,2026-01-25,2600.0,2600.0,2600.0,3.5210000000000004,Rs./Quintal,Metric Tonnes
Madhya Pradesh,Seoni,Ghansour APMC,Maize,Yellow,FAQ,2026-01-25,1400.0,1420.0,1420.0,44.0,Rs./Quintal,Metric Tonnes
Madhya Pradesh,Seoni,Ghansour APMC,Maize,Local,Non-FAQ,2026-01-25,1530.0,1600.0,1600.0,25.400000000000002,Rs./Quintal,Metric Tonnes
Madhya Pradesh,Bhind,Gohad APMC,Paddy(Common),Dhan,Non-FAQ,2026-01-25,3100.0,3130.0,3130.0,9.700000000000001,Rs./Quintal,Metric Tonnes
Madhya Pradesh,Dindori,Gorakhpur APMC,Paddy(Common),Paddy,FAQ,2026-01-25,2369.0,2371.0,2370.0,98.7,Rs./Quintal,Metric Tonnes
Madhya Pradesh,Dindori,Gorakhpur APMC,Wheat,Mill Quality,Non-FAQ,2026-01-25,2400.0,2410.0,2410.0,4.0,Rs./Quintal,Metric Tonnes
Madhya Pradesh,Narsinghpur,Gotegaon APMC,Bengal Gram(Gram)(Whole),Gram,FAQ,2026-01-25,5550.0,5600.0,5600.0,31.5,Rs./Quintal,Metric Tonnes
Madhya Pradesh,Narsinghpur,Gotegaon APMC,Gur(Jaggery),Jaggery,FAQ,2026-01-25,3300.0,3450.0,3401.0,101.9,Rs./Quintal,Metric Tonnes
Madhya Pradesh,Rewa,Hanumana APMC,Wheat,Mill Quality,FAQ,2026-01-25,2400.0,2500.0,2500.0,54.35,Rs./Quintal,Metric Tonnes
Madhya Pradesh,Khandwa,Harsood APMC,Wheat,Mill Quality,Non-FAQ,2026-01-25,2430.0,2500.0,2500.0,30.67,Rs./Quintal,Metric Tonnes
Madhya Pradesh,Damoh,Hata APMC,Wheat,Wheat,Non-FAQ,2026-01-25,2280.0,2300.0,2300.0,15.0,Rs./Quintal,Metric Tonnes
Madhya Pradesh,Indore,Indore APMC,Red gram/Arhar/Tur(whole),Arhar Dal(Tur),FAQ,2026-01-25,5900.0,5900.0,5900.0,30.24,Rs./Quintal,Metric Tonnes
Madhya Pradesh,Ashoknagar,Isagarh APMC,Maize,Local,FAQ,2026-01-25,1200.0,1420.0,1420.0,51.48,Rs./Quintal,Metric Tonnes
Madhya Pradesh,Ashoknagar,Isagarh APMC,Maize,Other,FAQ,2026-01-25,1400.0,1400.0,1400.0,11.0,Rs./Quintal,Metric Tonnes
Madhya Pradesh,Ashoknagar,Isagarh APMC,Maize,Maize/Corn-Organic,FAQ,2026-01-25,1500.0,1550.0,1550.0,26.54,Rs./Quintal,Metric Tonnes
Madhya Pradesh,Ashoknagar,Isagarh APMC,Maize,Maize/Corn-Organic,Non-FAQ,2026-01-25,1530.0,1530.0,1530.0,11.26,Rs./Quintal,Metric Tonnes
Madhya Pradesh,Sagar,Jaisinagar APMC,Maize,Local,Non-FAQ,2026-01-25,1500.0,1500.0,1500.0,5.0,Rs./Quintal,Metric Tonnes
Madhya Pradesh,Tikamgarh,Jatara APMC,Wheat,Mill Quality,Non-FAQ,2026-01-25,2455.0,2465.0,2465.0,14.424000000000001,Rs./Quintal,Metric Tonnes
Madhya Pradesh,Tikamgarh,Jatara APMC,Wheat,Wheat,Non-FAQ,2026-01-25,2455.0,2495.0,2495.0,69.897,Rs./Quintal,Metric Tonnes
Madhya Pradesh,Damoh,Javera APMC,Maize,Local,FAQ,2026-01-25,1400.0,1500.0,1500.0,18.5,Rs./Quintal,Metric Tonnes
Madhya Pradesh,Damoh,Javera APMC,Maize,Local,Non-FAQ,2026-01-25,1450.0,1505.0,1505.0,52.510000000000005,Rs./Quintal,Metric Tonnes
Madhya Pradesh,Rajgarh,Jeerapur APMC,Soyabean,Soyabeen,FAQ,2026-01-25,4460.0,4460.0,4460.0,3.79,Rs./Quintal,Metric Tonnes
Madhya Pradesh,Jhabua,Jhabua APMC,Cotton,Without Ginned Cotton,FAQ,2026-01-25,2800.0,7856.0,7582.0,329.93800000000005,Rs./Quintal,Metric Tonnes
Madhya Pradesh,Jhabua,Jhabua APMC,Soyabean,Soyabeen,FAQ,2026-01-25,5000.0,5000.0,5000.0,2.8000000000000003,Rs./Quintal,Metric Tonnes
Madhya Pradesh,Alirajpur,Jobat APMC,Cotton,Without Ginned Cotton,Non-FAQ,2026-01-25,6800.0,7300.0,6800.0,22.6,Rs./Quintal,Metric Tonnes
Madhya Pradesh,Alirajpur,Jobat APMC,Cotton,Without Ginned Cotton,FAQ,2026-01-25,6450.0,8000.0,7400.0,220.82500000000002,Rs./Quintal,Metric Tonnes
Madhya Pradesh,Alirajpur,Jobat APMC,Cotton,Medium Fiber,FAQ,2026-01-25,6800.0,7400.0,6800.0,37.64,Rs./Quintal,Metric Tonnes
Madhya Pradesh,Alirajpur,Jobat APMC,Maize,Local,FAQ,2026-01-25,1550.0,1600.0,1600.0,21.8,Rs./Quintal,Metric Tonnes
Madhya Pradesh,Alirajpur,Jobat APMC,Soyabean,Soyabeen,FAQ,2026-01-25,4802.0,4802.0,4802.0,1.3,Rs./Quintal,Metric Tonnes
Madhya Pradesh,Dewas,Kannod APMC,Maize,Local,Non-FAQ,2026-01-25,1850.0,1875.0,1875.0,24.0,Rs./Quintal,Metric Tonnes
Madhya Pradesh,Dewas,Kannod APMC,Wheat,Wheat,FAQ,2026-01-25,2395.0,2401.0,2401.0,24.150000000000002,Rs./Quintal,Metric Tonnes
Madhya Pradesh,Shivpuri,Karera APMC,Wheat,Mill Quality,FAQ,2026-01-25,2301.0,2305.0,2305.0,16.185,Rs./Quintal,Metric Tonnes
Madhya Pradesh,Shivpuri,Karera APMC,Wheat,Wheat,FAQ,2026-01-25,2300.0,2330.0,2330.0,19.5,Rs./Quintal,Metric Tonnes
Madhya Pradesh,Katni,Katni APMC,Kodo Millet(Varagu),Kondo,FAQ,2026-01-25,2480.0,2500.0,2500.0,12.5,Rs./Quintal,Metric Tonnes
Madhya Pradesh,Katni,Katni APMC,Red gram/Arhar/Tur(whole),Arhar Dal(Tur),FAQ,2026-01-25,7409.45,8259.34,7700.0,347.06,Rs./Quintal,Metric Tonnes
Madhya Pradesh,Katni,Katni APMC,Soyabean,Soyabeen,FAQ,2026-01-25,3000.0,3000.0,3000.0,1.0,Rs./Quintal,Metric Tonnes
Madhya Pradesh,Katni,Katni APMC,Wheat,Mill Quality,Non-FAQ,2026-01-25,2402.0,2405.0,2405.0,16.3,Rs./Quintal,Metric Tonnes
Madhya Pradesh,Katni,Katni APMC,Wheat,Wheat,FAQ,2026-01-25,2450.0,2500.0,2500.0,35.4,Rs./Quintal,Metric Tonnes
Madhya Pradesh,Katni,Katni APMC,Wheat,Wheat-Organic,FAQ,2026-01-25,2500.0,2500.0,2500.0,7.800000000000001,Rs./Quintal,Metric Tonnes
Madhya Pradesh,Katni,Katni APMC,Wheat,Mill Quality,FAQ,2026-01-25,2425.0,2555.0,2500.0,110.60000000000001,Rs./Quintal,Metric Tonnes
Madhya Pradesh,Seoni,Keolari APMC,Wheat,Wheat,FAQ,2026-01-25,2410.0,2410.0,2410.0,5.0,Rs./Quintal,Metric Tonnes
Madhya Pradesh,Sagar,Kesli APMC,Maize,Local,FAQ,2026-01-25,1535.0,1540.0,1540.0,18.7,Rs./Quintal,Metric Tonnes
Madhya Pradesh,Khandwa,Khandwa APMC,Onion,Local,FAQ,2026-01-25,600.0,600.0,600.0,30.0,Rs./Quintal,Metric Tonnes
Madhya Pradesh,Khandwa,Khandwa APMC,Soyabean,Yellow,FAQ,2026-01-25,5974.55,5974.55,5974.55,24.685000000000002,Rs./Quintal,Metric Tonnes
Madhya Pradesh,Tikamgarh,Khargapur APMC,Barley(Jau),Barley,FAQ,2026-01-25,2190.0,2250.0,2250.0,0.38,Rs./Quintal,Metric Tonnes
Madhya Pradesh,Tikamgarh,Khargapur APMC,Black Gram(Urd Beans)(Whole),Urda/Urd,FAQ,2026-01-25,5600.0,7650.0,7500.0,4.37,Rs./Quintal,Metric Tonnes
Madhya Pradesh,Tikamgarh,Khargapur APMC,Groundnut,Groundnut seed,FAQ,2026-01-25,7500.0,7550.0,7550.0,1.5,Rs./Quintal,Metric Tonnes
Madhya Pradesh,Tikamgarh,Khargapur APMC,Groundnut,Big (With Shell),FAQ,2026-01-25,6125.0,7435.0,6500.0,22.580000000000002,Rs./Quintal,Metric Tonnes
Madhya Pradesh,Tikamgarh,Khargapur APMC,Mustard,Mustard,FAQ,2026-01-25,5800.0,6375.0,6210.0,26.060000000000002,Rs./Quintal,Metric Tonnes
Madhya Pradesh,Tikamgarh,Khargapur APMC,Soyabean,Soyabeen,FAQ,2026-01-25,5100.0,5358.0,5358.0,0.8109999999999999,Rs./Quintal,Metric Tonnes
Madhya Pradesh,Tikamgarh,Khargapur APMC,Wheat,Mill Quality,FAQ,2026-01-25,2400.0,2560.0,2450.0,296.406,Rs./Quintal,Metric Tonnes
Madhya Pradesh,Khargone,Khargone APMC,Bengal Gram(Gram)(Whole),Gram,FAQ,2026-01-25,5800.0,5800.0,5800.0,5.620000000000001,Rs./Quintal,Metric Tonnes
Madhya Pradesh,Khargone,Khargone APMC,Maize,Local,Non-FAQ,2026-01-25,1450.0,1581.0,1525.0,104.53,Rs./Quintal,Metric Tonnes
Madhya Pradesh,Khargone,Khargone APMC,Maize,Local,FAQ,2026-01-25,1580.0,1580.0,1580.0,5.54,Rs./Quintal,Metric Tonnes
Madhya Pradesh,Khargone,Khargone APMC,Red gram/Arhar/Tur(whole),Arhar Dal(Tur),FAQ,2026-01-25,7000.0,7400.0,7400.0,7.995000000000001,Rs./Quintal,Metric Tonnes
Madhya Pradesh,Khargone,Khargone APMC,Wheat,Wheat,FAQ,2026-01-25,2600.0,2630.0,2630.0,13.8,Rs./Quintal,Metric Tonnes
Madhya Pradesh,Khargone,Khargone APMC,Wheat,Wheat,Non-FAQ,2026-01-25,2400.0,2687.0,2687.0,27.78,Rs./Quintal,Metric Tonnes
Madhya Pradesh,Dewas,Khategaon APMC,Wheat,Wheat,FAQ,2026-01-25,2500.0,2500.0,2500.0,5.165,Rs./Quintal,Metric Tonnes
Madhya Pradesh,Shivpuri,Khatora APMC,Maize,Local,FAQ,2026-01-25,1290.0,1511.0,1450.0,119.4,Rs./Quintal,Metric Tonnes
Madhya Pradesh,Badwani,Khetia APMC,Cotton,Without Ginned Cotton,FAQ,2026-01-25,7475.0,7700.0,7700.0,12.33,Rs./Quintal,Metric Tonnes
Madhya Pradesh,Rajgarh,Khilchipur APMC,Wheat,Mill Quality,FAQ,2026-01-25,2480.0,2487.0,2487.0,42.95400000000001,Rs./Quintal,Metric Tonnes
Madhya Pradesh,Sagar,Khurai APMC,Maize,Local,FAQ,2026-01-25,1540.0,1540.0,1540.0,32.835,Rs./Quintal,Metric Tonnes
Madhya Pradesh,Mandla,Krishi Upaj Mandi Samiti Bichhiya,Mustard,Sarson(Black),Non-FAQ,2026-01-25,6025.0,6025.0,6025.0,3.3000000000000003,Rs./Quintal,Metric Tonnes
Madhya Pradesh,Mandla,Krishi Upaj Mandi Samiti Bichhiya,Paddy(Common),Common,Non-FAQ,2026-01-25,1900.0,1950.0,1950.0,43.800000000000004,Rs./Quintal,Metric Tonnes
Madhya Pradesh,Mandla,Krishi Upaj Mandi Samiti Bichhiya,Wheat,Mill Quality,Non-FAQ,2026-01-25,2300.0,2300.0,2300.0,3.0,Rs./Quintal,Metric Tonnes
Madhya Pradesh,Mandla,Krishi Upaj Mandi Samiti Bichhiya,Wheat,Wheat,Non-FAQ,2026-01-25,2455.0,2460.0,2460.0,8.0,Rs./Quintal,Metric Tonnes
Madhya Pradesh,Dhar,Kukshi APMC,Cotton,Without Ginned Cotton,FAQ,2026-01-25,7000.0,8000.0,7500.0,82.14,Rs./Quintal,Metric Tonnes
Madhya Pradesh,Dhar,Kukshi APMC,Groundnut,Big (With Shell),FAQ,2026-01-25,5100.0,5200.0,5100.0,10.3,Rs./Quintal,Metric Tonnes
Madhya Pradesh,Dhar,Kukshi APMC,Maize,Local,FAQ,2026-01-25,1275.0,1600.0,1510.0,48.945,Rs./Quintal,Metric Tonnes
Madhya Pradesh,Dhar,Kukshi APMC,Maize,Yellow,FAQ,2026-01-25,1500.0,1500.0,1500.0,6.09,Rs./Quintal,Metric Tonnes
Madhya Pradesh,Dhar,Kukshi APMC,Wheat,Wheat,FAQ,2026-01-25,2300.0,2550.0,2350.0,79.105,Rs./Quintal,Metric Tonnes
Madhya Pradesh,Bhind,Lahar APMC,Jowar(Sorghum),Jowar (Yellow),FAQ,2026-01-25,2000.0,2000.0,2000.0,0.2,Rs./Quintal,Metric Tonnes
Madhya Pradesh,Bhind,Lahar APMC,Mustard,Mustard,FAQ,2026-01-25,6390.0,6626.0,6626.0,6.6000000000000005,Rs./Quintal,Metric Tonnes
Madhya Pradesh,Bhind,Lahar APMC,Wheat,Wheat,FAQ,2026-01-25,2491.0,2516.0,2514.0,22.200000000000003,Rs./Quintal,Metric Tonnes
Madhya Pradesh,Seoni,Lakhnadon APMC,Maize,Local,FAQ,2026-01-25,1506.0,1506.0,1506.0,26.0,Rs./Quintal,Metric Tonnes
Madhya Pradesh,Seoni,Lakhnadon APMC,Maize,Maize/Corn-Organic,FAQ,2026-01-25,1590.0,1590.0,1590.0,12.0,Rs./Quintal,Metric Tonnes
Madhya Pradesh,Seoni,Lakhnadon APMC,Maize,Yellow,FAQ,2026-01-25,1590.0,1590.0,1590.0,12.0,Rs./Quintal,Metric Tonnes
Madhya Pradesh,Seoni,Lakhnadon APMC,Maize,Local,Non-FAQ,2026-01-25,1450.0,1600.0,1500.0,58.5,Rs./Quintal,Metric Tonnes
Madhya Pradesh,Gwalior,Lashkar APMC,Jowar(Sorghum),Jowar (Yellow),FAQ,2026-01-25,2285.0,2285.0,2285.0,1.2000000000000002,Rs./Quintal,Metric Tonnes
Madhya Pradesh,Gwalior,Lashkar APMC,Mustard,Mustard,FAQ,2026-01-25,6605.0,6975.0,6745.0,80.27000000000001,Rs./Quintal,Metric Tonnes
Madhya Pradesh,Gwalior,Lashkar APMC,Paddy(Common),Dhan,FAQ,2026-01-25,3280.0,3320.0,3300.0,36.0,Rs./Quintal,Metric Tonnes
Madhya Pradesh,Gwalior,Lashkar APMC,Wheat,Wheat,FAQ,2026-01-25,2500.0,2510.0,2505.0,30.700000000000003,Rs./Quintal,Metric Tonnes
Madhya Pradesh,Gwalior,Lashkar APMC,Wheat,Wheat Mix,FAQ,2026-01-25,2425.0,2425.0,2425.0,1.5,Rs./Quintal,Metric Tonnes
Madhya Pradesh,Chhatarpur,LavKush Nagar(Laundi) APMC,Green Peas,Pea,FAQ,2026-01-25,3500.0,3700.0,3700.0,26.6,Rs./Quintal,Metric Tonnes
Madhya Pradesh,Chhatarpur,LavKush Nagar(Laundi) APMC,Mustard,Mustard,Non-FAQ,2026-01-25,5975.0,6100.0,6100.0,15.700000000000001,Rs./Quintal,Metric Tonnes
Madhya Pradesh,Chhatarpur,LavKush Nagar(Laundi) APMC,"Sesamum(Sesame,Gingelly,Til)",White,FAQ,2026-01-25,8100.0,8100.0,8100.0,2.4000000000000004,Rs./Quintal,Metric Tonnes
Madhya Pradesh,Dewas,Loharda APMC,Maize,Local,FAQ,2026-01-25,1310.0,1550.0,1550.0,25.960000000000004,Rs./Quintal,Metric Tonnes
Madhya Pradesh,Dewas,Loharda APMC,Wheat,Wheat,FAQ,2026-01-25,2730.0,2730.0,2730.0,54.6,Rs./Quintal,Metric Tonnes
Madhya Pradesh,Dhar,Manawar APMC,Maize,Local,Non-FAQ,2026-01-25,1800.0,1850.0,1800.0,242.295,Rs./Quintal,Metric Tonnes
Madhya Pradesh,Dhar,Manawar APMC,Maize,Local,FAQ,2026-01-25,1500.0,1600.0,1500.0,42.17,Rs./Quintal,Metric Tonnes
Madhya Pradesh,Mandla,Mandla APMC,Gur(Jaggery),Jaggery,FAQ,2026-01-25,3000.0,3825.0,3300.0,151.52,Rs./Quintal,Metric Tonnes
Madhya Pradesh,Mandla,Mandla APMC,Kutki,Kutki,FAQ,2026-01-25,4200.0,4250.0,4250.0,5.9,Rs./Quintal,Metric Tonnes
Madhya Pradesh,Mandla,Mandla APMC,Niger Seed(Ramtil),Ramatilli,FAQ,2026-01-25,9900.0,9900.0,9900.0,2.0,Rs./Quintal,Metric Tonnes
Madhya Pradesh,Mandla,Mandla APMC,Paddy(Common),Paddy,Non-FAQ,2026-01-25,2000.0,2000.0,2000.0,5.0,Rs./Quintal,Metric Tonnes
Madhya Pradesh,Mandla,Mandla APMC,Wheat,Mill Quality,FAQ,2026-01-25,2460.0,2500.0,2490.0,19.6,Rs./Quintal,Metric Tonnes
Madhya Pradesh,Mandla,Mandla APMC,Wheat,Mill Quality,Non-FAQ,2026-01-25,2360.0,2470.0,2470.0,31.700000000000003,Rs./Quintal,Metric Tonnes
Madhya Pradesh,Satna,Mehar APMC,Wheat,Local,Non-FAQ,2026-01-25,2450.0,2450.0,2450.0,7.8500000000000005,Rs./Quintal,Metric Tonnes
Madhya Pradesh,Balaghat,Mohgaon APMC,Kodo Millet(Varagu),Kondo,FAQ,2026-01-25,2500.0,2550.0,2550.0,6.0,Rs./Quintal,Metric Tonnes
Madhya Pradesh,Bhind,Mow APMC,Mustard,Mustard,FAQ,2026-01-25,6350.0,6830.0,6830.0,4.341,Rs./Quintal,Metric Tonnes
Madhya Pradesh,Bhind,Mow APMC,Wheat,Wheat,FAQ,2026-01-25,2400.0,2475.0,2475.0,6.24,Rs./Quintal,Metric Tonnes
Madhya Pradesh,Betul,Multai APMC,Maize,Local,Non-FAQ,2026-01-25,1551.0,1608.0,1601.0,542.0600000000001,Rs./Quintal,Metric Tonnes
Madhya Pradesh,Betul,Multai APMC,Maize,Local,FAQ,2026-01-25,1500.0,1525.0,1525.0,35.0,Rs./Quintal,Metric Tonnes
Madhya Pradesh,Betul,Multai APMC,Maize,Yellow,FAQ,2026-01-25,1620.0,1660.0,1650.0,119.09000000000002,Rs./Quintal,Metric Tonnes
Madhya Pradesh,Betul,Multai APMC,Wheat,Mill Quality,Non-FAQ,2026-01-25,2550.0,2550.0,2550.0,6.5,Rs./Quintal,Metric Tonnes
Madhya Pradesh,Ashoknagar,Mungawali APMC,Maize,Local,Non-FAQ,2026-01-25,1710.0,1750.0,1750.0,29.34,Rs./Quintal,Metric Tonnes
Madhya Pradesh,Satna,Nagod APMC,Mustard,Sarson(Black),FAQ,2026-01-25,6150.0,6211.0,6211.0,8.8,Rs./Quintal,Metric Tonnes
Madhya Pradesh,Satna,Nagod APMC,Wheat,Wheat,FAQ,2026-01-25,2505.0,2545.0,2545.0,23.0,Rs./Quintal,Metric Tonnes
Madhya Pradesh,Mandla,Nainpur APMC,Wheat,Wheat,Non-FAQ,2026-01-25,2500.0,2550.0,2550.0,26.700000000000003,Rs./Quintal,Metric Tonnes
Madhya Pradesh,Rajgarh,Narsinghgarh APMC,Onion,Onion,Non-FAQ,2026-01-25,500.0,600.0,600.0,3.0,Rs./Quintal,Metric Tonnes
Madhya Pradesh,Narsinghpur,Narsinghpur APMC,Gur(Jaggery),Jaggery,FAQ,2026-01-25,3301.0,3500.0,3500.0,26.880000000000003,Rs./Quintal,Metric Tonnes
Madhya Pradesh,Sehore,Nasrullaganj APMC,Maize,Local,Non-FAQ,2026-01-25,1470.0,1470.0,1470.0,10.0,Rs./Quintal,Metric Tonnes
Madhya Pradesh,Sehore,Nasrullaganj APMC,Maize,Local,FAQ,2026-01-25,1317.0,1580.0,1522.0,64.089,Rs./Quintal,Metric Tonnes
Madhya Pradesh,Sehore,Nasrullaganj APMC,Soyabean,Soyabeen,FAQ,2026-01-25,5200.0,5200.0,5200.0,18.44,Rs./Quintal,Metric Tonnes
Madhya Pradesh,Tikamgarh,Niwadi APMC,Groundnut,Big (With Shell),Non-FAQ,2026-01-25,5225.0,8011.0,7660.0,51.52000000000001,Rs./Quintal,Metric Tonnes
Madhya Pradesh,Tikamgarh,Niwadi APMC,Wheat,Mill Quality,Non-FAQ,2026-01-25,2413.0,2500.0,2485.0,213.925,Rs./Quintal,Metric Tonnes
Madhya Pradesh,Raisen,Obedullaganj APMC,Paddy(Common),Puspa (MR 301),FAQ,2026-01-25,3850.0,3850.0,3850.0,90.60000000000001,Rs./Quintal,Metric Tonnes
Madhya Pradesh,Raisen,Obedullaganj APMC,Paddy(Common),Dhan,Non-FAQ,2026-01-25,2850.0,2850.0,2850.0,7.0,Rs./Quintal,Metric Tonnes
Madhya Pradesh,Raisen,Obedullaganj APMC,Paddy(Common),Paddy,Non-FAQ,2026-01-25,3800.0,3800.0,3800.0,52.1,Rs./Quintal,Metric Tonnes
Madhya Pradesh,Raisen,Obedullaganj APMC,Paddy(Common),Dhan,FAQ,2026-01-25,3500.0,3800.0,3700.0,209.44000000000003,Rs./Quintal,Metric Tonnes
Madhya Pradesh,Raisen,Obedullaganj APMC,Paddy(Common),Basmati,FAQ,2026-01-25,3850.0,3861.0,3850.0,54.050000000000004,Rs./Quintal,Metric Tonnes
Madhya Pradesh,Raisen,Obedullaganj APMC,Paddy(Common),Paddy,FAQ,2026-01-25,3775.0,3825.0,3775.0,292.05,Rs./Quintal,Metric Tonnes
Madhya Pradesh,Jabalpur,Paatan APMC,Paddy(Common),Basmati,FAQ,2026-01-25,2800.0,2800.0,2800.0,14.0,Rs./Quintal,Metric Tonnes
Madhya Pradesh,Seoni,Palari APMC,Maize,Local,FAQ,2026-01-25,1625.0,1625.0,1625.0,60.0,Rs./Quintal,Metric Tonnes
Madhya Pradesh,Seoni,Palari APMC,Maize,Local,Non-FAQ,2026-01-25,1600.0,1621.0,1600.0,156.4,Rs./Quintal,Metric Tonnes
Madhya Pradesh,Seoni,Palari APMC,Maize,Yellow,FAQ,2026-01-25,1590.0,1602.0,1602.0,34.5,Rs./Quintal,Metric Tonnes
Madhya Pradesh,Chhindwara,Pandhurna APMC,Maize,Local,FAQ,2026-01-25,1580.0,1610.0,1600.0,170.21800000000002,Rs./Quintal,Metric Tonnes
Madhya Pradesh,Chhindwara,Pandhurna APMC,Maize,Local,Non-FAQ,2026-01-25,1600.0,1625.0,1600.0,32.81,Rs./Quintal,Metric Tonnes
Madhya Pradesh,Chhindwara,Pandhurna APMC,Soyabean,Soyabeen,Non-FAQ,2026-01-25,5200.0,5200.0,5200.0,3.825,Rs./Quintal,Metric Tonnes
Madhya Pradesh,Panna,Panna APMC,Black Gram(Urd Beans)(Whole),Urda/Urd,FAQ,2026-01-25,5600.0,5800.0,5800.0,10.313,Rs./Quintal,Metric Tonnes
Madhya Pradesh,Panna,Panna APMC,Green Peas,Pea,FAQ,2026-01-25,3700.0,4000.0,3700.0,34.300000000000004,Rs./Quintal,Metric Tonnes
Madhya Pradesh,Damoh,Patharia APMC,Maize,Local,Non-FAQ,2026-01-25,1370.0,1375.0,1375.0,29.0,Rs./Quintal,Metric Tonnes
Madhya Pradesh,Jhabua,Petlawad APMC,Cotton,Without Ginned Cotton,FAQ,2026-01-25,7600.0,7651.0,7651.0,12.0,Rs./Quintal,Metric Tonnes
Madhya Pradesh,Jhabua,Petlawad APMC,Maize,Yellow,FAQ,2026-01-25,1550.0,1600.0,1550.0,21.743000000000002,Rs./Quintal,Metric Tonnes
Madhya Pradesh,Shivpuri,Pichhour APMC,Groundnut,Big (With Shell),FAQ,2026-01-25,6762.0,6762.0,6762.0,15.8,Rs./Quintal,Metric Tonnes
Madhya Pradesh,Hoshangabad,Pipariya APMC,Paddy(Common),Paddy,FAQ,2026-01-25,3705.0,3705.0,3705.0,11.120000000000001,Rs./Quintal,Metric Tonnes
Madhya Pradesh,Hoshangabad,Pipariya APMC,Paddy(Common),Puspa (MR 301),FAQ,2026-01-25,3500.0,3875.0,3850.0,332.20500000000004,Rs./Quintal,Metric Tonnes
Madhya Pradesh,Shivpuri,Pohari APMC,Soyabean,Soyabeen,Non-FAQ,2026-01-25,4750.0,5025.0,4750.0,18.817,Rs./Quintal,Metric Tonnes
Madhya Pradesh,Balaghat,Praswada APMC,Wheat,Wheat,FAQ,2026-01-25,2425.0,2425.0,2425.0,12.0,Rs./Quintal,Metric Tonnes
Madhya Pradesh,Sagar,Rahatgarh APMC,Maize,Local,Non-FAQ,2026-01-25,1345.0,1560.0,1365.0,73.77000000000001,Rs./Quintal,Metric Tonnes
Madhya Pradesh,Sagar,Rahatgarh APMC,Maize,Local,FAQ,2026-01-25,1565.0,1565.0,1565.0,7.5,Rs./Quintal,Metric Tonnes
Madhya Pradesh,Raisen,Raisen APMC,Maize,Local,FAQ,2026-01-25,1350.0,1360.0,1360.0,15.699000000000002,Rs./Quintal,Metric Tonnes
Madhya Pradesh,Raisen,Raisen APMC,Paddy(Common),Basmati,FAQ,2026-01-25,3600.0,3957.0,3750.0,552.724,Rs./Quintal,Metric Tonnes
Madhya Pradesh,Raisen,Raisen APMC,Paddy(Common),Paddy,FAQ,2026-01-25,3680.0,3680.0,3680.0,21.435000000000002,Rs./Quintal,Metric Tonnes
Madhya Pradesh,Raisen,Raisen APMC,Paddy(Common),Puspa (MR 301),FAQ,2026-01-25,3570.0,3570.0,3570.0,1.485,Rs./Quintal,Metric Tonnes
Madhya Pradesh,Dhar,Rajgarh APMC,Cotton,Without Ginned Cotton,FAQ,2026-01-25,7550.0,7800.0,7640.0,32.6,Rs./Quintal,Metric Tonnes
Madhya Pradesh,Dhar,Rajgarh APMC,Garlic,Garlic,FAQ,2026-01-25,1800.0,3500.0,3500.0,6.0,Rs./Quintal,Metric Tonnes
Madhya Pradesh,Dhar,Rajgarh APMC,Soyabean,Soyabeen,FAQ,2026-01-25,4200.0,4200.0,4200.0,4.215,Rs./Quintal,Metric Tonnes
Madhya Pradesh,Dhar,Rajgarh APMC,Wheat,Lokwan,FAQ,2026-01-25,2450.0,2500.0,2500.0,14.830000000000002,Rs./Quintal,Metric Tonnes
Madhya Pradesh,Satna,Ramnagar APMC,Wheat,Mill Quality,Non-FAQ,2026-01-25,2470.0,2485.0,2485.0,30.0,Rs./Quintal,Metric Tonnes
Madhya Pradesh,Ratlam,Ratlam APMC,Maize,Local,FAQ,2026-01-25,1960.0,1960.0,1960.0,4.09,Rs./Quintal,Metric Tonnes
Madhya Pradesh,Sagar,Rehli APMC,Maize,Local,Non-FAQ,2026-01-25,1500.0,1560.0,1500.0,80.85000000000001,Rs./Quintal,Metric Tonnes
Madhya Pradesh,Rewa,Rewa APMC,Wheat,Mill Quality,FAQ,2026-01-25,2450.0,2530.0,2525.0,41.300000000000004,Rs./Quintal,Metric Tonnes
Madhya Pradesh,Sagar,Sagar APMC,Maize,Local,FAQ,2026-01-25,1400.0,1460.0,1405.0,83.4,Rs./Quintal,Metric Tonnes
Madhya Pradesh,Sagar,Sagar APMC,Wheat,Wheat,FAQ,2026-01-25,2340.0,2360.0,2360.0,25.450000000000003,Rs./Quintal,Metric Tonnes
Madhya Pradesh,Ratlam,Sailana APMC,Cotton,Long fiber,FAQ,2026-01-25,7400.0,7450.0,7450.0,52.0,Rs./Quintal,Metric Tonnes
Madhya Pradesh,Ratlam,Sailana APMC,Cotton,Without Ginned Cotton,FAQ,2026-01-25,7315.0,7600.0,7600.0,51.97200000000001,Rs./Quintal,Metric Tonnes
Madhya Pradesh,Ratlam,Sailana APMC,Maize,Local,FAQ,2026-01-25,1600.0,1611.0,1611.0,16.5,Rs./Quintal,Metric Tonnes
Madhya Pradesh,Khargone,Sanawad APMC,Wheat,Wheat,Non-FAQ,2026-01-25,2400.0,2405.0,2405.0,16.565,Rs./Quintal,Metric Tonnes
Madhya Pradesh,Rajgarh,Sarangpur APMC,Onion,Local,Non-FAQ,2026-01-25,360.0,360.0,360.0,3.5,Rs./Quintal,Metric Tonnes
Madhya Pradesh,Rajgarh,Sarangpur APMC,Soyabean,Soyabeen,FAQ,2026-01-25,5350.0,5350.0,5350.0,0.952,Rs./Quintal,Metric Tonnes
Madhya Pradesh,Rajgarh,Sarangpur APMC,Wheat,Mill Quality,FAQ,2026-01-25,2580.0,2590.0,2590.0,14.240000000000002,Rs./Quintal,Metric Tonnes
Madhya Pradesh,Satna,Satna APMC,Kodo Millet(Varagu),Kondo,FAQ,2026-01-25,2100.0,2200.0,2200.0,19.5,Rs./Quintal,Metric Tonnes
Madhya Pradesh,Satna,Satna APMC,Mustard,Mustard,FAQ,2026-01-25,6500.0,6600.0,6600.0,38.92,Rs./Quintal,Metric Tonnes
Madhya Pradesh,Satna,Satna APMC,Wheat,Wheat,FAQ,2026-01-25,2556.0,2600.0,2600.0,30.210000000000004,Rs./Quintal,Metric Tonnes
Madhya Pradesh,Khargone,Segaon APMC,Maize,Local,FAQ,2026-01-25,1500.0,1560.0,1525.0,24.965000000000003,Rs./Quintal,Metric Tonnes
Madhya Pradesh,Khargone,Segaon APMC,Maize,Local,Non-FAQ,2026-01-25,1535.0,1650.0,1540.0,35.03,Rs./Quintal,Metric Tonnes
Madhya Pradesh,Sehore,Sehore APMC,Maize,Local,FAQ,2026-01-25,1425.0,1600.0,1560.0,41.357,Rs./Quintal,Metric Tonnes
Madhya Pradesh,Sehore,Sehore APMC,Wheat,Lokwan,FAQ,2026-01-25,2421.0,2488.0,2488.0,12.218000000000002,Rs./Quintal,Metric Tonnes
Madhya Pradesh,Hoshangabad,Semriharchand APMC,Paddy(Common),Basmati,Non-FAQ,2026-01-25,3970.0,3970.0,3970.0,84.755,Rs./Quintal,Metric Tonnes
Madhya Pradesh,Hoshangabad,Semriharchand APMC,Paddy(Common),Puspa (MR 301),Non-FAQ,2026-01-25,3600.0,3800.0,3800.0,100.10000000000001,Rs./Quintal,Metric Tonnes
Madhya Pradesh,Hoshangabad,Semriharchand APMC,Paddy(Common),Paddy,FAQ,2026-01-25,3800.0,3850.0,3800.0,35.42,Rs./Quintal,Metric Tonnes
Madhya Pradesh,Hoshangabad,Semriharchand APMC,Paddy(Common),Basmati,FAQ,2026-01-25,3000.0,3750.0,3400.0,392.65500000000003,Rs./Quintal,Metric Tonnes
Madhya Pradesh,Hoshangabad,Semriharchand APMC,Paddy(Common),Puspa (MR 301),FAQ,2026-01-25,3700.0,3800.0,3800.0,146.8,Rs./Quintal,Metric Tonnes
Madhya Pradesh,Badwani,Sendhwa APMC,Maize,Yellow,Non-FAQ,2026-01-25,1471.0,1481.0,1481.0,22.85,Rs./Quintal,Metric Tonnes
Madhya Pradesh,Seoni,Seoni APMC,Bengal Gram(Gram)(Whole),Gram,Non-FAQ,2026-01-25,5200.0,5300.0,5300.0,7.0,Rs./Quintal,Metric Tonnes
Madhya Pradesh,Seoni,Seoni APMC,Maize,Yellow,FAQ,2026-01-25,1575.0,1611.0,1600.0,582.4340000000001,Rs./Quintal,Metric Tonnes
Madhya Pradesh,Seoni,Seoni APMC,Maize,Yellow,Non-FAQ,2026-01-25,1605.0,1620.0,1605.0,229.47,Rs./Quintal,Metric Tonnes
Madhya Pradesh,Seoni,Seoni APMC,Maize,Local,Non-FAQ,2026-01-25,1485.0,1600.0,1580.0,88.4,Rs./Quintal,Metric Tonnes
Madhya Pradesh,Seoni,Seoni APMC,Maize,Local,FAQ,2026-01-25,1500.0,1905.0,1900.0,243.00500000000002,Rs./Quintal,Metric Tonnes
Madhya Pradesh,Seoni,Seoni APMC,Maize,Deshi Red,FAQ,2026-01-25,1600.0,1600.0,1600.0,9.700000000000001,Rs./Quintal,Metric Tonnes
Madhya Pradesh,Seoni,Seoni APMC,Wheat,Wheat,FAQ,2026-01-25,2600.0,2600.0,2600.0,2.2,Rs./Quintal,Metric Tonnes
Madhya Pradesh,Seoni,Seoni APMC,Wheat,Wheat,Non-FAQ,2026-01-25,2600.0,2610.0,2610.0,15.0,Rs./Quintal,Metric Tonnes
Madhya Pradesh,Datia,Sevda APMC,Paddy(Common),Dhan,FAQ,2026-01-25,3510.0,3680.0,3680.0,20.5,Rs./Quintal,Metric Tonnes
Madhya Pradesh,Shehdol,Shahdol APMC,Wheat,Mill Quality,Non-FAQ,2026-01-25,2400.0,2400.0,2400.0,11.0,Rs./Quintal,Metric Tonnes
Madhya Pradesh,Jabalpur,Shahpura Bhitoni (F&V) APMC,Maize,Yellow,FAQ,2026-01-25,1600.0,1600.0,1600.0,12.3,Rs./Quintal,Metric Tonnes
Madhya Pradesh,Jabalpur,Shahpura(Jabalpur) APMC,Green Peas,Pea,FAQ,2026-01-25,3500.0,3500.0,3500.0,1.5,Rs./Quintal,Metric Tonnes
Madhya Pradesh,Jabalpur,Shahpura(Jabalpur) APMC,Paddy(Common),Dhan,FAQ,2026-01-25,1801.0,1821.0,1821.0,41.0,Rs./Quintal,Metric Tonnes
Madhya Pradesh,Jabalpur,Shahpura(Jabalpur) APMC,Paddy(Common),Other,Non-FAQ,2026-01-25,1900.0,1900.0,1900.0,10.4,Rs./Quintal,Metric Tonnes
Madhya Pradesh,Jabalpur,Shahpura(Jabalpur) APMC,Paddy(Common),Dhan,Non-FAQ,2026-01-25,1975.0,1975.0,1975.0,3.0500000000000003,Rs./Quintal,Metric Tonnes
Madhya Pradesh,Jabalpur,Shahpura(Jabalpur) APMC,Paddy(Common),Paddy,FAQ,2026-01-25,2425.0,2430.0,2430.0,68.5,Rs./Quintal,Metric Tonnes
Madhya Pradesh,Shajapur,Shajapur APMC,Onion,Medium,Non-FAQ,2026-01-25,1092.94,1092.94,1092.94,32.666000000000004,Rs./Quintal,Metric Tonnes
Madhya Pradesh,Sheopur,Sheopurkalan APMC,Paddy(Common),Dhan,FAQ,2026-01-25,3250.0,3480.0,3320.0,54.104,Rs./Quintal,Metric Tonnes
Madhya Pradesh,Sidhi,Sidhi APMC,Wheat,Mill Quality,Non-FAQ,2026-01-25,2440.0,2451.0,2451.0,34.580000000000005,Rs./Quintal,Metric Tonnes
Madhya Pradesh,Raisen,Silvani APMC,Paddy(Common),Basmati,FAQ,2026-01-25,3700.0,3985.0,3888.0,406.34000000000003,Rs./Quintal,Metric Tonnes
Madhya Pradesh,Vidisha,Sironj APMC,Maize,Local,FAQ,2026-01-25,1340.0,1400.0,1400.0,67.065,Rs./Quintal,Metric Tonnes
Madhya Pradesh,Shajapur,Soyatkalan APMC,Wheat,Wheat,Non-FAQ,2026-01-25,2575.0,2575.0,2575.0,8.571,Rs./Quintal,Metric Tonnes
Madhya Pradesh,Narsinghpur,Tendukheda APMC,Gur(Jaggery),Jaggery,FAQ,2026-01-25,3265.0,3265.0,3265.0,12.100000000000001,Rs./Quintal,Metric Tonnes
Madhya Pradesh,Jhabua,Thandla APMC,Cotton,Without Ginned Cotton,FAQ,2026-01-25,7400.0,8200.0,7500.0,19.335,Rs./Quintal,Metric Tonnes
Madhya Pradesh,Jhabua,Thandla APMC,Wheat,Mill Quality,Non-FAQ,2026-01-25,2400.0,2400.0,2400.0,2.0500000000000003,Rs./Quintal,Metric Tonnes
Madhya Pradesh,Harda,Timarni APMC,Wheat,Wheat,FAQ,2026-01-25,2510.0,2510.0,2510.0,7.5,Rs./Quintal,Metric Tonnes
Madhya Pradesh,Raisen,Udaipura APMC,Paddy(Common),Basmati,FAQ,2026-01-25,3800.0,3850.0,3800.0,57.655,Rs./Quintal,Metric Tonnes
Madhya Pradesh,Raisen,Udaipura APMC,Paddy(Common),Paddy,FAQ,2026-01-25,3700.0,3850.0,3850.0,148.56400000000002,Rs./Quintal,Metric Tonnes
Madhya Pradesh,Umariya,Umariya APMC,Wheat,Wheat,Non-FAQ,2026-01-25,2325.0,2500.0,2500.0,22.1,Rs./Quintal,Metric Tonnes
Madhya Pradesh,Umariya,Umariya APMC,Wheat,Local,Non-FAQ,2026-01-25,2450.0,2450.0,2450.0,24.01,Rs./Quintal,Metric Tonnes
Madhya Pradesh,Balaghat,Varaseoni APMC,Paddy(Common),Paddy,FAQ,2026-01-25,1830.0,3610.0,2600.0,127.38,Rs./Quintal,Metric Tonnes
Madhya Pradesh,Balaghat,Varaseoni APMC,Wheat,Local,Non-FAQ,2026-01-25,2100.0,2100.0,2100.0,15.0,Rs./Quintal,Metric Tonnes
Madhya Pradesh,Vidisha,Vidisha APMC,Paddy(Common),Puspa (MR 301),FAQ,2026-01-25,3811.0,3905.0,3905.0,50.95,Rs./Quintal,Metric Tonnes
Madhya Pradesh,Vidisha,Vidisha APMC,Paddy(Common),Basmati,FAQ,2026-01-25,3850.0,3850.0,3850.0,52.800000000000004,Rs./Quintal,Metric Tonnes
Madhya Pradesh,Vidisha,Vidisha APMC,Paddy(Common),Paddy,FAQ,2026-01-25,3650.0,3900.0,3900.0,78.32000000000001,Rs./Quintal,Metric Tonnes
Madhya Pradesh,Vidisha,Vidisha APMC,Paddy(Common),Dhan,FAQ,2026-01-25,3500.0,3800.0,3750.0,437.31899999999996,Rs./Quintal,Metric Tonnes
Madhya Pradesh,Sheopur,Vijaypur APMC,Mustard,Mustard,FAQ,2026-01-25,6200.0,6200.0,6200.0,12.8,Rs./Quintal,Metric Tonnes
Madhya Pradesh,Shajapur,Agar APMC,Wheat,Wheat,Non-FAQ,2026-01-26,2445.0,2450.0,2450.0,4.2,Rs./Quintal,Metric Tonnes
Madhya Pradesh,Bhind,Alampur APMC,Paddy(Common),Paddy,Non-FAQ,2026-01-26,3500.0,3765.0,3765.0,10.3,Rs./Quintal,Metric Tonnes
Madhya Pradesh,Bhind,Alampur APMC,Wheat,Wheat,FAQ,2026-01-26,2440.0,2466.0,2466.0,13.600000000000001,Rs./Quintal,Metric Tonnes
Madhya Pradesh,Alirajpur,Alirajpur APMC,Black Gram(Urd Beans)(Whole),Urda/Urd,FAQ,2026-01-26,6000.0,6200.0,6200.0,38.6,Rs./Quintal,Metric Tonnes
Madhya Pradesh,Alirajpur,Alirajpur APMC,Cotton,Without Ginned Cotton,FAQ,2026-01-26,6500.0,6900.0,6900.0,11.0,Rs./Quintal,Metric Tonnes
Madhya Pradesh,Alirajpur,Alirajpur APMC,Groundnut,Big (With Shell),Non-FAQ,2026-01-26,4500.0,4500.0,4500.0,1.5,Rs./Quintal,Metric Tonnes
Madhya Pradesh,Alirajpur,Alirajpur APMC,Wheat,Wheat,Non-FAQ,2026-01-26,2200.0,2200.0,2200.0,8.5,Rs./Quintal,Metric Tonnes
Madhya Pradesh,Chhindwara,Amarwda APMC,Maize,Local,Non-FAQ,2026-01-26,1532.0,1675.0,1675.0,46.22,Rs./Quintal,Metric Tonnes
Madhya Pradesh,Chhindwara,Amarwda APMC,Maize,Local,FAQ,2026-01-26,1411.0,1650.0,1602.0,639.642,Rs./Quintal,Metric Tonnes
Madhya Pradesh,Chhindwara,Amarwda APMC,Maize,Yellow,Non-FAQ,2026-01-26,1575.0,1675.0,1675.0,9.407,Rs./Quintal,Metric Tonnes
Madhya Pradesh,Chhindwara,Amarwda APMC,Maize,Yellow,FAQ,2026-01-26,1450.0,1680.0,1600.0,302.71,Rs./Quintal,Metric Tonnes
Madhya Pradesh,Chhindwara,Amarwda APMC,Maize,Maize/Corn-Organic,FAQ,2026-01-26,1550.0,1550.0,1550.0,10.0,Rs./Quintal,Metric Tonnes
Madhya Pradesh,Badwani,Anjad APMC,Maize,Yellow,FAQ,2026-01-26,1300.0,1520.0,1500.0,249.60000000000002,Rs./Quintal,Metric Tonnes
Madhya Pradesh,Ashoknagar,Ashoknagar APMC,Green Peas,Pea,FAQ,2026-01-26,3105.0,3105.0,3105.0,25.900000000000002,Rs./Quintal,Metric Tonnes
Madhya Pradesh,Ashoknagar,Ashoknagar APMC,Maize,Local,FAQ,2026-01-26,1560.0,1600.0,1580.0,49.800000000000004,Rs./Quintal,Metric Tonnes
Madhya Pradesh,Ashoknagar,Ashoknagar APMC,Mustard,Mustard,FAQ,2026-01-26,5510.0,5590.0,5525.0,24.27,Rs./Quintal,Metric Tonnes
Madhya Pradesh,Chhatarpur,Badamalhera APMC,Wheat,Mill Quality,Non-FAQ,2026-01-26,2475.0,2510.0,2500.0,63.7,Rs./Quintal,Metric Tonnes
Madhya Pradesh,Dhar,Badnawar APMC,Cotton,Without Ginned Cotton,FAQ,2026-01-26,7000.0,8000.0,7650.0,9.28,Rs./Quintal,Metric Tonnes
Madhya Pradesh,Dhar,Badnawar(F&V) APMC,Garlic,Garlic,Local,2026-01-26,4000.0,4000.0,4000.0,0.5,Rs./Quintal,Metric Tonnes
Madhya Pradesh,Dhar,Badnawar(F&V) APMC,Onion,Onion,Local,2026-01-26,400.0,400.0,400.0,0.5,Rs./Quintal,Metric Tonnes
Madhya Pradesh,Dhar,Badnawar(F&V) APMC,Peas Wet,Peas Wet,Local,2026-01-26,1400.0,1400.0,1400.0,0.5,Rs./Quintal,Metric Tonnes
Madhya Pradesh,Khargone,Badwaha APMC,Rose(Loose)),Rose(Loose),FAQ,2026-01-26,6500.0,6500.0,6500.0,6.195,Rs./Quintal,Metric Tonnes
Madhya Pradesh,Badwani,Badwani APMC,Maize,Local,FAQ,2026-01-26,1550.0,1550.0,1550.0,8.08,Rs./Quintal,Metric Tonnes
Madhya Pradesh,Badwani,Badwani APMC,Maize,Yellow,FAQ,2026-01-26,1485.0,1550.0,1550.0,56.23500000000001,Rs./Quintal,Metric Tonnes
Madhya Pradesh,Badwani,Badwani APMC,Wheat,Mill Quality,Non-FAQ,2026-01-26,2450.0,2450.0,2450.0,12.0,Rs./Quintal,Metric Tonnes
Madhya Pradesh,Badwani,Badwani APMC,Wheat,Mill Quality,FAQ,2026-01-26,2500.0,2500.0,2500.0,3.0,Rs./Quintal,Metric Tonnes
Madhya Pradesh,Dewas,Bagli APMC,Maize,Local,Non-FAQ,2026-01-26,1350.0,1350.0,1350.0,14.8,Rs./Quintal,Metric Tonnes
Madhya Pradesh,Dewas,Bagli APMC,Red gram/Arhar/Tur(whole),Arhar Dal(Tur),Non-FAQ,2026-01-26,6200.0,6300.0,6300.0,7.765000000000001,Rs./Quintal,Metric Tonnes
Madhya Pradesh,Chhatarpur,Bakswaha APMC,Bengal Gram(Gram)(Whole),Gram,Non-FAQ,2026-01-26,5305.0,5401.0,5350.0,35.300000000000004,Rs./Quintal,Metric Tonnes
Madhya Pradesh,Sehore,Baktara APMC,Paddy(Common),Basmati,Non-FAQ,2026-01-26,3881.0,4001.0,4001.0,110.13499999999999,Rs./Quintal,Metric Tonnes
Madhya Pradesh,Sehore,Baktara APMC,Paddy(Common),Basmati,FAQ,2026-01-26,3011.0,4050.0,3851.0,848.9200000000001,Rs./Quintal,Metric Tonnes
Madhya Pradesh,Balaghat,Balaghat APMC,Wheat,Wheat-Organic,FAQ,2026-01-26,2250.0,2250.0,2250.0,2.2,Rs./Quintal,Metric Tonnes
Madhya Pradesh,Sagar,Banda APMC,Maize,Local,Non-FAQ,2026-01-26,1450.0,1615.0,1615.0,81.75,Rs./Quintal,Metric Tonnes
Madhya Pradesh,Hoshangabad,Bankhedi APMC,Paddy(Common),Puspa (MR 301),FAQ,2026-01-26,3668.0,3825.0,3800.0,128.70000000000002,Rs./Quintal,Metric Tonnes
Madhya Pradesh,Shivpuri,Barad APMC,Mustard,Mustard,FAQ,2026-01-26,6100.0,6200.0,6200.0,2.4130000000000003,Rs./Quintal,Metric Tonnes
Madhya Pradesh,Raisen,Bareli APMC,Paddy(Common),Basmati,FAQ,2026-01-26,3500.0,3911.0,3821.0,534.8050000000001,Rs./Quintal,Metric Tonnes
Madhya Pradesh,Raisen,Bareli APMC,Paddy(Common),Dhan,FAQ,2026-01-26,3500.0,4000.0,4000.0,367.75,Rs./Quintal,Metric Tonnes
Madhya Pradesh,Raisen,Bareli APMC,Paddy(Common),Puspa (MR 301),FAQ,2026-01-26,3600.0,4027.0,3900.0,369.89300000000003,Rs./Quintal,Metric Tonnes
Madhya Pradesh,Raisen,Bareli APMC,Paddy(Common),Paddy,Non-FAQ,2026-01-26,3100.0,3100.0,3100.0,11.0,Rs./Quintal,Metric Tonnes
Madhya Pradesh,Raisen,Bareli APMC,Paddy(Common),Paddy,FAQ,2026-01-26,3035.0,3950.0,3950.0,917.033,Rs./Quintal,Metric Tonnes
Madhya Pradesh,Seoni,Barghat APMC,Mustard,Sarson(Black),FAQ,2026-01-26,5000.0,5100.0,5100.0,5.0,Rs./Quintal,Metric Tonnes
Madhya Pradesh,Khargone,Bedia APMC,Chili Red,Red,FAQ,2026-01-26,12236.99,12236.99,12236.99,5.574000000000001,Rs./Quintal,Metric Tonnes
Madhya Pradesh,Shehdol,Beohari APMC,Kodo Millet(Varagu),Kondo,FAQ,2026-01-26,2325.0,2350.0,2350.0,16.23,Rs./Quintal,Metric Tonnes
Madhya Pradesh,Shehdol,Beohari APMC,Lak(Teora),Tiwada,FAQ,2026-01-26,2950.0,2950.0,2950.0,6.0,Rs./Quintal,Metric Tonnes
Madhya Pradesh,Shehdol,Beohari APMC,Wheat,Mill Quality,FAQ,2026-01-26,2490.0,2501.0,2500.0,35.0,Rs./Quintal,Metric Tonnes
Madhya Pradesh,Betul,Betul APMC,Gur(Jaggery),Jaggery,FAQ,2026-01-26,2940.0,3800.0,3300.0,163.77100000000002,Rs./Quintal,Metric Tonnes
Madhya Pradesh,Betul,Betul APMC,Maize,Yellow,Non-FAQ,2026-01-26,1301.0,1331.0,1325.0,165.0,Rs./Quintal,Metric Tonnes
Madhya Pradesh,Betul,Betul APMC,Maize,Yellow,FAQ,2026-01-26,1425.0,1430.0,1430.0,310.0,Rs./Quintal,Metric Tonnes
Madhya Pradesh,Betul,Betul APMC,Maize,Maize/Corn-Organic,FAQ,2026-01-26,1550.0,1550.0,1550.0,48.0,Rs./Quintal,Metric Tonnes
Madhya Pradesh,Khargone,Bhikangaon APMC,Maize,Local,Non-FAQ,2026-01-26,1300.0,1300.0,1300.0,6.525,Rs./Quintal,Metric Tonnes
Madhya Pradesh,Khargone,Bhikangaon APMC,Maize,Local,FAQ,2026-01-26,1400.0,1400.0,1400.0,13.55,Rs./Quintal,Metric Tonnes
Madhya Pradesh,Khargone,Bhikangaon APMC,Red gram/Arhar/Tur(whole),Arhar Dal(Tur),FAQ,2026-01-26,6200.0,7100.0,7100.0,0.65,Rs./Quintal,Metric Tonnes
Madhya Pradesh,Bhind,Bhind APMC,Wheat,Wheat,Non-FAQ,2026-01-26,2500.0,2500.0,2500.0,7.5,Rs./Quintal,Metric Tonnes
Madhya Pradesh,Bhind,Bhind(F&V) APMC,Banana,Khandesh,Grade C,2026-01-26,1000.0,1000.0,1000.0,0.001,Rs./Quintal,Metric Tonnes
Madhya Pradesh,Bhopal,Bhopal APMC,Ajwan,Ajwan,FAQ,2026-01-26,22198.04,22198.04,22198.04,0.9500000000000001,Rs./Quintal,Metric Tonnes
Madhya Pradesh,Bhopal,Bhopal APMC,Bengal Gram(Gram)(Whole),Gram,FAQ,2026-01-26,7707.97,7707.97,7707.97,0.30000000000000004,Rs./Quintal,Metric Tonnes
Madhya Pradesh,Bhopal,Bhopal APMC,Cowpea(Lobia/Karamani),Lobia or Moth,FAQ,2026-01-26,10239.24,10239.24,10239.24,0.30000000000000004,Rs./Quintal,Metric Tonnes
Madhya Pradesh,Bhopal,Bhopal APMC,Cummin Seed(Jeera),Cummin Seed(Jeera),FAQ,2026-01-26,23834.75,23834.75,23834.75,0.6000000000000001,Rs./Quintal,Metric Tonnes
Madhya Pradesh,Bhopal,Bhopal APMC,Green Peas,Pea,FAQ,2026-01-26,6650.06,6650.06,6650.06,0.6000000000000001,Rs./Quintal,Metric Tonnes
Madhya Pradesh,Bhopal,Bhopal APMC,Groundnut,Groundnut seed,FAQ,2026-01-26,13553.62,13553.62,13553.62,1.6,Rs./Quintal,Metric Tonnes
Madhya Pradesh,Bhopal,Bhopal APMC,Jowar(Sorghum),Jowar (Yellow),FAQ,2026-01-26,7220.0,7220.0,7220.0,0.15000000000000002,Rs./Quintal,Metric Tonnes
Madhya Pradesh,Bhopal,Bhopal APMC,Linseed,Flaxseed,FAQ,2026-01-26,11078.56,11078.56,11078.56,0.2,Rs./Quintal,Metric Tonnes
Madhya Pradesh,Bhopal,Bhopal APMC,Paddy(Common),Dhan,FAQ,2026-01-26,3821.0,3821.0,3821.0,24.75,Rs./Quintal,Metric Tonnes
Madhya Pradesh,Bhopal,Bhopal APMC,Rayee,Raee,FAQ,2026-01-26,12804.16,12804.16,12804.16,0.375,Rs./Quintal,Metric Tonnes
Madhya Pradesh,Bhopal,Bhopal APMC,"Sesamum(Sesame,Gingelly,Til)",Sesame,FAQ,2026-01-26,13392.77,13392.77,13392.77,0.5,Rs./Quintal,Metric Tonnes
Madhya Pradesh,Chhatarpur,Bijawar APMC,Soyabean,Soyabeen,Non-FAQ,2026-01-26,4150.0,4301.0,4205.0,31.700000000000003,Rs./Quintal,Metric Tonnes
Madhya Pradesh,Chhatarpur,Bijawar APMC,Soyabean,Yellow,Non-FAQ,2026-01-26,4911.0,4911.0,4911.0,3.9000000000000004,Rs./Quintal,Metric Tonnes
Madhya Pradesh,Chhatarpur,Bijawar APMC,Wheat,Mill Quality,FAQ,2026-01-26,2450.0,2450.0,2450.0,6.5,Rs./Quintal,Metric Tonnes
Madhya Pradesh,Burhanpur,Burhanpur APMC,Cotton,Medium Fiber,FAQ,2026-01-26,7555.0,7555.0,7555.0,2.606,Rs./Quintal,Metric Tonnes
Madhya Pradesh,Burhanpur,Burhanpur APMC,Wheat,Wheat,FAQ,2026-01-26,2600.0,2600.0,2600.0,2.279,Rs./Quintal,Metric Tonnes
Madhya Pradesh,Rewa,Chaakghat APMC,Paddy(Common),Paddy fine,FAQ,2026-01-26,2300.0,5400.0,2500.0,80.2,Rs./Quintal,Metric Tonnes
Madhya Pradesh,Ashoknagar,Chanderi APMC,Wheat,Wheat,Non-FAQ,2026-01-26,2350.0,2350.0,2350.0,2.545,Rs./Quintal,Metric Tonnes
Madhya Pradesh,Chhindwara,Chaurai APMC,Maize,Local,FAQ,2026-01-26,1500.0,1620.0,1620.0,60.2,Rs./Quintal,Metric Tonnes
Madhya Pradesh,Chhindwara,Chaurai APMC,Maize,Yellow,Non-FAQ,2026-01-26,1610.0,1650.0,1650.0,295.40000000000003,Rs./Quintal,Metric Tonnes
Madhya Pradesh,Chhindwara,Chaurai APMC,Maize,Yellow,FAQ,2026-01-26,1400.0,1650.0,1600.0,279.31,Rs./Quintal,Metric Tonnes
Madhya Pradesh,Rajgarh,Chhapiheda APMC,Wheat,Wheat,FAQ,2026-01-26,2500.0,2500.0,2500.0,6.099,Rs./Quintal,Metric Tonnes
Madhya Pradesh,Chhatarpur,Chhatarpur APMC,Barley(Jau),Barley,Non-FAQ,2026-01-26,2300.0,2310.0,2310.0,29.5,Rs./Quintal,Metric Tonnes
Madhya Pradesh,Chhatarpur,Chhatarpur APMC,Wheat,Wheat,FAQ,2026-01-26,2380.0,2470.0,2400.0,66.4,Rs./Quintal,Metric Tonnes
Madhya Pradesh,Chhatarpur,Chhatarpur APMC,Wheat,Mill Quality,FAQ,2026-01-26,2465.0,2475.0,2465.0,24.240000000000002,Rs./Quintal,Metric Tonnes
Madhya Pradesh,Chhindwara,Chhindwara APMC,Bengal Gram(Gram)(Whole),Gram,FAQ,2026-01-26,5110.0,5235.0,5235.0,14.200000000000001,Rs./Quintal,Metric Tonnes
Madhya Pradesh,Chhindwara,Chhindwara APMC,Maize,Yellow,Non-FAQ,2026-01-26,1600.0,1650.0,1637.0,2095.4,Rs./Quintal,Metric Tonnes
Madhya Pradesh,Chhindwara,Chhindwara APMC,Maize,Maize/Corn-Organic,FAQ,2026-01-26,1400.0,1511.0,1511.0,41.1,Rs./Quintal,Metric Tonnes
Madhya Pradesh,Seoni,Chhpara APMC,Maize,Local,Non-FAQ,2026-01-26,1500.0,1655.0,1650.0,151.05,Rs./Quintal,Metric Tonnes
Madhya Pradesh,Seoni,Chhpara APMC,Maize,Local,FAQ,2026-01-26,1490.0,1750.0,1740.0,307.244,Rs./Quintal,Metric Tonnes
Madhya Pradesh,Seoni,Chhpara APMC,Maize,Yellow,Non-FAQ,2026-01-26,1650.0,1680.0,1680.0,30.0,Rs./Quintal,Metric Tonnes
Madhya Pradesh,Seoni,Chhpara APMC,Maize,Yellow,FAQ,2026-01-26,1440.0,1600.0,1600.0,150.6,Rs./Quintal,Metric Tonnes
Madhya Pradesh,Datia,Datia APMC,Wheat,Mill Quality,Non-FAQ,2026-01-26,2520.0,2520.0,2520.0,8.440000000000001,Rs./Quintal,Metric Tonnes
Madhya Pradesh,Sagar,Deori APMC,Bengal Gram(Gram)(Whole),Desi (F.A.Q. Split),Non-FAQ,2026-01-26,5020.0,5050.0,5050.0,7.7,Rs./Quintal,Metric Tonnes
Madhya Pradesh,Sagar,Deori APMC,Bengal Gram(Gram)(Whole),Gram,Non-FAQ,2026-01-26,5100.0,5100.0,5100.0,3.8000000000000003,Rs./Quintal,Metric Tonnes
Madhya Pradesh,Sagar,Deori APMC,Maize,Local,Non-FAQ,2026-01-26,1510.0,1520.0,1520.0,23.0,Rs./Quintal,Metric Tonnes
Madhya Pradesh,Sagar,Deori APMC,Maize,Yellow,FAQ,2026-01-26,1575.0,1625.0,1600.0,86.486,Rs./Quintal,Metric Tonnes
Madhya Pradesh,Sagar,Deori APMC,Onion,Onion,Non-FAQ,2026-01-26,800.0,800.0,800.0,49.0,Rs./Quintal,Metric Tonnes
Madhya Pradesh,Sagar,Deori APMC,Onion,Onion,FAQ,2026-01-26,800.0,1000.0,1000.0,48.0,Rs./Quintal,Metric Tonnes
Madhya Pradesh,Dewas,Dewas APMC,Wheat,Wheat,FAQ,2026-01-26,2533.0,2563.0,2563.0,12.096,Rs./Quintal,Metric Tonnes
Madhya Pradesh,Dhar,Dhamnod APMC,Cotton,Without Ginned Cotton,FAQ,2026-01-26,5600.0,7600.0,7600.0,13.36,Rs./Quintal,Metric Tonnes
Madhya Pradesh,Dhar,Dhamnod APMC,Maize,Local,FAQ,2026-01-26,1730.0,1730.0,1730.0,11.5,Rs./Quintal,Metric Tonnes
Madhya Pradesh,Dhar,Dhamnod(F&V) APMC,Bhindi(Ladies Finger),Bhindi,FAQ,2026-01-26,2000.0,2500.0,2000.0,1.4,Rs./Quintal,Metric Tonnes
Madhya Pradesh,Dhar,Dhamnod(F&V) APMC,Carrot,Carrot,Medium,2026-01-26,1000.0,1200.0,1200.0,1.1,Rs./Quintal,Metric Tonnes
Madhya Pradesh,Dhar,Dhamnod(F&V) APMC,Green Chilli,Green Chilly,Local,2026-01-26,2000.0,3200.0,2500.0,0.8,Rs./Quintal,Metric Tonnes
Madhya Pradesh,Dhar,Dhamnod(F&V) APMC,Peas Wet,Peas Wet,Local,2026-01-26,1500.0,1500.0,1500.0,0.9,Rs./Quintal,Metric Tonnes
Madhya Pradesh,Dhar,Dhamnod(F&V) APMC,Potato,Potato,FAQ,2026-01-26,900.0,1000.0,900.0,2.8,Rs./Quintal,Metric Tonnes
Madhya Pradesh,Dhar,Dhamnod(F&V) APMC,Sponge gourd,Sponge gourd,Local,2026-01-26,1700.0,2000.0,1700.0,1.5,Rs./Quintal,Metric Tonnes
Madhya Pradesh,Dhar,Dhamnod(F&V) APMC,Tomato,Tomato,FAQ,2026-01-26,900.0,1500.0,1000.0,2.6,Rs./Quintal,Metric Tonnes
Madhya Pradesh,Dindori,Dindori APMC,Niger Seed(Ramtil),Ramatilli,Non-FAQ,2026-01-26,9700.0,9700.0,9700.0,2.0,Rs./Quintal,Metric Tonnes
Madhya Pradesh,Narsinghpur,Gadarwada APMC,Green Gram(Moong)(Whole),Green (Whole),FAQ,2026-01-26,7150.54,7150.54,7150.54,40.25,Rs./Quintal,Metric Tonnes
Madhya Pradesh,Narsinghpur,Gadarwada APMC,Gur(Jaggery),Jaggery,FAQ,2026-01-26,3200.0,3200.0,3200.0,18.192,Rs./Quintal,Metric Tonnes
Madhya Pradesh,Narsinghpur,Gadarwada APMC,Paddy(Common),Paddy,FAQ,2026-01-26,3790.0,3810.0,3800.0,24.900000000000002,Rs./Quintal,Metric Tonnes
Madhya Pradesh,Raisen,Gairatganj APMC,Wheat,Wheat-Organic,FAQ,2026-01-26,2700.0,2700.0,2700.0,7.0,Rs./Quintal,Metric Tonnes
Madhya Pradesh,Raisen,Gairatganj APMC,Wheat,Wheat,FAQ,2026-01-26,2625.0,2625.0,2625.0,7.5,Rs./Quintal,Metric Tonnes
Madhya Pradesh,Dhar,Gandhwani APMC,Cotton,Without Ginned Cotton,FAQ,2026-01-26,6700.0,7700.0,7600.0,54.314,Rs./Quintal,Metric Tonnes
Madhya Pradesh,Dhar,Gandhwani APMC,Maize,Local,FAQ,2026-01-26,1530.0,1600.0,1600.0,41.19200000000001,Rs./Quintal,Metric Tonnes
Madhya Pradesh,Dhar,Gandhwani APMC,Soyabean,Soyabeen,FAQ,2026-01-26,5153.0,5200.0,5200.0,7.991,Rs./Quintal,Metric Tonnes
Madhya Pradesh,Vidisha,Ganjbasoda APMC,Paddy(Common),Puspa (MR 301),FAQ,2026-01-26,3680.0,3710.0,3700.0,51.900000000000006,Rs./Quintal,Metric Tonnes
Madhya Pradesh,Vidisha,Ganjbasoda APMC,Paddy(Common),Paddy,FAQ,2026-01-26,3850.0,3850.0,3850.0,96.525,Rs./Quintal,Metric Tonnes
Madhya Pradesh,Indore,Gautampura APMC,Wheat,Wheat,FAQ,2026-01-26,2250.0,2600.0,2600.0,68.0,Rs./Quintal,Metric Tonnes
Madhya Pradesh,Seoni,Ghansour APMC,Bengal Gram(Gram)(Whole),Desi (F.A.Q. Split),Non-FAQ,2026-01-26,4500.0,4500.0,4500.0,5.9,Rs./Quintal,Metric Tonnes
Madhya Pradesh,Seoni,Ghansour APMC,Kutki,Kutki,FAQ,2026-01-26,3925.0,4000.0,4000.0,12.0,Rs./Quintal,Metric Tonnes
Madhya Pradesh,Seoni,Ghansour APMC,Maize,Local,FAQ,2026-01-26,1550.0,1635.0,1621.0,90.80000000000001,Rs./Quintal,Metric Tonnes
Madhya Pradesh,Seoni,Ghansour APMC,Maize,Yellow,FAQ,2026-01-26,1405.0,1605.0,1420.0,64.60000000000001,Rs./Quintal,Metric Tonnes
Madhya Pradesh,Bhind,Gohad APMC,Paddy(Common),Paddy,FAQ,2026-01-26,3090.0,3260.0,3200.0,47.927,Rs./Quintal,Metric Tonnes
Madhya Pradesh,Bhind,Gohad APMC,Wheat,Wheat,FAQ,2026-01-26,2500.0,2500.0,2500.0,3.0,Rs./Quintal,Metric Tonnes
Madhya Pradesh,Dindori,Gorakhpur APMC,Paddy(Common),Paddy,FAQ,2026-01-26,2369.0,2371.0,2369.0,99.30000000000001,Rs./Quintal,Metric Tonnes
Madhya Pradesh,Dindori,Gorakhpur APMC,buttery,Buttery,FAQ,2026-01-26,2600.0,2600.0,2600.0,6.0,Rs./Quintal,Metric Tonnes
Madhya Pradesh,Narsinghpur,Gotegaon APMC,Gur(Jaggery),Jaggery,FAQ,2026-01-26,3290.0,3600.0,3600.0,67.8,Rs./Quintal,Metric Tonnes
Madhya Pradesh,Narsinghpur,Gotegaon APMC,Maize,Local,Non-FAQ,2026-01-26,1591.0,1595.0,1595.0,42.400000000000006,Rs./Quintal,Metric Tonnes
Madhya Pradesh,Vidisha,Gulabganj APMC,Paddy(Common),Paddy-Organic,FAQ,2026-01-26,3300.0,3300.0,3300.0,30.47,Rs./Quintal,Metric Tonnes
Madhya Pradesh,Vidisha,Gulabganj APMC,Paddy(Common),Paddy,FAQ,2026-01-26,3200.0,3300.0,3300.0,125.84000000000002,Rs./Quintal,Metric Tonnes
Madhya Pradesh,Rewa,Hanumana APMC,Gur(Jaggery),Jaggery,FAQ,2026-01-26,3925.0,3925.0,3925.0,3.78,Rs./Quintal,Metric Tonnes
Madhya Pradesh,Rewa,Hanumana APMC,Kodo Millet(Varagu),Kondo,FAQ,2026-01-26,2300.0,2300.0,2300.0,11.0,Rs./Quintal,Metric Tonnes
Madhya Pradesh,Rewa,Hanumana APMC,Lak(Teora),Tiwada,FAQ,2026-01-26,3150.0,3200.0,3200.0,11.0,Rs./Quintal,Metric Tonnes
Madhya Pradesh,Chhatarpur,Harpalpur APMC,Wheat,Wheat,FAQ,2026-01-26,2499.0,2499.0,2499.0,7.800000000000001,Rs./Quintal,Metric Tonnes
Madhya Pradesh,Khandwa,Harsood APMC,Bengal Gram(Gram)(Whole),Gram,FAQ,2026-01-26,4950.0,5000.0,5000.0,9.265,Rs./Quintal,Metric Tonnes
Madhya Pradesh,Khandwa,Harsood APMC,Maize,Yellow,Non-FAQ,2026-01-26,1425.0,1500.0,1500.0,59.010000000000005,Rs./Quintal,Metric Tonnes
Madhya Pradesh,Damoh,Hata APMC,Bengal Gram(Gram)(Whole),Gram,Non-FAQ,2026-01-26,5400.0,5400.0,5400.0,10.0,Rs./Quintal,Metric Tonnes
Madhya Pradesh,Sehore,Ichhawar APMC,Maize,Local,Non-FAQ,2026-01-26,1590.0,1600.0,1600.0,10.685,Rs./Quintal,Metric Tonnes
Madhya Pradesh,Indore,Indore APMC,Black Gram(Urd Beans)(Whole),Urda/Urd,FAQ,2026-01-26,6500.0,6500.0,6500.0,35.055,Rs./Quintal,Metric Tonnes
Madhya Pradesh,Indore,Indore APMC,Paddy(Common),Paddy,FAQ,2026-01-26,2660.0,2660.0,2660.0,17.150000000000002,Rs./Quintal,Metric Tonnes
Madhya Pradesh,Indore,Indore APMC,Red gram/Arhar/Tur(whole),Arhar Dal(Tur),FAQ,2026-01-26,6600.0,6600.0,6600.0,99.77000000000001,Rs./Quintal,Metric Tonnes
Madhya Pradesh,Indore,Indore APMC,Soyabean,Soyabeen,FAQ,2026-01-26,6488.46,6488.46,6488.46,30.05,Rs./Quintal,Metric Tonnes
Madhya Pradesh,Indore,Indore APMC,Wheat,Wheat,FAQ,2026-01-26,2450.0,2450.0,2450.0,14.3,Rs./Quintal,Metric Tonnes
Madhya Pradesh,Ashoknagar,Isagarh APMC,Maize,Local,FAQ,2026-01-26,1590.0,1600.0,1590.0,49.5,Rs./Quintal,Metric Tonnes
Madhya Pradesh,Ashoknagar,Isagarh APMC,Maize,Maize/Corn-Organic,FAQ,2026-01-26,1600.0,1600.0,1600.0,17.0,Rs./Quintal,Metric Tonnes
Madhya Pradesh,Jabalpur,Jabalpur APMC,Red gram/Arhar/Tur(whole),Arhar Dal(Tur),FAQ,2026-01-26,7475.0,7811.0,7811.0,70.09,Rs./Quintal,Metric Tonnes
Madhya Pradesh,Jabalpur,Jabalpur APMC,Wheat,Wheat,FAQ,2026-01-26,2055.0,2055.0,2055.0,16.02,Rs./Quintal,Metric Tonnes
Madhya Pradesh,Tikamgarh,Jatara APMC,Wheat,Wheat,Non-FAQ,2026-01-26,2469.0,2515.0,2495.0,125.03900000000002,Rs./Quintal,Metric Tonnes
Madhya Pradesh,Damoh,Javera APMC,Maize,Local,FAQ,2026-01-26,1500.0,1515.0,1515.0,26.400000000000002,Rs./Quintal,Metric Tonnes
Madhya Pradesh,Rajgarh,Jeerapur APMC,Soyabean,Soyabeen,FAQ,2026-01-26,4225.0,4725.0,4725.0,8.190000000000001,Rs./Quintal,Metric Tonnes
Madhya Pradesh,Rajgarh,Jeerapur APMC,Wheat,Wheat,FAQ,2026-01-26,2410.0,2415.0,2415.0,5.925000000000001,Rs./Quintal,Metric Tonnes
Madhya Pradesh,Jhabua,Jhabua APMC,Cotton,Without Ginned Cotton,Non-FAQ,2026-01-26,7300.0,7500.0,7300.0,7.18,Rs./Quintal,Metric Tonnes
Madhya Pradesh,Jhabua,Jhabua APMC,Cotton,Without Ginned Cotton,FAQ,2026-01-26,7000.0,7856.0,7200.0,322.754,Rs./Quintal,Metric Tonnes
Madhya Pradesh,Jhabua,Jhabua APMC,Cotton,Ginned Cotton,FAQ,2026-01-26,7611.0,7611.0,7611.0,2.5500000000000003,Rs./Quintal,Metric Tonnes
Madhya Pradesh,Jhabua,Jhabua APMC,Soyabean,Soyabeen,FAQ,2026-01-26,5000.0,5000.0,5000.0,5.5,Rs./Quintal,Metric Tonnes
Madhya Pradesh,Alirajpur,Jobat APMC,Cotton,Medium Fiber,FAQ,2026-01-26,6900.0,7300.0,7200.0,29.608999999999998,Rs./Quintal,Metric Tonnes
Madhya Pradesh,Alirajpur,Jobat APMC,Cotton,Long fiber,FAQ,2026-01-26,7000.0,7000.0,7000.0,2.688,Rs./Quintal,Metric Tonnes
Madhya Pradesh,Alirajpur,Jobat APMC,Cotton,Without Ginned Cotton,Non-FAQ,2026-01-26,6800.0,7500.0,6800.0,55.800000000000004,Rs./Quintal,Metric Tonnes
Madhya Pradesh,Alirajpur,Jobat APMC,Cotton,Without Ginned Cotton,FAQ,2026-01-26,6900.0,7600.0,7400.0,173.65,Rs./Quintal,Metric Tonnes
Madhya Pradesh,Alirajpur,Jobat APMC,Groundnut,Big (With Shell),FAQ,2026-01-26,6000.0,6000.0,6000.0,3.0,Rs./Quintal,Metric Tonnes
Madhya Pradesh,Alirajpur,Jobat APMC,Maize,Local,FAQ,2026-01-26,1505.0,1600.0,1550.0,42.300000000000004,Rs./Quintal,Metric Tonnes
Madhya Pradesh,Alirajpur,Jobat APMC,Wheat,Wheat,FAQ,2026-01-26,2401.0,2401.0,2401.0,2.1,Rs./Quintal,Metric Tonnes
Madhya Pradesh,Morena,Kailaras APMC,Wheat,Wheat,FAQ,2026-01-26,2520.0,2520.0,2520.0,4.6000000000000005,Rs./Quintal,Metric Tonnes
Madhya Pradesh,Dewas,Kannod APMC,Maize,Local,FAQ,2026-01-26,1555.0,1555.0,1555.0,3.6799999999999997,Rs./Quintal,Metric Tonnes
Madhya Pradesh,Dewas,Kannod APMC,Red gram/Arhar/Tur(whole),Arhar Dal(Tur),FAQ,2026-01-26,5225.0,5250.0,5250.0,4.53,Rs./Quintal,Metric Tonnes
Madhya Pradesh,Dewas,Kannod APMC,Wheat,Wheat,FAQ,2026-01-26,2460.0,2480.0,2480.0,10.690000000000001,Rs./Quintal,Metric Tonnes
Madhya Pradesh,Narsinghpur,Kareli APMC,Gur(Jaggery),Jaggery,FAQ,2026-01-26,3300.0,3700.0,3600.0,83.84800000000001,Rs./Quintal,Metric Tonnes
Madhya Pradesh,Narsinghpur,Kareli APMC,buttery,Buttery,FAQ,2026-01-26,4405.0,4411.0,4411.0,8.75,Rs./Quintal,Metric Tonnes
Madhya Pradesh,Shivpuri,Karera APMC,Wheat,Mill Quality,FAQ,2026-01-26,2410.0,2430.0,2430.0,13.8,Rs./Quintal,Metric Tonnes
Madhya Pradesh,Katni,Katni APMC,Bengal Gram(Gram)(Whole),Gram,FAQ,2026-01-26,5400.0,5425.0,5425.0,83.35000000000001,Rs./Quintal,Metric Tonnes
Madhya Pradesh,Katni,Katni APMC,Lentil(Masur)(Whole),Masur Dal,FAQ,2026-01-26,5265.27,5265.27,5265.27,70.26,Rs./Quintal,Metric Tonnes
Madhya Pradesh,Katni,Katni APMC,Paddy(Common),Paddy,FAQ,2026-01-26,1980.0,2000.0,2000.0,131.12,Rs./Quintal,Metric Tonnes
Madhya Pradesh,Katni,Katni APMC,Red gram/Arhar/Tur(whole),Arhar Dal(Tur),FAQ,2026-01-26,6002.95,8173.38,7800.0,1327.7730000000001,Rs./Quintal,Metric Tonnes
Madhya Pradesh,Katni,Katni APMC,Wheat,Wheat,FAQ,2026-01-26,2475.0,2570.0,2525.0,86.0,Rs./Quintal,Metric Tonnes
Madhya Pradesh,Katni,Katni APMC,Wheat,Mill Quality,Non-FAQ,2026-01-26,2400.0,2400.0,2400.0,6.0,Rs./Quintal,Metric Tonnes
Madhya Pradesh,Katni,Katni APMC,Wheat,Mill Quality,FAQ,2026-01-26,2545.0,2557.0,2557.0,22.3,Rs./Quintal,Metric Tonnes
Madhya Pradesh,Seoni,Keolari APMC,Maize,Yellow,Non-FAQ,2026-01-26,1600.0,1650.0,1600.0,34.11000000000001,Rs./Quintal,Metric Tonnes
Madhya Pradesh,Sagar,Kesli APMC,Bengal Gram(Gram)(Whole),Gram,FAQ,2026-01-26,4600.0,4720.0,4600.0,13.215000000000002,Rs./Quintal,Metric Tonnes
Madhya Pradesh,Khandwa,Khandwa APMC,Maize,Local,Non-FAQ,2026-01-26,1691.0,1725.0,1725.0,62.050000000000004,Rs./Quintal,Metric Tonnes
Madhya Pradesh,Khandwa,Khandwa APMC,Maize,Local,FAQ,2026-01-26,1550.0,1600.0,1600.0,24.630000000000003,Rs./Quintal,Metric Tonnes
Madhya Pradesh,Khandwa,Khandwa APMC,Wheat,Mill Quality,FAQ,2026-01-26,2400.0,2400.0,2400.0,10.5,Rs./Quintal,Metric Tonnes
Madhya Pradesh,Khargone,Khargone APMC,Cotton,Without Ginned Cotton,FAQ,2026-01-26,7350.0,7350.0,7350.0,1.9600000000000002,Rs./Quintal,Metric Tonnes
Madhya Pradesh,Khargone,Khargone APMC,Maize,Local,Non-FAQ,2026-01-26,1400.0,1553.0,1553.0,40.84,Rs./Quintal,Metric Tonnes
Madhya Pradesh,Khargone,Khargone APMC,Maize,Local,FAQ,2026-01-26,1500.0,1600.0,1600.0,131.51500000000001,Rs./Quintal,Metric Tonnes
Madhya Pradesh,Khargone,Khargone APMC,Red gram/Arhar/Tur(whole),Arhar Dal(Tur),FAQ,2026-01-26,6700.0,7500.0,7500.0,2.805,Rs./Quintal,Metric Tonnes
Madhya Pradesh,Khargone,Khargone APMC,Wheat,Wheat,Non-FAQ,2026-01-26,2690.0,2690.0,2690.0,10.08,Rs./Quintal,Metric Tonnes
Madhya Pradesh,Khargone,Khargone APMC,Wheat,Wheat,FAQ,2026-01-26,2600.0,2640.0,2600.0,49.795,Rs./Quintal,Metric Tonnes
Madhya Pradesh,Shivpuri,Khatora APMC,Maize,Local,FAQ,2026-01-26,1200.0,1415.0,1415.0,41.6,Rs./Quintal,Metric Tonnes
Madhya Pradesh,Badwani,Khetia APMC,Maize,Local,FAQ,2026-01-26,1390.0,1490.0,1490.0,128.88,Rs./Quintal,Metric Tonnes
Madhya Pradesh,Sagar,Khurai APMC,Maize,Local,FAQ,2026-01-26,1470.0,1530.0,1530.0,51.24700000000001,Rs./Quintal,Metric Tonnes
Madhya Pradesh,Shivpuri,Kolaras APMC,Mustard,Mustard,Non-FAQ,2026-01-26,5450.0,5500.0,5500.0,6.9,Rs./Quintal,Metric Tonnes
Madhya Pradesh,Mandla,Krishi Upaj Mandi Samiti Bichhiya,Mustard,Sarson(Black),Non-FAQ,2026-01-26,6025.0,6025.0,6025.0,3.3000000000000003,Rs./Quintal,Metric Tonnes
Madhya Pradesh,Mandla,Krishi Upaj Mandi Samiti Bichhiya,Paddy(Common),Common,Non-FAQ,2026-01-26,2075.0,2100.0,2100.0,18.7,Rs./Quintal,Metric Tonnes
Madhya Pradesh,Dhar,Kukshi APMC,Bengal Gram(Gram)(Whole),Gram,FAQ,2026-01-26,4500.0,4500.0,4500.0,0.15000000000000002,Rs./Quintal,Metric Tonnes
Madhya Pradesh,Dhar,Kukshi APMC,Black Gram(Urd Beans)(Whole),Urda/Urd,FAQ,2026-01-26,4300.0,4300.0,4300.0,0.1,Rs./Quintal,Metric Tonnes
Madhya Pradesh,Dhar,Kukshi APMC,Chili Red,Red,FAQ,2026-01-26,20520.04,20520.04,20520.04,12.026000000000002,Rs./Quintal,Metric Tonnes
Madhya Pradesh,Dhar,Kukshi APMC,Cotton,Without Ginned Cotton,FAQ,2026-01-26,6800.0,7550.0,6800.0,54.805,Rs./Quintal,Metric Tonnes
Madhya Pradesh,Dhar,Kukshi APMC,Green Gram(Moong)(Whole),Green (Whole),FAQ,2026-01-26,5100.0,5100.0,5100.0,3.8000000000000003,Rs./Quintal,Metric Tonnes
Madhya Pradesh,Dhar,Kukshi APMC,Maize,Local,FAQ,2026-01-26,1550.0,1600.0,1600.0,68.48,Rs./Quintal,Metric Tonnes
Madhya Pradesh,Dhar,Kukshi APMC,Wheat,Wheat,FAQ,2026-01-26,2400.0,2500.0,2500.0,55.466,Rs./Quintal,Metric Tonnes
Madhya Pradesh,Dhar,Kukshi(F&V) APMC,Green Chilli,Green Chilly,Grade A,2026-01-26,1600.0,4000.0,2800.0,0.7000000000000001,Rs./Quintal,Metric Tonnes
Madhya Pradesh,Rajgarh,Kurawar APMC,Wheat,Wheat,FAQ,2026-01-26,2500.0,2500.0,2500.0,13.0,Rs./Quintal,Metric Tonnes
Madhya Pradesh,Seoni,Lakhnadon APMC,Maize,Local,Non-FAQ,2026-01-26,1600.0,1611.0,1611.0,24.700000000000003,Rs./Quintal,Metric Tonnes
Madhya Pradesh,Seoni,Lakhnadon APMC,Maize,Local,FAQ,2026-01-26,1400.0,1502.0,1502.0,53.5,Rs./Quintal,Metric Tonnes
Madhya Pradesh,Seoni,Lakhnadon APMC,Maize,Yellow,Non-FAQ,2026-01-26,1519.0,1522.0,1522.0,25.900000000000002,Rs./Quintal,Metric Tonnes
Madhya Pradesh,Seoni,Lakhnadon APMC,Maize,Yellow,FAQ,2026-01-26,1500.0,1600.0,1600.0,88.60000000000001,Rs./Quintal,Metric Tonnes
Madhya Pradesh,Gwalior,Lashkar APMC,Paddy(Common),Dhan,FAQ,2026-01-26,3290.0,3310.0,3300.0,24.0,Rs./Quintal,Metric Tonnes
Madhya Pradesh,Chhatarpur,LavKush Nagar(Laundi) APMC,Bengal Gram(Gram)(Whole),Desi (F.A.Q. Split),Non-FAQ,2026-01-26,5150.0,5200.0,5200.0,6.2,Rs./Quintal,Metric Tonnes
Madhya Pradesh,Chhatarpur,LavKush Nagar(Laundi) APMC,Bengal Gram(Gram)(Whole),Desi (F.A.Q. Split),FAQ,2026-01-26,5200.0,5210.0,5210.0,6.300000000000001,Rs./Quintal,Metric Tonnes
Madhya Pradesh,Dewas,Loharda APMC,Bengal Gram(Gram)(Whole),Gram,FAQ,2026-01-26,5264.0,5270.0,5270.0,7.46,Rs./Quintal,Metric Tonnes
Madhya Pradesh,Dewas,Loharda APMC,Maize,Local,FAQ,2026-01-26,1490.0,1505.0,1500.0,48.495000000000005,Rs./Quintal,Metric Tonnes
Madhya Pradesh,Dewas,Loharda APMC,Wheat,Wheat,FAQ,2026-01-26,2591.0,2651.0,2651.0,20.195,Rs./Quintal,Metric Tonnes
Madhya Pradesh,Dhar,Manawar APMC,Maize,Local,Non-FAQ,2026-01-26,1475.0,1625.0,1625.0,19.582,Rs./Quintal,Metric Tonnes
Madhya Pradesh,Dhar,Manawar APMC,Maize,Local,FAQ,2026-01-26,1600.0,1600.0,1600.0,4.0200000000000005,Rs./Quintal,Metric Tonnes
Madhya Pradesh,Dhar,Manawar APMC,Wheat,Wheat,Non-FAQ,2026-01-26,2450.0,2500.0,2500.0,23.900000000000002,Rs./Quintal,Metric Tonnes
Madhya Pradesh,Dhar,Manawar APMC,Wheat,Wheat,FAQ,2026-01-26,1800.0,2550.0,2550.0,24.75,Rs./Quintal,Metric Tonnes
Madhya Pradesh,Mandsaur,Mandsaur APMC,Wheat,Wheat,FAQ,2026-01-26,2560.0,2560.0,2560.0,1.62,Rs./Quintal,Metric Tonnes
Madhya Pradesh,Satna,Mehar APMC,Wheat,Wheat,Non-FAQ,2026-01-26,2400.0,2410.0,2410.0,34.52,Rs./Quintal,Metric Tonnes
Madhya Pradesh,Morena,Morena APMC,Potato,Potato,Non-FAQ,2026-01-26,400.0,600.0,600.0,47.5,Rs./Quintal,Metric Tonnes
Madhya Pradesh,Betul,Multai APMC,Maize,Local,Non-FAQ,2026-01-26,1500.0,1620.0,1600.0,361.40000000000003,Rs./Quintal,Metric Tonnes
Madhya Pradesh,Betul,Multai APMC,Maize,Local,FAQ,2026-01-26,1400.0,1450.0,1405.0,95.2,Rs./Quintal,Metric Tonnes
Madhya Pradesh,Betul,Multai APMC,Maize,Yellow,FAQ,2026-01-26,1595.0,1660.0,1650.0,743.1100000000001,Rs./Quintal,Metric Tonnes
Madhya Pradesh,Betul,Multai APMC,Wheat,Mill Quality,FAQ,2026-01-26,2550.0,2550.0,2550.0,6.5,Rs./Quintal,Metric Tonnes
Madhya Pradesh,Ashoknagar,Mungawali APMC,Maize,Local,Non-FAQ,2026-01-26,1475.0,1475.0,1475.0,3.0,Rs./Quintal,Metric Tonnes
Madhya Pradesh,Ashoknagar,Mungawali APMC,Wheat,Wheat,Non-FAQ,2026-01-26,2565.0,2565.0,2565.0,7.0,Rs./Quintal,Metric Tonnes
Madhya Pradesh,Mandla,Nainpur APMC,Maize,Yellow,FAQ,2026-01-26,1800.0,1800.0,1800.0,6.0,Rs./Quintal,Metric Tonnes
Madhya Pradesh,Narsinghpur,Narsinghpur APMC,Gur(Jaggery),Jaggery,FAQ,2026-01-26,3320.0,3665.0,3500.0,141.0,Rs./Quintal,Metric Tonnes
Madhya Pradesh,Narsinghpur,Narsinghpur APMC,Maize,Yellow,FAQ,2026-01-26,1530.0,1530.0,1530.0,6.075,Rs./Quintal,Metric Tonnes
Madhya Pradesh,Narsinghpur,Narsinghpur APMC,Wheat,Mill Quality,Non-FAQ,2026-01-26,2455.0,2455.0,2455.0,5.0,Rs./Quintal,Metric Tonnes
Madhya Pradesh,Sehore,Nasrullaganj APMC,Maize,Local,FAQ,2026-01-26,1475.0,1511.0,1511.0,14.436000000000002,Rs./Quintal,Metric Tonnes
Madhya Pradesh,Tikamgarh,Niwadi APMC,Mahua,Mahua Flower,FAQ,2026-01-26,2350.0,2350.0,2350.0,26.0,Rs./Quintal,Metric Tonnes
Madhya Pradesh,Tikamgarh,Niwadi APMC,Wheat,Mill Quality,Non-FAQ,2026-01-26,2410.0,2430.0,2420.0,24.0,Rs./Quintal,Metric Tonnes
Madhya Pradesh,Raisen,Obedullaganj APMC,Paddy(Common),Basmati,FAQ,2026-01-26,3850.0,3851.0,3850.0,92.22500000000001,Rs./Quintal,Metric Tonnes
Madhya Pradesh,Raisen,Obedullaganj APMC,Paddy(Common),Dhan,FAQ,2026-01-26,3700.0,3750.0,3750.0,43.5,Rs./Quintal,Metric Tonnes
Madhya Pradesh,Raisen,Obedullaganj APMC,Paddy(Common),Puspa (MR 301),FAQ,2026-01-26,3871.0,3900.0,3871.0,73.0,Rs./Quintal,Metric Tonnes
Madhya Pradesh,Raisen,Obedullaganj APMC,Paddy(Common),Paddy,FAQ,2026-01-26,3775.0,3775.0,3775.0,48.550000000000004,Rs./Quintal,Metric Tonnes
Madhya Pradesh,Rajgarh,Pachaur APMC,Wheat,Wheat,Non-FAQ,2026-01-26,2620.0,2700.0,2700.0,14.280000000000001,Rs./Quintal,Metric Tonnes
Madhya Pradesh,Rajgarh,Pachaur APMC,Wheat,Wheat,FAQ,2026-01-26,2520.0,2520.0,2520.0,2.535,Rs./Quintal,Metric Tonnes
Madhya Pradesh,Seoni,Palari APMC,Maize,Local,Non-FAQ,2026-01-26,1600.0,1700.0,1600.0,48.18000000000001,Rs./Quintal,Metric Tonnes
Madhya Pradesh,Seoni,Palari APMC,Maize,Yellow,FAQ,2026-01-26,1550.0,1570.0,1570.0,61.5,Rs./Quintal,Metric Tonnes
Madhya Pradesh,Chhindwara,Pandhurna APMC,Maize,Local,Non-FAQ,2026-01-26,1550.0,1625.0,1625.0,41.995000000000005,Rs./Quintal,Metric Tonnes
Madhya Pradesh,Chhindwara,Pandhurna APMC,Soyabean,Soyabeen,Non-FAQ,2026-01-26,5100.0,5400.0,5400.0,10.427,Rs./Quintal,Metric Tonnes
Madhya Pradesh,Panna,Panna APMC,Bengal Gram(Gram)(Whole),Gram,FAQ,2026-01-26,5100.0,5200.0,5175.0,22.400000000000002,Rs./Quintal,Metric Tonnes
Madhya Pradesh,Damoh,Patharia APMC,Maize,Local,Non-FAQ,2026-01-26,1400.0,1400.0,1400.0,13.0,Rs./Quintal,Metric Tonnes
Madhya Pradesh,Jhabua,Petlawad APMC,Cotton,Without Ginned Cotton,FAQ,2026-01-26,7595.0,8200.0,8200.0,19.935000000000002,Rs./Quintal,Metric Tonnes
Madhya Pradesh,Jhabua,Petlawad APMC,Maize,Local,FAQ,2026-01-26,1700.0,1700.0,1700.0,3.1,Rs./Quintal,Metric Tonnes
Madhya Pradesh,Jhabua,Petlawad APMC,Maize,Yellow,FAQ,2026-01-26,1550.0,2000.0,2000.0,5.166,Rs./Quintal,Metric Tonnes
Madhya Pradesh,Jhabua,Petlawad APMC,Wheat,Wheat,Non-FAQ,2026-01-26,2351.0,2351.0,2351.0,4.0,Rs./Quintal,Metric Tonnes
Madhya Pradesh,Hoshangabad,Pipariya APMC,Paddy(Common),Puspa (MR 301),FAQ,2026-01-26,3500.0,3875.0,3811.0,450.37,Rs./Quintal,Metric Tonnes
Madhya Pradesh,Hoshangabad,Pipariya APMC,Paddy(Common),Paddy,FAQ,2026-01-26,3800.0,3800.0,3800.0,22.385,Rs./Quintal,Metric Tonnes
Madhya Pradesh,Shivpuri,Pohari APMC,Mustard,Mustard,Non-FAQ,2026-01-26,6550.0,6550.0,6550.0,1.868,Rs./Quintal,Metric Tonnes
Madhya Pradesh,Sagar,Rahatgarh APMC,Maize,Local,Non-FAQ,2026-01-26,1345.0,1600.0,1600.0,80.53500000000001,Rs./Quintal,Metric Tonnes
Madhya Pradesh,Raisen,Raisen APMC,Paddy(Common),Basmati,FAQ,2026-01-26,3650.0,3951.0,3730.0,180.83,Rs./Quintal,Metric Tonnes
Madhya Pradesh,Raisen,Raisen APMC,Wheat,Mill Quality,FAQ,2026-01-26,2500.0,2500.0,2500.0,4.815,Rs./Quintal,Metric Tonnes
Madhya Pradesh,Dhar,Rajgarh APMC,Maize,Local,FAQ,2026-01-26,1575.0,1575.0,1575.0,1.865,Rs./Quintal,Metric Tonnes
Madhya Pradesh,Dhar,Rajgarh APMC,Soyabean,Soyabeen,Non-FAQ,2026-01-26,5100.0,5150.0,5150.0,7.2,Rs./Quintal,Metric Tonnes
Madhya Pradesh,Dhar,Rajgarh APMC,Soyabean,Soyabeen,FAQ,2026-01-26,4150.0,4150.0,4150.0,0.426,Rs./Quintal,Metric Tonnes
Madhya Pradesh,Dhar,Rajgarh APMC,Wheat,Lokwan,FAQ,2026-01-26,2450.0,2500.0,2500.0,23.040000000000003,Rs./Quintal,Metric Tonnes
Madhya Pradesh,Satna,Ramnagar APMC,Bengal Gram(Gram)(Whole),Desi (F.A.Q. Split),Non-FAQ,2026-01-26,5290.0,5305.0,5305.0,8.940000000000001,Rs./Quintal,Metric Tonnes
Madhya Pradesh,Satna,Ramnagar APMC,Wheat,Mill Quality,Non-FAQ,2026-01-26,2490.0,2510.0,2495.0,55.95,Rs./Quintal,Metric Tonnes
Madhya Pradesh,Sagar,Rehli APMC,Maize,Local,Non-FAQ,2026-01-26,1499.0,1700.0,1500.0,54.0,Rs./Quintal,Metric Tonnes
Madhya Pradesh,Rewa,Rewa APMC,Wheat,Wheat,FAQ,2026-01-26,2490.0,2510.0,2510.0,22.25,Rs./Quintal,Metric Tonnes
Madhya Pradesh,Sagar,Sagar APMC,Maize,Local,Non-FAQ,2026-01-26,1950.0,1995.0,1980.0,525.49,Rs./Quintal,Metric Tonnes
Madhya Pradesh,Sagar,Sagar APMC,Maize,Local,FAQ,2026-01-26,1410.0,1980.0,1520.0,123.958,Rs./Quintal,Metric Tonnes
Madhya Pradesh,Sagar,Sagar APMC,Maize,Maize/Corn-Organic,FAQ,2026-01-26,1520.0,1530.0,1525.0,65.0,Rs./Quintal,Metric Tonnes
Madhya Pradesh,Ratlam,Sailana APMC,Cotton,Ginned Cotton,FAQ,2026-01-26,7720.0,7818.0,7818.0,13.729,Rs./Quintal,Metric Tonnes
Madhya Pradesh,Ratlam,Sailana APMC,Cotton,Without Ginned Cotton,FAQ,2026-01-26,7350.0,7650.0,7600.0,35.339999999999996,Rs./Quintal,Metric Tonnes
Madhya Pradesh,Ratlam,Sailana APMC,Soyabean,Soyabeen,FAQ,2026-01-26,4200.0,4560.0,4560.0,7.7,Rs./Quintal,Metric Tonnes
Madhya Pradesh,Khargone,Sanawad APMC,Cotton,Without Ginned Cotton,Non-FAQ,2026-01-26,4780.0,5730.0,5680.0,10.425,Rs./Quintal,Metric Tonnes
Madhya Pradesh,Khargone,Sanawad APMC,Cotton,Without Ginned Cotton,FAQ,2026-01-26,6635.0,7485.0,7485.0,1.92,Rs./Quintal,Metric Tonnes
Madhya Pradesh,Khargone,Sanawad APMC,Wheat,Wheat,Non-FAQ,2026-01-26,2400.0,2400.0,2400.0,8.305,Rs./Quintal,Metric Tonnes
Madhya Pradesh,Indore,Sanwer APMC,Soyabean,Soyabeen,FAQ,2026-01-26,4300.0,4300.0,4300.0,30.130000000000003,Rs./Quintal,Metric Tonnes
Madhya Pradesh,Indore,Sanwer APMC,Wheat,Wheat,FAQ,2026-01-26,2475.0,2800.0,2800.0,13.17,Rs./Quintal,Metric Tonnes
Madhya Pradesh,Satna,Satna APMC,Gur(Jaggery),Jaggery,FAQ,2026-01-26,4320.0,4320.0,4320.0,3.0,Rs./Quintal,Metric Tonnes
Madhya Pradesh,Satna,Satna APMC,Kodo Millet(Varagu),Kondo,FAQ,2026-01-26,2150.0,2150.0,2150.0,6.5,Rs./Quintal,Metric Tonnes
Madhya Pradesh,Satna,Satna APMC,Mustard,Mustard,FAQ,2026-01-26,6500.0,6600.0,6600.0,37.22,Rs./Quintal,Metric Tonnes
Madhya Pradesh,Satna,Satna APMC,Wheat,Wheat,Non-FAQ,2026-01-26,2500.0,2515.0,2505.0,47.558,Rs./Quintal,Metric Tonnes
Madhya Pradesh,Satna,Satna APMC,Wheat,Wheat,FAQ,2026-01-26,2550.0,2550.0,2550.0,7.0,Rs./Quintal,Metric Tonnes
Madhya Pradesh,Khargone,Segaon APMC,Maize,Local,Non-FAQ,2026-01-26,1660.0,1705.0,1705.0,17.03,Rs./Quintal,Metric Tonnes
Madhya Pradesh,Khargone,Segaon APMC,Maize,Local,FAQ,2026-01-26,1500.0,1500.0,1500.0,4.915,Rs./Quintal,Metric Tonnes
Madhya Pradesh,Jabalpur,Sehora APMC,Maize,Local,FAQ,2026-01-26,1700.0,1705.0,1705.0,15.340000000000002,Rs./Quintal,Metric Tonnes
Madhya Pradesh,Jabalpur,Sehora APMC,Wheat,Mill Quality,FAQ,2026-01-26,1700.0,1700.0,1700.0,7.4,Rs./Quintal,Metric Tonnes
Madhya Pradesh,Hoshangabad,Semriharchand APMC,Paddy(Common),Basmati,FAQ,2026-01-26,3200.0,3750.0,3200.0,248.06,Rs./Quintal,Metric Tonnes
Madhya Pradesh,Hoshangabad,Semriharchand APMC,Paddy(Common),Puspa (MR 301),Non-FAQ,2026-01-26,3600.0,3800.0,3800.0,165.15,Rs./Quintal,Metric Tonnes
Madhya Pradesh,Hoshangabad,Semriharchand APMC,Paddy(Common),Puspa (MR 301),FAQ,2026-01-26,3700.0,3950.0,3950.0,60.905,Rs./Quintal,Metric Tonnes
Madhya Pradesh,Hoshangabad,Semriharchand APMC,Paddy(Common),Paddy,FAQ,2026-01-26,3850.0,3850.0,3850.0,16.830000000000002,Rs./Quintal,Metric Tonnes
Madhya Pradesh,Badwani,Sendhwa APMC,Maize,Yellow,Non-FAQ,2026-01-26,1451.0,1471.0,1471.0,36.48500000000001,Rs./Quintal,Metric Tonnes
Madhya Pradesh,Seoni,Seoni APMC,Maize,Local,Non-FAQ,2026-01-26,1480.0,1782.0,1775.0,212.72500000000002,Rs./Quintal,Metric Tonnes
Madhya Pradesh,Seoni,Seoni APMC,Maize,Local,FAQ,2026-01-26,1530.0,1650.0,1580.0,116.78,Rs./Quintal,Metric Tonnes
Madhya Pradesh,Seoni,Seoni APMC,Maize,Yellow,Non-FAQ,2026-01-26,1400.0,1405.0,1400.0,36.0,Rs./Quintal,Metric Tonnes
Madhya Pradesh,Seoni,Seoni APMC,Maize,Yellow,FAQ,2026-01-26,1550.0,1602.0,1570.0,403.37,Rs./Quintal,Metric Tonnes
Madhya Pradesh,Seoni,Seoni APMC,Maize,Maize/Corn-Organic,FAQ,2026-01-26,1520.0,1590.0,1590.0,52.56,Rs./Quintal,Metric Tonnes
Madhya Pradesh,Datia,Sevda APMC,Paddy(Common),Dhan,Non-FAQ,2026-01-26,3110.0,3140.0,3140.0,24.200000000000003,Rs./Quintal,Metric Tonnes
Madhya Pradesh,Ashoknagar,Shadora APMC,Maize,Local,FAQ,2026-01-26,1350.0,1490.0,1490.0,29.5,Rs./Quintal,Metric Tonnes
Madhya Pradesh,Sagar,Shahagarh APMC,Wheat,Mill Quality,FAQ,2026-01-26,2400.0,2410.0,2400.0,24.8,Rs./Quintal,Metric Tonnes
Madhya Pradesh,Jabalpur,Shahpura(Jabalpur) APMC,Kodo Millet(Varagu),Kondo,FAQ,2026-01-26,2500.0,2500.0,2500.0,3.5,Rs./Quintal,Metric Tonnes
Madhya Pradesh,Shajapur,Shajapur APMC,Wheat,Wheat,FAQ,2026-01-26,2450.0,2525.0,2525.0,29.8,Rs./Quintal,Metric Tonnes
Madhya Pradesh,Vidisha,Shamshabad APMC,Wheat,Mill Quality,FAQ,2026-01-26,2390.0,2390.0,2390.0,7.525,Rs./Quintal,Metric Tonnes
Madhya Pradesh,Sheopur,Sheopurbadod APMC,Paddy(Common),Dhan,FAQ,2026-01-26,3600.0,3700.0,3700.0,20.0,Rs./Quintal,Metric Tonnes
Madhya Pradesh,Sheopur,Sheopurkalan APMC,Paddy(Common),Dhan,Non-FAQ,2026-01-26,3720.0,3720.0,3720.0,4.062,Rs./Quintal,Metric Tonnes
Madhya Pradesh,Sidhi,Sidhi APMC,Wheat,Mill Quality,Non-FAQ,2026-01-26,2440.0,2451.0,2445.0,38.580000000000005,Rs./Quintal,Metric Tonnes
Madhya Pradesh,Raisen,Silvani APMC,Paddy(Common),Basmati,FAQ,2026-01-26,3700.0,3880.0,3750.0,299.77500000000003,Rs./Quintal,Metric Tonnes
Madhya Pradesh,Singroli,Singroli APMC,Same/Savi,Saanva/Sama,FAQ,2026-01-26,2500.0,2800.0,2800.0,34.5,Rs./Quintal,Metric Tonnes
Madhya Pradesh,Narsinghpur,Tendukheda APMC,Gur(Jaggery),Jaggery,FAQ,2026-01-26,3100.0,4000.0,4000.0,10.9,Rs./Quintal,Metric Tonnes
Madhya Pradesh,Jhabua,Thandla APMC,Cotton,Without Ginned Cotton,FAQ,2026-01-26,7300.0,8200.0,7400.0,67.62,Rs./Quintal,Metric Tonnes
Madhya Pradesh,Jhabua,Thandla APMC,Wheat,Mill Quality,Non-FAQ,2026-01-26,2350.0,2350.0,2350.0,4.55,Rs./Quintal,Metric Tonnes
Madhya Pradesh,Raisen,Udaipura APMC,Paddy(Common),Basmati,FAQ,2026-01-26,3800.0,3800.0,3800.0,28.160000000000004,Rs./Quintal,Metric Tonnes
Madhya Pradesh,Raisen,Udaipura APMC,Paddy(Common),Paddy,FAQ,2026-01-26,3700.0,3850.0,3850.0,127.7,Rs./Quintal,Metric Tonnes
Madhya Pradesh,Ujjain,Ujjain APMC,Paddy(Common),Paddy,FAQ,2026-01-26,2711.6,2711.6,2711.6,25.655,Rs./Quintal,Metric Tonnes
Madhya Pradesh,Ujjain,Ujjain APMC,Potato,Chips,FAQ,2026-01-26,1210.0,1290.0,1270.0,244.0,Rs./Quintal,Metric Tonnes
Madhya Pradesh,Ujjain,Ujjain APMC,Soyabean,Soyabeen,FAQ,2026-01-26,1501.0,3137.0,3137.0,0.984,Rs./Quintal,Metric Tonnes
Madhya Pradesh,Ujjain,Ujjain APMC,Wheat,Wheat,FAQ,2026-01-26,2450.0,2450.0,2450.0,2.265,Rs./Quintal,Metric Tonnes
Madhya Pradesh,Umariya,Umariya APMC,Wheat,Mill Quality,FAQ,2026-01-26,2308.0,2308.0,2308.0,19.5,Rs./Quintal,Metric Tonnes
Madhya Pradesh,Vidisha,Vidisha APMC,Paddy(Common),Basmati,FAQ,2026-01-26,3850.0,3850.0,3850.0,50.050000000000004,Rs./Quintal,Metric Tonnes
Madhya Pradesh,Vidisha,Vidisha APMC,Paddy(Common),Dhan,FAQ,2026-01-26,3450.0,3800.0,3750.0,427.529,Rs./Quintal,Metric Tonnes
Madhya Pradesh,Vidisha,Vidisha APMC,Paddy(Common),Paddy-Organic,FAQ,2026-01-26,3600.0,3600.0,3600.0,10.508000000000001,Rs./Quintal,Metric Tonnes
Madhya Pradesh,Sheopur,Vijaypur APMC,Mustard,Mustard,FAQ,2026-01-26,6750.0,6750.0,6750.0,2.8000000000000003,Rs./Quintal,Metric Tonnes
