state,district,market,commodity,variety,grade,arrival_date,min_price,max_price,modal_price,arrival_qty,price_unit,arrival_unit
Madhya Pradesh,Ratlam,A lot APMC,Wheat,Wheat,FAQ,2026-03-03,2200.0,2200.0,2200.0,9.232,Rs./Quintal,Metric Tonnes
Madhya Pradesh,Chhindwara,Amarwda APMC,Maize,Local,Non-FAQ,2026-03-03,1500.0,1540.0,1540.0,78.80000000000001,Rs./Quintal,Metric Tonnes
Madhya Pradesh,Chhindwara,Amarwda APMC,Maize,Local,FAQ,2026-03-03,1470.0,1651.0,1600.0,430.965,Rs./Quintal,Metric Tonnes
Madhya Pradesh,Chhindwara,Amarwda APMC,Maize,Yellow,FAQ,2026-03-03,1445.0,1600.0,1500.0,189.41,Rs./Quintal,Metric Tonnes
Madhya Pradesh,Chhindwara,Amarwda APMC,Wheat,Mill Quality,Non-FAQ,2026-03-03,2011.0,2011.0,2011.0,9.9,Rs./Quintal,Metric Tonnes
Madhya Pradesh,Badwani,Anjad APMC,Kabuli Chana(Chickpeas-White),Dollar Gram,FAQ,2026-03-03,7600.0,7600.0,7600.0,2.495,Rs./Quintal,Metric Tonnes
Madhya Pradesh,Badwani,Anjad APMC,Maize,Local,FAQ,2026-03-03,1350.0,1350.0,1350.0,9.41,Rs./Quintal,Metric Tonnes
Madhya Pradesh,Badwani,Anjad APMC,Maize,Yellow,FAQ,2026-03-03,1500.0,1500.0,1500.0,26.3,Rs./Quintal,Metric Tonnes
Madhya Pradesh,Badwani,Anjad APMC,Wheat,Wheat,FAQ,2026-03-03,2300.0,2300.0,2300.0,25.700000000000003,Rs./Quintal,Metric Tonnes
Madhya Pradesh,Ashoknagar,Ashoknagar APMC,Wheat,Other,FAQ,2026-03-03,2425.0,2435.0,2435.0,19.845,Rs./Quintal,Metric Tonnes
Madhya Pradesh,Dhar,Badnawar APMC,Cotton,Without Ginned Cotton,FAQ,2026-03-03,7750.0,7750.0,7750.0,9.32,Rs./Quintal,Metric Tonnes
Madhya Pradesh,Dhar,Badnawar(F&V) APMC,Garlic,Garlic,Local,2026-03-03,2800.0,2800.0,2800.0,0.1,Rs./Quintal,Metric Tonnes
Madhya Pradesh,Dhar,Badnawar(F&V) APMC,Onion,Onion,Local,2026-03-03,500.0,500.0,500.0,0.1,Rs./Quintal,Metric Tonnes
Madhya Pradesh,Khargone,Badwaha APMC,Wheat,Wheat,FAQ,2026-03-03,21.12,2025.0,2025.0,290.02,Rs./Quintal,Metric Tonnes
Madhya Pradesh,Badwani,Badwani APMC,Wheat,Lokwan,FAQ,2026-03-03,2200.0,2275.0,2275.0,27.8,Rs./Quintal,Metric Tonnes
Madhya Pradesh,Badwani,Badwani(F&V) APMC,Bottle gourd,Bottle Gourd,Local,2026-03-03,800.0,800.0,800.0,0.625,Rs./Quintal,Metric Tonnes
Madhya Pradesh,Badwani,Badwani(F&V) APMC,Brinjal,Brinjal,Local,2026-03-03,1500.0,1500.0,1500.0,0.45,Rs./Quintal,Metric Tonnes
Madhya Pradesh,Badwani,Badwani(F&V) APMC,Cabbage,Cabbage,Local,2026-03-03,1100.0,1100.0,1100.0,0.638,Rs./Quintal,Metric Tonnes
Madhya Pradesh,Badwani,Badwani(F&V) APMC,Carrot,Carrot,Local,2026-03-03,1200.0,1200.0,1200.0,0.73,Rs./Quintal,Metric Tonnes
Madhya Pradesh,Badwani,Badwani(F&V) APMC,Cucumbar(Kheera),Cucumbar,Local,2026-03-03,1200.0,1200.0,1200.0,0.642,Rs./Quintal,Metric Tonnes
Madhya Pradesh,Badwani,Badwani(F&V) APMC,Green Chilli,Green Chilly,Local,2026-03-03,3000.0,3000.0,3000.0,0.304,Rs./Quintal,Metric Tonnes
Madhya Pradesh,Badwani,Badwani(F&V) APMC,Pumpkin,Pumpkin,Local,2026-03-03,1000.0,1000.0,1000.0,0.445,Rs./Quintal,Metric Tonnes
Madhya Pradesh,Badwani,Badwani(F&V) APMC,Sponge gourd,Sponge gourd,Local,2026-03-03,1600.0,1600.0,1600.0,0.411,Rs./Quintal,Metric Tonnes
Madhya Pradesh,Badwani,Badwani(F&V) APMC,Tomato,Tomato,Local,2026-03-03,800.0,800.0,800.0,0.865,Rs./Quintal,Metric Tonnes
Madhya Pradesh,Sehore,Baktara APMC,Paddy(Common),Basmati,FAQ,2026-03-03,4001.0,4051.0,4051.0,13.695,Rs./Quintal,Metric Tonnes
Madhya Pradesh,Shivpuri,Barad APMC,Mustard,Mustard,FAQ,2026-03-03,6200.0,6200.0,6200.0,2.2800000000000002,Rs./Quintal,Metric Tonnes
Madhya Pradesh,Raisen,Bareli APMC,Paddy(Common),Basmati,FAQ,2026-03-03,4131.0,4301.0,4301.0,31.395,Rs./Quintal,Metric Tonnes
Madhya Pradesh,Raisen,Bareli APMC,Paddy(Common),Paddy,FAQ,2026-03-03,3850.0,3941.0,3941.0,43.848000000000006,Rs./Quintal,Metric Tonnes
Madhya Pradesh,Betul,Betul APMC,Maize,Local,Non-FAQ,2026-03-03,1495.0,1600.0,1500.0,129.32000000000002,Rs./Quintal,Metric Tonnes
Madhya Pradesh,Khargone,Bhikangaon APMC,Maize,Local,FAQ,2026-03-03,1400.0,1500.0,1500.0,27.555000000000003,Rs./Quintal,Metric Tonnes
Madhya Pradesh,Khargone,Bhikangaon APMC,Wheat,Wheat,FAQ,2026-03-03,2200.0,2250.0,2250.0,64.905,Rs./Quintal,Metric Tonnes
Madhya Pradesh,Khargone,Bhikangaon APMC,Wheat,Mill Quality,FAQ,2026-03-03,2200.0,2200.0,2200.0,6.0,Rs./Quintal,Metric Tonnes
Madhya Pradesh,Bhopal,Bhopal APMC,Chili Red,Red,FAQ,2026-03-03,27038.67,27038.67,27038.67,0.225,Rs./Quintal,Metric Tonnes
Madhya Pradesh,Rajgarh,Biaora APMC,Wheat,Wheat,FAQ,2026-03-03,2200.0,2200.0,2200.0,5.08,Rs./Quintal,Metric Tonnes
Madhya Pradesh,Burhanpur,Burhanpur APMC,Bengal Gram(Gram)(Whole),Gram,FAQ,2026-03-03,4725.0,4725.0,4725.0,2.636,Rs./Quintal,Metric Tonnes
Madhya Pradesh,Burhanpur,Burhanpur APMC,Cotton,Medium Fiber,FAQ,2026-03-03,6100.0,6500.0,6400.0,48.32900000000001,Rs./Quintal,Metric Tonnes
Madhya Pradesh,Rewa,Chaakghat APMC,Paddy(Common),Dhan,FAQ,2026-03-03,1667.0,1667.0,1667.0,1.2000000000000002,Rs./Quintal,Metric Tonnes
Madhya Pradesh,Chhindwara,Chaurai APMC,Maize,Yellow,Non-FAQ,2026-03-03,1525.0,1531.0,1531.0,50.2,Rs./Quintal,Metric Tonnes
Madhya Pradesh,Chhindwara,Chaurai APMC,Maize,Yellow,FAQ,2026-03-03,1450.0,1450.0,1450.0,13.700000000000001,Rs./Quintal,Metric Tonnes
Madhya Pradesh,Chhindwara,Chaurai APMC,Wheat,Wheat,FAQ,2026-03-03,2300.0,2300.0,2300.0,8.5,Rs./Quintal,Metric Tonnes
Madhya Pradesh,Rajgarh,Chhapiheda APMC,Wheat,Wheat,FAQ,2026-03-03,2175.0,2175.0,2175.0,4.21,Rs./Quintal,Metric Tonnes
Madhya Pradesh,Seoni,Chhpara APMC,Maize,Yellow,Non-FAQ,2026-03-03,1700.0,1710.0,1710.0,21.5,Rs./Quintal,Metric Tonnes
Madhya Pradesh,Damoh,Damoh APMC,Wheat,Mill Quality,Non-FAQ,2026-03-03,2245.0,2245.0,2245.0,4.0,Rs./Quintal,Metric Tonnes
Madhya Pradesh,Dewas,Dewas APMC,Wheat,Wheat,FAQ,2026-03-03,2100.0,2180.0,2180.0,21.951,Rs./Quintal,Metric Tonnes
Madhya Pradesh,Dhar,Dhamnod APMC,Cotton,Without Ginned Cotton,FAQ,2026-03-03,7140.39,7251.0,7251.0,11.514000000000001,Rs./Quintal,Metric Tonnes
Madhya Pradesh,Dhar,Dhamnod APMC,Kabuli Chana(Chickpeas-White),Dollar Gram,FAQ,2026-03-03,6410.0,8390.0,7800.0,215.53200000000004,Rs./Quintal,Metric Tonnes
Madhya Pradesh,Dhar,Dhamnod APMC,Maize,Local,FAQ,2026-03-03,1575.0,1661.0,1661.0,18.365000000000002,Rs./Quintal,Metric Tonnes
Madhya Pradesh,Dindori,Dindori APMC,Paddy(Common),Other,Non-FAQ,2026-03-03,1900.0,1910.0,1900.0,40.800000000000004,Rs./Quintal,Metric Tonnes
Madhya Pradesh,Narsinghpur,Gadarwada APMC,Wheat,Wheat,FAQ,2026-03-03,2205.0,2205.0,2205.0,8.945,Rs./Quintal,Metric Tonnes
Madhya Pradesh,Narsinghpur,Gadarwada APMC,Wheat,Mill Quality,Non-FAQ,2026-03-03,2180.0,2192.0,2192.0,52.355,Rs./Quintal,Metric Tonnes
Madhya Pradesh,Dhar,Gandhwani APMC,Cotton,Without Ginned Cotton,FAQ,2026-03-03,5800.0,7000.0,7000.0,0.5820000000000001,Rs./Quintal,Metric Tonnes
Madhya Pradesh,Dhar,Gandhwani APMC,Soyabean,Soyabeen,FAQ,2026-03-03,4500.0,4900.0,4900.0,5.966,Rs./Quintal,Metric Tonnes
Madhya Pradesh,Dhar,Gandhwani APMC,Wheat,Wheat,FAQ,2026-03-03,2150.0,2200.0,2200.0,24.388,Rs./Quintal,Metric Tonnes
Madhya Pradesh,Mandsaur,Garoth APMC,Wheat,Wheat,Non-FAQ,2026-03-03,2124.0,2200.0,2200.0,29.6,Rs./Quintal,Metric Tonnes
Madhya Pradesh,Narsinghpur,Gotegaon APMC,Gur(Jaggery),Jaggery,FAQ,2026-03-03,3850.0,3850.0,3850.0,5.0,Rs./Quintal,Metric Tonnes
Madhya Pradesh,Khandwa,Harsood APMC,Bengal Gram(Gram)(Whole),Gram,Non-FAQ,2026-03-03,5000.0,5000.0,5000.0,2.0,Rs./Quintal,Metric Tonnes
Madhya Pradesh,Khandwa,Harsood APMC,Bengal Gram(Gram)(Whole),Gram,FAQ,2026-03-03,4858.0,4865.0,4865.0,5.505,Rs./Quintal,Metric Tonnes
Madhya Pradesh,Indore,Indore APMC,Bengal Gram(Gram)(Whole),Gram,FAQ,2026-03-03,5000.0,6770.0,5185.0,30.707,Rs./Quintal,Metric Tonnes
Madhya Pradesh,Indore,Indore APMC,Chili Red,Red,FAQ,2026-03-03,11890.0,12890.0,12890.0,1.822,Rs./Quintal,Metric Tonnes
Madhya Pradesh,Indore,Indore APMC,Kabuli Chana(Chickpeas-White),Dollar Gram,FAQ,2026-03-03,5200.0,8290.0,7400.0,84.48700000000001,Rs./Quintal,Metric Tonnes
Madhya Pradesh,Indore,Indore APMC,Red gram/Arhar/Tur(whole),Arhar Dal(Tur),FAQ,2026-03-03,6055.0,6055.0,6055.0,0.9199999999999999,Rs./Quintal,Metric Tonnes
Madhya Pradesh,Indore,Indore APMC,Soyabean,Soyabeen,FAQ,2026-03-03,4315.0,5375.0,5375.0,4.5840000000000005,Rs./Quintal,Metric Tonnes
Madhya Pradesh,Indore,Indore APMC,Wheat,Wheat,FAQ,2026-03-03,2060.0,2537.0,2141.0,20.193,Rs./Quintal,Metric Tonnes
Madhya Pradesh,Ratlam,Jaora APMC,Mustard,Mustard,FAQ,2026-03-03,5750.0,5750.0,5750.0,1.012,Rs./Quintal,Metric Tonnes
Madhya Pradesh,Damoh,Javera APMC,Maize,Local,Non-FAQ,2026-03-03,1400.0,1400.0,1400.0,2.5,Rs./Quintal,Metric Tonnes
Madhya Pradesh,Damoh,Javera APMC,Wheat,Mill Quality,FAQ,2026-03-03,2180.0,2200.0,2200.0,14.5,Rs./Quintal,Metric Tonnes
Madhya Pradesh,Rajgarh,Jeerapur APMC,Mustard,Mustard,Non-FAQ,2026-03-03,5800.0,5800.0,5800.0,1.2000000000000002,Rs./Quintal,Metric Tonnes
Madhya Pradesh,Jhabua,Jhabua APMC,Bengal Gram(Gram)(Whole),Gram,FAQ,2026-03-03,5200.0,5325.0,5200.0,18.77,Rs./Quintal,Metric Tonnes
Madhya Pradesh,Jhabua,Jhabua APMC,Cotton,Without Ginned Cotton,FAQ,2026-03-03,7000.0,7684.0,7684.0,28.010000000000005,Rs./Quintal,Metric Tonnes
Madhya Pradesh,Alirajpur,Jobat APMC,Wheat,Wheat,FAQ,2026-03-03,2100.0,2150.0,2150.0,25.700000000000003,Rs./Quintal,Metric Tonnes
Madhya Pradesh,Narsinghpur,Kareli APMC,Gur(Jaggery),Jaggery,FAQ,2026-03-03,3370.0,3370.0,3370.0,5.7,Rs./Quintal,Metric Tonnes
Madhya Pradesh,Shivpuri,Karera(F&V) APMC,Bottle gourd,Bottle Gourd,Local,2026-03-03,1000.0,1800.0,1200.0,0.1,Rs./Quintal,Metric Tonnes
Madhya Pradesh,Shivpuri,Karera(F&V) APMC,Brinjal,Brinjal,Local,2026-03-03,800.0,2000.0,1200.0,0.15,Rs./Quintal,Metric Tonnes
Madhya Pradesh,Shivpuri,Karera(F&V) APMC,Cabbage,Cabbage,Local,2026-03-03,800.0,1800.0,1200.0,0.1,Rs./Quintal,Metric Tonnes
Madhya Pradesh,Shivpuri,Karera(F&V) APMC,Cauliflower,Cauliflower,Local,2026-03-03,800.0,1800.0,1200.0,0.01,Rs./Quintal,Metric Tonnes
Madhya Pradesh,Shivpuri,Karera(F&V) APMC,Onion,Onion,Local,2026-03-03,1200.0,2000.0,1500.0,0.2,Rs./Quintal,Metric Tonnes
Madhya Pradesh,Shivpuri,Karera(F&V) APMC,Potato,Potato,Local,2026-03-03,400.0,1000.0,600.0,6.0,Rs./Quintal,Metric Tonnes
Madhya Pradesh,Shivpuri,Karera(F&V) APMC,Raddish,Raddish,Local,2026-03-03,600.0,1000.0,800.0,0.05,Rs./Quintal,Metric Tonnes
Madhya Pradesh,Shivpuri,Karera(F&V) APMC,Tomato,Tomato,Local,2026-03-03,200.0,1000.0,500.0,3.2,Rs./Quintal,Metric Tonnes
Madhya Pradesh,Khargone,Kasrawad APMC,Wheat,Wheat,FAQ,2026-03-03,2160.0,2260.0,2230.0,11.625,Rs./Quintal,Metric Tonnes
Madhya Pradesh,Katni,Katni APMC,Red gram/Arhar/Tur(whole),Arhar Dal(Tur),FAQ,2026-03-03,7739.6,7988.92,7988.92,122.64300000000001,Rs./Quintal,Metric Tonnes
Madhya Pradesh,Tikamgarh,Khargapur APMC,Mustard,Mustard,FAQ,2026-03-03,5600.0,5900.0,5900.0,17.650000000000002,Rs./Quintal,Metric Tonnes
Madhya Pradesh,Khargone,Khargone APMC,Bengal Gram(Gram)(Whole),Gram,Non-FAQ,2026-03-03,5000.0,5000.0,5000.0,3.265,Rs./Quintal,Metric Tonnes
Madhya Pradesh,Khargone,Khargone APMC,Kabuli Chana(Chickpeas-White),Dollar Gram,FAQ,2026-03-03,5000.0,8615.0,7900.0,770.25,Rs./Quintal,Metric Tonnes
Madhya Pradesh,Khargone,Khargone APMC,Maize,Local,Non-FAQ,2026-03-03,1400.0,1451.0,1451.0,52.900000000000006,Rs./Quintal,Metric Tonnes
Madhya Pradesh,Khargone,Khargone APMC,Red gram/Arhar/Tur(whole),Arhar Dal(Tur),FAQ,2026-03-03,7000.0,7000.0,7000.0,0.2,Rs./Quintal,Metric Tonnes
Madhya Pradesh,Khargone,Khargone APMC,Wheat,Wheat,Non-FAQ,2026-03-03,2130.0,2370.0,2250.0,61.775000000000006,Rs./Quintal,Metric Tonnes
Madhya Pradesh,Khargone,Khargone APMC,Wheat,Wheat,FAQ,2026-03-03,2160.0,2400.0,2400.0,26.360000000000003,Rs./Quintal,Metric Tonnes
Madhya Pradesh,Shivpuri,Kolaras APMC,Bengal Gram(Gram)(Whole),Gram,FAQ,2026-03-03,5535.0,5535.0,5535.0,30.907,Rs./Quintal,Metric Tonnes
Madhya Pradesh,Mandla,Krishi Upaj Mandi Samiti Bichhiya,Paddy(Common),Common,Non-FAQ,2026-03-03,1900.0,1900.0,1900.0,10.0,Rs./Quintal,Metric Tonnes
Madhya Pradesh,Dhar,Kukshi APMC,Bengal Gram(Gram)(Whole),Gram,FAQ,2026-03-03,5000.0,5300.0,5210.0,31.3,Rs./Quintal,Metric Tonnes
Madhya Pradesh,Dhar,Kukshi APMC,Maize,Local,FAQ,2026-03-03,1310.0,1310.0,1310.0,4.5,Rs./Quintal,Metric Tonnes
Madhya Pradesh,Dhar,Kukshi APMC,Wheat,Wheat,FAQ,2026-03-03,2000.0,2300.0,2300.0,81.24000000000001,Rs./Quintal,Metric Tonnes
Madhya Pradesh,Rajgarh,Kurawar APMC,Mustard,Mustard,FAQ,2026-03-03,5700.0,5700.0,5700.0,0.4,Rs./Quintal,Metric Tonnes
Madhya Pradesh,Seoni,Lakhnadon APMC,Maize,Local,FAQ,2026-03-03,1522.0,1522.0,1522.0,3.0,Rs./Quintal,Metric Tonnes
Madhya Pradesh,Seoni,Lakhnadon APMC,Maize,Yellow,FAQ,2026-03-03,1550.0,1550.0,1550.0,25.0,Rs./Quintal,Metric Tonnes
Madhya Pradesh,Gwalior,Lashkar APMC,Mustard,Mustard,FAQ,2026-03-03,5300.0,5350.0,5350.0,7.1000000000000005,Rs./Quintal,Metric Tonnes
Madhya Pradesh,Gwalior,Lashkar(F&V) APMC,Cauliflower,Cauliflower,Grade B,2026-03-03,800.0,1200.0,1000.0,4.0,Rs./Quintal,Metric Tonnes
Madhya Pradesh,Gwalior,Lashkar(F&V) APMC,Cucumbar(Kheera),Cucumbar,Grade B,2026-03-03,1200.0,1600.0,1400.0,13.0,Rs./Quintal,Metric Tonnes
Madhya Pradesh,Gwalior,Lashkar(F&V) APMC,Ginger(Green),Green Ginger,Grade B,2026-03-03,4500.0,5500.0,5000.0,6.4,Rs./Quintal,Metric Tonnes
Madhya Pradesh,Gwalior,Lashkar(F&V) APMC,Onion,Local,Grade B,2026-03-03,1000.0,1400.0,1200.0,55.0,Rs./Quintal,Metric Tonnes
Madhya Pradesh,Gwalior,Lashkar(F&V) APMC,Orange,Orange,Grade B,2026-03-03,2000.0,3000.0,2500.0,3.0,Rs./Quintal,Metric Tonnes
Madhya Pradesh,Gwalior,Lashkar(F&V) APMC,Papaya,Papaya,Grade B,2026-03-03,800.0,1200.0,1000.0,26.0,Rs./Quintal,Metric Tonnes
Madhya Pradesh,Gwalior,Lashkar(F&V) APMC,Potato,Other,Grade B,2026-03-03,400.0,600.0,500.0,18.0,Rs./Quintal,Metric Tonnes
Madhya Pradesh,Gwalior,Lashkar(F&V) APMC,Ridgeguard(Tori),Ridgeguard(Tori),Grade B,2026-03-03,2100.0,3000.0,2500.0,1.0,Rs./Quintal,Metric Tonnes
Madhya Pradesh,Gwalior,Lashkar(F&V) APMC,Tomato,Local,Grade B,2026-03-03,300.0,500.0,400.0,14.0,Rs./Quintal,Metric Tonnes
Madhya Pradesh,Chhatarpur,LavKush Nagar(Laundi) APMC,Wheat,Mill Quality,FAQ,2026-03-03,2200.0,2200.0,2200.0,2.0,Rs./Quintal,Metric Tonnes
Madhya Pradesh,Dewas,Loharda APMC,Bengal Gram(Gram)(Whole),Gram,FAQ,2026-03-03,5000.0,5000.0,5000.0,2.0850000000000004,Rs./Quintal,Metric Tonnes
Madhya Pradesh,Dewas,Loharda APMC,Wheat,Wheat,FAQ,2026-03-03,2250.0,2311.0,2311.0,6.7379999999999995,Rs./Quintal,Metric Tonnes
Madhya Pradesh,Rajgarh,Machalpur APMC,Wheat,Wheat,FAQ,2026-03-03,2100.0,2150.0,2150.0,8.265,Rs./Quintal,Metric Tonnes
Madhya Pradesh,Dhar,Manawar APMC,Kabuli Chana(Chickpeas-White),Dollar Gram,FAQ,2026-03-03,6700.0,8000.0,7500.0,65.241,Rs./Quintal,Metric Tonnes
Madhya Pradesh,Dhar,Manawar APMC,Maize,Local,FAQ,2026-03-03,1500.0,1500.0,1500.0,12.0,Rs./Quintal,Metric Tonnes
Madhya Pradesh,Dhar,Manawar APMC,Wheat,Wheat,FAQ,2026-03-03,2200.0,2300.0,2300.0,18.71,Rs./Quintal,Metric Tonnes
Madhya Pradesh,Mandsaur,Mandsaur APMC,Soyabean,Soyabeen,FAQ,2026-03-03,5000.0,5000.0,5000.0,18.419999999999998,Rs./Quintal,Metric Tonnes
Madhya Pradesh,Balaghat,Mohgaon APMC,Wheat,Wheat,FAQ,2026-03-03,2450.0,2450.0,2450.0,2.0,Rs./Quintal,Metric Tonnes
Madhya Pradesh,Betul,Multai APMC,Maize,Other,Non-FAQ,2026-03-03,1558.0,1558.0,1558.0,3.2200000000000006,Rs./Quintal,Metric Tonnes
Madhya Pradesh,Betul,Multai APMC,Maize,Local,Non-FAQ,2026-03-03,1560.0,1600.0,1600.0,89.2,Rs./Quintal,Metric Tonnes
Madhya Pradesh,Khandwa,Mundi APMC,Soyabean,Soyabeen,FAQ,2026-03-03,4800.0,4800.0,4800.0,0.742,Rs./Quintal,Metric Tonnes
Madhya Pradesh,Khandwa,Mundi APMC,Wheat,Local,FAQ,2026-03-03,2115.0,2115.0,2115.0,0.9650000000000001,Rs./Quintal,Metric Tonnes
Madhya Pradesh,Khandwa,Mundi APMC,Wheat,Wheat,Non-FAQ,2026-03-03,2180.0,2180.0,2180.0,3.4700000000000006,Rs./Quintal,Metric Tonnes
Madhya Pradesh,Khandwa,Mundi APMC,Wheat,Wheat,FAQ,2026-03-03,19.95,2445.0,2445.0,56.515,Rs./Quintal,Metric Tonnes
Madhya Pradesh,Satna,Nagod APMC,Wheat,Wheat,FAQ,2026-03-03,2311.0,2315.0,2315.0,16.5,Rs./Quintal,Metric Tonnes
Madhya Pradesh,Neemuch,Neemuch APMC,Garlic,Garlic,FAQ,2026-03-03,3700.0,3700.0,3700.0,0.8320000000000001,Rs./Quintal,Metric Tonnes
Madhya Pradesh,Raisen,Obedullaganj APMC,Paddy(Common),Paddy,FAQ,2026-03-03,4360.0,4370.0,4370.0,7.98,Rs./Quintal,Metric Tonnes
Madhya Pradesh,Rajgarh,Pachaur APMC,Wheat,Mill Quality,FAQ,2026-03-03,2165.0,2240.0,2240.0,7.440000000000001,Rs./Quintal,Metric Tonnes
Madhya Pradesh,Seoni,Palari APMC,Maize,Local,Non-FAQ,2026-03-03,1700.0,1705.0,1700.0,43.46000000000001,Rs./Quintal,Metric Tonnes
Madhya Pradesh,Khandwa,Pandhana APMC,Wheat,Wheat,FAQ,2026-03-03,2110.0,2200.0,2110.0,73.53500000000001,Rs./Quintal,Metric Tonnes
Madhya Pradesh,Panna,Panna APMC,Green Peas,Pea,FAQ,2026-03-03,3700.0,3700.0,3700.0,20.3,Rs./Quintal,Metric Tonnes
Madhya Pradesh,Panna,Panna APMC,Lentil(Masur)(Whole),Masur Dal,FAQ,2026-03-03,6500.0,6500.0,6500.0,6.0,Rs./Quintal,Metric Tonnes
Madhya Pradesh,Jhabua,Petlawad APMC,Wheat,Lokwan,FAQ,2026-03-03,2150.0,2150.0,2150.0,0.8,Rs./Quintal,Metric Tonnes
Madhya Pradesh,Jhabua,Petlawad APMC,Wheat,Wheat,FAQ,2026-03-03,1900.0,2200.0,2200.0,88.10000000000001,Rs./Quintal,Metric Tonnes
Madhya Pradesh,Hoshangabad,Pipariya APMC,Paddy(Common),Puspa (MR 301),FAQ,2026-03-03,3850.0,3900.0,3900.0,40.370000000000005,Rs./Quintal,Metric Tonnes
Madhya Pradesh,Mandsaur,Piplya APMC,Garlic,Garlic,FAQ,2026-03-03,5092.88,5092.98,5092.98,7.06,Rs./Quintal,Metric Tonnes
Madhya Pradesh,Shivpuri,Pohari APMC,Mustard,Mustard,Non-FAQ,2026-03-03,5995.0,5995.0,5995.0,2.2680000000000002,Rs./Quintal,Metric Tonnes
Madhya Pradesh,Raisen,Raisen APMC,Paddy(Common),Basmati,FAQ,2026-03-03,4300.0,4300.0,4300.0,23.14,Rs./Quintal,Metric Tonnes
Madhya Pradesh,Raisen,Raisen APMC,Paddy(Common),Dhan,FAQ,2026-03-03,4000.0,4020.0,4020.0,6.2,Rs./Quintal,Metric Tonnes
Madhya Pradesh,Raisen,Raisen APMC,Paddy(Common),Paddy,FAQ,2026-03-03,3600.0,3600.0,3600.0,5.5,Rs./Quintal,Metric Tonnes
Madhya Pradesh,Dhar,Rajgarh APMC,Wheat,Lokwan,FAQ,2026-03-03,2075.0,2300.0,2300.0,13.465000000000002,Rs./Quintal,Metric Tonnes
Madhya Pradesh,Dhar,Rajgarh APMC,Wheat,Wheat,FAQ,2026-03-03,2200.0,2315.0,2315.0,41.115,Rs./Quintal,Metric Tonnes
Madhya Pradesh,Ratlam,Ratlam APMC,Green Peas,Pea,FAQ,2026-03-03,4210.0,4210.0,4210.0,0.7000000000000001,Rs./Quintal,Metric Tonnes
Madhya Pradesh,Ratlam,Ratlam APMC,Maize,Local,FAQ,2026-03-03,1450.0,1450.0,1450.0,8.89,Rs./Quintal,Metric Tonnes
Madhya Pradesh,Ratlam,Ratlam APMC,Wheat,Lokwan,FAQ,2026-03-03,1950.0,2450.0,2450.0,25.080000000000002,Rs./Quintal,Metric Tonnes
Madhya Pradesh,Ratlam,Ratlam APMC,Wheat,Wheat,Non-FAQ,2026-03-03,2015.0,2015.0,2015.0,6.8500000000000005,Rs./Quintal,Metric Tonnes
Madhya Pradesh,Rewa,Rewa APMC,Gur(Jaggery),Jaggery,FAQ,2026-03-03,3950.0,4070.04,4070.04,13.962000000000002,Rs./Quintal,Metric Tonnes
Madhya Pradesh,Morena,Sabalgarh APMC,Mustard,Mustard,Non-FAQ,2026-03-03,6195.0,6205.0,6205.0,2.0,Rs./Quintal,Metric Tonnes
Madhya Pradesh,Morena,Sabalgarh APMC,Mustard,Mustard,FAQ,2026-03-03,6100.0,6295.0,6295.0,1.045,Rs./Quintal,Metric Tonnes
Madhya Pradesh,Morena,Sabalgarh APMC,Mustard,Sarson(Black),Non-FAQ,2026-03-03,5345.0,5995.0,5995.0,7.920000000000001,Rs./Quintal,Metric Tonnes
Madhya Pradesh,Morena,Sabalgarh APMC,Mustard,Sarson(Black),FAQ,2026-03-03,5050.0,5800.0,5800.0,11.450000000000001,Rs./Quintal,Metric Tonnes
Madhya Pradesh,Morena,Sabalgarh(F&V) APMC,Tomato,Deshi,FAQ,2026-03-03,300.0,500.0,400.0,30.0,Rs./Quintal,Metric Tonnes
Madhya Pradesh,Sagar,Sagar APMC,Onion,Onion,FAQ,2026-03-03,800.0,850.0,850.0,25.6,Rs./Quintal,Metric Tonnes
Madhya Pradesh,Sagar,Sagar APMC,Soyabean,Soyabeen,FAQ,2026-03-03,4200.0,4250.0,4200.0,27.450000000000003,Rs./Quintal,Metric Tonnes
Madhya Pradesh,Sagar,Sagar APMC,Wheat,Wheat,FAQ,2026-03-03,2150.0,2150.0,2150.0,8.840000000000002,Rs./Quintal,Metric Tonnes
Madhya Pradesh,Sagar,Sagar(F&V) APMC,Apple,Apple,Local,2026-03-03,8000.0,10000.0,9000.0,1.0,Rs./Quintal,Metric Tonnes
Madhya Pradesh,Sagar,Sagar(F&V) APMC,Banana,Medium,Local,2026-03-03,1000.0,1400.0,1200.0,5.0,Rs./Quintal,Metric Tonnes
Madhya Pradesh,Sagar,Sagar(F&V) APMC,Bottle gourd,Bottle Gourd,Local,2026-03-03,1000.0,1200.0,1100.0,0.2,Rs./Quintal,Metric Tonnes
Madhya Pradesh,Sagar,Sagar(F&V) APMC,Brinjal,Brinjal,Local,2026-03-03,600.0,800.0,700.0,0.5,Rs./Quintal,Metric Tonnes
Madhya Pradesh,Sagar,Sagar(F&V) APMC,Cauliflower,Cauliflower,Local,2026-03-03,600.0,800.0,700.0,0.2,Rs./Quintal,Metric Tonnes
Madhya Pradesh,Sagar,Sagar(F&V) APMC,Grapes,Green,Local,2026-03-03,3000.0,5000.0,4000.0,3.0,Rs./Quintal,Metric Tonnes
Madhya Pradesh,Sagar,Sagar(F&V) APMC,Green Chilli,Green Chilly,Local,2026-03-03,2000.0,4000.0,3000.0,0.1,Rs./Quintal,Metric Tonnes
Madhya Pradesh,Sagar,Sagar(F&V) APMC,Other green and fresh vegetables,Other green and fresh vegetables,Local,2026-03-03,600.0,800.0,700.0,1.4000000000000001,Rs./Quintal,Metric Tonnes
Madhya Pradesh,Sagar,Sagar(F&V) APMC,Pomegranate,Pomogranate,Local,2026-03-03,8000.0,10000.0,9000.0,0.5,Rs./Quintal,Metric Tonnes
Madhya Pradesh,Sagar,Sagar(F&V) APMC,Tomato,Deshi,Local,2026-03-03,600.0,1000.0,800.0,1.5,Rs./Quintal,Metric Tonnes
Madhya Pradesh,Ratlam,Sailana APMC,Cotton,Without Ginned Cotton,FAQ,2026-03-03,8430.0,8500.0,8500.0,9.780000000000001,Rs./Quintal,Metric Tonnes
Madhya Pradesh,Ratlam,Sailana APMC,Wheat,Wheat,FAQ,2026-03-03,2150.0,2150.0,2150.0,2.0,Rs./Quintal,Metric Tonnes
Madhya Pradesh,Khargone,Sanawad APMC,Wheat,Wheat,Non-FAQ,2026-03-03,2000.0,2000.0,2000.0,5.640000000000001,Rs./Quintal,Metric Tonnes
Madhya Pradesh,Indore,Sanwer APMC,Soyabean,Yellow,FAQ,2026-03-03,5150.0,5150.0,5150.0,4.586,Rs./Quintal,Metric Tonnes
Madhya Pradesh,Rajgarh,Sarangpur APMC,Mustard,Mustard,FAQ,2026-03-03,5700.0,5925.0,5925.0,2.391,Rs./Quintal,Metric Tonnes
Madhya Pradesh,Rajgarh,Sarangpur APMC,Wheat,Mill Quality,FAQ,2026-03-03,2250.0,2310.0,2310.0,9.520000000000001,Rs./Quintal,Metric Tonnes
Madhya Pradesh,Satna,Satna APMC,Mustard,Mustard,Non-FAQ,2026-03-03,6000.0,6000.0,6000.0,2.5,Rs./Quintal,Metric Tonnes
Madhya Pradesh,Satna,Satna(F&V) APMC,Papaya,Papaya,Grade A,2026-03-03,1500.0,1500.0,1500.0,1.0,Rs./Quintal,Metric Tonnes
Madhya Pradesh,Khargone,Segaon APMC,Maize,Local,FAQ,2026-03-03,1275.0,1525.0,1500.0,31.72,Rs./Quintal,Metric Tonnes
Madhya Pradesh,Khargone,Segaon APMC,Wheat,Wheat,Non-FAQ,2026-03-03,2211.0,2440.0,2250.0,15.895,Rs./Quintal,Metric Tonnes
Madhya Pradesh,Khargone,Segaon APMC,Wheat,Wheat,FAQ,2026-03-03,2100.0,2261.0,2250.0,28.710000000000004,Rs./Quintal,Metric Tonnes
Madhya Pradesh,Sehore,Sehore(F&V) APMC,Bhindi(Ladies Finger),Bhindi,Grade Range-1,2026-03-03,3000.0,4000.0,3500.0,0.2,Rs./Quintal,Metric Tonnes
Madhya Pradesh,Sehore,Sehore(F&V) APMC,Bitter gourd,Bitter Gourd,Grade Range-1,2026-03-03,4000.0,5000.0,4500.0,0.1,Rs./Quintal,Metric Tonnes
Madhya Pradesh,Sehore,Sehore(F&V) APMC,Bottle gourd,Bottle Gourd,Grade Range-1,2026-03-03,1200.0,2000.0,1500.0,0.4,Rs./Quintal,Metric Tonnes
Madhya Pradesh,Sehore,Sehore(F&V) APMC,Brinjal,Brinjal,Grade Range-1,2026-03-03,800.0,1200.0,1000.0,0.30000000000000004,Rs./Quintal,Metric Tonnes
Madhya Pradesh,Sehore,Sehore(F&V) APMC,Cabbage,Cabbage,Grade Range-1,2026-03-03,800.0,1200.0,1000.0,0.4,Rs./Quintal,Metric Tonnes
Madhya Pradesh,Sehore,Sehore(F&V) APMC,Capsicum,Capsicum,Grade Range-1,2026-03-03,2000.0,3000.0,2500.0,0.2,Rs./Quintal,Metric Tonnes
Madhya Pradesh,Sehore,Sehore(F&V) APMC,Carrot,Carrot,Grade Range-1,2026-03-03,1500.0,2000.0,1800.0,0.5,Rs./Quintal,Metric Tonnes
Madhya Pradesh,Sehore,Sehore(F&V) APMC,Cauliflower,African Sarson,Grade Range-1,2026-03-03,1500.0,2000.0,1800.0,0.30000000000000004,Rs./Quintal,Metric Tonnes
Madhya Pradesh,Sehore,Sehore(F&V) APMC,Cucumbar(Kheera),Cucumbar,Grade Range-1,2026-03-03,1000.0,1500.0,1200.0,0.5,Rs./Quintal,Metric Tonnes
Madhya Pradesh,Sehore,Sehore(F&V) APMC,Ginger(Green),Green Ginger,Grade Range-1,2026-03-03,4000.0,6000.0,5000.0,0.30000000000000004,Rs./Quintal,Metric Tonnes
Madhya Pradesh,Sehore,Sehore(F&V) APMC,Green Chilli,Green Chilly,Grade Range-1,2026-03-03,4000.0,6000.0,5000.0,0.30000000000000004,Rs./Quintal,Metric Tonnes
Madhya Pradesh,Sehore,Sehore(F&V) APMC,Green Peas,Gemin Peas Dal,Grade Range-1,2026-03-03,2500.0,3000.0,2800.0,0.2,Rs./Quintal,Metric Tonnes
Madhya Pradesh,Sehore,Sehore(F&V) APMC,Lemon,Lemon,Grade Range-1,2026-03-03,10000.0,13000.0,12000.0,0.2,Rs./Quintal,Metric Tonnes
Madhya Pradesh,Sehore,Sehore(F&V) APMC,Methi(Leaves),Fenugreek-Organic,Grade Range-1,2026-03-03,1000.0,1500.0,1200.0,0.5,Rs./Quintal,Metric Tonnes
Madhya Pradesh,Sehore,Sehore(F&V) APMC,Spinach,Other,Grade Range-1,2026-03-03,1000.0,1500.0,1200.0,0.4,Rs./Quintal,Metric Tonnes
Madhya Pradesh,Sehore,Sehore(F&V) APMC,Sponge gourd,Sponge gourd,Grade Range-1,2026-03-03,2200.0,3000.0,2500.0,0.2,Rs./Quintal,Metric Tonnes
Madhya Pradesh,Sehore,Sehore(F&V) APMC,Tomato,Deshi,Grade Range-1,2026-03-03,800.0,1200.0,1000.0,0.8,Rs./Quintal,Metric Tonnes
Madhya Pradesh,Hoshangabad,Semriharchand APMC,Paddy(Common),Puspa (MR 301),FAQ,2026-03-03,3600.0,3600.0,3600.0,6.874,Rs./Quintal,Metric Tonnes
Madhya Pradesh,Badwani,Sendhwa APMC,Cotton,Without Ginned Cotton,FAQ,2026-03-03,8200.0,8500.0,8500.0,40.080000000000005,Rs./Quintal,Metric Tonnes
Madhya Pradesh,Badwani,Sendhwa APMC,Maize,Local,FAQ,2026-03-03,1200.0,1500.0,1500.0,50.06,Rs./Quintal,Metric Tonnes
Madhya Pradesh,Badwani,Sendhwa APMC,Maize,Deshi Red,FAQ,2026-03-03,1511.0,1511.0,1511.0,2.0100000000000002,Rs./Quintal,Metric Tonnes
Madhya Pradesh,Badwani,Sendhwa(F&V) APMC,Bhindi(Ladies Finger),Bhindi,Local,2026-03-03,1500.0,2000.0,1700.0,0.2,Rs./Quintal,Metric Tonnes
Madhya Pradesh,Badwani,Sendhwa(F&V) APMC,Bottle gourd,Bottle Gourd,Medium,2026-03-03,900.0,1400.0,1100.0,0.2,Rs./Quintal,Metric Tonnes
Madhya Pradesh,Badwani,Sendhwa(F&V) APMC,Brinjal,Round,Small,2026-03-03,1400.0,2300.0,1800.0,0.9,Rs./Quintal,Metric Tonnes
Madhya Pradesh,Badwani,Sendhwa(F&V) APMC,Carrot,Carrot,Medium,2026-03-03,1300.0,1800.0,1500.0,0.2,Rs./Quintal,Metric Tonnes
Madhya Pradesh,Badwani,Sendhwa(F&V) APMC,Cauliflower,Cauliflower,Medium,2026-03-03,1200.0,2300.0,1800.0,0.1,Rs./Quintal,Metric Tonnes
Madhya Pradesh,Badwani,Sendhwa(F&V) APMC,Green Chilli,Green Chilly,Medium,2026-03-03,1200.0,1700.0,1500.0,0.5,Rs./Quintal,Metric Tonnes
Madhya Pradesh,Badwani,Sendhwa(F&V) APMC,Methi(Leaves),Methi,Local,2026-03-03,1000.0,1500.0,1200.0,0.2,Rs./Quintal,Metric Tonnes
Madhya Pradesh,Badwani,Sendhwa(F&V) APMC,Onion,Red,Medium,2026-03-03,900.0,1300.0,1100.0,1.0,Rs./Quintal,Metric Tonnes
Madhya Pradesh,Badwani,Sendhwa(F&V) APMC,Peas Wet,Peas Wet,Medium,2026-03-03,1400.0,2200.0,1700.0,0.1,Rs./Quintal,Metric Tonnes
Madhya Pradesh,Badwani,Sendhwa(F&V) APMC,Pumpkin,Pumpkin,Medium,2026-03-03,1200.0,1500.0,1300.0,0.1,Rs./Quintal,Metric Tonnes
Madhya Pradesh,Badwani,Sendhwa(F&V) APMC,Spinach,Spinach,Local,2026-03-03,1000.0,1300.0,1100.0,0.2,Rs./Quintal,Metric Tonnes
Madhya Pradesh,Badwani,Sendhwa(F&V) APMC,Tomato,Hybrid,Medium,2026-03-03,1400.0,1900.0,1600.0,0.8,Rs./Quintal,Metric Tonnes
Madhya Pradesh,Seoni,Seoni APMC,Maize,Local,Non-FAQ,2026-03-03,1541.0,1562.0,1562.0,27.5,Rs./Quintal,Metric Tonnes
Madhya Pradesh,Seoni,Seoni APMC,Maize,Local,FAQ,2026-03-03,1500.0,1510.0,1500.0,41.050000000000004,Rs./Quintal,Metric Tonnes
Madhya Pradesh,Seoni,Seoni APMC,Maize,Yellow,Non-FAQ,2026-03-03,1600.0,1610.0,1600.0,21.0,Rs./Quintal,Metric Tonnes
Madhya Pradesh,Seoni,Seoni APMC,Mustard,Mustard,Non-FAQ,2026-03-03,5300.0,5350.0,5350.0,7.45,Rs./Quintal,Metric Tonnes
Madhya Pradesh,Seoni,Seoni(F&V) APMC,Apple,Apple-Organic,Grade C,2026-03-03,5333.0,5333.0,5333.0,1.5,Rs./Quintal,Metric Tonnes
Madhya Pradesh,Seoni,Seoni(F&V) APMC,Bhindi(Ladies Finger),Bhindi,Grade C,2026-03-03,1150.0,1150.0,1150.0,0.9,Rs./Quintal,Metric Tonnes
Madhya Pradesh,Seoni,Seoni(F&V) APMC,Bottle gourd,Bottle Gourd,Grade C,2026-03-03,940.0,940.0,940.0,0.74,Rs./Quintal,Metric Tonnes
Madhya Pradesh,Seoni,Seoni(F&V) APMC,Brinjal,Brinjal,Grade C,2026-03-03,900.0,900.0,900.0,1.3,Rs./Quintal,Metric Tonnes
Madhya Pradesh,Seoni,Seoni(F&V) APMC,Capsicum,Capsicum,Grade C,2026-03-03,980.0,980.0,980.0,0.33,Rs./Quintal,Metric Tonnes
Madhya Pradesh,Seoni,Seoni(F&V) APMC,Carrot,Carrot,Grade C,2026-03-03,800.0,800.0,800.0,0.4,Rs./Quintal,Metric Tonnes
Madhya Pradesh,Seoni,Seoni(F&V) APMC,Cauliflower,Cauliflower,Grade C,2026-03-03,950.0,950.0,950.0,0.96,Rs./Quintal,Metric Tonnes
Madhya Pradesh,Seoni,Seoni(F&V) APMC,Cucumbar(Kheera),Cucumbar,Grade C,2026-03-03,920.0,920.0,920.0,0.6,Rs./Quintal,Metric Tonnes
Madhya Pradesh,Seoni,Seoni(F&V) APMC,Garlic,Desi,Local,2026-03-03,7200.0,7200.0,7200.0,0.2,Rs./Quintal,Metric Tonnes
Madhya Pradesh,Seoni,Seoni(F&V) APMC,Ginger(Green),Green Ginger,Grade C,2026-03-03,3500.0,3500.0,3500.0,0.24,Rs./Quintal,Metric Tonnes
Madhya Pradesh,Seoni,Seoni(F&V) APMC,Green Chilli,Green Chilly,Grade C,2026-03-03,3000.0,3000.0,3000.0,0.38,Rs./Quintal,Metric Tonnes
Madhya Pradesh,Seoni,Seoni(F&V) APMC,Onion,Local,Grade C,2026-03-03,1072.0,1072.0,1072.0,5.0,Rs./Quintal,Metric Tonnes
Madhya Pradesh,Seoni,Seoni(F&V) APMC,Potato,Desi,Grade C,2026-03-03,950.0,950.0,950.0,5.85,Rs./Quintal,Metric Tonnes
Madhya Pradesh,Seoni,Seoni(F&V) APMC,Raddish,Raddish,Grade C,2026-03-03,850.0,850.0,850.0,0.54,Rs./Quintal,Metric Tonnes
Madhya Pradesh,Seoni,Seoni(F&V) APMC,Spinach,Spinach,Grade C,2026-03-03,950.0,950.0,950.0,0.64,Rs./Quintal,Metric Tonnes
Madhya Pradesh,Seoni,Seoni(F&V) APMC,Tomato,Deshi,Grade C,2026-03-03,800.0,800.0,800.0,1.325,Rs./Quintal,Metric Tonnes
Madhya Pradesh,Sagar,Shahagarh APMC,Soyabean,Soyabeen,Non-FAQ,2026-03-03,4975.0,4998.0,4998.0,8.0,Rs./Quintal,Metric Tonnes
Madhya Pradesh,Shehdol,Shahdol APMC,Soyabean,Soyabeen,Non-FAQ,2026-03-03,4400.0,4400.0,4400.0,8.0,Rs./Quintal,Metric Tonnes
Madhya Pradesh,Vidisha,Shamshabad APMC,Mustard,Mustard,FAQ,2026-03-03,5258.0,5500.0,5500.0,4.37,Rs./Quintal,Metric Tonnes
Madhya Pradesh,Sheopur,Sheopurkalan APMC,Mustard,Mustard,Non-FAQ,2026-03-03,5550.0,5950.0,5950.0,1.6870000000000003,Rs./Quintal,Metric Tonnes
Madhya Pradesh,Sheopur,Sheopurkalan APMC,Mustard,Mustard,FAQ,2026-03-03,6100.0,6250.0,6100.0,7.256,Rs./Quintal,Metric Tonnes
Madhya Pradesh,Singroli,Singroli APMC,Flax seeds,Flax seeds,FAQ,2026-03-03,8000.0,8000.0,8000.0,12.700000000000001,Rs./Quintal,Metric Tonnes
Madhya Pradesh,Harda,Sirali(F&V) APMC,Bottle gourd,Bottle Gourd,Grade A,2026-03-03,1000.0,1000.0,1000.0,0.1,Rs./Quintal,Metric Tonnes
Madhya Pradesh,Harda,Sirali(F&V) APMC,Brinjal,Brinjal,Grade A,2026-03-03,1000.0,1000.0,1000.0,0.1,Rs./Quintal,Metric Tonnes
Madhya Pradesh,Harda,Sirali(F&V) APMC,Cauliflower,Cauliflower,Grade A,2026-03-03,1000.0,1000.0,1000.0,0.1,Rs./Quintal,Metric Tonnes
Madhya Pradesh,Harda,Sirali(F&V) APMC,Tomato,Tomato,Grade A,2026-03-03,1000.0,1000.0,1000.0,0.15000000000000002,Rs./Quintal,Metric Tonnes
Madhya Pradesh,Shajapur,Soyatkalan APMC,Lentil(Masur)(Whole),Masur Dal,Non-FAQ,2026-03-03,6700.0,6700.0,6700.0,3.54,Rs./Quintal,Metric Tonnes
Madhya Pradesh,Ratlam,Taal APMC,Wheat,Wheat,Non-FAQ,2026-03-03,2065.0,2125.0,2125.0,3.575,Rs./Quintal,Metric Tonnes
Madhya Pradesh,Jhabua,Thandla APMC,Cotton,Without Ginned Cotton,FAQ,2026-03-03,7500.0,7500.0,7500.0,2.2,Rs./Quintal,Metric Tonnes
Madhya Pradesh,Jhabua,Thandla APMC,Wheat,Local,FAQ,2026-03-03,2000.0,2100.0,2100.0,3.1,Rs./Quintal,Metric Tonnes
Madhya Pradesh,Jhabua,Thandla APMC,Wheat,Wheat,FAQ,2026-03-03,2150.0,2150.0,2150.0,1.247,Rs./Quintal,Metric Tonnes
Madhya Pradesh,Raisen,Udaipura APMC,Paddy(Common),Paddy,FAQ,2026-03-03,3900.0,3950.0,3900.0,85.305,Rs./Quintal,Metric Tonnes
Madhya Pradesh,Umariya,Umariya APMC,Paddy(Common),Dhan,FAQ,2026-03-03,1800.0,1800.0,1800.0,28.5,Rs./Quintal,Metric Tonnes
Madhya Pradesh,Sheopur,Vijaypur APMC,Mustard,Mustard,Non-FAQ,2026-03-03,6000.0,6150.0,6000.0,73.10000000000001,Rs./Quintal,Metric Tonnes
Madhya Pradesh,Sheopur,Vijaypur APMC,Mustard,Mustard,FAQ,2026-03-03,6105.0,6130.0,6130.0,5.705,Rs./Quintal,Metric Tonnes
Madhya Pradesh,Alirajpur,Alirajpur APMC,Wheat,Wheat,FAQ,2026-03-04,2050.0,2050.0,2050.0,25.5,Rs./Quintal,Metric Tonnes
Madhya Pradesh,Chhindwara,Amarwda APMC,Maize,Yellow,FAQ,2026-03-04,1531.0,1541.0,1541.0,24.200000000000003,Rs./Quintal,Metric Tonnes
Madhya Pradesh,Badwani,Anjad APMC,Maize,Yellow,FAQ,2026-03-04,1500.0,1500.0,1500.0,3.5100000000000002,Rs./Quintal,Metric Tonnes
Madhya Pradesh,Badwani,Anjad APMC,Wheat,Wheat,Non-FAQ,2026-03-04,2200.0,2200.0,2200.0,8.755,Rs./Quintal,Metric Tonnes
Madhya Pradesh,Badwani,Anjad APMC,Wheat,Wheat,FAQ,2026-03-04,2000.0,2025.0,2000.0,30.12,Rs./Quintal,Metric Tonnes
Madhya Pradesh,Dhar,Badnawar APMC,Wheat,Wheat,FAQ,2026-03-04,2480.0,2510.0,2495.0,54.0,Rs./Quintal,Metric Tonnes
Madhya Pradesh,Dhar,Badnawar(F&V) APMC,Garlic,Garlic,Local,2026-03-04,2600.0,2600.0,2600.0,0.1,Rs./Quintal,Metric Tonnes
Madhya Pradesh,Dhar,Badnawar(F&V) APMC,Onion,Onion,Local,2026-03-04,500.0,500.0,500.0,0.1,Rs./Quintal,Metric Tonnes
Madhya Pradesh,Shajapur,Badod APMC,Maize,Local,FAQ,2026-03-04,1700.0,1700.0,1700.0,0.27999999999999997,Rs./Quintal,Metric Tonnes
Madhya Pradesh,Khandwa,Badwah(F&V) APMC,Bhindi(Ladies Finger),Bhindi,Grade A,2026-03-04,800.0,2000.0,1000.0,0.5,Rs./Quintal,Metric Tonnes
Madhya Pradesh,Khandwa,Badwah(F&V) APMC,Bitter gourd,Bitter Gourd,Grade A,2026-03-04,1300.0,2000.0,1500.0,0.30000000000000004,Rs./Quintal,Metric Tonnes
Madhya Pradesh,Khandwa,Badwah(F&V) APMC,Bottle gourd,Bottle Gourd,Grade A,2026-03-04,700.0,1000.0,800.0,2.0,Rs./Quintal,Metric Tonnes
Madhya Pradesh,Khandwa,Badwah(F&V) APMC,Brinjal,Other,Grade A,2026-03-04,700.0,1200.0,1000.0,0.6000000000000001,Rs./Quintal,Metric Tonnes
Madhya Pradesh,Khandwa,Badwah(F&V) APMC,Cabbage,Cabbage,FAQ,2026-03-04,500.0,1200.0,800.0,0.5,Rs./Quintal,Metric Tonnes
Madhya Pradesh,Khandwa,Badwah(F&V) APMC,Cauliflower,Cauliflower,Grade A,2026-03-04,600.0,1500.0,1200.0,0.30000000000000004,Rs./Quintal,Metric Tonnes
Madhya Pradesh,Khandwa,Badwah(F&V) APMC,Cucumbar(Kheera),Cucumbar,Grade A,2026-03-04,600.0,1200.0,1000.0,0.4,Rs./Quintal,Metric Tonnes
Madhya Pradesh,Khandwa,Badwah(F&V) APMC,Garlic,Average,FAQ,2026-03-04,9000.0,12000.0,10000.0,0.15000000000000002,Rs./Quintal,Metric Tonnes
Madhya Pradesh,Khandwa,Badwah(F&V) APMC,Ginger(Green),Green Ginger,Grade A,2026-03-04,4500.0,6500.0,6000.0,0.15000000000000002,Rs./Quintal,Metric Tonnes
Madhya Pradesh,Khandwa,Badwah(F&V) APMC,Green Chilli,Green Chilly,Grade A,2026-03-04,4000.0,6000.0,5000.0,0.30000000000000004,Rs./Quintal,Metric Tonnes
Madhya Pradesh,Khandwa,Badwah(F&V) APMC,Onion,1st Sort,Grade A,2026-03-04,1000.0,1800.0,1500.0,0.9,Rs./Quintal,Metric Tonnes
Madhya Pradesh,Khandwa,Badwah(F&V) APMC,Pumpkin,Other,Grade A,2026-03-04,950.0,1200.0,1000.0,0.4,Rs./Quintal,Metric Tonnes
Madhya Pradesh,Khandwa,Badwah(F&V) APMC,Spinach,Organic,Grade A,2026-03-04,900.0,1200.0,1000.0,0.2,Rs./Quintal,Metric Tonnes
Madhya Pradesh,Khandwa,Badwah(F&V) APMC,Sponge gourd,Sponge gourd,Grade A,2026-03-04,1300.0,1800.0,1500.0,0.30000000000000004,Rs./Quintal,Metric Tonnes
Madhya Pradesh,Khandwa,Badwah(F&V) APMC,Tomato,Deshi,Grade A,2026-03-04,900.0,2000.0,1500.0,1.0,Rs./Quintal,Metric Tonnes
Madhya Pradesh,Badwani,Badwani APMC,Soyabean,Soyabeen,FAQ,2026-03-04,4325.0,4600.0,4500.0,34.7,Rs./Quintal,Metric Tonnes
Madhya Pradesh,Chhatarpur,Bakswaha APMC,Soyabean,Soyabeen,Non-FAQ,2026-03-04,4250.0,4250.0,4250.0,4.5,Rs./Quintal,Metric Tonnes
Madhya Pradesh,Betul,Bhensdehi APMC,Bengal Gram(Gram)(Whole),Gram,FAQ,2026-03-04,3800.0,3800.0,3800.0,8.0,Rs./Quintal,Metric Tonnes
Madhya Pradesh,Khargone,Bhikangaon APMC,Wheat,Wheat,FAQ,2026-03-04,2200.0,2250.0,2250.0,9.445,Rs./Quintal,Metric Tonnes
Madhya Pradesh,Rajgarh,Biaora APMC,Soyabean,Soyabeen,FAQ,2026-03-04,5565.99,5565.99,5565.99,29.638,Rs./Quintal,Metric Tonnes
Madhya Pradesh,Rajgarh,Biaora APMC,Wheat,Wheat,FAQ,2026-03-04,2105.0,2110.0,2110.0,16.01,Rs./Quintal,Metric Tonnes
Madhya Pradesh,Chhatarpur,Bijawar APMC,Mustard,Mustard,FAQ,2026-03-04,5975.0,6200.0,6000.0,26.080000000000002,Rs./Quintal,Metric Tonnes
Madhya Pradesh,Chhatarpur,Bijawar APMC,Wheat,Wheat,Non-FAQ,2026-03-04,2310.0,2310.0,2310.0,7.2,Rs./Quintal,Metric Tonnes
Madhya Pradesh,Chhatarpur,Bijawar APMC,Wheat,Mill Quality,FAQ,2026-03-04,2290.0,2310.0,2310.0,25.0,Rs./Quintal,Metric Tonnes
Madhya Pradesh,Burhanpur,Burhanpur APMC,Bengal Gram(Gram)(Whole),Gram,FAQ,2026-03-04,4900.0,5000.0,5000.0,15.200000000000001,Rs./Quintal,Metric Tonnes
Madhya Pradesh,Rajgarh,Chhapiheda APMC,Wheat,Wheat,FAQ,2026-03-04,2150.0,2450.0,2450.0,15.15,Rs./Quintal,Metric Tonnes
Madhya Pradesh,Chhatarpur,Chhatarpur APMC,Groundnut,Big (With Shell),FAQ,2026-03-04,5160.0,5160.0,5160.0,3.83,Rs./Quintal,Metric Tonnes
Madhya Pradesh,Chhindwara,Chindwara(F&V) APMC,Capsicum,Capsicum,Local,2026-03-04,1300.0,1300.0,1300.0,0.1,Rs./Quintal,Metric Tonnes
Madhya Pradesh,Chhindwara,Chindwara(F&V) APMC,Carrot,Carrot,Local,2026-03-04,1000.0,1300.0,1100.0,0.2,Rs./Quintal,Metric Tonnes
Madhya Pradesh,Chhindwara,Chindwara(F&V) APMC,Cucumbar(Kheera),Cucumbar,Local,2026-03-04,600.0,900.0,700.0,0.6000000000000001,Rs./Quintal,Metric Tonnes
Madhya Pradesh,Chhindwara,Chindwara(F&V) APMC,Green Chilli,Green Chilly,Local,2026-03-04,4000.0,4600.0,4300.0,0.30000000000000004,Rs./Quintal,Metric Tonnes
Madhya Pradesh,Chhindwara,Chindwara(F&V) APMC,Onion,Red,Local,2026-03-04,700.0,1200.0,1000.0,0.9,Rs./Quintal,Metric Tonnes
Madhya Pradesh,Chhindwara,Chindwara(F&V) APMC,Peas Wet,Other,Local,2026-03-04,800.0,1100.0,900.0,0.2,Rs./Quintal,Metric Tonnes
Madhya Pradesh,Chhindwara,Chindwara(F&V) APMC,Potato,Desi,Local,2026-03-04,500.0,800.0,600.0,6.0,Rs./Quintal,Metric Tonnes
Madhya Pradesh,Chhindwara,Chindwara(F&V) APMC,Spinach,Organic,Local,2026-03-04,800.0,1200.0,1000.0,0.2,Rs./Quintal,Metric Tonnes
Madhya Pradesh,Chhindwara,Chindwara(F&V) APMC,Tomato,Deshi,Local,2026-03-04,400.0,800.0,600.0,0.6000000000000001,Rs./Quintal,Metric Tonnes
Madhya Pradesh,Dewas,Dewas APMC,Wheat,Lokwan,Non-FAQ,2026-03-04,2200.0,2200.0,2200.0,1.4820000000000002,Rs./Quintal,Metric Tonnes
Madhya Pradesh,Dewas,Dewas APMC,Wheat,Wheat,FAQ,2026-03-04,2150.0,2408.0,2200.0,90.046,Rs./Quintal,Metric Tonnes
Madhya Pradesh,Dewas,Dewas APMC,Wheat,Mill Quality,Non-FAQ,2026-03-04,2000.0,2100.0,2100.0,5.322,Rs./Quintal,Metric Tonnes
Madhya Pradesh,Dhar,Dhamnod(F&V) APMC,Bhindi(Ladies Finger),Bhindi,Local,2026-03-04,1000.0,1000.0,1000.0,0.3,Rs./Quintal,Metric Tonnes
Madhya Pradesh,Dhar,Dhamnod(F&V) APMC,Bitter gourd,Bitter Gourd,Local,2026-03-04,1500.0,1500.0,1500.0,0.8,Rs./Quintal,Metric Tonnes
Madhya Pradesh,Dhar,Dhamnod(F&V) APMC,Bottle gourd,Bottle Gourd,Local,2026-03-04,700.0,900.0,800.0,1.0,Rs./Quintal,Metric Tonnes
Madhya Pradesh,Dhar,Dhamnod(F&V) APMC,Brinjal,Brinjal,Local,2026-03-04,700.0,900.0,800.0,0.5,Rs./Quintal,Metric Tonnes
Madhya Pradesh,Dhar,Dhamnod(F&V) APMC,Cabbage,Cabbage,Local,2026-03-04,800.0,1000.0,900.0,0.5,Rs./Quintal,Metric Tonnes
Madhya Pradesh,Dhar,Dhamnod(F&V) APMC,Carrot,Carrot,Local,2026-03-04,1000.0,1000.0,1000.0,0.3,Rs./Quintal,Metric Tonnes
Madhya Pradesh,Dhar,Dhamnod(F&V) APMC,Cauliflower,Cauliflower,Local,2026-03-04,800.0,800.0,800.0,0.5,Rs./Quintal,Metric Tonnes
Madhya Pradesh,Dhar,Dhamnod(F&V) APMC,Cucumbar(Kheera),Cucumbar,Local,2026-03-04,1200.0,1500.0,1400.0,0.2,Rs./Quintal,Metric Tonnes
Madhya Pradesh,Dhar,Dhamnod(F&V) APMC,Green Chilli,Green Chilly,Local,2026-03-04,1500.0,2000.0,1800.0,0.8,Rs./Quintal,Metric Tonnes
Madhya Pradesh,Dhar,Dhamnod(F&V) APMC,Onion,Onion,Local,2026-03-04,800.0,1000.0,900.0,1.8,Rs./Quintal,Metric Tonnes
Madhya Pradesh,Dhar,Dhamnod(F&V) APMC,Peas Wet,Peas Wet,Local,2026-03-04,1500.0,2000.0,1800.0,0.1,Rs./Quintal,Metric Tonnes
Madhya Pradesh,Dhar,Dhamnod(F&V) APMC,Potato,Potato,Local,2026-03-04,800.0,1200.0,1000.0,2.0,Rs./Quintal,Metric Tonnes
Madhya Pradesh,Dhar,Dhamnod(F&V) APMC,Sponge gourd,Sponge gourd,Local,2026-03-04,1500.0,1500.0,1500.0,0.2,Rs./Quintal,Metric Tonnes
Madhya Pradesh,Dhar,Dhamnod(F&V) APMC,Tinda,Tinda,Local,2026-03-04,1600.0,1600.0,1600.0,0.2,Rs./Quintal,Metric Tonnes
Madhya Pradesh,Dhar,Dhamnod(F&V) APMC,Tomato,Tomato,Local,2026-03-04,200.0,800.0,800.0,0.2,Rs./Quintal,Metric Tonnes
Madhya Pradesh,Dhar,Gandhwani APMC,Bengal Gram(Gram)(Whole),Desi (F.A.Q. Split),FAQ,2026-03-04,5000.0,5000.0,5000.0,1.936,Rs./Quintal,Metric Tonnes
Madhya Pradesh,Dhar,Gandhwani APMC,Soyabean,Soyabeen,FAQ,2026-03-04,4950.0,4950.0,4950.0,5.509,Rs./Quintal,Metric Tonnes
Madhya Pradesh,Dhar,Gandhwani APMC,Wheat,Wheat,FAQ,2026-03-04,2100.0,2160.0,2150.0,24.818,Rs./Quintal,Metric Tonnes
Madhya Pradesh,Dewas,Haatpipliya APMC,Wheat,Wheat,Non-FAQ,2026-03-04,1800.0,2200.0,2000.0,29.775000000000002,Rs./Quintal,Metric Tonnes
Madhya Pradesh,Dewas,Haatpipliya APMC,Wheat,Wheat,FAQ,2026-03-04,2111.0,2150.0,2150.0,3.847,Rs./Quintal,Metric Tonnes
Madhya Pradesh,Khandwa,Harsood APMC,Bengal Gram(Gram)(Whole),Gram,Non-FAQ,2026-03-04,5011.0,5051.0,5051.0,11.045000000000002,Rs./Quintal,Metric Tonnes
Madhya Pradesh,Indore,Indore APMC,Bengal Gram(Gram)(Whole),Gram,FAQ,2026-03-04,4525.0,4890.0,4890.0,33.06,Rs./Quintal,Metric Tonnes
Madhya Pradesh,Indore,Indore APMC,Mustard,Mustard,FAQ,2026-03-04,9015.0,9015.0,9015.0,4.0,Rs./Quintal,Metric Tonnes
Madhya Pradesh,Ratlam,Jaora APMC,Methi Seeds,Methiseeds,FAQ,2026-03-04,7218.9,7218.9,7218.9,25.731,Rs./Quintal,Metric Tonnes
Madhya Pradesh,Rajgarh,Jeerapur APMC,Wheat,Wheat,FAQ,2026-03-04,1850.0,2150.0,2150.0,3.6799999999999997,Rs./Quintal,Metric Tonnes
Madhya Pradesh,Jhabua,Jhabua APMC,Bengal Gram(Gram)(Whole),Gram,FAQ,2026-03-04,5300.0,5300.0,5300.0,3.7200000000000006,Rs./Quintal,Metric Tonnes
Madhya Pradesh,Jhabua,Jhabua APMC,Soyabean,Soyabeen,Non-FAQ,2026-03-04,4611.0,4611.0,4611.0,2.5,Rs./Quintal,Metric Tonnes
Madhya Pradesh,Jhabua,Jhabua(F&V) APMC,Soyabean,Soyabeen,Local,2026-03-04,4611.0,4611.0,4611.0,2.5,Rs./Quintal,Metric Tonnes
Madhya Pradesh,Alirajpur,Jobat APMC,Bengal Gram(Gram)(Whole),Gram,Non-FAQ,2026-03-04,5000.0,5100.0,5100.0,10.0,Rs./Quintal,Metric Tonnes
Madhya Pradesh,Alirajpur,Jobat APMC,Bengal Gram(Gram)(Whole),Gram,FAQ,2026-03-04,5000.0,5050.0,5050.0,13.9,Rs./Quintal,Metric Tonnes
Madhya Pradesh,Alirajpur,Jobat APMC,Bengal Gram(Gram)(Whole),Chana Kanta,FAQ,2026-03-04,4900.0,5050.0,5050.0,12.700000000000001,Rs./Quintal,Metric Tonnes
Madhya Pradesh,Shivpuri,Karera(F&V) APMC,Banana,Banana-Organic,Local,2026-03-04,1500.0,2100.0,1700.0,2.4,Rs./Quintal,Metric Tonnes
Madhya Pradesh,Shivpuri,Karera(F&V) APMC,Bottle gourd,Bottle Gourd,Local,2026-03-04,1000.0,2000.0,1500.0,0.05,Rs./Quintal,Metric Tonnes
Madhya Pradesh,Shivpuri,Karera(F&V) APMC,Brinjal,Brinjal,Local,2026-03-04,800.0,2000.0,1200.0,0.15,Rs./Quintal,Metric Tonnes
Madhya Pradesh,Shivpuri,Karera(F&V) APMC,Cabbage,Cabbage,Local,2026-03-04,800.0,1800.0,1200.0,0.1,Rs./Quintal,Metric Tonnes
Madhya Pradesh,Shivpuri,Karera(F&V) APMC,Cauliflower,Cauliflower,Local,2026-03-04,1000.0,1800.0,1200.0,0.1,Rs./Quintal,Metric Tonnes
Madhya Pradesh,Shivpuri,Karera(F&V) APMC,Onion,Onion,Local,2026-03-04,1200.0,2000.0,1500.0,0.2,Rs./Quintal,Metric Tonnes
Madhya Pradesh,Shivpuri,Karera(F&V) APMC,Orange,Orange,Local,2026-03-04,2200.0,3200.0,2800.0,0.15,Rs./Quintal,Metric Tonnes
Madhya Pradesh,Shivpuri,Karera(F&V) APMC,Potato,Potato,Local,2026-03-04,400.0,1000.0,600.0,5.0,Rs./Quintal,Metric Tonnes
Madhya Pradesh,Shivpuri,Karera(F&V) APMC,Raddish,Raddish,Local,2026-03-04,600.0,1000.0,800.0,0.05,Rs./Quintal,Metric Tonnes
Madhya Pradesh,Shivpuri,Karera(F&V) APMC,Tomato,Tomato,Local,2026-03-04,200.0,1000.0,500.0,3.7,Rs./Quintal,Metric Tonnes
Madhya Pradesh,Khargone,Karhi APMC,Maize,Local,FAQ,2026-03-04,1550.0,1550.0,1550.0,10.055,Rs./Quintal,Metric Tonnes
Madhya Pradesh,Khargone,Karhi APMC,Wheat,Wheat,FAQ,2026-03-04,2200.0,2200.0,2200.0,4.0,Rs./Quintal,Metric Tonnes
Madhya Pradesh,Khargone,Kasrawad APMC,Red gram/Arhar/Tur(whole),Arhar Dal(Tur),FAQ,2026-03-04,8283.26,8283.26,8283.26,16.313,Rs./Quintal,Metric Tonnes
Madhya Pradesh,Khargone,Kasrawad APMC,Wheat,Wheat,FAQ,2026-03-04,2160.0,2360.0,2250.0,32.31,Rs./Quintal,Metric Tonnes
Madhya Pradesh,Khargone,Khargone APMC,Bengal Gram(Gram)(Whole),Gram,Non-FAQ,2026-03-04,4975.0,5001.0,5001.0,10.840000000000002,Rs./Quintal,Metric Tonnes
Madhya Pradesh,Khargone,Khargone APMC,Cotton,Without Ginned Cotton,Non-FAQ,2026-03-04,7550.0,7550.0,7550.0,12.315000000000001,Rs./Quintal,Metric Tonnes
Madhya Pradesh,Khargone,Khargone APMC,Soyabean,Soyabeen,FAQ,2026-03-04,4500.0,4800.0,4800.0,8.33,Rs./Quintal,Metric Tonnes
Madhya Pradesh,Khargone,Khargone APMC,Wheat,Wheat,FAQ,2026-03-04,2150.0,2410.0,2410.0,15.175,Rs./Quintal,Metric Tonnes
Madhya Pradesh,Badwani,Khetia APMC,Cotton,Without Ginned Cotton,FAQ,2026-03-04,6750.0,6750.0,6750.0,2.68,Rs./Quintal,Metric Tonnes
Madhya Pradesh,Rajgarh,Khilchipur APMC,Wheat,Mill Quality,FAQ,2026-03-04,2150.0,2205.0,2205.0,21.62,Rs./Quintal,Metric Tonnes
Madhya Pradesh,Rajgarh,Khujner APMC,Mustard,Mustard,FAQ,2026-03-04,5500.0,5510.0,5500.0,9.61,Rs./Quintal,Metric Tonnes
Madhya Pradesh,Dhar,Kukshi APMC,Bengal Gram(Gram)(Whole),Gram,FAQ,2026-03-04,5025.0,5250.0,5250.0,11.72,Rs./Quintal,Metric Tonnes
Madhya Pradesh,Dhar,Kukshi APMC,Cotton,Without Ginned Cotton,FAQ,2026-03-04,6300.0,7500.0,6400.0,10.32,Rs./Quintal,Metric Tonnes
Madhya Pradesh,Dhar,Kukshi APMC,Maize,Local,FAQ,2026-03-04,1385.0,1385.0,1385.0,3.5100000000000002,Rs./Quintal,Metric Tonnes
Madhya Pradesh,Dhar,Kukshi APMC,Wheat,Wheat,FAQ,2026-03-04,2000.0,2405.0,2100.0,198.61,Rs./Quintal,Metric Tonnes
Madhya Pradesh,Dhar,Kukshi(F&V) APMC,Bhindi(Ladies Finger),Bhindi,Grade A,2026-03-04,1000.0,1500.0,1200.0,1.3,Rs./Quintal,Metric Tonnes
Madhya Pradesh,Dhar,Kukshi(F&V) APMC,Bottle gourd,Bottle Gourd,Grade A,2026-03-04,400.0,600.0,500.0,1.7000000000000002,Rs./Quintal,Metric Tonnes
Madhya Pradesh,Dhar,Kukshi(F&V) APMC,Brinjal,Brinjal,Grade A,2026-03-04,500.0,1000.0,700.0,1.3,Rs./Quintal,Metric Tonnes
Madhya Pradesh,Dhar,Kukshi(F&V) APMC,Cabbage,Cabbage,Grade A,2026-03-04,400.0,600.0,500.0,1.7000000000000002,Rs./Quintal,Metric Tonnes
Madhya Pradesh,Dhar,Kukshi(F&V) APMC,Cauliflower,Cauliflower,Grade A,2026-03-04,500.0,1000.0,700.0,0.9,Rs./Quintal,Metric Tonnes
Madhya Pradesh,Dhar,Kukshi(F&V) APMC,Green Chilli,Green Chilly,Grade A,2026-03-04,2600.0,5000.0,3800.0,0.5,Rs./Quintal,Metric Tonnes
Madhya Pradesh,Dhar,Kukshi(F&V) APMC,Onion,Onion,Grade A,2026-03-04,700.0,1500.0,1000.0,1.9000000000000001,Rs./Quintal,Metric Tonnes
Madhya Pradesh,Dhar,Kukshi(F&V) APMC,Potato,Potato,Grade A,2026-03-04,700.0,1200.0,900.0,1.4000000000000001,Rs./Quintal,Metric Tonnes
Madhya Pradesh,Dhar,Kukshi(F&V) APMC,Spinach,Spinach,Grade A,2026-03-04,700.0,1000.0,800.0,1.1,Rs./Quintal,Metric Tonnes
Madhya Pradesh,Dhar,Kukshi(F&V) APMC,Tomato,Tomato,Grade A,2026-03-04,500.0,800.0,600.0,2.1,Rs./Quintal,Metric Tonnes
Madhya Pradesh,Rajgarh,Machalpur APMC,Wheat,Wheat,FAQ,2026-03-04,2135.0,2150.0,2150.0,6.7860000000000005,Rs./Quintal,Metric Tonnes
Madhya Pradesh,Dhar,Manawar APMC,Kabuli Chana(Chickpeas-White),Dollar Gram,FAQ,2026-03-04,76.25,8050.0,7000.0,70.21000000000001,Rs./Quintal,Metric Tonnes
Madhya Pradesh,Khandwa,Mundi APMC,Wheat,Wheat,FAQ,2026-03-04,2015.0,2295.0,2155.0,79.79,Rs./Quintal,Metric Tonnes
Madhya Pradesh,Khandwa,Mundi APMC,Wheat,Wheat,Non-FAQ,2026-03-04,2060.0,2060.0,2060.0,1.675,Rs./Quintal,Metric Tonnes
Madhya Pradesh,Mandla,Nainpur APMC,Wheat,Local,Non-FAQ,2026-03-04,2200.0,2200.0,2200.0,0.6400000000000001,Rs./Quintal,Metric Tonnes
Madhya Pradesh,Neemuch,Neemuch APMC,Asparagus,Asparagus,FAQ,2026-03-04,29700.0,29700.0,29700.0,0.10200000000000001,Rs./Quintal,Metric Tonnes
Madhya Pradesh,Rajgarh,Pachaur APMC,Wheat,Wheat,Non-FAQ,2026-03-04,2120.0,2150.0,2150.0,2.2,Rs./Quintal,Metric Tonnes
Madhya Pradesh,Rajgarh,Pachaur APMC,Wheat,Mill Quality,FAQ,2026-03-04,2120.0,2246.88,2246.88,15.417,Rs./Quintal,Metric Tonnes
Madhya Pradesh,Jhabua,Petlawad(F&V) APMC,Bhindi(Ladies Finger),Bhindi,Grade A,2026-03-04,1500.0,2500.0,1947.0,0.26,Rs./Quintal,Metric Tonnes
Madhya Pradesh,Jhabua,Petlawad(F&V) APMC,Bottle gourd,Bottle Gourd,Grade A,2026-03-04,600.0,1200.0,789.0,0.708,Rs./Quintal,Metric Tonnes
Madhya Pradesh,Jhabua,Petlawad(F&V) APMC,Brinjal,Brinjal,Grade A,2026-03-04,600.0,1000.0,805.0,0.999,Rs./Quintal,Metric Tonnes
Madhya Pradesh,Jhabua,Petlawad(F&V) APMC,Cabbage,Cabbage,Grade A,2026-03-04,600.0,1200.0,843.0,0.719,Rs./Quintal,Metric Tonnes
Madhya Pradesh,Jhabua,Petlawad(F&V) APMC,Cauliflower,Cauliflower,Grade A,2026-03-04,800.0,1500.0,1282.0,0.576,Rs./Quintal,Metric Tonnes
Madhya Pradesh,Jhabua,Petlawad(F&V) APMC,Cucumbar(Kheera),Cucumbar,Grade A,2026-03-04,600.0,1000.0,830.0,1.051,Rs./Quintal,Metric Tonnes
Madhya Pradesh,Jhabua,Petlawad(F&V) APMC,Methi(Leaves),Methi,Grade A,2026-03-04,600.0,1400.0,999.0,0.81,Rs./Quintal,Metric Tonnes
Madhya Pradesh,Jhabua,Petlawad(F&V) APMC,Onion,Hybrid,Grade A,2026-03-04,600.0,1300.0,1069.0,0.888,Rs./Quintal,Metric Tonnes
Madhya Pradesh,Jhabua,Petlawad(F&V) APMC,Potato,Desi,Grade A,2026-03-04,500.0,1000.0,766.0,0.963,Rs./Quintal,Metric Tonnes
Madhya Pradesh,Jhabua,Petlawad(F&V) APMC,Pumpkin,Pumpkin,Grade A,2026-03-04,500.0,1000.0,630.0,0.33,Rs./Quintal,Metric Tonnes
Madhya Pradesh,Jhabua,Petlawad(F&V) APMC,Raddish,Raddish,Grade A,2026-03-04,400.0,600.0,548.0,0.569,Rs./Quintal,Metric Tonnes
Madhya Pradesh,Jhabua,Petlawad(F&V) APMC,Spinach,Spinach,Grade A,2026-03-04,500.0,1000.0,677.0,0.848,Rs./Quintal,Metric Tonnes
Madhya Pradesh,Jhabua,Petlawad(F&V) APMC,Tomato,Hybrid,Grade A,2026-03-04,800.0,1500.0,1079.0,0.744,Rs./Quintal,Metric Tonnes
Madhya Pradesh,Dhar,Rajgarh APMC,Soyabean,Yellow,FAQ,2026-03-04,4500.0,5410.0,4800.0,73.29,Rs./Quintal,Metric Tonnes
Madhya Pradesh,Dhar,Rajgarh APMC,Wheat,Lokwan,FAQ,2026-03-04,2185.0,2900.0,2900.0,59.14600000000001,Rs./Quintal,Metric Tonnes
Madhya Pradesh,Dhar,Rajgarh APMC,Wheat,Wheat,Non-FAQ,2026-03-04,2050.0,2100.0,2100.0,13.5,Rs./Quintal,Metric Tonnes
Madhya Pradesh,Dhar,Rajgarh APMC,Wheat,Wheat,FAQ,2026-03-04,2025.0,2160.0,2150.0,79.575,Rs./Quintal,Metric Tonnes
Madhya Pradesh,Morena,Sabalgarh(F&V) APMC,Cauliflower,Cauliflower,FAQ,2026-03-04,700.0,1000.0,750.0,0.001,Rs./Quintal,Metric Tonnes
Madhya Pradesh,Morena,Sabalgarh(F&V) APMC,Green Chilli,Green Chilly,FAQ,2026-03-04,1500.0,2500.0,2000.0,0.001,Rs./Quintal,Metric Tonnes
Madhya Pradesh,Morena,Sabalgarh(F&V) APMC,Tomato,Deshi,FAQ,2026-03-04,300.0,500.0,400.0,0.001,Rs./Quintal,Metric Tonnes
Madhya Pradesh,Khandwa,Sanawad(F&V) APMC,Bhindi(Ladies Finger),Bhindi,Grade A,2026-03-04,1300.0,1500.0,1400.0,0.6,Rs./Quintal,Metric Tonnes
Madhya Pradesh,Khandwa,Sanawad(F&V) APMC,Bottle gourd,Bottle Gourd,Grade A,2026-03-04,800.0,1000.0,900.0,1.0,Rs./Quintal,Metric Tonnes
Madhya Pradesh,Khandwa,Sanawad(F&V) APMC,Cucumbar(Kheera),Cucumbar,Grade A,2026-03-04,800.0,1000.0,900.0,1.0,Rs./Quintal,Metric Tonnes
Madhya Pradesh,Khandwa,Sanawad(F&V) APMC,Onion,Onion,Grade A,2026-03-04,1300.0,1500.0,1400.0,0.6,Rs./Quintal,Metric Tonnes
Madhya Pradesh,Khandwa,Sanawad(F&V) APMC,Pumpkin,Other,Grade A,2026-03-04,800.0,1000.0,900.0,1.2,Rs./Quintal,Metric Tonnes
Madhya Pradesh,Khandwa,Sanawad(F&V) APMC,Tomato,Deshi,Grade A,2026-03-04,400.0,600.0,500.0,1.0,Rs./Quintal,Metric Tonnes
Madhya Pradesh,Indore,Sanwer APMC,Soyabean,Soyabeen,FAQ,2026-03-04,4300.0,4500.0,4500.0,8.66,Rs./Quintal,Metric Tonnes
Madhya Pradesh,Rajgarh,Sarangpur APMC,Lentil(Masur)(Whole),Masur Dal,FAQ,2026-03-04,6300.0,6475.0,6475.0,5.285,Rs./Quintal,Metric Tonnes
Madhya Pradesh,Rajgarh,Sarangpur APMC,Mustard,Mustard,FAQ,2026-03-04,5600.0,6125.0,5925.0,15.747,Rs./Quintal,Metric Tonnes
Madhya Pradesh,Rajgarh,Sarangpur APMC,Onion,Local,Non-FAQ,2026-03-04,400.0,500.0,500.0,5.4,Rs./Quintal,Metric Tonnes
Madhya Pradesh,Rajgarh,Sarangpur APMC,Wheat,Mill Quality,FAQ,2026-03-04,2100.0,2280.0,2150.0,48.43000000000001,Rs./Quintal,Metric Tonnes
Madhya Pradesh,Rajgarh,Sarangpur(F&V) APMC,Bhindi(Ladies Finger),Bhindi,Grade B,2026-03-04,1000.0,1000.0,1000.0,1.5,Rs./Quintal,Metric Tonnes
Madhya Pradesh,Rajgarh,Sarangpur(F&V) APMC,Bottle gourd,Bottle Gourd,Grade B,2026-03-04,1100.0,1200.0,1152.94,1.7,Rs./Quintal,Metric Tonnes
Madhya Pradesh,Rajgarh,Sarangpur(F&V) APMC,Brinjal,Brinjal,Grade B,2026-03-04,1000.0,1000.0,1000.0,1.9,Rs./Quintal,Metric Tonnes
Madhya Pradesh,Rajgarh,Sarangpur(F&V) APMC,Cabbage,Cabbage,Grade B,2026-03-04,900.0,1000.0,953.33,1.5,Rs./Quintal,Metric Tonnes
Madhya Pradesh,Rajgarh,Sarangpur(F&V) APMC,Cauliflower,Cauliflower,Grade B,2026-03-04,1000.0,1000.0,1000.0,1.7,Rs./Quintal,Metric Tonnes
Madhya Pradesh,Rajgarh,Sarangpur(F&V) APMC,Green Chilli,Green Chilly,Grade B,2026-03-04,1300.0,1400.0,1352.94,1.7,Rs./Quintal,Metric Tonnes
Madhya Pradesh,Rajgarh,Sarangpur(F&V) APMC,Tomato,Tomato,Grade B,2026-03-04,1100.0,1200.0,1136.0,2.5,Rs./Quintal,Metric Tonnes
Madhya Pradesh,Satna,Satna APMC,Mustard,Mustard,FAQ,2026-03-04,6000.0,6110.0,6110.0,9.600000000000001,Rs./Quintal,Metric Tonnes
Madhya Pradesh,Khargone,Segaon APMC,Bengal Gram(Gram)(Whole),Gram,FAQ,2026-03-04,5000.0,5000.0,5000.0,2.93,Rs./Quintal,Metric Tonnes
Madhya Pradesh,Khargone,Segaon APMC,Maize,Local,FAQ,2026-03-04,1300.0,1525.0,1525.0,8.120000000000001,Rs./Quintal,Metric Tonnes
Madhya Pradesh,Khargone,Segaon APMC,Wheat,Wheat,Non-FAQ,2026-03-04,2325.0,2400.0,2325.0,22.265,Rs./Quintal,Metric Tonnes
Madhya Pradesh,Khargone,Segaon APMC,Wheat,Wheat,FAQ,2026-03-04,2200.0,2341.0,2200.0,38.39,Rs./Quintal,Metric Tonnes
Madhya Pradesh,Sehore,Sehore(F&V) APMC,Bhindi(Ladies Finger),Bhindi,Grade Range-1,2026-03-04,3000.0,4000.0,3500.0,0.1,Rs./Quintal,Metric Tonnes
Madhya Pradesh,Sehore,Sehore(F&V) APMC,Bottle gourd,Bottle Gourd,Grade Range-1,2026-03-04,1500.0,2000.0,1800.0,0.4,Rs./Quintal,Metric Tonnes
Madhya Pradesh,Sehore,Sehore(F&V) APMC,Brinjal,Brinjal,Grade Range-1,2026-03-04,1000.0,1200.0,1100.0,0.2,Rs./Quintal,Metric Tonnes
Madhya Pradesh,Sehore,Sehore(F&V) APMC,Carrot,Carrot,Grade Range-1,2026-03-04,1500.0,2000.0,1800.0,0.2,Rs./Quintal,Metric Tonnes
Madhya Pradesh,Sehore,Sehore(F&V) APMC,Cauliflower,African Sarson,Grade Range-1,2026-03-04,1500.0,2000.0,1800.0,0.2,Rs./Quintal,Metric Tonnes
Madhya Pradesh,Sehore,Sehore(F&V) APMC,Cucumbar(Kheera),Cucumbar,Grade Range-1,2026-03-04,1000.0,2000.0,1500.0,0.30000000000000004,Rs./Quintal,Metric Tonnes
Madhya Pradesh,Sehore,Sehore(F&V) APMC,Ginger(Green),Green Ginger,Grade Range-1,2026-03-04,4000.0,6000.0,5000.0,0.2,Rs./Quintal,Metric Tonnes
Madhya Pradesh,Sehore,Sehore(F&V) APMC,Green Chilli,Green Chilly,Grade Range-1,2026-03-04,4000.0,6000.0,5000.0,0.2,Rs./Quintal,Metric Tonnes
Madhya Pradesh,Sehore,Sehore(F&V) APMC,Sponge gourd,Sponge gourd,Grade Range-1,2026-03-04,2500.0,3500.0,3000.0,0.2,Rs./Quintal,Metric Tonnes
Madhya Pradesh,Sehore,Sehore(F&V) APMC,Tomato,Deshi,Grade Range-1,2026-03-04,800.0,1200.0,1000.0,0.5,Rs./Quintal,Metric Tonnes
Madhya Pradesh,Badwani,Sendhwa(F&V) APMC,Bhindi(Ladies Finger),Bhindi,Local,2026-03-04,1400.0,2300.0,1700.0,0.1,Rs./Quintal,Metric Tonnes
Madhya Pradesh,Badwani,Sendhwa(F&V) APMC,Bottle gourd,Bottle Gourd,Medium,2026-03-04,900.0,1300.0,1100.0,0.2,Rs./Quintal,Metric Tonnes
Madhya Pradesh,Badwani,Sendhwa(F&V) APMC,Brinjal,Round,Small,2026-03-04,1400.0,2300.0,1800.0,1.0,Rs./Quintal,Metric Tonnes
Madhya Pradesh,Badwani,Sendhwa(F&V) APMC,Carrot,Carrot,Medium,2026-03-04,1300.0,1800.0,1500.0,0.1,Rs./Quintal,Metric Tonnes
Madhya Pradesh,Badwani,Sendhwa(F&V) APMC,Cauliflower,Cauliflower,Medium,2026-03-04,1200.0,2300.0,1800.0,0.1,Rs./Quintal,Metric Tonnes
Madhya Pradesh,Badwani,Sendhwa(F&V) APMC,Green Chilli,Green Chilly,Medium,2026-03-04,1200.0,1600.0,1400.0,0.4,Rs./Quintal,Metric Tonnes
Madhya Pradesh,Badwani,Sendhwa(F&V) APMC,Methi(Leaves),Methi,Local,2026-03-04,1000.0,1500.0,1200.0,0.2,Rs./Quintal,Metric Tonnes
Madhya Pradesh,Badwani,Sendhwa(F&V) APMC,Onion,Red,Medium,2026-03-04,900.0,1300.0,1100.0,1.1,Rs./Quintal,Metric Tonnes
Madhya Pradesh,Badwani,Sendhwa(F&V) APMC,Peas Wet,Peas Wet,Medium,2026-03-04,1400.0,1900.0,1600.0,0.9,Rs./Quintal,Metric Tonnes
Madhya Pradesh,Badwani,Sendhwa(F&V) APMC,Pumpkin,Pumpkin,Medium,2026-03-04,1200.0,1500.0,1300.0,0.1,Rs./Quintal,Metric Tonnes
Madhya Pradesh,Badwani,Sendhwa(F&V) APMC,Spinach,Spinach,Local,2026-03-04,1000.0,1300.0,1100.0,0.2,Rs./Quintal,Metric Tonnes
Madhya Pradesh,Badwani,Sendhwa(F&V) APMC,Tomato,Hybrid,Medium,2026-03-04,1400.0,1900.0,1600.0,0.9,Rs./Quintal,Metric Tonnes
Madhya Pradesh,Seoni,Seoni APMC,Maize,Local,Non-FAQ,2026-03-04,1567.0,1569.0,1569.0,19.400000000000002,Rs./Quintal,Metric Tonnes
Madhya Pradesh,Seoni,Seoni APMC,Maize,Local,FAQ,2026-03-04,1500.0,1500.0,1500.0,21.5,Rs./Quintal,Metric Tonnes
Madhya Pradesh,Shajapur,Shajapur APMC,Wheat,Wheat,FAQ,2026-03-04,2100.0,2100.0,2100.0,0.4,Rs./Quintal,Metric Tonnes
Madhya Pradesh,Harda,Sirali(F&V) APMC,Brinjal,Brinjal,Grade A,2026-03-04,1000.0,1000.0,1000.0,0.1,Rs./Quintal,Metric Tonnes
Madhya Pradesh,Harda,Sirali(F&V) APMC,Tomato,Tomato,Grade A,2026-03-04,1000.0,1000.0,1000.0,0.1,Rs./Quintal,Metric Tonnes
Madhya Pradesh,Ujjain,Tarana APMC,Wheat,Wheat,FAQ,2026-03-04,2000.0,2110.0,2110.0,17.748,Rs./Quintal,Metric Tonnes
Madhya Pradesh,Jhabua,Thandla APMC,Bengal Gram(Gram)(Whole),Desi (F.A.Q. Split),FAQ,2026-03-04,4500.0,4500.0,4500.0,1.1,Rs./Quintal,Metric Tonnes
Madhya Pradesh,Jhabua,Thandla APMC,Wheat,Lokwan,FAQ,2026-03-04,1900.0,2100.0,2100.0,24.5,Rs./Quintal,Metric Tonnes
Madhya Pradesh,Ratlam,A lot APMC,Wheat,Wheat,FAQ,2026-03-05,2100.0,2200.0,2100.0,71.605,Rs./Quintal,Metric Tonnes
Madhya Pradesh,Chhindwara,APMC Sausar,Cotton,H4,Local,2026-03-05,7305.0,8260.0,7700.0,75.19,Rs./Quintal,Metric Tonnes
Madhya Pradesh,Chhindwara,APMC Sausar,Maize,Yellow,Local,2026-03-05,1470.0,1650.0,1560.0,86.7,Rs./Quintal,Metric Tonnes
Madhya Pradesh,Shajapur,Agar APMC,Asalia,Asalia,FAQ,2026-03-05,3500.0,5860.0,5500.0,3.6799999999999997,Rs./Quintal,Metric Tonnes
Madhya Pradesh,Shajapur,Agar APMC,Bengal Gram(Gram)(Whole),Gram,FAQ,2026-03-05,3792.0,5081.0,5010.0,28.133,Rs./Quintal,Metric Tonnes
Madhya Pradesh,Shajapur,Agar APMC,Coriander(Leaves),Coriander,FAQ,2026-03-05,6500.0,10390.0,9500.0,14.462000000000002,Rs./Bundle,Bundle
Madhya Pradesh,Shajapur,Agar APMC,Garlic,Garlic,FAQ,2026-03-05,1200.0,9105.0,3700.0,1.544,Rs./Quintal,Metric Tonnes
Madhya Pradesh,Shajapur,Agar APMC,Kabuli Chana(Chickpeas-White),Dollar Gram,FAQ,2026-03-05,5900.0,6850.0,6850.0,1.7760000000000002,Rs./Quintal,Metric Tonnes
Madhya Pradesh,Shajapur,Agar APMC,Lentil(Masur)(Whole),Masur Dal,FAQ,2026-03-05,4100.0,6961.0,6401.0,122.65899999999999,Rs./Quintal,Metric Tonnes
Madhya Pradesh,Shajapur,Agar APMC,Mustard,Mustard,FAQ,2026-03-05,4725.0,6200.0,5700.0,280.37100000000004,Rs./Quintal,Metric Tonnes
Madhya Pradesh,Shajapur,Agar APMC,Soyabean,Soyabeen,FAQ,2026-03-05,2801.0,5606.0,5400.0,62.778,Rs./Quintal,Metric Tonnes
Madhya Pradesh,Shajapur,Agar APMC,Wheat,Wheat,FAQ,2026-03-05,1801.0,2416.0,2230.0,554.447,Rs./Quintal,Metric Tonnes
Madhya Pradesh,Panna,Ajaygarh APMC,Wheat,Mill Quality,FAQ,2026-03-05,2300.0,2310.0,2300.0,7.5,Rs./Quintal,Metric Tonnes
Madhya Pradesh,Alirajpur,Alirajpur APMC,Soyabean,Soyabeen,FAQ,2026-03-05,4000.0,4850.0,4850.0,22.0,Rs./Quintal,Metric Tonnes
Madhya Pradesh,Alirajpur,Alirajpur APMC,Wheat,Mill Quality,FAQ,2026-03-05,2000.0,2000.0,2000.0,2.64,Rs./Quintal,Metric Tonnes
Madhya Pradesh,Satna,Amarpatan APMC,Wheat,Mill Quality,FAQ,2026-03-05,2250.0,2250.0,2250.0,6.0,Rs./Quintal,Metric Tonnes
Madhya Pradesh,Chhindwara,Amarwda APMC,Maize,Yellow,FAQ,2026-03-05,1450.0,1581.0,1500.0,281.69,Rs./Quintal,Metric Tonnes
Madhya Pradesh,Chhindwara,Amarwda APMC,Maize,Local,FAQ,2026-03-05,1480.0,1560.0,1500.0,183.89000000000001,Rs./Quintal,Metric Tonnes
Madhya Pradesh,Badwani,Anjad APMC,Kabuli Chana(Chickpeas-White),Dollar Gram,FAQ,2026-03-05,6000.0,8181.0,7500.0,193.09400000000002,Rs./Quintal,Metric Tonnes
Madhya Pradesh,Badwani,Anjad APMC,Maize,Local,FAQ,2026-03-05,1400.0,1630.0,1500.0,82.98,Rs./Quintal,Metric Tonnes
Madhya Pradesh,Badwani,Anjad APMC,Maize,Yellow,FAQ,2026-03-05,1400.0,1500.0,1500.0,31.680000000000003,Rs./Quintal,Metric Tonnes
Madhya Pradesh,Badwani,Anjad APMC,Wheat,Wheat,FAQ,2026-03-05,2000.0,2225.0,2000.0,47.910000000000004,Rs./Quintal,Metric Tonnes
Madhya Pradesh,Anupur,Anuppur(F&V) APMC,Bottle gourd,Bottle Gourd,FAQ,2026-03-05,1000.0,1000.0,1000.0,4.0,Rs./Quintal,Metric Tonnes
Madhya Pradesh,Ashoknagar,Ashoknagar APMC,Bengal Gram(Gram)(Whole),Gram,FAQ,2026-03-05,4974.0,4974.0,4974.0,35.545,Rs./Quintal,Metric Tonnes
Madhya Pradesh,Hoshangabad,Babai APMC,Wheat,Mill Quality,Non-FAQ,2026-03-05,2400.0,2400.0,2400.0,5.2,Rs./Quintal,Metric Tonnes
Madhya Pradesh,Chhatarpur,Badamalhera APMC,Soyabean,Soyabeen,FAQ,2026-03-05,4200.0,4600.0,4400.0,27.400000000000002,Rs./Quintal,Metric Tonnes
Madhya Pradesh,Ujjain,Badnagar APMC,Wheat,Wheat,Non-FAQ,2026-03-05,2100.0,2100.0,2100.0,9.520000000000001,Rs./Quintal,Metric Tonnes
Madhya Pradesh,Dhar,Badnawar APMC,Bengal Gram(Gram)(Whole),Desi (F.A.Q. Split),FAQ,2026-03-05,4720.0,5155.0,5155.0,5.29,Rs./Quintal,Metric Tonnes
Madhya Pradesh,Dhar,Badnawar APMC,Cotton,Without Ginned Cotton,FAQ,2026-03-05,7750.0,7800.0,7800.0,28.583,Rs./Quintal,Metric Tonnes
Madhya Pradesh,Dhar,Badnawar APMC,Garlic,Garlic,FAQ,2026-03-05,1400.0,5500.0,3000.0,266.17800000000005,Rs./Quintal,Metric Tonnes
Madhya Pradesh,Dhar,Badnawar APMC,Green Peas,Pea,FAQ,2026-03-05,2200.0,3505.0,3505.0,5.073,Rs./Quintal,Metric Tonnes
Madhya Pradesh,Dhar,Badnawar APMC,Kabuli Chana(Chickpeas-White),Dollar Gram,FAQ,2026-03-05,3100.0,4650.0,4650.0,0.837,Rs./Quintal,Metric Tonnes
Madhya Pradesh,Dhar,Badnawar APMC,Lentil(Masur)(Whole),Masur Dal,FAQ,2026-03-05,5495.0,5495.0,5495.0,1.051,Rs./Quintal,Metric Tonnes
Madhya Pradesh,Dhar,Badnawar APMC,Maize,Local,FAQ,2026-03-05,1495.0,1685.0,1685.0,7.333,Rs./Quintal,Metric Tonnes
Madhya Pradesh,Dhar,Badnawar APMC,Onion,Onion,FAQ,2026-03-05,500.0,500.0,500.0,3.2,Rs./Quintal,Metric Tonnes
Madhya Pradesh,Dhar,Badnawar APMC,Soyabean,Yellow,FAQ,2026-03-05,2400.0,5600.0,5510.0,260.924,Rs./Quintal,Metric Tonnes
Madhya Pradesh,Dhar,Badnawar APMC,Soyabean,Soyabeen,FAQ,2026-03-05,5000.0,5000.0,5000.0,1.6010000000000002,Rs./Quintal,Metric Tonnes
Madhya Pradesh,Dhar,Badnawar APMC,Wheat,Lokwan,FAQ,2026-03-05,2000.0,2000.0,2000.0,3.5500000000000003,Rs./Quintal,Metric Tonnes
Madhya Pradesh,Dhar,Badnawar APMC,Wheat,Wheat,FAQ,2026-03-05,1361.0,2730.0,2235.0,393.16700000000003,Rs./Quintal,Metric Tonnes
Madhya Pradesh,Dhar,Badnawar APMC,Wheat,Wheat,Non-FAQ,2026-03-05,2000.0,2000.0,2000.0,2.8100000000000005,Rs./Quintal,Metric Tonnes
Madhya Pradesh,Dhar,Badnawar(F&V) APMC,Garlic,Garlic,Local,2026-03-05,3000.0,3000.0,3000.0,459.2,Rs./Quintal,Metric Tonnes
Madhya Pradesh,Dhar,Badnawar(F&V) APMC,Onion,Onion,Local,2026-03-05,500.0,500.0,500.0,3.2,Rs./Quintal,Metric Tonnes
Madhya Pradesh,Shajapur,Badod APMC,Asalia,Asalia,FAQ,2026-03-05,5110.0,5560.0,5560.0,0.42800000000000005,Rs./Quintal,Metric Tonnes
Madhya Pradesh,Shajapur,Badod APMC,Lentil(Masur)(Whole),Masur Dal,Non-FAQ,2026-03-05,6261.0,6261.0,6261.0,0.42400000000000004,Rs./Quintal,Metric Tonnes
Madhya Pradesh,Shajapur,Badod APMC,Mustard,Mustard,Non-FAQ,2026-03-05,5470.0,5980.0,5899.0,24.643,Rs./Quintal,Metric Tonnes
Madhya Pradesh,Shajapur,Badod APMC,Mustard,Mustard,FAQ,2026-03-05,5650.0,5921.0,5799.0,12.240000000000002,Rs./Quintal,Metric Tonnes
Madhya Pradesh,Shajapur,Badod APMC,Soyabean,Soyabeen,Non-FAQ,2026-03-05,5000.0,5400.0,5400.0,6.062,Rs./Quintal,Metric Tonnes
Madhya Pradesh,Shajapur,Badod APMC,Wheat,Wheat,Non-FAQ,2026-03-05,1799.0,2245.0,2200.0,149.058,Rs./Quintal,Metric Tonnes
Madhya Pradesh,Shajapur,Badod APMC,Wheat,Wheat,FAQ,2026-03-05,1800.0,2239.0,2211.0,69.495,Rs./Quintal,Metric Tonnes
Madhya Pradesh,Khargone,Badwaha APMC,Cotton,Without Ginned Cotton,Non-FAQ,2026-03-05,4475.0,4575.0,4575.0,16.715,Rs./Quintal,Metric Tonnes
Madhya Pradesh,Khargone,Badwaha APMC,Cotton,Without Ginned Cotton,FAQ,2026-03-05,6590.0,7150.0,7150.0,1.5110000000000001,Rs./Quintal,Metric Tonnes
Madhya Pradesh,Khargone,Badwaha APMC,Kabuli Chana(Chickpeas-White),Dollar Gram,FAQ,2026-03-05,7500.0,7500.0,7500.0,2.5700000000000003,Rs./Quintal,Metric Tonnes
Madhya Pradesh,Khargone,Badwaha APMC,Maize,Local,FAQ,2026-03-05,1530.0,1540.0,1540.0,8.14,Rs./Quintal,Metric Tonnes
Madhya Pradesh,Khargone,Badwaha APMC,Maize,Local,Non-FAQ,2026-03-05,1200.0,1200.0,1200.0,10.61,Rs./Quintal,Metric Tonnes
Madhya Pradesh,Khargone,Badwaha APMC,Soyabean,Soyabeen,FAQ,2026-03-05,5100.0,5100.0,5100.0,0.17200000000000001,Rs./Quintal,Metric Tonnes
Madhya Pradesh,Khargone,Badwaha APMC,Wheat,Wheat,FAQ,2026-03-05,1999.0,2354.0,2150.0,159.87900000000002,Rs./Quintal,Metric Tonnes
Madhya Pradesh,Khargone,Badwaha APMC,Wheat,Wheat,Non-FAQ,2026-03-05,2050.0,2085.0,2050.0,9.83,Rs./Quintal,Metric Tonnes
Madhya Pradesh,Badwani,Badwani APMC,Bajra(Pearl Millet/Cumbu),Millet,FAQ,2026-03-05,1600.0,1600.0,1600.0,2.0,Rs./Quintal,Metric Tonnes
Madhya Pradesh,Badwani,Badwani APMC,Kabuli Chana(Chickpeas-White),Dollar Gram,FAQ,2026-03-05,7050.0,8125.0,7250.0,38.0,Rs./Quintal,Metric Tonnes
Madhya Pradesh,Badwani,Badwani APMC,Wheat,Lokwan,FAQ,2026-03-05,2000.0,2000.0,2000.0,4.6000000000000005,Rs./Quintal,Metric Tonnes
Madhya Pradesh,Badwani,Badwani(F&V) APMC,Bhindi(Ladies Finger),Bhindi,Local,2026-03-05,1500.0,1500.0,1500.0,0.508,Rs./Quintal,Metric Tonnes
Madhya Pradesh,Badwani,Badwani(F&V) APMC,Bottle gourd,Bottle Gourd,Local,2026-03-05,1000.0,1000.0,1000.0,0.713,Rs./Quintal,Metric Tonnes
Madhya Pradesh,Badwani,Badwani(F&V) APMC,Cabbage,Cabbage,Local,2026-03-05,800.0,800.0,800.0,0.652,Rs./Quintal,Metric Tonnes
Madhya Pradesh,Badwani,Badwani(F&V) APMC,Carrot,Carrot,Local,2026-03-05,1100.0,1100.0,1100.0,0.665,Rs./Quintal,Metric Tonnes
Madhya Pradesh,Badwani,Badwani(F&V) APMC,Cauliflower,Cauliflower,Local,2026-03-05,1000.0,1000.0,1000.0,0.632,Rs./Quintal,Metric Tonnes
Madhya Pradesh,Badwani,Badwani(F&V) APMC,Cucumbar(Kheera),Cucumbar,Local,2026-03-05,1100.0,1100.0,1100.0,0.562,Rs./Quintal,Metric Tonnes
Madhya Pradesh,Badwani,Badwani(F&V) APMC,Green Chilli,Green Chilly,Local,2026-03-05,3000.0,3000.0,3000.0,0.312,Rs./Quintal,Metric Tonnes
Madhya Pradesh,Badwani,Badwani(F&V) APMC,Onion,Onion,Local,2026-03-05,1200.0,1200.0,1200.0,0.612,Rs./Quintal,Metric Tonnes
Madhya Pradesh,Badwani,Badwani(F&V) APMC,Potato,Potato,Local,2026-03-05,1000.0,1000.0,1000.0,1.165,Rs./Quintal,Metric Tonnes
Madhya Pradesh,Badwani,Badwani(F&V) APMC,Sponge gourd,Sponge gourd,Local,2026-03-05,1500.0,1500.0,1500.0,0.428,Rs./Quintal,Metric Tonnes
Madhya Pradesh,Badwani,Badwani(F&V) APMC,Tomato,Tomato,Local,2026-03-05,700.0,700.0,700.0,0.982,Rs./Quintal,Metric Tonnes
Madhya Pradesh,Dewas,Bagli APMC,Bengal Gram(Gram)(Whole),Gram,Non-FAQ,2026-03-05,5250.0,5250.0,5250.0,0.35000000000000003,Rs./Quintal,Metric Tonnes
Madhya Pradesh,Dewas,Bagli APMC,Maize,Yellow,Non-FAQ,2026-03-05,1547.0,1547.0,1547.0,1.02,Rs./Quintal,Metric Tonnes
Madhya Pradesh,Dewas,Bagli APMC,Wheat,Mill Quality,Non-FAQ,2026-03-05,2180.0,2650.0,2650.0,17.825,Rs./Quintal,Metric Tonnes
Madhya Pradesh,Chhatarpur,Bakswaha APMC,Soyabean,Soyabeen,Non-FAQ,2026-03-05,4100.0,4400.0,4400.0,14.100000000000001,Rs./Quintal,Metric Tonnes
Madhya Pradesh,Sehore,Baktara APMC,Paddy(Common),Basmati,FAQ,2026-03-05,4000.0,4100.0,4000.0,159.85000000000002,Rs./Quintal,Metric Tonnes
Madhya Pradesh,Sagar,Bamora APMC,Lentil(Masur)(Whole),Local,FAQ,2026-03-05,5900.0,5970.0,5970.0,3.4000000000000004,Rs./Quintal,Metric Tonnes
Madhya Pradesh,Sagar,Bamora APMC,Mustard,Mustard,FAQ,2026-03-05,5371.0,5371.0,5371.0,0.7070000000000001,Rs./Quintal,Metric Tonnes
Madhya Pradesh,Hoshangabad,Banapura APMC,Bengal Gram(Gram)(Whole),Desi (F.A.Q. Split),FAQ,2026-03-05,4109.0,5100.0,5030.0,8.495000000000001,Rs./Quintal,Metric Tonnes
Madhya Pradesh,Hoshangabad,Banapura APMC,Green Gram(Moong)(Whole),Green (Whole),FAQ,2026-03-05,6100.0,6581.0,6581.0,0.41500000000000004,Rs./Quintal,Metric Tonnes
Madhya Pradesh,Hoshangabad,Banapura APMC,Kabuli Chana(Chickpeas-White),Russian,FAQ,2026-03-05,4101.0,4381.0,4381.0,2.16,Rs./Quintal,Metric Tonnes
Madhya Pradesh,Hoshangabad,Banapura APMC,Maize,Yellow,Non-FAQ,2026-03-05,1460.0,1550.0,1550.0,10.600000000000001,Rs./Quintal,Metric Tonnes
Madhya Pradesh,Hoshangabad,Banapura APMC,Maize,Yellow,FAQ,2026-03-05,1268.0,1609.0,1521.0,1239.915,Rs./Quintal,Metric Tonnes
Madhya Pradesh,Hoshangabad,Banapura APMC,Mustard,Mustard,FAQ,2026-03-05,4880.0,5199.0,5199.0,1.11,Rs./Quintal,Metric Tonnes
Madhya Pradesh,Hoshangabad,Banapura APMC,Soyabean,Yellow,FAQ,2026-03-05,4699.0,4699.0,4699.0,0.555,Rs./Quintal,Metric Tonnes
Madhya Pradesh,Hoshangabad,Banapura APMC,Wheat,Local,FAQ,2026-03-05,2215.0,2328.0,2280.0,87.53,Rs./Quintal,Metric Tonnes
Madhya Pradesh,Sagar,Banda APMC,Bengal Gram(Gram)(Whole),Gram,FAQ,2026-03-05,4900.0,5050.0,4955.0,0.7070000000000001,Rs./Quintal,Metric Tonnes
Madhya Pradesh,Sagar,Banda APMC,Green Peas,Pea,FAQ,2026-03-05,3750.0,3750.0,3750.0,0.015,Rs./Quintal,Metric Tonnes
Madhya Pradesh,Sagar,Banda APMC,Lak(Teora),Tiwada,FAQ,2026-03-05,3225.0,3225.0,3225.0,0.35400000000000004,Rs./Quintal,Metric Tonnes
Madhya Pradesh,Sagar,Banda APMC,Lentil(Masur)(Whole),Masur Dal,FAQ,2026-03-05,5975.0,5975.0,5975.0,0.044000000000000004,Rs./Quintal,Metric Tonnes
Madhya Pradesh,Raisen,Bareli APMC,Bengal Gram(Gram)(Whole),Gram,FAQ,2026-03-05,4800.0,5360.0,5360.0,2.035,Rs./Quintal,Metric Tonnes
Madhya Pradesh,Raisen,Bareli APMC,Paddy(Common),Paddy,FAQ,2026-03-05,1550.0,4280.0,4005.0,58.81,Rs./Quintal,Metric Tonnes
Madhya Pradesh,Raisen,Bareli APMC,Paddy(Common),Basmati,FAQ,2026-03-05,4150.0,4150.0,4150.0,28.0,Rs./Quintal,Metric Tonnes
Madhya Pradesh,Raisen,Bareli APMC,Paddy(Common),Puspa (MR 301),FAQ,2026-03-05,4355.0,4355.0,4355.0,16.928,Rs./Quintal,Metric Tonnes
Madhya Pradesh,Raisen,Bareli APMC,Red gram/Arhar/Tur(whole),Arhar Dal(Tur),FAQ,2026-03-05,7040.0,7040.0,7040.0,0.9,Rs./Quintal,Metric Tonnes
Madhya Pradesh,Raisen,Bareli APMC,Wheat,Mill Quality,FAQ,2026-03-05,2101.0,2314.0,2314.0,1.975,Rs./Quintal,Metric Tonnes
Madhya Pradesh,Khargone,Bedia APMC,Chili Red,Red,FAQ,2026-03-05,8000.0,19000.0,9500.0,69.32100000000001,Rs./Quintal,Metric Tonnes
Madhya Pradesh,Raisen,Begamganj APMC,Bengal Gram(Gram)(Whole),Gram,Non-FAQ,2026-03-05,4705.0,5125.0,5125.0,27.751,Rs./Quintal,Metric Tonnes
Madhya Pradesh,Raisen,Begamganj APMC,Lentil(Masur)(Whole),Masur Dal,Non-FAQ,2026-03-05,5700.0,6735.0,6525.0,14.433000000000002,Rs./Quintal,Metric Tonnes
Madhya Pradesh,Raisen,Begamganj APMC,Maize,Local,Non-FAQ,2026-03-05,1465.0,1480.0,1480.0,3.5340000000000007,Rs./Quintal,Metric Tonnes
Madhya Pradesh,Raisen,Begamganj APMC,Mustard,Mustard,Non-FAQ,2026-03-05,5330.0,5620.0,5620.0,1.829,Rs./Quintal,Metric Tonnes
Madhya Pradesh,Raisen,Begamganj APMC,Red gram/Arhar/Tur(whole),Arhar Dal(Tur),Non-FAQ,2026-03-05,6400.0,6400.0,6400.0,0.194,Rs./Quintal,Metric Tonnes
Madhya Pradesh,Raisen,Begamganj APMC,Soyabean,Soyabeen,Non-FAQ,2026-03-05,4795.0,5040.0,5040.0,0.529,Rs./Quintal,Metric Tonnes
Madhya Pradesh,Raisen,Begamganj APMC,Wheat,Wheat,Non-FAQ,2026-03-05,2150.0,2330.0,2330.0,12.11,Rs./Quintal,Metric Tonnes
Madhya Pradesh,Raisen,Begamganj APMC,Wheat,Wheat,FAQ,2026-03-05,2200.0,2200.0,2200.0,12.91,Rs./Quintal,Metric Tonnes
Madhya Pradesh,Shehdol,Beohari APMC,Kodo Millet(Varagu),Kondo,FAQ,2026-03-05,2200.0,2200.0,2200.0,16.0,Rs./Quintal,Metric Tonnes
Madhya Pradesh,Shehdol,Beohari APMC,Wheat,Mill Quality,FAQ,2026-03-05,2300.0,2300.0,2300.0,19.0,Rs./Quintal,Metric Tonnes
Madhya Pradesh,Bhopal,Berasia APMC,Bengal Gram(Gram)(Whole),Gram,FAQ,2026-03-05,4295.0,4985.0,4985.0,6.6080000000000005,Rs./Quintal,Metric Tonnes
Madhya Pradesh,Bhopal,Berasia APMC,Lentil(Masur)(Whole),Masur Dal,FAQ,2026-03-05,5160.0,5160.0,5160.0,0.06,Rs./Quintal,Metric Tonnes
Madhya Pradesh,Bhopal,Berasia APMC,Mustard,Mustard,FAQ,2026-03-05,4605.0,5915.0,5780.0,32.509,Rs./Quintal,Metric Tonnes
Madhya Pradesh,Bhopal,Berasia APMC,Paddy(Common),Basmati,FAQ,2026-03-05,3700.0,3850.0,3850.0,9.384,Rs./Quintal,Metric Tonnes
Madhya Pradesh,Bhopal,Berasia APMC,Soyabean,Soyabeen,FAQ,2026-03-05,5235.0,5350.0,5350.0,2.3600000000000003,Rs./Quintal,Metric Tonnes
Madhya Pradesh,Bhopal,Berasia APMC,Soyabean,Yellow,FAQ,2026-03-05,4200.0,5455.0,5455.0,17.314,Rs./Quintal,Metric Tonnes
Madhya Pradesh,Bhopal,Berasia APMC,Wheat,Mill Quality,FAQ,2026-03-05,1800.0,2469.0,2250.0,24.919,Rs./Quintal,Metric Tonnes
Madhya Pradesh,Bhopal,Berasia APMC,Wheat,Wheat,FAQ,2026-03-05,1500.0,2415.0,2200.0,68.274,Rs./Quintal,Metric Tonnes
Madhya Pradesh,Betul,Betul APMC,Maize,Local,Non-FAQ,2026-03-05,1435.0,1460.0,1450.0,127.512,Rs./Quintal,Metric Tonnes
Madhya Pradesh,Betul,Betul APMC,Maize,Yellow,FAQ,2026-03-05,1500.0,1500.0,1500.0,12.5,Rs./Quintal,Metric Tonnes
Madhya Pradesh,Betul,Betul APMC,Wheat,Mill Quality,FAQ,2026-03-05,2335.0,2385.0,2370.0,101.543,Rs./Quintal,Metric Tonnes
Madhya Pradesh,Mandsaur,Bhanpura APMC,Wheat,Mill Quality,Non-FAQ,2026-03-05,2140.0,2140.0,2140.0,2.1300000000000003,Rs./Quintal,Metric Tonnes
Madhya Pradesh,Khargone,Bhikangaon APMC,Maize,Local,FAQ,2026-03-05,1390.0,1390.0,1390.0,8.209999999999999,Rs./Quintal,Metric Tonnes
Madhya Pradesh,Khargone,Bhikangaon APMC,Wheat,Wheat,FAQ,2026-03-05,2050.0,2250.0,2200.0,101.587,Rs./Quintal,Metric Tonnes
Madhya Pradesh,Bhind,Bhind APMC,Bajra(Pearl Millet/Cumbu),Millet,Non-FAQ,2026-03-05,1800.0,1809.0,1809.0,24.5,Rs./Quintal,Metric Tonnes
Madhya Pradesh,Bhopal,Bhopal APMC,Bengal Gram(Gram)(Whole),Gram,FAQ,2026-03-05,4400.0,4400.0,4400.0,0.121,Rs./Quintal,Metric Tonnes
Madhya Pradesh,Bhopal,Bhopal APMC,Garlic,Desi,FAQ,2026-03-05,5800.0,5800.0,5800.0,0.427,Rs./Quintal,Metric Tonnes
Madhya Pradesh,Bhopal,Bhopal APMC,Garlic,Garlic,FAQ,2026-03-05,1350.0,8800.0,2950.0,112.411,Rs./Quintal,Metric Tonnes
Madhya Pradesh,Bhopal,Bhopal APMC,Mustard,Mustard,FAQ,2026-03-05,4300.0,5466.0,5466.0,1.722,Rs./Quintal,Metric Tonnes
Madhya Pradesh,Bhopal,Bhopal APMC,Soyabean,Soyabeen,FAQ,2026-03-05,4882.0,5380.0,5380.0,9.4,Rs./Quintal,Metric Tonnes
Madhya Pradesh,Bhopal,Bhopal APMC,Wheat,Wheat,FAQ,2026-03-05,2101.0,2617.0,2267.0,64.17,Rs./Quintal,Metric Tonnes
Madhya Pradesh,Rajgarh,Biaora APMC,Wheat,Wheat,FAQ,2026-03-05,2110.0,2135.0,2135.0,11.540000000000001,Rs./Quintal,Metric Tonnes
Madhya Pradesh,Rajgarh,Biaora APMC,Wheat,Wheat,Non-FAQ,2026-03-05,2095.0,2155.0,2155.0,12.625,Rs./Quintal,Metric Tonnes
Madhya Pradesh,Chhatarpur,Bijawar APMC,Mustard,Mustard,FAQ,2026-03-05,6000.0,6080.0,6080.0,6.515000000000001,Rs./Quintal,Metric Tonnes
Madhya Pradesh,Chhatarpur,Bijawar APMC,Wheat,Mill Quality,FAQ,2026-03-05,2250.0,2380.0,2380.0,76.02000000000001,Rs./Quintal,Metric Tonnes
Madhya Pradesh,Sagar,Bina APMC,Barley(Jau),Barley,FAQ,2026-03-05,2000.0,2000.0,2000.0,2.1,Rs./Quintal,Metric Tonnes
Madhya Pradesh,Sagar,Bina APMC,Bengal Gram(Gram)(Whole),Gram,FAQ,2026-03-05,4691.0,5311.0,5311.0,11.9,Rs./Quintal,Metric Tonnes
Madhya Pradesh,Sagar,Bina APMC,Green Peas,Organic,FAQ,2026-03-05,2367.0,2367.0,2367.0,0.11000000000000001,Rs./Quintal,Metric Tonnes
Madhya Pradesh,Sagar,Bina APMC,Green Peas,Pea,FAQ,2026-03-05,3042.0,4247.0,4150.0,83.08500000000001,Rs./Quintal,Metric Tonnes
Madhya Pradesh,Sagar,Bina APMC,Lak(Teora),Tiwada,FAQ,2026-03-05,2800.0,3321.0,3300.0,24.085,Rs./Quintal,Metric Tonnes
Madhya Pradesh,Sagar,Bina APMC,Lentil(Masur)(Whole),Masur Dal,FAQ,2026-03-05,5671.0,6716.0,5850.0,47.495000000000005,Rs./Quintal,Metric Tonnes
Madhya Pradesh,Sagar,Bina APMC,Mustard,Mustard,FAQ,2026-03-05,5000.0,7011.0,5000.0,1.74,Rs./Quintal,Metric Tonnes
Madhya Pradesh,Sagar,Bina APMC,Soyabean,Soyabeen,FAQ,2026-03-05,4852.0,4901.0,4901.0,2.02,Rs./Quintal,Metric Tonnes
Madhya Pradesh,Sagar,Bina APMC,Wheat,Wheat,FAQ,2026-03-05,1957.0,2745.0,2745.0,17.985,Rs./Quintal,Metric Tonnes
Madhya Pradesh,Sagar,Bina APMC,buttery,Buttery,FAQ,2026-03-05,3425.0,4438.0,4391.0,30.735000000000003,Rs./Quintal,Metric Tonnes
Madhya Pradesh,Burhanpur,Burhanpur APMC,Bengal Gram(Gram)(Whole),Chana Kabuli,Non-FAQ,2026-03-05,5202.0,7000.0,6900.0,24.955000000000002,Rs./Quintal,Metric Tonnes
Madhya Pradesh,Burhanpur,Burhanpur APMC,Bengal Gram(Gram)(Whole),Gram,Non-FAQ,2026-03-05,4601.0,5075.0,5075.0,11.866,Rs./Quintal,Metric Tonnes
Madhya Pradesh,Burhanpur,Burhanpur APMC,Cotton,Medium Fiber,FAQ,2026-03-05,6380.0,6500.0,6500.0,33.968,Rs./Quintal,Metric Tonnes
Madhya Pradesh,Burhanpur,Burhanpur APMC,Maize,Local,FAQ,2026-03-05,1160.0,1310.0,1310.0,40.675000000000004,Rs./Quintal,Metric Tonnes
Madhya Pradesh,Burhanpur,Burhanpur APMC,Red gram/Arhar/Tur(whole),Arhar Dal(Tur),Non-FAQ,2026-03-05,5321.0,7850.0,6716.0,34.813,Rs./Quintal,Metric Tonnes
Madhya Pradesh,Burhanpur,Burhanpur APMC,Wheat,Wheat,Non-FAQ,2026-03-05,2020.0,2401.0,2401.0,4.463,Rs./Quintal,Metric Tonnes
Madhya Pradesh,Burhanpur,Burhanpur(F&V) APMC,Banana,Khandesh,Grade A,2026-03-05,500.0,1500.0,1200.0,2.4000000000000004,Rs./Quintal,Metric Tonnes
Madhya Pradesh,Burhanpur,Burhanpur(F&V) APMC,Bhindi(Ladies Finger),Bhindi,Local,2026-03-05,2500.0,3800.0,3500.0,0.30000000000000004,Rs./Quintal,Metric Tonnes
Madhya Pradesh,Burhanpur,Burhanpur(F&V) APMC,Bitter gourd,Bitter Gourd,Medium,2026-03-05,2500.0,3500.0,3200.0,0.2,Rs./Quintal,Metric Tonnes
Madhya Pradesh,Burhanpur,Burhanpur(F&V) APMC,Bottle gourd,Bottle Gourd,Medium,2026-03-05,1000.0,1500.0,1200.0,1.1,Rs./Quintal,Metric Tonnes
Madhya Pradesh,Burhanpur,Burhanpur(F&V) APMC,Brinjal,Brinjal,Medium,2026-03-05,1000.0,1600.0,1400.0,2.6,Rs./Quintal,Metric Tonnes
Madhya Pradesh,Burhanpur,Burhanpur(F&V) APMC,Cabbage,Cabbage,Local,2026-03-05,500.0,800.0,650.0,3.4000000000000004,Rs./Quintal,Metric Tonnes
Madhya Pradesh,Burhanpur,Burhanpur(F&V) APMC,Cauliflower,Local,Local,2026-03-05,1500.0,1800.0,1650.0,1.1,Rs./Quintal,Metric Tonnes
Madhya Pradesh,Burhanpur,Burhanpur(F&V) APMC,Chikoos(Sapota),Other,Grade A,2026-03-05,2500.0,3000.0,2800.0,0.5,Rs./Quintal,Metric Tonnes
Madhya Pradesh,Burhanpur,Burhanpur(F&V) APMC,Cucumbar(Kheera),Cucumbar,Medium,2026-03-05,800.0,1200.0,1000.0,1.8,Rs./Quintal,Metric Tonnes
Madhya Pradesh,Burhanpur,Burhanpur(F&V) APMC,Grapes,Other,Grade A,2026-03-05,5000.0,6000.0,5500.0,0.2,Rs./Quintal,Metric Tonnes
Madhya Pradesh,Burhanpur,Burhanpur(F&V) APMC,Green Chilli,Green Chilly,Medium,2026-03-05,4000.0,8000.0,6000.0,0.5,Rs./Quintal,Metric Tonnes
Madhya Pradesh,Burhanpur,Burhanpur(F&V) APMC,Green Chilli,Green Chilly,Local,2026-03-05,4000.0,8000.0,6000.0,0.5,Rs./Quintal,Metric Tonnes
Madhya Pradesh,Burhanpur,Burhanpur(F&V) APMC,Guar,Gwar,Medium,2026-03-05,2500.0,4000.0,3500.0,0.2,Rs./Quintal,Metric Tonnes
Madhya Pradesh,Burhanpur,Burhanpur(F&V) APMC,Karbuja(Musk Melon),Karbhuja,Grade A,2026-03-05,1000.0,2000.0,1800.0,4.1000000000000005,Rs./Quintal,Metric Tonnes
Madhya Pradesh,Burhanpur,Burhanpur(F&V) APMC,Mousambi(Sweet Lime),Mousambi,Grade A,2026-03-05,1500.0,2800.0,2500.0,0.5,Rs./Quintal,Metric Tonnes
Madhya Pradesh,Burhanpur,Burhanpur(F&V) APMC,Onion,Local,Medium,2026-03-05,600.0,1500.0,1400.0,9.700000000000001,Rs./Quintal,Metric Tonnes
Madhya Pradesh,Burhanpur,Burhanpur(F&V) APMC,Papaya,Other,Grade A,2026-03-05,1500.0,2500.0,2000.0,1.2000000000000002,Rs./Quintal,Metric Tonnes
Madhya Pradesh,Burhanpur,Burhanpur(F&V) APMC,Potato,Local,Medium,2026-03-05,800.0,1200.0,1000.0,7.7,Rs./Quintal,Metric Tonnes
Madhya Pradesh,Burhanpur,Burhanpur(F&V) APMC,Pumpkin,Other,Local,2026-03-05,1500.0,1800.0,1600.0,0.6000000000000001,Rs./Quintal,Metric Tonnes
Madhya Pradesh,Burhanpur,Burhanpur(F&V) APMC,Tinda,Tinda,Local,2026-03-05,2500.0,3500.0,3000.0,0.30000000000000004,Rs./Quintal,Metric Tonnes
Madhya Pradesh,Burhanpur,Burhanpur(F&V) APMC,Tomato,Other,Medium,2026-03-05,500.0,1000.0,800.0,9.600000000000001,Rs./Quintal,Metric Tonnes
Madhya Pradesh,Ashoknagar,Chanderi APMC,Mustard,Mustard,Non-FAQ,2026-03-05,5405.0,5800.0,5405.0,34.93,Rs./Quintal,Metric Tonnes
Madhya Pradesh,Chhindwara,Chaurai APMC,Bengal Gram(Gram)(Whole),Desi (F.A.Q. Split),FAQ,2026-03-05,4501.0,4501.0,4501.0,0.30000000000000004,Rs./Quintal,Metric Tonnes
Madhya Pradesh,Chhindwara,Chaurai APMC,Gur(Jaggery),Jaggery,FAQ,2026-03-05,3500.0,3500.0,3500.0,16.0,Rs./Quintal,Metric Tonnes
Madhya Pradesh,Chhindwara,Chaurai APMC,Maize,Yellow,FAQ,2026-03-05,1351.0,1756.0,1700.0,746.051,Rs./Quintal,Metric Tonnes
Madhya Pradesh,Chhindwara,Chaurai APMC,Maize,Yellow,Non-FAQ,2026-03-05,1550.0,1669.0,1605.0,168.10000000000002,Rs./Quintal,Metric Tonnes
Madhya Pradesh,Chhindwara,Chaurai APMC,Maize,Local,FAQ,2026-03-05,1745.0,1745.0,1745.0,7.9,Rs./Quintal,Metric Tonnes
Madhya Pradesh,Chhindwara,Chaurai APMC,Red gram/Arhar/Tur(whole),Arhar Dal(Tur),FAQ,2026-03-05,7291.0,7291.0,7291.0,0.5,Rs./Quintal,Metric Tonnes
Madhya Pradesh,Chhindwara,Chaurai APMC,Wheat,Mill Quality,FAQ,2026-03-05,2170.0,2396.0,2396.0,61.893,Rs./Quintal,Metric Tonnes
Madhya Pradesh,Rajgarh,Chhapiheda APMC,Lentil(Masur)(Whole),Masur Dal,FAQ,2026-03-05,6475.0,6595.0,6595.0,2.837,Rs./Quintal,Metric Tonnes
Madhya Pradesh,Rajgarh,Chhapiheda APMC,Mustard,Mustard,FAQ,2026-03-05,4905.0,5800.0,5735.0,5.445,Rs./Quintal,Metric Tonnes
Madhya Pradesh,Rajgarh,Chhapiheda APMC,Soyabean,Soyabeen,FAQ,2026-03-05,5185.0,5185.0,5185.0,1.21,Rs./Quintal,Metric Tonnes
Madhya Pradesh,Rajgarh,Chhapiheda APMC,Wheat,Wheat,FAQ,2026-03-05,2001.0,2510.0,2425.0,53.55800000000001,Rs./Quintal,Metric Tonnes
Madhya Pradesh,Chhatarpur,Chhatarpur APMC,Wheat,Mill Quality,Non-FAQ,2026-03-05,2350.0,2380.0,2380.0,20.3,Rs./Quintal,Metric Tonnes
Madhya Pradesh,Chhindwara,Chhindwara APMC,Bengal Gram(Gram)(Whole),Gram,FAQ,2026-03-05,4895.0,5200.0,5200.0,1.1500000000000001,Rs./Quintal,Metric Tonnes
Madhya Pradesh,Chhindwara,Chhindwara APMC,Maize,Yellow,FAQ,2026-03-05,1724.0,1724.0,1724.0,3.5220000000000002,Rs./Quintal,Metric Tonnes
Madhya Pradesh,Chhindwara,Chhindwara APMC,Maize,Hybrid Yellow (Cattle Feed),FAQ,2026-03-05,1650.0,1650.0,1650.0,9.0,Rs./Quintal,Metric Tonnes
Madhya Pradesh,Chhindwara,Chhindwara APMC,Maize,Local,FAQ,2026-03-05,1460.0,1758.0,1725.0,1508.5770000000002,Rs./Quintal,Metric Tonnes
Madhya Pradesh,Chhindwara,Chhindwara APMC,Mustard,Mustard,FAQ,2026-03-05,5400.0,5400.0,5400.0,0.15000000000000002,Rs./Quintal,Metric Tonnes
Madhya Pradesh,Chhindwara,Chhindwara APMC,Red gram/Arhar/Tur(whole),Arhar Dal(Tur),FAQ,2026-03-05,5502.0,7611.0,6950.0,13.241999999999999,Rs./Quintal,Metric Tonnes
Madhya Pradesh,Chhindwara,Chhindwara APMC,Soyabean,Soyabeen,FAQ,2026-03-05,5291.0,5541.0,5300.0,7.81,Rs./Quintal,Metric Tonnes
Madhya Pradesh,Chhindwara,Chhindwara APMC,Wheat,Mill Quality,Non-FAQ,2026-03-05,2550.0,2589.0,2589.0,15.100000000000001,Rs./Quintal,Metric Tonnes
Madhya Pradesh,Chhindwara,Chhindwara APMC,Wheat,Wheat,FAQ,2026-03-05,2272.0,2599.0,2400.0,78.06200000000001,Rs./Quintal,Metric Tonnes
Madhya Pradesh,Chhindwara,Chhindwara APMC,Wheat,Mill Quality,FAQ,2026-03-05,2201.0,2700.0,2375.0,111.49400000000001,Rs./Quintal,Metric Tonnes
Madhya Pradesh,Seoni,Chhpara APMC,Maize,Yellow,FAQ,2026-03-05,1460.0,1460.0,1460.0,39.300000000000004,Rs./Quintal,Metric Tonnes
Madhya Pradesh,Chhindwara,Chindwara(F&V) APMC,Bhindi(Ladies Finger),Bhindi,Local,2026-03-05,2800.0,3400.0,3000.0,0.30000000000000004,Rs./Quintal,Metric Tonnes
Madhya Pradesh,Chhindwara,Chindwara(F&V) APMC,Bottle gourd,Bottle Gourd,Local,2026-03-05,1200.0,1200.0,1200.0,0.1,Rs./Quintal,Metric Tonnes
Madhya Pradesh,Chhindwara,Chindwara(F&V) APMC,Capsicum,Capsicum,Local,2026-03-05,1300.0,1300.0,1300.0,0.1,Rs./Quintal,Metric Tonnes
Madhya Pradesh,Chhindwara,Chindwara(F&V) APMC,Carrot,Carrot,Local,2026-03-05,900.0,1300.0,1100.0,0.4,Rs./Quintal,Metric Tonnes
Madhya Pradesh,Chhindwara,Chindwara(F&V) APMC,Cucumbar(Kheera),Cucumbar,Local,2026-03-05,600.0,900.0,700.0,0.2,Rs./Quintal,Metric Tonnes
Madhya Pradesh,Chhindwara,Chindwara(F&V) APMC,Garlic,Average,Local,2026-03-05,5000.0,8000.0,6800.0,9.8,Rs./Quintal,Metric Tonnes
Madhya Pradesh,Chhindwara,Chindwara(F&V) APMC,Ginger(Green),Green Ginger,Local,2026-03-05,3400.0,4600.0,3800.0,1.8,Rs./Quintal,Metric Tonnes
Madhya Pradesh,Chhindwara,Chindwara(F&V) APMC,Green Chilli,Green Chilly,Local,2026-03-05,3500.0,4800.0,3950.0,2.6,Rs./Quintal,Metric Tonnes
Madhya Pradesh,Chhindwara,Chindwara(F&V) APMC,Onion,Red,Local,2026-03-05,800.0,1300.0,1000.0,0.30000000000000004,Rs./Quintal,Metric Tonnes
Madhya Pradesh,Chhindwara,Chindwara(F&V) APMC,Peas Wet,Other,Local,2026-03-05,1000.0,1000.0,1000.0,0.1,Rs./Quintal,Metric Tonnes
Madhya Pradesh,Chhindwara,Chindwara(F&V) APMC,Potato,Desi,Local,2026-03-05,500.0,900.0,600.0,14.100000000000001,Rs./Quintal,Metric Tonnes
Madhya Pradesh,Chhindwara,Chindwara(F&V) APMC,Spinach,Organic,Local,2026-03-05,800.0,1300.0,1000.0,0.2,Rs./Quintal,Metric Tonnes
Madhya Pradesh,Chhindwara,Chindwara(F&V) APMC,Tomato,Deshi,Local,2026-03-05,500.0,800.0,600.0,0.5,Rs./Quintal,Metric Tonnes
Madhya Pradesh,Mandsaur,Daloda APMC,Bengal Gram(Gram)(Whole),Gram,FAQ,2026-03-05,4500.0,4901.0,4781.0,3.89,Rs./Quintal,Metric Tonnes
Madhya Pradesh,Mandsaur,Daloda APMC,Black Gram(Urd Beans)(Whole),Urda/Urd,FAQ,2026-03-05,4550.0,4601.0,4601.0,0.42100000000000004,Rs./Quintal,Metric Tonnes
Madhya Pradesh,Mandsaur,Daloda APMC,Garlic,Garlic-Organic,FAQ,2026-03-05,5480.0,8000.0,8000.0,0.63,Rs./Quintal,Metric Tonnes
Madhya Pradesh,Mandsaur,Daloda APMC,Garlic,Garlic,FAQ,2026-03-05,1000.0,12000.0,5000.0,302.187,Rs./Quintal,Metric Tonnes
Madhya Pradesh,Mandsaur,Daloda APMC,Lentil(Masur)(Whole),Masur Dal,FAQ,2026-03-05,5712.0,6181.0,6181.0,2.1260000000000003,Rs./Quintal,Metric Tonnes
Madhya Pradesh,Mandsaur,Daloda APMC,Linseed,Flaxseed,FAQ,2026-03-05,7000.0,7701.0,7701.0,0.41600000000000004,Rs./Quintal,Metric Tonnes
Madhya Pradesh,Mandsaur,Daloda APMC,Methi Seeds,Methiseeds,FAQ,2026-03-05,5300.0,5351.0,5351.0,1.6780000000000002,Rs./Quintal,Metric Tonnes
Madhya Pradesh,Mandsaur,Daloda APMC,Mustard,Mustard,FAQ,2026-03-05,5001.0,5961.0,5780.0,25.169,Rs./Quintal,Metric Tonnes
Madhya Pradesh,Mandsaur,Daloda APMC,Soyabean,Soyabeen,Non-FAQ,2026-03-05,5132.0,5280.0,5200.0,14.225999999999999,Rs./Quintal,Metric Tonnes
Madhya Pradesh,Mandsaur,Daloda APMC,Soyabean,Soyabeen,FAQ,2026-03-05,4300.0,5410.0,4800.0,45.82900000000001,Rs./Quintal,Metric Tonnes
Madhya Pradesh,Mandsaur,Daloda APMC,Wheat,Wheat,FAQ,2026-03-05,1851.0,2541.0,2300.0,328.972,Rs./Quintal,Metric Tonnes
Madhya Pradesh,Damoh,Damoh APMC,Bengal Gram(Gram)(Whole),Gram,FAQ,2026-03-05,4700.0,6100.0,6000.0,129.273,Rs./Quintal,Metric Tonnes
Madhya Pradesh,Damoh,Damoh APMC,Black Gram(Urd Beans)(Whole),Urda/Urd,FAQ,2026-03-05,4250.0,6760.0,6760.0,2.091,Rs./Quintal,Metric Tonnes
Madhya Pradesh,Damoh,Damoh APMC,Green Peas,Pea,FAQ,2026-03-05,1520.0,3895.0,3725.0,181.68,Rs./Quintal,Metric Tonnes
Madhya Pradesh,Damoh,Damoh APMC,Lentil(Masur)(Whole),Masur Dal,FAQ,2026-03-05,5650.0,7175.0,6780.0,153.981,Rs./Quintal,Metric Tonnes
Madhya Pradesh,Damoh,Damoh APMC,Maize,Local,FAQ,2026-03-05,1640.0,1640.0,1640.0,5.123,Rs./Quintal,Metric Tonnes
Madhya Pradesh,Damoh,Damoh APMC,Mustard,Mustard,FAQ,2026-03-05,3855.0,5750.0,5550.0,12.953000000000001,Rs./Quintal,Metric Tonnes
Madhya Pradesh,Damoh,Damoh APMC,Red gram/Arhar/Tur(whole),Arhar Dal(Tur),FAQ,2026-03-05,6210.0,6650.0,6650.0,3.394,Rs./Quintal,Metric Tonnes
Madhya Pradesh,Damoh,Damoh APMC,Soyabean,Yellow,FAQ,2026-03-05,5820.0,5850.0,5850.0,9.5,Rs./Quintal,Metric Tonnes
Madhya Pradesh,Damoh,Damoh APMC,Soyabean,Soyabeen,FAQ,2026-03-05,2745.0,5800.0,5800.0,19.883000000000003,Rs./Quintal,Metric Tonnes
Madhya Pradesh,Damoh,Damoh APMC,buttery,Buttery,FAQ,2026-03-05,3000.0,4290.0,4025.0,26.431,Rs./Quintal,Metric Tonnes
Madhya Pradesh,Sagar,Deori APMC,Bengal Gram(Gram)(Whole),Gram,Non-FAQ,2026-03-05,5160.0,5200.0,5180.0,51.81,Rs./Quintal,Metric Tonnes
Madhya Pradesh,Sagar,Deori APMC,Maize,Local,Non-FAQ,2026-03-05,1480.0,1490.0,1490.0,11.0,Rs./Quintal,Metric Tonnes
Madhya Pradesh,Sagar,Deori APMC,Soyabean,Soyabeen,Non-FAQ,2026-03-05,4750.0,4750.0,4750.0,1.9500000000000002,Rs./Quintal,Metric Tonnes
Madhya Pradesh,Sagar,Deori APMC,Wheat,Mill Quality,Non-FAQ,2026-03-05,2280.0,2290.0,2290.0,12.87,Rs./Quintal,Metric Tonnes
Madhya Pradesh,Panna,Devandranagar APMC,Wheat,Wheat,Non-FAQ,2026-03-05,2315.0,2315.0,2315.0,5.010000000000001,Rs./Quintal,Metric Tonnes
Madhya Pradesh,Dewas,Dewas APMC,Bengal Gram(Gram)(Whole),Gram,FAQ,2026-03-05,3500.0,6299.0,4601.0,28.320999999999998,Rs./Quintal,Metric Tonnes
Madhya Pradesh,Dewas,Dewas APMC,Coriander(Leaves),Coriander,FAQ,2026-03-05,8290.0,9050.0,9050.0,0.137,Rs./Bundle,Bundle
Madhya Pradesh,Dewas,Dewas APMC,Green Peas,Pea,FAQ,2026-03-05,2911.0,2911.0,2911.0,0.124,Rs./Quintal,Metric Tonnes
Madhya Pradesh,Dewas,Dewas APMC,Kabuli Chana(Chickpeas-White),Dollar Gram,FAQ,2026-03-05,3830.0,8000.0,7600.0,69.882,Rs./Quintal,Metric Tonnes
Madhya Pradesh,Dewas,Dewas APMC,Lentil(Masur)(Whole),Masur Dal,FAQ,2026-03-05,5200.0,6350.0,6000.0,7.106000000000001,Rs./Quintal,Metric Tonnes
Madhya Pradesh,Dewas,Dewas APMC,Maize,Local,FAQ,2026-03-05,1151.0,1550.0,1550.0,5.086,Rs./Quintal,Metric Tonnes
Madhya Pradesh,Dewas,Dewas APMC,Mustard,Mustard,FAQ,2026-03-05,4995.0,5900.0,5500.0,55.89,Rs./Quintal,Metric Tonnes
Madhya Pradesh,Dewas,Dewas APMC,Soyabean,Soyabeen,FAQ,2026-03-05,1601.0,5625.0,5500.0,792.3140000000001,Rs./Quintal,Metric Tonnes
Madhya Pradesh,Dewas,Dewas APMC,Wheat,Wheat,FAQ,2026-03-05,1800.0,2571.0,2200.0,1022.0540000000001,Rs./Quintal,Metric Tonnes
Madhya Pradesh,Dewas,Dewas APMC,Wheat,Malwa Shakti,Non-FAQ,2026-03-05,2190.0,2190.0,2190.0,2.874,Rs./Quintal,Metric Tonnes
Madhya Pradesh,Dewas,Dewas(F&V) APMC,Bhindi(Ladies Finger),Other,FAQ,2026-03-05,1200.0,2500.0,2000.0,0.8,Rs./Quintal,Metric Tonnes
Madhya Pradesh,Dewas,Dewas(F&V) APMC,Brinjal,Other,FAQ,2026-03-05,600.0,1000.0,800.0,1.0,Rs./Quintal,Metric Tonnes
Madhya Pradesh,Dewas,Dewas(F&V) APMC,Cabbage,Other,FAQ,2026-03-05,600.0,1200.0,800.0,1.0,Rs./Quintal,Metric Tonnes
Madhya Pradesh,Dewas,Dewas(F&V) APMC,Cauliflower,Other,FAQ,2026-03-05,1300.0,2000.0,1500.0,1.2000000000000002,Rs./Quintal,Metric Tonnes
Madhya Pradesh,Dewas,Dewas(F&V) APMC,Garlic,Other,FAQ,2026-03-05,2000.0,8000.0,4000.0,0.30000000000000004,Rs./Quintal,Metric Tonnes
Madhya Pradesh,Dewas,Dewas(F&V) APMC,Green Chilli,Other,FAQ,2026-03-05,2200.0,4500.0,2500.0,0.5,Rs./Quintal,Metric Tonnes
Madhya Pradesh,Dewas,Dewas(F&V) APMC,Onion,Other,FAQ,2026-03-05,150.0,1400.0,750.0,3.4000000000000004,Rs./Quintal,Metric Tonnes
Madhya Pradesh,Dewas,Dewas(F&V) APMC,Peas Wet,Other,FAQ,2026-03-05,1400.0,2500.0,1600.0,0.6000000000000001,Rs./Quintal,Metric Tonnes
Madhya Pradesh,Dewas,Dewas(F&V) APMC,Potato,Other,FAQ,2026-03-05,300.0,1000.0,800.0,3.5,Rs./Quintal,Metric Tonnes
Madhya Pradesh,Dewas,Dewas(F&V) APMC,Tomato,Other,FAQ,2026-03-05,400.0,1200.0,800.0,1.2000000000000002,Rs./Quintal,Metric Tonnes
Madhya Pradesh,Dhar,Dhamnod APMC,Cotton,Without Ginned Cotton,FAQ,2026-03-05,7450.0,7650.0,7650.0,9.782,Rs./Quintal,Metric Tonnes
Madhya Pradesh,Dhar,Dhamnod APMC,Kabuli Chana(Chickpeas-White),Dollar Gram,FAQ,2026-03-05,7051.0,8000.0,8000.0,6.033,Rs./Quintal,Metric Tonnes
Madhya Pradesh,Dhar,Dhamnod(F&V) APMC,Bhindi(Ladies Finger),Bhindi,Local,2026-03-05,1400.0,2000.0,1500.0,1.3,Rs./Quintal,Metric Tonnes
Madhya Pradesh,Dhar,Dhamnod(F&V) APMC,Bitter gourd,Bitter Gourd,Local,2026-03-05,1500.0,1500.0,1500.0,0.5,Rs./Quintal,Metric Tonnes
Madhya Pradesh,Dhar,Dhamnod(F&V) APMC,Bottle gourd,Bottle Gourd,Local,2026-03-05,800.0,1200.0,1000.0,3.8,Rs./Quintal,Metric Tonnes
Madhya Pradesh,Dhar,Dhamnod(F&V) APMC,Brinjal,Brinjal,Local,2026-03-05,600.0,1000.0,800.0,4.0,Rs./Quintal,Metric Tonnes
Madhya Pradesh,Dhar,Dhamnod(F&V) APMC,Cabbage,Cabbage,Local,2026-03-05,600.0,800.0,700.0,3.0,Rs./Quintal,Metric Tonnes
Madhya Pradesh,Dhar,Dhamnod(F&V) APMC,Cauliflower,Cauliflower,Local,2026-03-05,900.0,1200.0,1000.0,1.7,Rs./Quintal,Metric Tonnes
Madhya Pradesh,Dhar,Dhamnod(F&V) APMC,Green Chilli,Green Chilly,Local,2026-03-05,1500.0,2000.0,1800.0,2.0,Rs./Quintal,Metric Tonnes
Madhya Pradesh,Dhar,Dhamnod(F&V) APMC,Onion,Onion,Local,2026-03-05,700.0,1000.0,800.0,5.0,Rs./Quintal,Metric Tonnes
Madhya Pradesh,Dhar,Dhamnod(F&V) APMC,Potato,Potato,Local,2026-03-05,600.0,1000.0,800.0,3.3,Rs./Quintal,Metric Tonnes
Madhya Pradesh,Dhar,Dhamnod(F&V) APMC,Sponge gourd,Sponge gourd,Local,2026-03-05,1500.0,2000.0,1800.0,0.5,Rs./Quintal,Metric Tonnes
Madhya Pradesh,Dhar,Dhamnod(F&V) APMC,Tomato,Tomato,Local,2026-03-05,700.0,1000.0,800.0,4.2,Rs./Quintal,Metric Tonnes
Madhya Pradesh,Dhar,Dhar APMC,Bengal Gram(Gram)(Whole),Gram,FAQ,2026-03-05,4000.0,5145.0,5145.0,4.263000000000001,Rs./Quintal,Metric Tonnes
Madhya Pradesh,Dhar,Dhar APMC,Green Peas,Pea,FAQ,2026-03-05,1800.0,3735.0,3735.0,3.782,Rs./Quintal,Metric Tonnes
Madhya Pradesh,Dhar,Dhar APMC,Kabuli Chana(Chickpeas-White),Dollar Gram,FAQ,2026-03-05,4080.0,7605.0,7605.0,5.179,Rs./Quintal,Metric Tonnes
Madhya Pradesh,Dhar,Dhar APMC,Maize,Local,FAQ,2026-03-05,1400.0,1556.0,1556.0,17.544999999999998,Rs./Quintal,Metric Tonnes
Madhya Pradesh,Dhar,Dhar APMC,Soyabean,Soyabeen,FAQ,2026-03-05,3398.0,5502.0,5300.0,178.19000000000003,Rs./Quintal,Metric Tonnes
Madhya Pradesh,Dhar,Dhar APMC,Wheat,Lokwan,FAQ,2026-03-05,2300.0,2311.0,2300.0,34.669000000000004,Rs./Quintal,Metric Tonnes
Madhya Pradesh,Dhar,Dhar APMC,Wheat,Wheat,FAQ,2026-03-05,2000.0,2772.0,2260.0,496.228,Rs./Quintal,Metric Tonnes
Madhya Pradesh,Dhar,Dhar APMC,Wheat,Wheat,Non-FAQ,2026-03-05,2235.0,2250.0,2250.0,35.171,Rs./Quintal,Metric Tonnes
Madhya Pradesh,Dhar,Dhar APMC,Wheat,Local,FAQ,2026-03-05,2165.0,2165.0,2165.0,0.8320000000000001,Rs./Quintal,Metric Tonnes
Madhya Pradesh,Narsinghpur,Gadarwada APMC,Bengal Gram(Gram)(Whole),Gram,FAQ,2026-03-05,5280.0,5425.0,5425.0,3.5250000000000004,Rs./Quintal,Metric Tonnes
Madhya Pradesh,Narsinghpur,Gadarwada APMC,Bengal Gram(Gram)(Whole),Gram,Non-FAQ,2026-03-05,4500.0,5411.0,5260.0,26.14,Rs./Quintal,Metric Tonnes
Madhya Pradesh,Narsinghpur,Gadarwada APMC,Gur(Jaggery),Jaggery,FAQ,2026-03-05,3100.0,3100.0,3100.0,24.084000000000003,Rs./Quintal,Metric Tonnes
Madhya Pradesh,Narsinghpur,Gadarwada APMC,Red gram/Arhar/Tur(whole),Arhar Dal(Tur),FAQ,2026-03-05,5401.0,7711.0,7275.0,7.835,Rs./Quintal,Metric Tonnes
Madhya Pradesh,Narsinghpur,Gadarwada APMC,Soyabean,Soyabeen,FAQ,2026-03-05,4860.0,4999.0,4999.0,0.8150000000000001,Rs./Quintal,Metric Tonnes
Madhya Pradesh,Narsinghpur,Gadarwada APMC,Wheat,Mill Quality,Non-FAQ,2026-03-05,2161.0,2201.0,2169.0,161.71,Rs./Quintal,Metric Tonnes
Madhya Pradesh,Narsinghpur,Gadarwada APMC,Wheat,Mill Quality,FAQ,2026-03-05,2182.0,2232.0,2232.0,4.265,Rs./Quintal,Metric Tonnes
Madhya Pradesh,Raisen,Gairatganj APMC,Bengal Gram(Gram)(Whole),Gram,Non-FAQ,2026-03-05,4850.0,5161.0,5161.0,0.5,Rs./Quintal,Metric Tonnes
Madhya Pradesh,Raisen,Gairatganj APMC,Lentil(Masur)(Whole),Masur Dal,Non-FAQ,2026-03-05,6000.0,6000.0,6000.0,0.5,Rs./Quintal,Metric Tonnes
Madhya Pradesh,Raisen,Gairatganj APMC,Paddy(Common),Dhan,FAQ,2026-03-05,3650.0,3650.0,3650.0,2.125,Rs./Quintal,Metric Tonnes
Madhya Pradesh,Raisen,Gairatganj APMC,Wheat,Wheat,Non-FAQ,2026-03-05,2220.0,2220.0,2220.0,0.1,Rs./Quintal,Metric Tonnes
Madhya Pradesh,Dhar,Gandhwani APMC,Bengal Gram(Gram)(Whole),Desi (F.A.Q. Split),FAQ,2026-03-05,4900.0,5000.0,5000.0,0.987,Rs./Quintal,Metric Tonnes
Madhya Pradesh,Dhar,Gandhwani APMC,Cotton,Without Ginned Cotton,FAQ,2026-03-05,5500.0,7282.0,7191.0,36.756,Rs./Quintal,Metric Tonnes
Madhya Pradesh,Dhar,Gandhwani APMC,Maize,Local,FAQ,2026-03-05,1225.0,1482.0,1400.0,31.454000000000004,Rs./Quintal,Metric Tonnes
Madhya Pradesh,Dhar,Gandhwani APMC,Soanf,Soanf,FAQ,2026-03-05,5900.0,20000.0,6100.0,62.75900000000001,Rs./Quintal,Metric Tonnes
Madhya Pradesh,Dhar,Gandhwani APMC,Soyabean,Soyabeen,FAQ,2026-03-05,4508.0,5250.0,5250.0,34.31,Rs./Quintal,Metric Tonnes
Madhya Pradesh,Dhar,Gandhwani APMC,Wheat,Wheat,FAQ,2026-03-05,2100.0,2300.0,2150.0,86.912,Rs./Quintal,Metric Tonnes
Madhya Pradesh,Vidisha,Ganjbasoda APMC,Bengal Gram(Gram)(Whole),Gram,FAQ,2026-03-05,3801.0,5400.0,5000.0,94.813,Rs./Quintal,Metric Tonnes
Madhya Pradesh,Vidisha,Ganjbasoda APMC,Green Peas,Pea,FAQ,2026-03-05,3300.0,3300.0,3300.0,1.09,Rs./Quintal,Metric Tonnes
Madhya Pradesh,Vidisha,Ganjbasoda APMC,Lak(Teora),Tiwada,FAQ,2026-03-05,2900.0,4060.0,3250.0,126.31600000000002,Rs./Quintal,Metric Tonnes
Madhya Pradesh,Vidisha,Ganjbasoda APMC,Lentil(Masur)(Whole),Masur Dal,FAQ,2026-03-05,4700.0,6762.0,5900.0,235.862,Rs./Quintal,Metric Tonnes
Madhya Pradesh,Vidisha,Ganjbasoda APMC,Maize,Local,FAQ,2026-03-05,1380.0,1571.0,1500.0,39.550000000000004,Rs./Quintal,Metric Tonnes
Madhya Pradesh,Vidisha,Ganjbasoda APMC,Mustard,Mustard,FAQ,2026-03-05,4100.0,6600.0,5900.0,262.34000000000003,Rs./Quintal,Metric Tonnes
Madhya Pradesh,Vidisha,Ganjbasoda APMC,Paddy(Common),Paddy,FAQ,2026-03-05,3300.0,3700.0,3700.0,2.301,Rs./Quintal,Metric Tonnes
Madhya Pradesh,Vidisha,Ganjbasoda APMC,Soyabean,Soyabeen,FAQ,2026-03-05,3800.0,5351.0,5300.0,20.494,Rs./Quintal,Metric Tonnes
Madhya Pradesh,Vidisha,Ganjbasoda APMC,Wheat,Sujatha,FAQ,2026-03-05,1940.0,2470.0,2080.0,59.78200000000001,Rs./Quintal,Metric Tonnes
Madhya Pradesh,Vidisha,Ganjbasoda APMC,Wheat,PISSI,FAQ,2026-03-05,2031.0,2596.0,2400.0,44.915,Rs./Quintal,Metric Tonnes
Madhya Pradesh,Vidisha,Ganjbasoda APMC,Wheat,Wheat,FAQ,2026-03-05,2065.0,2355.0,2355.0,4.945,Rs./Quintal,Metric Tonnes
Madhya Pradesh,Vidisha,Ganjbasoda APMC,Wheat,Lokwan,FAQ,2026-03-05,2060.0,2640.0,2640.0,6.132000000000001,Rs./Quintal,Metric Tonnes
Madhya Pradesh,Vidisha,Ganjbasoda APMC,Wheat,Sharbati,FAQ,2026-03-05,2782.0,2782.0,2782.0,0.8230000000000001,Rs./Quintal,Metric Tonnes
Madhya Pradesh,Vidisha,Ganjbasoda APMC,Wheat,Local,FAQ,2026-03-05,1980.0,2140.0,2140.0,3.9950000000000006,Rs./Quintal,Metric Tonnes
Madhya Pradesh,Vidisha,Ganjbasoda APMC,buttery,Buttery,FAQ,2026-03-05,3000.0,4105.0,4105.0,10.440000000000001,Rs./Quintal,Metric Tonnes
Madhya Pradesh,Sagar,Garhakota APMC,Bengal Gram(Gram)(Whole),Gram,FAQ,2026-03-05,5195.0,5195.0,5195.0,0.525,Rs./Quintal,Metric Tonnes
Madhya Pradesh,Sagar,Garhakota APMC,Green Peas,Pea,FAQ,2026-03-05,3440.0,3630.0,3630.0,6.7170000000000005,Rs./Quintal,Metric Tonnes
Madhya Pradesh,Sagar,Garhakota APMC,Lentil(Masur)(Whole),Masur Dal,FAQ,2026-03-05,5980.0,6180.0,6180.0,2.0180000000000002,Rs./Quintal,Metric Tonnes
Madhya Pradesh,Sagar,Garhakota APMC,Soyabean,Soyabeen,FAQ,2026-03-05,4890.0,5105.0,5105.0,25.403000000000002,Rs./Quintal,Metric Tonnes
Madhya Pradesh,Sagar,Garhakota APMC,Wheat,Wheat,FAQ,2026-03-05,2045.0,2395.0,2395.0,8.912,Rs./Quintal,Metric Tonnes
Madhya Pradesh,Mandsaur,Garoth APMC,Bengal Gram(Gram)(Whole),Gram,Non-FAQ,2026-03-05,4651.0,4852.0,4852.0,1.909,Rs./Quintal,Metric Tonnes
Madhya Pradesh,Mandsaur,Garoth APMC,Lentil(Masur)(Whole),Masur Dal,Non-FAQ,2026-03-05,6500.0,6500.0,6500.0,0.45199999999999996,Rs./Quintal,Metric Tonnes
Madhya Pradesh,Mandsaur,Garoth APMC,Maize,Local,Non-FAQ,2026-03-05,1376.0,1376.0,1376.0,0.51,Rs./Quintal,Metric Tonnes
Madhya Pradesh,Mandsaur,Garoth APMC,Mustard,Mustard,Non-FAQ,2026-03-05,5970.0,5970.0,5970.0,0.257,Rs./Quintal,Metric Tonnes
Madhya Pradesh,Mandsaur,Garoth APMC,Wheat,Wheat,FAQ,2026-03-05,2093.0,2093.0,2093.0,1.2140000000000002,Rs./Quintal,Metric Tonnes
Madhya Pradesh,Mandsaur,Garoth APMC,Wheat,Wheat,Non-FAQ,2026-03-05,2108.0,2225.0,2200.0,35.138,Rs./Quintal,Metric Tonnes
Madhya Pradesh,Indore,Gautampura APMC,Garlic,Garlic,FAQ,2026-03-05,2500.0,6100.0,6100.0,22.285,Rs./Quintal,Metric Tonnes
Madhya Pradesh,Indore,Gautampura APMC,Soyabean,Soyabeen,Non-FAQ,2026-03-05,3725.0,3725.0,3725.0,1.56,Rs./Quintal,Metric Tonnes
Madhya Pradesh,Indore,Gautampura APMC,Wheat,Wheat,FAQ,2026-03-05,2100.0,2500.0,2500.0,24.588,Rs./Quintal,Metric Tonnes
Madhya Pradesh,Indore,Gautampura APMC,Wheat,Lokwan,FAQ,2026-03-05,2201.0,2300.0,2300.0,7.815000000000001,Rs./Quintal,Metric Tonnes
Madhya Pradesh,Dindori,Gorakhpur APMC,Soyabean,Yellow,FAQ,2026-03-05,4600.0,4600.0,4600.0,4.0,Rs./Quintal,Metric Tonnes
Madhya Pradesh,Narsinghpur,Gotegaon APMC,Maize,Local,FAQ,2026-03-05,1451.0,1451.0,1451.0,0.7000000000000001,Rs./Quintal,Metric Tonnes
Madhya Pradesh,Narsinghpur,Gotegaon APMC,Wheat,Wheat,FAQ,2026-03-05,2300.0,2300.0,2300.0,17.900000000000002,Rs./Quintal,Metric Tonnes
Madhya Pradesh,Dewas,Haatpipliya APMC,Bengal Gram(Gram)(Whole),Gram,Non-FAQ,2026-03-05,3501.0,5161.0,4600.0,4.436,Rs./Quintal,Metric Tonnes
Madhya Pradesh,Dewas,Haatpipliya APMC,Maize,Local,Non-FAQ,2026-03-05,1350.0,1521.0,1521.0,3.1750000000000003,Rs./Quintal,Metric Tonnes
Madhya Pradesh,Dewas,Haatpipliya APMC,Mustard,Mustard,Non-FAQ,2026-03-05,5026.0,5576.0,5576.0,6.998000000000001,Rs./Quintal,Metric Tonnes
Madhya Pradesh,Dewas,Haatpipliya APMC,Soyabean,Soyabeen,Non-FAQ,2026-03-05,2601.0,5245.0,5151.0,15.176,Rs./Quintal,Metric Tonnes
Madhya Pradesh,Dewas,Haatpipliya APMC,Wheat,Wheat,Non-FAQ,2026-03-05,1500.0,2430.0,2200.0,139.297,Rs./Quintal,Metric Tonnes
Madhya Pradesh,Dewas,Haatpipliya APMC,Wheat,Wheat,FAQ,2026-03-05,2175.0,2175.0,2175.0,1.411,Rs./Quintal,Metric Tonnes
Madhya Pradesh,Harda,Harda APMC,Bengal Gram(Gram)(Whole),Desi (F.A.Q. Split),FAQ,2026-03-05,3500.0,5391.0,5280.0,24.853,Rs./Quintal,Metric Tonnes
Madhya Pradesh,Harda,Harda APMC,Bengal Gram(Gram)(Whole),Chana Kabuli,FAQ,2026-03-05,1850.0,5531.0,5001.0,71.152,Rs./Quintal,Metric Tonnes
Madhya Pradesh,Harda,Harda APMC,Black Gram(Urd Beans)(Whole),Urda/Urd,FAQ,2026-03-05,4650.0,4650.0,4650.0,0.273,Rs./Quintal,Metric Tonnes
Madhya Pradesh,Harda,Harda APMC,Green Gram(Moong)(Whole),Green (Whole),FAQ,2026-03-05,1000.0,8201.0,8001.0,23.905,Rs./Quintal,Metric Tonnes
Madhya Pradesh,Harda,Harda APMC,Green Peas,Pea,FAQ,2026-03-05,3002.0,3921.0,3921.0,9.159,Rs./Quintal,Metric Tonnes
Madhya Pradesh,Harda,Harda APMC,Kabuli Chana(Chickpeas-White),Dollar Gram,FAQ,2026-03-05,3000.0,7311.0,7311.0,10.563,Rs./Quintal,Metric Tonnes
Madhya Pradesh,Harda,Harda APMC,Maize,Yellow,FAQ,2026-03-05,1200.0,1595.0,1474.0,269.892,Rs./Quintal,Metric Tonnes
Madhya Pradesh,Harda,Harda APMC,Mustard,Mustard,FAQ,2026-03-05,4999.0,5901.0,5901.0,28.811000000000003,Rs./Quintal,Metric Tonnes
Madhya Pradesh,Harda,Harda APMC,Red gram/Arhar/Tur(whole),Arhar Dal(Tur),FAQ,2026-03-05,6801.0,6980.0,6980.0,1.128,Rs./Quintal,Metric Tonnes
Madhya Pradesh,Harda,Harda APMC,Soyabean,Yellow,FAQ,2026-03-05,1400.0,5410.0,2901.0,28.122000000000003,Rs./Quintal,Metric Tonnes
Madhya Pradesh,Harda,Harda APMC,Wheat,Mill Quality,Non-FAQ,2026-03-05,2292.0,2292.0,2292.0,1.55,Rs./Quintal,Metric Tonnes
Madhya Pradesh,Harda,Harda APMC,Wheat,Mill Quality,FAQ,2026-03-05,1301.0,2400.0,2305.0,382.16100000000006,Rs./Quintal,Metric Tonnes
Madhya Pradesh,Chhatarpur,Harpalpur APMC,Wheat,Wheat,FAQ,2026-03-05,2300.0,2321.0,2300.0,35.4,Rs./Quintal,Metric Tonnes
Madhya Pradesh,Khandwa,Harsood APMC,Bengal Gram(Gram)(Whole),Gram,Non-FAQ,2026-03-05,5195.0,5300.0,5300.0,29.485000000000003,Rs./Quintal,Metric Tonnes
Madhya Pradesh,Khandwa,Harsood APMC,Bengal Gram(Gram)(Whole),Gram,FAQ,2026-03-05,5040.0,5100.0,5088.0,9.42,Rs./Quintal,Metric Tonnes
Madhya Pradesh,Khandwa,Harsood APMC,Maize,Yellow,FAQ,2026-03-05,1276.0,1431.0,1400.0,116.5,Rs./Quintal,Metric Tonnes
Madhya Pradesh,Khandwa,Harsood APMC,Mustard,Mustard,FAQ,2026-03-05,4700.0,5576.0,5576.0,29.837000000000003,Rs./Quintal,Metric Tonnes
Madhya Pradesh,Khandwa,Harsood APMC,Red gram/Arhar/Tur(whole),Arhar Dal(Tur),FAQ,2026-03-05,5901.0,6200.0,6200.0,0.6080000000000001,Rs./Quintal,Metric Tonnes
Madhya Pradesh,Khandwa,Harsood APMC,Soyabean,Yellow,FAQ,2026-03-05,5002.0,5299.0,5299.0,3.7090000000000005,Rs./Quintal,Metric Tonnes
Madhya Pradesh,Khandwa,Harsood APMC,Soyabean,Soyabeen,Non-FAQ,2026-03-05,4815.0,4815.0,4815.0,3.12,Rs./Quintal,Metric Tonnes
Madhya Pradesh,Khandwa,Harsood APMC,Wheat,Wheat,FAQ,2026-03-05,2000.0,2288.0,2261.0,226.50300000000004,Rs./Quintal,Metric Tonnes
Madhya Pradesh,Khandwa,Harsood APMC,Wheat,Wheat Mix,Non-FAQ,2026-03-05,2105.0,2105.0,2105.0,5.03,Rs./Quintal,Metric Tonnes
Madhya Pradesh,Khandwa,Harsood APMC,Wheat,Mill Quality,Non-FAQ,2026-03-05,2117.0,2311.0,2200.0,223.336,Rs./Quintal,Metric Tonnes
Madhya Pradesh,Khandwa,Harsood APMC,Wheat,Mill Quality,FAQ,2026-03-05,2165.0,2301.0,2301.0,28.355000000000004,Rs./Quintal,Metric Tonnes
Madhya Pradesh,Khandwa,Harsood APMC,Wheat,Wheat,Non-FAQ,2026-03-05,2123.0,2136.0,2136.0,15.113999999999999,Rs./Quintal,Metric Tonnes
Madhya Pradesh,Damoh,Hata APMC,Lentil(Masur)(Whole),Local,Non-FAQ,2026-03-05,5100.0,5520.0,5500.0,27.557000000000002,Rs./Quintal,Metric Tonnes
Madhya Pradesh,Damoh,Hata APMC,Maize,Local,Non-FAQ,2026-03-05,1600.0,1620.0,1620.0,40.06700000000001,Rs./Quintal,Metric Tonnes
Madhya Pradesh,Indore,Indore APMC,Bengal Gram(Gram)(Whole),Gram,FAQ,2026-03-05,4705.0,6455.0,5110.0,99.53,Rs./Quintal,Metric Tonnes
Madhya Pradesh,Indore,Indore APMC,Black Gram(Urd Beans)(Whole),Urda/Urd,FAQ,2026-03-05,7875.0,7875.0,7875.0,25.01,Rs./Quintal,Metric Tonnes
Madhya Pradesh,Indore,Indore APMC,Chili Red,Red,FAQ,2026-03-05,8200.0,19000.0,19000.0,13.315000000000001,Rs./Quintal,Metric Tonnes
Madhya Pradesh,Indore,Indore APMC,Coriander(Leaves),Coriander,FAQ,2026-03-05,8700.0,8880.0,8880.0,0.746,Rs./Bundle,Bundle
Madhya Pradesh,Indore,Indore APMC,Cowpea(Lobia/Karamani),Lobia or Moth,FAQ,2026-03-05,2300.0,2300.0,2300.0,0.145,Rs./Quintal,Metric Tonnes
Madhya Pradesh,Indore,Indore APMC,Garlic,Garlic-Organic,FAQ,2026-03-05,2000.0,7500.0,7500.0,1.536,Rs./Quintal,Metric Tonnes
Madhya Pradesh,Indore,Indore APMC,Green Peas,Pea,FAQ,2026-03-05,3080.0,4500.0,4500.0,18.784000000000002,Rs./Quintal,Metric Tonnes
Madhya Pradesh,Indore,Indore APMC,Kabuli Chana(Chickpeas-White),Dollar Gram,FAQ,2026-03-05,1500.0,8580.0,7900.0,133.293,Rs./Quintal,Metric Tonnes
Madhya Pradesh,Indore,Indore APMC,Maize,Local,FAQ,2026-03-05,1301.0,1494.0,1494.0,13.219999999999999,Rs./Quintal,Metric Tonnes
Madhya Pradesh,Indore,Indore APMC,Mustard,Mustard,FAQ,2026-03-05,3020.0,6285.0,6285.0,0.351,Rs./Quintal,Metric Tonnes
Madhya Pradesh,Indore,Indore APMC,Onion,Onion,Non-FAQ,2026-03-05,502.0,1182.0,1182.0,200.01300000000003,Rs./Quintal,Metric Tonnes
Madhya Pradesh,Indore,Indore APMC,Onion,Onion,FAQ,2026-03-05,500.0,1172.0,1172.0,446.83000000000004,Rs./Quintal,Metric Tonnes
Madhya Pradesh,Indore,Indore APMC,Onion,Other,FAQ,2026-03-05,1099.0,1099.0,1099.0,11.990000000000002,Rs./Quintal,Metric Tonnes
Madhya Pradesh,Indore,Indore APMC,Potato,Local,FAQ,2026-03-05,200.0,900.0,900.0,122.083,Rs./Quintal,Metric Tonnes
Madhya Pradesh,Indore,Indore APMC,Potato,Local,Non-FAQ,2026-03-05,192.0,811.0,811.0,51.62200000000001,Rs./Quintal,Metric Tonnes
Madhya Pradesh,Indore,Indore APMC,Red gram/Arhar/Tur(whole),Arhar Dal(Tur),FAQ,2026-03-05,5410.0,6900.0,6525.0,90.86900000000001,Rs./Quintal,Metric Tonnes
Madhya Pradesh,Indore,Indore APMC,"Sesamum(Sesame,Gingelly,Til)",Sesame,FAQ,2026-03-05,6105.0,6105.0,6105.0,0.123,Rs./Quintal,Metric Tonnes
Madhya Pradesh,Indore,Indore APMC,Soanf,Soanf,FAQ,2026-03-05,11000.0,11000.0,11000.0,5.4,Rs./Quintal,Metric Tonnes
Madhya Pradesh,Indore,Indore APMC,Soyabean,Soyabeen,FAQ,2026-03-05,2655.0,5410.0,5345.0,102.13400000000001,Rs./Quintal,Metric Tonnes
Madhya Pradesh,Indore,Indore APMC,Wheat,Wheat,FAQ,2026-03-05,1100.0,2770.0,2175.0,309.115,Rs./Quintal,Metric Tonnes
Madhya Pradesh,Indore,Indore(F&V) APMC,Apple,Apple,Local,2026-03-05,4000.0,12000.0,8000.0,4.5,Rs./Quintal,Metric Tonnes
Madhya Pradesh,Indore,Indore(F&V) APMC,Banana,Other,Local,2026-03-05,800.0,2000.0,1400.0,9.0,Rs./Quintal,Metric Tonnes
Madhya Pradesh,Indore,Indore(F&V) APMC,Bhindi(Ladies Finger),Bhindi,Local,2026-03-05,800.0,2000.0,1400.0,12.0,Rs./Quintal,Metric Tonnes
Madhya Pradesh,Indore,Indore(F&V) APMC,Bitter gourd,Bitter Gourd,Local,2026-03-05,1500.0,3000.0,2500.0,9.0,Rs./Quintal,Metric Tonnes
Madhya Pradesh,Indore,Indore(F&V) APMC,Bottle gourd,Bottle Gourd,Local,2026-03-05,800.0,2500.0,1600.0,10.0,Rs./Quintal,Metric Tonnes
Madhya Pradesh,Indore,Indore(F&V) APMC,Cabbage,Cabbage,Local,2026-03-05,300.0,800.0,500.0,20.0,Rs./Quintal,Metric Tonnes
Madhya Pradesh,Indore,Indore(F&V) APMC,Capsicum,Capsicum,Local,2026-03-05,1000.0,2500.0,1600.0,9.0,Rs./Quintal,Metric Tonnes
Madhya Pradesh,Indore,Indore(F&V) APMC,Cauliflower,Local,Local,2026-03-05,400.0,1200.0,700.0,75.0,Rs./Quintal,Metric Tonnes
Madhya Pradesh,Indore,Indore(F&V) APMC,Chikoos(Sapota),Sapota,Local,2026-03-05,1500.0,4000.0,3000.0,4.0,Rs./Quintal,Metric Tonnes
Madhya Pradesh,Indore,Indore(F&V) APMC,Cucumbar(Kheera),Cucumbar,Local,2026-03-05,400.0,1000.0,600.0,25.0,Rs./Quintal,Metric Tonnes
Madhya Pradesh,Indore,Indore(F&V) APMC,Garlic,Garlic,Local,2026-03-05,500.0,9000.0,2827.0,30668.0,Rs./Quintal,Metric Tonnes
Madhya Pradesh,Indore,Indore(F&V) APMC,Ginger(Green),Green Ginger,Local,2026-03-05,1500.0,5000.0,3500.0,7.5,Rs./Quintal,Metric Tonnes
Madhya Pradesh,Indore,Indore(F&V) APMC,Grapes,Green,Local,2026-03-05,3000.0,7000.0,5000.0,9.0,Rs./Quintal,Metric Tonnes
Madhya Pradesh,Indore,Indore(F&V) APMC,Green Chilli,Green Chilly,Local,2026-03-05,3000.0,7000.0,5000.0,10.0,Rs./Quintal,Metric Tonnes
Madhya Pradesh,Indore,Indore(F&V) APMC,Karbuja(Musk Melon),Karbhuja,Local,2026-03-05,800.0,2500.0,1600.0,20.0,Rs./Quintal,Metric Tonnes
Madhya Pradesh,Indore,Indore(F&V) APMC,Mango,Other,Local,2026-03-05,6000.0,13000.0,8000.0,7.0,Rs./Quintal,Metric Tonnes
Madhya Pradesh,Indore,Indore(F&V) APMC,Methi(Leaves),Methi,Local,2026-03-05,600.0,1500.0,1000.0,60.0,Rs./Quintal,Metric Tonnes
Madhya Pradesh,Indore,Indore(F&V) APMC,Mousambi(Sweet Lime),Mousambi,Local,2026-03-05,1500.0,4500.0,3000.0,5.0,Rs./Quintal,Metric Tonnes
Madhya Pradesh,Indore,Indore(F&V) APMC,Onion,Onion,Local,2026-03-05,400.0,1182.0,658.0,6909.0,Rs./Quintal,Metric Tonnes
Madhya Pradesh,Indore,Indore(F&V) APMC,Orange,Orange,Local,2026-03-05,3000.0,7000.0,5000.0,10.0,Rs./Quintal,Metric Tonnes
Madhya Pradesh,Indore,Indore(F&V) APMC,Papaya,Papaya,Local,2026-03-05,800.0,2500.0,1600.0,35.0,Rs./Quintal,Metric Tonnes
Madhya Pradesh,Indore,Indore(F&V) APMC,Pineapple,Pine Apple,Local,2026-03-05,1500.0,4000.0,2500.0,15.0,Rs./Quintal,Metric Tonnes
Madhya Pradesh,Indore,Indore(F&V) APMC,Pomegranate,Pomogranate,Local,2026-03-05,2500.0,8000.0,5000.0,2.5,Rs./Quintal,Metric Tonnes
Madhya Pradesh,Indore,Indore(F&V) APMC,Potato,Other,Local,2026-03-05,100.0,900.0,400.0,9840.0,Rs./Quintal,Metric Tonnes
Madhya Pradesh,Indore,Indore(F&V) APMC,Pumpkin,Pumpkin,Local,2026-03-05,600.0,1500.0,800.0,15.0,Rs./Quintal,Metric Tonnes
Madhya Pradesh,Indore,Indore(F&V) APMC,Raddish,Other,Local,2026-03-05,200.0,500.0,400.0,16.0,Rs./Quintal,Metric Tonnes
Madhya Pradesh,Indore,Indore(F&V) APMC,Spinach,Other,Local,2026-03-05,400.0,800.0,600.0,75.0,Rs./Quintal,Metric Tonnes
Madhya Pradesh,Indore,Indore(F&V) APMC,Tomato,Other,Local,2026-03-05,600.0,1400.0,1000.0,75.0,Rs./Quintal,Metric Tonnes
Madhya Pradesh,Indore,Indore(F&V) APMC,Water Melon,Water Melon,Local,2026-03-05,1000.0,2500.0,1600.0,75.0,Rs./Quintal,Metric Tonnes
Madhya Pradesh,Hoshangabad,Itarsi APMC,Bengal Gram(Gram)(Whole),Gram,FAQ,2026-03-05,4150.0,5171.0,5171.0,8.115,Rs./Quintal,Metric Tonnes
Madhya Pradesh,Hoshangabad,Itarsi APMC,Maize,Local,FAQ,2026-03-05,1521.0,1521.0,1521.0,10.125,Rs./Quintal,Metric Tonnes
Madhya Pradesh,Hoshangabad,Itarsi APMC,Mustard,Mustard,FAQ,2026-03-05,5189.0,5396.0,5396.0,6.965000000000001,Rs./Quintal,Metric Tonnes
Madhya Pradesh,Hoshangabad,Itarsi APMC,Paddy(Common),Paddy,FAQ,2026-03-05,3200.0,3970.0,3900.0,163.94000000000003,Rs./Quintal,Metric Tonnes
Madhya Pradesh,Hoshangabad,Itarsi APMC,Paddy(Common),Dhan,FAQ,2026-03-05,3500.0,3950.0,3875.0,93.955,Rs./Quintal,Metric Tonnes
Madhya Pradesh,Hoshangabad,Itarsi APMC,Wheat,Wheat,FAQ,2026-03-05,2270.0,2295.0,2290.0,4.275,Rs./Quintal,Metric Tonnes
Madhya Pradesh,Jabalpur,Jabalpur(F&V) APMC,Grapes,Green,Medium,2026-03-05,3000.0,4000.0,3500.0,2.0,Rs./Quintal,Metric Tonnes
Madhya Pradesh,Jabalpur,Jabalpur(F&V) APMC,Green Chilli,Green Chilly,Medium,2026-03-05,1800.0,2200.0,2000.0,10.0,Rs./Quintal,Metric Tonnes
Madhya Pradesh,Jabalpur,Jabalpur(F&V) APMC,Onion,Onion,Medium,2026-03-05,1500.0,1900.0,1700.0,75.0,Rs./Quintal,Metric Tonnes
Madhya Pradesh,Jabalpur,Jabalpur(F&V) APMC,Papaya,Papaya,Medium,2026-03-05,2000.0,2400.0,2200.0,8.0,Rs./Quintal,Metric Tonnes
Madhya Pradesh,Jabalpur,Jabalpur(F&V) APMC,Peas Wet,Other,Medium,2026-03-05,1200.0,1800.0,1500.0,44.0,Rs./Quintal,Metric Tonnes
Madhya Pradesh,Jabalpur,Jabalpur(F&V) APMC,Potato,Potato,Medium,2026-03-05,1100.0,1500.0,1300.0,22.0,Rs./Quintal,Metric Tonnes
Madhya Pradesh,Jabalpur,Jabalpur(F&V) APMC,Tomato,Tomato,Medium,2026-03-05,600.0,1000.0,800.0,3.0,Rs./Quintal,Metric Tonnes
Madhya Pradesh,Neemuch,Javad APMC,Garlic,Garlic,FAQ,2026-03-05,1900.0,11000.0,4500.0,54.038000000000004,Rs./Quintal,Metric Tonnes
Madhya Pradesh,Damoh,Javera APMC,Wheat,Wheat,Non-FAQ,2026-03-05,2200.0,2210.0,2210.0,26.8,Rs./Quintal,Metric Tonnes
Madhya Pradesh,Damoh,Javera APMC,Wheat,Wheat,FAQ,2026-03-05,2300.0,2300.0,2300.0,5.0,Rs./Quintal,Metric Tonnes
Madhya Pradesh,Damoh,Javera APMC,Wheat,Mill Quality,Non-FAQ,2026-03-05,2305.0,2305.0,2305.0,8.47,Rs./Quintal,Metric Tonnes
Madhya Pradesh,Ratlam,Jawra(F&V) APMC,Bhindi(Ladies Finger),Bhindi,FAQ,2026-03-05,3000.0,4000.0,3400.0,0.5,Rs./Quintal,Metric Tonnes
Madhya Pradesh,Ratlam,Jawra(F&V) APMC,Bottle gourd,Bottle Gourd,FAQ,2026-03-05,1000.0,2600.0,1500.0,0.30000000000000004,Rs./Quintal,Metric Tonnes
Madhya Pradesh,Ratlam,Jawra(F&V) APMC,Brinjal,Brinjal,FAQ,2026-03-05,1400.0,3000.0,1600.0,0.5,Rs./Quintal,Metric Tonnes
Madhya Pradesh,Ratlam,Jawra(F&V) APMC,Cabbage,Cabbage,FAQ,2026-03-05,1100.0,2000.0,1400.0,0.5,Rs./Quintal,Metric Tonnes
Madhya Pradesh,Ratlam,Jawra(F&V) APMC,Cauliflower,Cauliflower,FAQ,2026-03-05,1300.0,3500.0,2000.0,0.4,Rs./Quintal,Metric Tonnes
Madhya Pradesh,Ratlam,Jawra(F&V) APMC,Ginger(Green),Green Ginger,FAQ,2026-03-05,3500.0,5800.0,4000.0,0.5,Rs./Quintal,Metric Tonnes
Madhya Pradesh,Ratlam,Jawra(F&V) APMC,Green Chilli,Green Chilly,FAQ,2026-03-05,3400.0,6000.0,3800.0,0.4,Rs./Quintal,Metric Tonnes
Madhya Pradesh,Ratlam,Jawra(F&V) APMC,Methi(Leaves),Methi,FAQ,2026-03-05,1000.0,1500.0,1200.0,0.5,Rs./Quintal,Metric Tonnes
Madhya Pradesh,Ratlam,Jawra(F&V) APMC,Other green and fresh vegetables,Other,FAQ,2026-03-05,1200.0,2000.0,1500.0,0.6000000000000001,Rs./Quintal,Metric Tonnes
Madhya Pradesh,Ratlam,Jawra(F&V) APMC,Raddish,Raddish,FAQ,2026-03-05,1200.0,2200.0,1500.0,0.4,Rs./Quintal,Metric Tonnes
Madhya Pradesh,Ratlam,Jawra(F&V) APMC,Ridgeguard(Tori),Ridgeguard(Tori),FAQ,2026-03-05,4000.0,5500.0,4500.0,0.2,Rs./Quintal,Metric Tonnes
Madhya Pradesh,Ratlam,Jawra(F&V) APMC,Spinach,Spinach,FAQ,2026-03-05,1000.0,1500.0,1200.0,0.4,Rs./Quintal,Metric Tonnes
Madhya Pradesh,Ratlam,Jawra(F&V) APMC,Sponge gourd,Sponge gourd,FAQ,2026-03-05,3500.0,5000.0,3800.0,0.2,Rs./Quintal,Metric Tonnes
Madhya Pradesh,Ratlam,Jawra(F&V) APMC,Tomato,Tomato,FAQ,2026-03-05,1000.0,1500.0,1200.0,0.2,Rs./Quintal,Metric Tonnes
Madhya Pradesh,Rajgarh,Jeerapur APMC,Bengal Gram(Gram)(Whole),Gram,FAQ,2026-03-05,4590.0,4840.0,4840.0,6.0280000000000005,Rs./Quintal,Metric Tonnes
Madhya Pradesh,Rajgarh,Jeerapur APMC,Coriander(Leaves),Coriander,FAQ,2026-03-05,7325.0,9625.0,9625.0,2.632,Rs./Bundle,Bundle
Madhya Pradesh,Rajgarh,Jeerapur APMC,Lentil(Masur)(Whole),Masur Dal,Non-FAQ,2026-03-05,6211.0,6550.0,6550.0,7.412000000000001,Rs./Quintal,Metric Tonnes
Madhya Pradesh,Rajgarh,Jeerapur APMC,Lentil(Masur)(Whole),Masur Dal,FAQ,2026-03-05,5858.0,6840.0,6500.0,40.827,Rs./Quintal,Metric Tonnes
Madhya Pradesh,Rajgarh,Jeerapur APMC,Mustard,Mustard,Non-FAQ,2026-03-05,5875.0,5875.0,5875.0,1.0,Rs./Quintal,Metric Tonnes
Madhya Pradesh,Rajgarh,Jeerapur APMC,Mustard,Mustard,FAQ,2026-03-05,5290.0,6015.0,5850.0,267.742,Rs./Quintal,Metric Tonnes
Madhya Pradesh,Rajgarh,Jeerapur APMC,Soyabean,Soyabeen,FAQ,2026-03-05,4810.0,5350.0,5350.0,5.617000000000001,Rs./Quintal,Metric Tonnes
Madhya Pradesh,Rajgarh,Jeerapur APMC,Wheat,Wheat,Non-FAQ,2026-03-05,2200.0,2200.0,2200.0,2.519,Rs./Quintal,Metric Tonnes
Madhya Pradesh,Rajgarh,Jeerapur APMC,Wheat,Wheat,FAQ,2026-03-05,1965.0,2244.0,2240.0,106.01300000000002,Rs./Quintal,Metric Tonnes
Madhya Pradesh,Jhabua,Jhabua APMC,Bengal Gram(Gram)(Whole),Gram,FAQ,2026-03-05,5100.0,5200.0,5200.0,8.0,Rs./Quintal,Metric Tonnes
Madhya Pradesh,Jhabua,Jhabua APMC,Cotton,Without Ginned Cotton,FAQ,2026-03-05,7400.0,7425.0,7400.0,10.100000000000001,Rs./Quintal,Metric Tonnes
Madhya Pradesh,Jhabua,Jhabua(F&V) APMC,Cotton,DCH-32(Unginned),Local,2026-03-05,7400.0,7425.0,7413.0,10.100000000000001,Rs./Quintal,Metric Tonnes
Madhya Pradesh,Alirajpur,Jobat APMC,Cotton,Without Ginned Cotton,FAQ,2026-03-05,6800.0,7150.0,6800.0,13.365000000000002,Rs./Quintal,Metric Tonnes
Madhya Pradesh,Shajapur,Kalapipal APMC,Bengal Gram(Gram)(Whole),Gram,FAQ,2026-03-05,4901.0,5301.0,5100.0,2.856,Rs./Quintal,Metric Tonnes
Madhya Pradesh,Shajapur,Kalapipal APMC,Coriander(Leaves),Coriander,FAQ,2026-03-05,7325.0,10700.0,10700.0,0.29,Rs./Bundle,Bundle
Madhya Pradesh,Shajapur,Kalapipal APMC,Garlic,Garlic,FAQ,2026-03-05,500.0,5500.0,3700.0,52.126000000000005,Rs./Quintal,Metric Tonnes
Madhya Pradesh,Shajapur,Kalapipal APMC,Lentil(Masur)(Whole),Masur Dal,FAQ,2026-03-05,5001.0,6200.0,6200.0,2.926,Rs./Quintal,Metric Tonnes
Madhya Pradesh,Shajapur,Kalapipal APMC,Mustard,Mustard,Non-FAQ,2026-03-05,5900.0,5970.0,5970.0,6.720000000000001,Rs./Quintal,Metric Tonnes
Madhya Pradesh,Shajapur,Kalapipal APMC,Mustard,Mustard,FAQ,2026-03-05,4876.0,6027.0,5912.0,136.208,Rs./Quintal,Metric Tonnes
Madhya Pradesh,Shajapur,Kalapipal APMC,Onion,Onion,FAQ,2026-03-05,152.0,1075.0,1075.0,4.765,Rs./Quintal,Metric Tonnes
Madhya Pradesh,Shajapur,Kalapipal APMC,Potato,Potato,FAQ,2026-03-05,161.0,405.0,405.0,1.0550000000000002,Rs./Quintal,Metric Tonnes
Madhya Pradesh,Shajapur,Kalapipal APMC,Red gram/Arhar/Tur(whole),Arhar Dal(Tur),FAQ,2026-03-05,5000.0,5000.0,5000.0,0.101,Rs./Quintal,Metric Tonnes
Madhya Pradesh,Shajapur,Kalapipal APMC,Soyabean,Yellow,FAQ,2026-03-05,3025.0,5500.0,5351.0,33.102,Rs./Quintal,Metric Tonnes
Madhya Pradesh,Shajapur,Kalapipal APMC,Wheat,Wheat,FAQ,2026-03-05,1875.0,2330.0,2241.0,111.495,Rs./Quintal,Metric Tonnes
Madhya Pradesh,Narsinghpur,Kareli APMC,Bengal Gram(Gram)(Whole),Gram,FAQ,2026-03-05,5150.0,5201.0,5150.0,3.45,Rs./Quintal,Metric Tonnes
Madhya Pradesh,Narsinghpur,Kareli APMC,Gur(Jaggery),Jaggery,FAQ,2026-03-05,3480.0,3800.0,3800.0,98.0,Rs./Quintal,Metric Tonnes
Madhya Pradesh,Narsinghpur,Kareli APMC,Lentil(Masur)(Whole),Masur Dal,FAQ,2026-03-05,5400.0,5995.0,5995.0,12.844999999999999,Rs./Quintal,Metric Tonnes
Madhya Pradesh,Narsinghpur,Kareli APMC,Soyabean,Soyabeen,FAQ,2026-03-05,5085.0,5401.0,5401.0,14.480000000000002,Rs./Quintal,Metric Tonnes
Madhya Pradesh,Shivpuri,Karera APMC,Wheat,Mill Quality,FAQ,2026-03-05,2015.0,2015.0,2015.0,8.187000000000001,Rs./Quintal,Metric Tonnes
Madhya Pradesh,Shivpuri,Karera(F&V) APMC,Banana,Banana-Organic,Local,2026-03-05,1500.0,2100.0,1700.0,3.0,Rs./Quintal,Metric Tonnes
Madhya Pradesh,Shivpuri,Karera(F&V) APMC,Bottle gourd,Bottle Gourd,Local,2026-03-05,1000.0,2000.0,1500.0,0.05,Rs./Quintal,Metric Tonnes
Madhya Pradesh,Shivpuri,Karera(F&V) APMC,Brinjal,Brinjal,Local,2026-03-05,800.0,2000.0,1200.0,0.1,Rs./Quintal,Metric Tonnes
Madhya Pradesh,Shivpuri,Karera(F&V) APMC,Cabbage,Cabbage,Local,2026-03-05,800.0,1800.0,1200.0,0.1,Rs./Quintal,Metric Tonnes
Madhya Pradesh,Shivpuri,Karera(F&V) APMC,Cauliflower,Cauliflower,Local,2026-03-05,1000.0,1800.0,1200.0,0.08,Rs./Quintal,Metric Tonnes
Madhya Pradesh,Shivpuri,Karera(F&V) APMC,Onion,Onion,Local,2026-03-05,1200.0,2000.0,1500.0,0.2,Rs./Quintal,Metric Tonnes
Madhya Pradesh,Shivpuri,Karera(F&V) APMC,Potato,Potato,Local,2026-03-05,400.0,1000.0,600.0,5.5,Rs./Quintal,Metric Tonnes
Madhya Pradesh,Shivpuri,Karera(F&V) APMC,Raddish,Raddish,Local,2026-03-05,600.0,1000.0,800.0,0.05,Rs./Quintal,Metric Tonnes
Madhya Pradesh,Shivpuri,Karera(F&V) APMC,Tomato,Tomato,Local,2026-03-05,200.0,1000.0,500.0,3.6,Rs./Quintal,Metric Tonnes
Madhya Pradesh,Khargone,Karhi APMC,Wheat,Wheat,FAQ,2026-03-05,2200.0,2200.0,2200.0,18.125,Rs./Quintal,Metric Tonnes
Madhya Pradesh,Khargone,Kasrawad APMC,Wheat,Other,FAQ,2026-03-05,2125.0,2125.0,2125.0,0.63,Rs./Quintal,Metric Tonnes
Madhya Pradesh,Khargone,Kasrawad APMC,Wheat,Wheat,Non-FAQ,2026-03-05,2175.0,2200.0,2200.0,2.7750000000000004,Rs./Quintal,Metric Tonnes
Madhya Pradesh,Khargone,Kasrawad APMC,Wheat,Wheat,FAQ,2026-03-05,2075.0,2440.0,2200.0,165.663,Rs./Quintal,Metric Tonnes
Madhya Pradesh,Balaghat,Katangi APMC,Paddy(Common),Common,Non-FAQ,2026-03-05,1873.0,1892.0,1892.0,37.736000000000004,Rs./Quintal,Metric Tonnes
Madhya Pradesh,Katni,Katni APMC,Red gram/Arhar/Tur(whole),Arhar Dal(Tur),FAQ,2026-03-05,7750.0,7750.0,7750.0,35.230000000000004,Rs./Quintal,Metric Tonnes
Madhya Pradesh,Katni,Katni APMC,Wheat,Mill Quality,FAQ,2026-03-05,2250.0,2275.0,2275.0,36.0,Rs./Quintal,Metric Tonnes
Madhya Pradesh,Sagar,Kesli APMC,Wheat,Wheat,FAQ,2026-03-05,2150.0,2200.0,2200.0,20.87,Rs./Quintal,Metric Tonnes
Madhya Pradesh,Ujjain,Khachrod APMC,Soyabean,Soyabeen,FAQ,2026-03-05,3010.0,5400.0,5400.0,16.544999999999998,Rs./Quintal,Metric Tonnes
Madhya Pradesh,Ujjain,Khachrod APMC,Wheat,Wheat,FAQ,2026-03-05,2018.0,2219.0,2161.0,120.18900000000002,Rs./Quintal,Metric Tonnes
Madhya Pradesh,Khandwa,Khandwa APMC,Bengal Gram(Gram)(Whole),Gram,FAQ,2026-03-05,4900.0,5311.0,5090.0,114.07100000000001,Rs./Quintal,Metric Tonnes
Madhya Pradesh,Khandwa,Khandwa APMC,Cotton,Without Ginned Cotton,FAQ,2026-03-05,5900.0,7610.0,7360.0,39.68000000000001,Rs./Quintal,Metric Tonnes
Madhya Pradesh,Khandwa,Khandwa APMC,Maize,Local,FAQ,2026-03-05,1375.0,1711.0,1560.0,50.685,Rs./Quintal,Metric Tonnes
Madhya Pradesh,Khandwa,Khandwa APMC,Red gram/Arhar/Tur(whole),Arhar Dal(Tur),FAQ,2026-03-05,4250.0,7551.0,7250.0,68.968,Rs./Quintal,Metric Tonnes
Madhya Pradesh,Khandwa,Khandwa APMC,Soyabean,Yellow,FAQ,2026-03-05,4400.0,5454.0,5301.0,19.358000000000004,Rs./Quintal,Metric Tonnes
Madhya Pradesh,Khandwa,Khandwa APMC,Soyabean,Soyabeen,FAQ,2026-03-05,5143.0,5341.0,5341.0,7.605,Rs./Quintal,Metric Tonnes
Madhya Pradesh,Khandwa,Khandwa APMC,Wheat,Wheat,FAQ,2026-03-05,2125.0,2760.0,2411.0,705.3520000000001,Rs./Quintal,Metric Tonnes
Madhya Pradesh,Khandwa,Khandwa APMC,Wheat,Mill Quality,FAQ,2026-03-05,1425.0,2431.0,2250.0,1422.621,Rs./Quintal,Metric Tonnes
Madhya Pradesh,Tikamgarh,Khargapur APMC,Barley(Jau),Barley,FAQ,2026-03-05,1999.0,2100.0,2100.0,4.07,Rs./Quintal,Metric Tonnes
Madhya Pradesh,Tikamgarh,Khargapur APMC,Mustard,Mustard,FAQ,2026-03-05,5950.0,6195.0,6100.0,12.574,Rs./Quintal,Metric Tonnes
Madhya Pradesh,Tikamgarh,Khargapur APMC,Wheat,Mill Quality,FAQ,2026-03-05,2250.0,2302.0,2300.0,231.519,Rs./Quintal,Metric Tonnes
Madhya Pradesh,Khargone,Khargone APMC,Bengal Gram(Gram)(Whole),Gram,FAQ,2026-03-05,4897.0,6660.0,5100.0,51.064,Rs./Quintal,Metric Tonnes
Madhya Pradesh,Khargone,Khargone APMC,Bengal Gram(Gram)(Whole),Gram,Non-FAQ,2026-03-05,2100.0,4850.0,4850.0,11.100000000000001,Rs./Quintal,Metric Tonnes
Madhya Pradesh,Khargone,Khargone APMC,Cotton,Without Ginned Cotton,FAQ,2026-03-05,7500.0,7500.0,7500.0,9.945,Rs./Quintal,Metric Tonnes
Madhya Pradesh,Khargone,Khargone APMC,Cotton,Without Ginned Cotton,Non-FAQ,2026-03-05,7450.0,7450.0,7450.0,10.055,Rs./Quintal,Metric Tonnes
Madhya Pradesh,Khargone,Khargone APMC,Maize,Local,FAQ,2026-03-05,1212.0,1715.0,1520.0,159.952,Rs./Quintal,Metric Tonnes
Madhya Pradesh,Khargone,Khargone APMC,Red gram/Arhar/Tur(whole),Arhar Dal(Tur),FAQ,2026-03-05,5750.0,6870.0,6870.0,3.8600000000000003,Rs./Quintal,Metric Tonnes
Madhya Pradesh,Khargone,Khargone APMC,Soyabean,Soyabeen,FAQ,2026-03-05,4850.0,5450.0,5450.0,21.091,Rs./Quintal,Metric Tonnes
Madhya Pradesh,Khargone,Khargone APMC,Wheat,Wheat,FAQ,2026-03-05,2000.0,2450.0,2300.0,357.058,Rs./Quintal,Metric Tonnes
Madhya Pradesh,Khargone,Khargone APMC,Wheat,Wheat,Non-FAQ,2026-03-05,21.66,2350.0,2300.0,56.79500000000001,Rs./Quintal,Metric Tonnes
Madhya Pradesh,Khargone,Khargone APMC,Wheat,Mill Quality,FAQ,2026-03-05,2150.0,2150.0,2150.0,1.175,Rs./Quintal,Metric Tonnes
Madhya Pradesh,Dewas,Khategaon APMC,Bengal Gram(Gram)(Whole),Gram,FAQ,2026-03-05,4900.0,5520.0,5125.0,38.177,Rs./Quintal,Metric Tonnes
Madhya Pradesh,Dewas,Khategaon APMC,Green Gram(Moong)(Whole),Green (Whole),FAQ,2026-03-05,6901.0,6901.0,6901.0,0.136,Rs./Quintal,Metric Tonnes
Madhya Pradesh,Dewas,Khategaon APMC,Kabuli Chana(Chickpeas-White),Dollar Gram,FAQ,2026-03-05,4500.0,7430.0,7430.0,8.762,Rs./Quintal,Metric Tonnes
Madhya Pradesh,Dewas,Khategaon APMC,Maize,Local,FAQ,2026-03-05,801.0,1580.0,1450.0,191.731,Rs./Quintal,Metric Tonnes
Madhya Pradesh,Dewas,Khategaon APMC,Mustard,Mustard,FAQ,2026-03-05,3500.0,6501.0,5701.0,220.606,Rs./Quintal,Metric Tonnes
Madhya Pradesh,Dewas,Khategaon APMC,Red gram/Arhar/Tur(whole),Arhar Dal(Tur),FAQ,2026-03-05,6800.0,6901.0,6901.0,0.127,Rs./Quintal,Metric Tonnes
Madhya Pradesh,Dewas,Khategaon APMC,Soyabean,Soyabeen,FAQ,2026-03-05,3500.0,5171.0,5171.0,35.833999999999996,Rs./Quintal,Metric Tonnes
Madhya Pradesh,Dewas,Khategaon APMC,Wheat,Wheat,FAQ,2026-03-05,2120.0,2335.0,2268.0,183.836,Rs./Quintal,Metric Tonnes
Madhya Pradesh,Badwani,Khetia APMC,Cotton,Without Ginned Cotton,FAQ,2026-03-05,6055.0,7890.0,7185.0,51.66900000000001,Rs./Quintal,Metric Tonnes
Madhya Pradesh,Badwani,Khetia APMC,Maize,Yellow,FAQ,2026-03-05,1390.0,1440.0,1400.0,33.68,Rs./Quintal,Metric Tonnes
Madhya Pradesh,Badwani,Khetia APMC,Wheat,Wheat,FAQ,2026-03-05,1900.0,2175.0,2175.0,16.495,Rs./Quintal,Metric Tonnes
Madhya Pradesh,Badwani,Khetia APMC,Wheat,Lokwan,FAQ,2026-03-05,2075.0,2075.0,2075.0,2.31,Rs./Quintal,Metric Tonnes
Madhya Pradesh,Rajgarh,Khilchipur APMC,Bengal Gram(Gram)(Whole),Gram,FAQ,2026-03-05,4690.0,4995.0,4995.0,0.669,Rs./Quintal,Metric Tonnes
Madhya Pradesh,Rajgarh,Khilchipur APMC,Coriander(Leaves),Coriander,FAQ,2026-03-05,7525.0,12325.0,11200.0,11.569,Rs./Bundle,Bundle
Madhya Pradesh,Rajgarh,Khilchipur APMC,Lentil(Masur)(Whole),Masur Dal,FAQ,2026-03-05,5900.0,6545.0,6405.0,15.155000000000001,Rs./Quintal,Metric Tonnes
Madhya Pradesh,Rajgarh,Khilchipur APMC,Mustard,Mustard,FAQ,2026-03-05,5200.0,5950.0,5705.0,87.075,Rs./Quintal,Metric Tonnes
Madhya Pradesh,Rajgarh,Khilchipur APMC,Soyabean,Soyabeen,FAQ,2026-03-05,5080.0,5275.0,5275.0,0.382,Rs./Quintal,Metric Tonnes
Madhya Pradesh,Rajgarh,Khilchipur APMC,Wheat,Mill Quality,Non-FAQ,2026-03-05,2076.0,2150.0,2100.0,41.63,Rs./Quintal,Metric Tonnes
Madhya Pradesh,Rajgarh,Khilchipur APMC,Wheat,Mill Quality,FAQ,2026-03-05,1721.0,2222.0,2200.0,325.21900000000005,Rs./Quintal,Metric Tonnes
Madhya Pradesh,Harda,Khirakiya APMC,Bengal Gram(Gram)(Whole),Desi (F.A.Q. Split),FAQ,2026-03-05,5186.0,5186.0,5186.0,0.754,Rs./Quintal,Metric Tonnes
Madhya Pradesh,Harda,Khirakiya APMC,Bengal Gram(Gram)(Whole),Gram,Non-FAQ,2026-03-05,5110.0,5231.0,5231.0,8.956000000000001,Rs./Quintal,Metric Tonnes
Madhya Pradesh,Harda,Khirakiya APMC,Bengal Gram(Gram)(Whole),Desi (F.A.Q. Split),Non-FAQ,2026-03-05,5002.0,5200.0,5200.0,14.715000000000002,Rs./Quintal,Metric Tonnes
Madhya Pradesh,Harda,Khirakiya APMC,Green Gram(Moong)(Whole),Green (Whole),Non-FAQ,2026-03-05,3000.0,7360.0,7360.0,0.555,Rs./Quintal,Metric Tonnes
Madhya Pradesh,Harda,Khirakiya APMC,Maize,Local,FAQ,2026-03-05,1451.0,1451.0,1451.0,4.1659999999999995,Rs./Quintal,Metric Tonnes
Madhya Pradesh,Harda,Khirakiya APMC,Maize,Local,Non-FAQ,2026-03-05,700.0,1541.0,1520.0,50.082,Rs./Quintal,Metric Tonnes
Madhya Pradesh,Harda,Khirakiya APMC,Mustard,Mustard,Non-FAQ,2026-03-05,4500.0,5410.0,4900.0,16.752000000000002,Rs./Quintal,Metric Tonnes
Madhya Pradesh,Harda,Khirakiya APMC,Red gram/Arhar/Tur(whole),Arhar Dal(Tur),Non-FAQ,2026-03-05,5651.0,7606.0,6700.0,19.564,Rs./Quintal,Metric Tonnes
Madhya Pradesh,Harda,Khirakiya APMC,Soyabean,Yellow,Non-FAQ,2026-03-05,1840.0,5421.0,5421.0,30.883,Rs./Quintal,Metric Tonnes
Madhya Pradesh,Harda,Khirakiya APMC,Soyabean,Soyabeen,Non-FAQ,2026-03-05,3800.0,5261.0,5261.0,18.265,Rs./Quintal,Metric Tonnes
Madhya Pradesh,Harda,Khirakiya APMC,Wheat,Mill Quality,Non-FAQ,2026-03-05,2076.0,2369.0,2251.0,448.97299999999996,Rs./Quintal,Metric Tonnes
Madhya Pradesh,Rajgarh,Khujner APMC,Bengal Gram(Gram)(Whole),Gram,FAQ,2026-03-05,4400.0,4655.0,4655.0,1.011,Rs./Quintal,Metric Tonnes
Madhya Pradesh,Rajgarh,Khujner APMC,Lentil(Masur)(Whole),Masur Dal,FAQ,2026-03-05,5605.0,6825.0,6515.0,14.359000000000002,Rs./Quintal,Metric Tonnes
Madhya Pradesh,Rajgarh,Khujner APMC,Mustard,Mustard,FAQ,2026-03-05,4505.0,5960.0,5790.0,108.09000000000002,Rs./Quintal,Metric Tonnes
Madhya Pradesh,Rajgarh,Khujner APMC,Soyabean,Soyabeen,FAQ,2026-03-05,2800.0,5980.0,5980.0,5.196000000000001,Rs./Quintal,Metric Tonnes
Madhya Pradesh,Rajgarh,Khujner APMC,Wheat,Wheat,FAQ,2026-03-05,1800.0,2227.0,2150.0,57.887,Rs./Quintal,Metric Tonnes
Madhya Pradesh,Dhar,Kukshi APMC,Bengal Gram(Gram)(Whole),Desi (F.A.Q. Split),FAQ,2026-03-05,4770.0,5135.0,5135.0,9.235,Rs./Quintal,Metric Tonnes
Madhya Pradesh,Dhar,Kukshi APMC,Bengal Gram(Gram)(Whole),Gram,FAQ,2026-03-05,4800.0,5280.0,5280.0,28.795,Rs./Quintal,Metric Tonnes
Madhya Pradesh,Dhar,Kukshi APMC,Cotton,Without Ginned Cotton,FAQ,2026-03-05,7500.0,7500.0,7500.0,1.92,Rs./Quintal,Metric Tonnes
Madhya Pradesh,Dhar,Kukshi APMC,Kabuli Chana(Chickpeas-White),Double Dollar Chana,FAQ,2026-03-05,7500.0,8050.0,8050.0,4.825,Rs./Quintal,Metric Tonnes
Madhya Pradesh,Dhar,Kukshi APMC,Kabuli Chana(Chickpeas-White),Dollar Gram,FAQ,2026-03-05,6905.0,7900.0,7600.0,54.84,Rs./Quintal,Metric Tonnes
Madhya Pradesh,Dhar,Kukshi APMC,Maize,Yellow,Non-FAQ,2026-03-05,1200.0,1200.0,1200.0,6.720000000000001,Rs./Quintal,Metric Tonnes
Madhya Pradesh,Dhar,Kukshi APMC,Maize,Local,FAQ,2026-03-05,1250.0,1750.0,1650.0,96.837,Rs./Quintal,Metric Tonnes
Madhya Pradesh,Dhar,Kukshi APMC,Soyabean,Soyabeen,FAQ,2026-03-05,4200.0,4200.0,4200.0,3.5500000000000003,Rs./Quintal,Metric Tonnes
Madhya Pradesh,Dhar,Kukshi APMC,Wheat,Wheat,Non-FAQ,2026-03-05,1950.0,2050.0,2050.0,16.14,Rs./Quintal,Metric Tonnes
Madhya Pradesh,Dhar,Kukshi APMC,Wheat,Wheat,FAQ,2026-03-05,2000.0,2425.0,2150.0,217.618,Rs./Quintal,Metric Tonnes
Madhya Pradesh,Dhar,Kukshi(F&V) APMC,Bhindi(Ladies Finger),Bhindi,Grade A,2026-03-05,800.0,1400.0,1100.0,1.1,Rs./Quintal,Metric Tonnes
Madhya Pradesh,Dhar,Kukshi(F&V) APMC,Bitter gourd,Bitter Gourd,Grade A,2026-03-05,2200.0,3600.0,2900.0,0.2,Rs./Quintal,Metric Tonnes
Madhya Pradesh,Dhar,Kukshi(F&V) APMC,Bottle gourd,Bottle Gourd,Grade A,2026-03-05,400.0,600.0,500.0,1.6,Rs./Quintal,Metric Tonnes
Madhya Pradesh,Dhar,Kukshi(F&V) APMC,Brinjal,Brinjal,Grade A,2026-03-05,500.0,800.0,600.0,1.7000000000000002,Rs./Quintal,Metric Tonnes
Madhya Pradesh,Dhar,Kukshi(F&V) APMC,Cabbage,Cabbage,Grade A,2026-03-05,400.0,600.0,500.0,1.7000000000000002,Rs./Quintal,Metric Tonnes
Madhya Pradesh,Dhar,Kukshi(F&V) APMC,Cauliflower,Cauliflower,Grade A,2026-03-05,500.0,1100.0,800.0,1.1,Rs./Quintal,Metric Tonnes
Madhya Pradesh,Dhar,Kukshi(F&V) APMC,Ginger(Green),Green Ginger,Grade A,2026-03-05,4300.0,4600.0,4400.0,0.2,Rs./Quintal,Metric Tonnes
Madhya Pradesh,Dhar,Kukshi(F&V) APMC,Green Chilli,Green Chilly,Grade A,2026-03-05,3000.0,4800.0,3900.0,0.5,Rs./Quintal,Metric Tonnes
Madhya Pradesh,Dhar,Kukshi(F&V) APMC,Onion,Onion,Grade A,2026-03-05,800.0,1500.0,1100.0,1.9000000000000001,Rs./Quintal,Metric Tonnes
Madhya Pradesh,Dhar,Kukshi(F&V) APMC,Potato,Potato,Grade A,2026-03-05,700.0,1000.0,800.0,1.3,Rs./Quintal,Metric Tonnes
Madhya Pradesh,Dhar,Kukshi(F&V) APMC,Spinach,Spinach,Grade A,2026-03-05,700.0,1000.0,800.0,0.5,Rs./Quintal,Metric Tonnes
Madhya Pradesh,Dhar,Kukshi(F&V) APMC,Tomato,Tomato,Grade A,2026-03-05,500.0,1000.0,700.0,2.0,Rs./Quintal,Metric Tonnes
Madhya Pradesh,Rajgarh,Kurawar APMC,Mustard,Mustard,FAQ,2026-03-05,5700.0,5700.0,5700.0,5.28,Rs./Quintal,Metric Tonnes
Madhya Pradesh,Rajgarh,Kurawar APMC,Soyabean,Soyabeen,FAQ,2026-03-05,5020.0,5150.0,5150.0,11.65,Rs./Quintal,Metric Tonnes
Madhya Pradesh,Seoni,Lakhnadon APMC,Maize,Yellow,FAQ,2026-03-05,1550.0,1550.0,1550.0,12.5,Rs./Quintal,Metric Tonnes
Madhya Pradesh,Seoni,Lakhnadon APMC,Maize,Local,Non-FAQ,2026-03-05,1402.0,1500.0,1500.0,93.0,Rs./Quintal,Metric Tonnes
Madhya Pradesh,Gwalior,Lashkar(F&V) APMC,Ginger(Green),Green Ginger,Grade B,2026-03-05,4000.0,6000.0,5000.0,4.8,Rs./Quintal,Metric Tonnes
Madhya Pradesh,Gwalior,Lashkar(F&V) APMC,Onion,Local,Grade B,2026-03-05,800.0,1200.0,1000.0,49.5,Rs./Quintal,Metric Tonnes
Madhya Pradesh,Gwalior,Lashkar(F&V) APMC,Potato,Local,Grade B,2026-03-05,300.0,500.0,400.0,20.0,Rs./Quintal,Metric Tonnes
Madhya Pradesh,Dewas,Loharda APMC,Bengal Gram(Gram)(Whole),Gram,FAQ,2026-03-05,5000.0,5039.0,5039.0,5.29,Rs./Quintal,Metric Tonnes
Madhya Pradesh,Dewas,Loharda APMC,Wheat,Wheat,FAQ,2026-03-05,2030.0,2751.0,2350.0,311.65000000000003,Rs./Quintal,Metric Tonnes
Madhya Pradesh,Rajgarh,Machalpur APMC,Coriander(Leaves),Coriander,FAQ,2026-03-05,8500.0,10400.0,10000.0,11.162,Rs./Bundle,Bundle
Madhya Pradesh,Rajgarh,Machalpur APMC,Lentil(Masur)(Whole),Masur Dal,FAQ,2026-03-05,6260.0,6590.0,6590.0,3.4290000000000003,Rs./Quintal,Metric Tonnes
Madhya Pradesh,Rajgarh,Machalpur APMC,Mustard,Mustard,FAQ,2026-03-05,5250.0,6130.0,5965.0,39.837,Rs./Quintal,Metric Tonnes
Madhya Pradesh,Rajgarh,Machalpur APMC,Wheat,Wheat,FAQ,2026-03-05,2130.0,2190.0,2190.0,3.9950000000000006,Rs./Quintal,Metric Tonnes
Madhya Pradesh,Ujjain,Mahidpur APMC,Coriander(Leaves),Coriander,FAQ,2026-03-05,6000.0,6000.0,6000.0,0.03,Rs./Bundle,Bundle
Madhya Pradesh,Ujjain,Mahidpur APMC,Soyabean,Soyabeen,FAQ,2026-03-05,4561.0,5451.0,5300.0,28.705000000000002,Rs./Quintal,Metric Tonnes
Madhya Pradesh,Ujjain,Mahidpur APMC,Soyabean,Soyabeen,Non-FAQ,2026-03-05,3065.0,3825.0,3825.0,1.457,Rs./Quintal,Metric Tonnes
Madhya Pradesh,Ujjain,Mahidpur APMC,Wheat,Mill Quality,FAQ,2026-03-05,2133.0,2133.0,2133.0,1.875,Rs./Quintal,Metric Tonnes
Madhya Pradesh,Ujjain,Mahidpur APMC,Wheat,Wheat,FAQ,2026-03-05,1600.0,2775.0,2241.0,392.31,Rs./Quintal,Metric Tonnes
Madhya Pradesh,Ujjain,Mahidpur APMC,Wheat,Wheat,Non-FAQ,2026-03-05,1600.0,2041.0,2041.0,14.125,Rs./Quintal,Metric Tonnes
Madhya Pradesh,Satna,Maihar(F&V) APMC,Green Chilli,Green Chilly,Local,2026-03-05,5000.0,5000.0,5000.0,0.3,Rs./Quintal,Metric Tonnes
Madhya Pradesh,Satna,Maihar(F&V) APMC,Methi(Leaves),Methi,Local,2026-03-05,700.0,700.0,700.0,1.2,Rs./Quintal,Metric Tonnes
Madhya Pradesh,Satna,Maihar(F&V) APMC,Potato,Potato,Local,2026-03-05,600.0,600.0,600.0,2.5,Rs./Quintal,Metric Tonnes
Madhya Pradesh,Shajapur,Maksi APMC,Soyabean,Yellow,FAQ,2026-03-05,5200.0,5395.0,5200.0,21.398,Rs./Quintal,Metric Tonnes
Madhya Pradesh,Sagar,Malthone APMC,Soyabean,Yellow,FAQ,2026-03-05,4700.0,4700.0,4700.0,3.9890000000000003,Rs./Quintal,Metric Tonnes
Madhya Pradesh,Neemuch,Manasa APMC,Barley(Jau),Barley,Non-FAQ,2026-03-05,1877.0,1941.0,1941.0,4.297,Rs./Quintal,Metric Tonnes
Madhya Pradesh,Neemuch,Manasa APMC,Bengal Gram(Gram)(Whole),Gram,Non-FAQ,2026-03-05,4300.0,5100.0,5000.0,22.717,Rs./Quintal,Metric Tonnes
Madhya Pradesh,Neemuch,Manasa APMC,Bengal Gram(Gram)(Whole),Gram,FAQ,2026-03-05,4351.0,5101.0,4999.0,62.97200000000001,Rs./Quintal,Metric Tonnes
Madhya Pradesh,Neemuch,Manasa APMC,Black Gram(Urd Beans)(Whole),Urda/Urd,Non-FAQ,2026-03-05,4000.0,4200.0,4200.0,0.236,Rs./Quintal,Metric Tonnes
Madhya Pradesh,Neemuch,Manasa APMC,Coriander(Leaves),Coriander,FAQ,2026-03-05,9001.0,9661.0,9661.0,4.743,Rs./Bundle,Bundle
Madhya Pradesh,Neemuch,Manasa APMC,Garlic,Garlic,FAQ,2026-03-05,650.0,8940.0,6200.0,21.14,Rs./Quintal,Metric Tonnes
Madhya Pradesh,Neemuch,Manasa APMC,Lentil(Masur)(Whole),Masur Dal,Non-FAQ,2026-03-05,5252.0,5252.0,5252.0,0.036,Rs./Quintal,Metric Tonnes
Madhya Pradesh,Neemuch,Manasa APMC,Linseed,Flaxseed,FAQ,2026-03-05,7546.0,7771.0,7771.0,2.3920000000000003,Rs./Quintal,Metric Tonnes
Madhya Pradesh,Neemuch,Manasa APMC,Maize,Local,FAQ,2026-03-05,1326.0,1629.0,1629.0,37.913000000000004,Rs./Quintal,Metric Tonnes
Madhya Pradesh,Neemuch,Manasa APMC,Maize,Local,Non-FAQ,2026-03-05,1501.0,1501.0,1501.0,0.10900000000000001,Rs./Quintal,Metric Tonnes
Madhya Pradesh,Neemuch,Manasa APMC,Methi Seeds,Methiseeds,FAQ,2026-03-05,5099.0,5650.0,5650.0,3.1370000000000005,Rs./Quintal,Metric Tonnes
Madhya Pradesh,Neemuch,Manasa APMC,Mustard,Mustard,FAQ,2026-03-05,5491.0,6500.0,5800.0,21.252000000000002,Rs./Quintal,Metric Tonnes
Madhya Pradesh,Neemuch,Manasa APMC,Soyabean,Soyabeen,FAQ,2026-03-05,4500.0,5500.0,5280.0,48.064,Rs./Quintal,Metric Tonnes
Madhya Pradesh,Neemuch,Manasa APMC,Wheat,Mill Quality,FAQ,2026-03-05,2219.0,2250.0,2250.0,8.307,Rs./Quintal,Metric Tonnes
Madhya Pradesh,Neemuch,Manasa APMC,Wheat,Wheat,Non-FAQ,2026-03-05,2150.0,2530.0,2260.0,40.938,Rs./Quintal,Metric Tonnes
Madhya Pradesh,Neemuch,Manasa APMC,Wheat,Wheat,FAQ,2026-03-05,2099.0,2741.0,2240.0,181.603,Rs./Quintal,Metric Tonnes
Madhya Pradesh,Dhar,Manawar APMC,Bengal Gram(Gram)(Whole),Chana Kabuli,FAQ,2026-03-05,4800.0,5000.0,5000.0,16.32,Rs./Quintal,Metric Tonnes
Madhya Pradesh,Dhar,Manawar APMC,Kabuli Chana(Chickpeas-White),Dollar Gram,FAQ,2026-03-05,6800.0,9875.0,7800.0,227.70100000000002,Rs./Quintal,Metric Tonnes
Madhya Pradesh,Dhar,Manawar APMC,Kabuli Chana(Chickpeas-White),Double Dollar Chana,FAQ,2026-03-05,4800.0,9980.0,8000.0,13.290000000000001,Rs./Quintal,Metric Tonnes
Madhya Pradesh,Dhar,Manawar APMC,Maize,Local,FAQ,2026-03-05,1325.0,1860.0,1810.0,170.635,Rs./Quintal,Metric Tonnes
Madhya Pradesh,Dhar,Manawar APMC,Wheat,Wheat,FAQ,2026-03-05,2150.0,2645.0,2200.0,443.925,Rs./Quintal,Metric Tonnes
Madhya Pradesh,Dhar,Manawar APMC,Wheat,Wheat,Non-FAQ,2026-03-05,2200.0,2640.0,2640.0,9.875,Rs./Quintal,Metric Tonnes
Madhya Pradesh,Mandsaur,Mandsaur APMC,Barley(Jau),Barley,FAQ,2026-03-05,1600.0,1956.0,1956.0,15.661000000000001,Rs./Quintal,Metric Tonnes
Madhya Pradesh,Mandsaur,Mandsaur APMC,Barley(Jau),Barley,Non-FAQ,2026-03-05,1500.0,1891.0,1703.0,28.168000000000003,Rs./Quintal,Metric Tonnes
Madhya Pradesh,Mandsaur,Mandsaur APMC,Bengal Gram(Gram)(Whole),Gram,Non-FAQ,2026-03-05,3570.0,6580.0,5200.0,79.462,Rs./Quintal,Metric Tonnes
Madhya Pradesh,Mandsaur,Mandsaur APMC,Bengal Gram(Gram)(Whole),Chana Kabuli,Non-FAQ,2026-03-05,3400.0,7182.0,7182.0,2.6510000000000002,Rs./Quintal,Metric Tonnes
Madhya Pradesh,Mandsaur,Mandsaur APMC,Black Gram(Urd Beans)(Whole),Urda/Urd,Non-FAQ,2026-03-05,5000.0,7199.0,7199.0,2.318,Rs./Quintal,Metric Tonnes
Madhya Pradesh,Mandsaur,Mandsaur APMC,Garlic,Garlic,FAQ,2026-03-05,1000.0,13800.0,4600.0,337.213,Rs./Quintal,Metric Tonnes
Madhya Pradesh,Mandsaur,Mandsaur APMC,Groundnut,Big (With Shell),Non-FAQ,2026-03-05,4800.0,8500.0,7300.0,9.952,Rs./Quintal,Metric Tonnes
Madhya Pradesh,Mandsaur,Mandsaur APMC,Groundnut,Groundnut seed,Non-FAQ,2026-03-05,8300.0,8300.0,8300.0,0.082,Rs./Quintal,Metric Tonnes
Madhya Pradesh,Mandsaur,Mandsaur APMC,Lentil(Masur)(Whole),Masur Dal,Non-FAQ,2026-03-05,4001.0,6350.0,6100.0,14.501,Rs./Quintal,Metric Tonnes
Madhya Pradesh,Mandsaur,Mandsaur APMC,Linseed,Flaxseed,FAQ,2026-03-05,6000.0,7861.0,7861.0,8.921,Rs./Quintal,Metric Tonnes
Madhya Pradesh,Mandsaur,Mandsaur APMC,Maize,Local,Non-FAQ,2026-03-05,1490.0,1644.0,1550.0,37.884,Rs./Quintal,Metric Tonnes
Madhya Pradesh,Mandsaur,Mandsaur APMC,Maize,Local,FAQ,2026-03-05,1520.0,1630.0,1630.0,9.683,Rs./Quintal,Metric Tonnes
Madhya Pradesh,Mandsaur,Mandsaur APMC,Mustard,Mustard,Non-FAQ,2026-03-05,5008.0,7500.0,5700.0,96.11000000000001,Rs./Quintal,Metric Tonnes
Madhya Pradesh,Mandsaur,Mandsaur APMC,Mustard,Mustard,FAQ,2026-03-05,6504.0,7782.0,7782.0,1.167,Rs./Quintal,Metric Tonnes
Madhya Pradesh,Mandsaur,Mandsaur APMC,Onion,Onion,FAQ,2026-03-05,300.0,1130.0,740.0,16.474,Rs./Quintal,Metric Tonnes
Madhya Pradesh,Mandsaur,Mandsaur APMC,Onion,Onion,Non-FAQ,2026-03-05,981.0,1065.0,1065.0,5.09,Rs./Quintal,Metric Tonnes
Madhya Pradesh,Mandsaur,Mandsaur APMC,"Sesamum(Sesame,Gingelly,Til)",Sesame,FAQ,2026-03-05,9300.0,9300.0,9300.0,0.275,Rs./Quintal,Metric Tonnes
Madhya Pradesh,Mandsaur,Mandsaur APMC,"Sesamum(Sesame,Gingelly,Til)",Sesame,Non-FAQ,2026-03-05,6201.0,7000.0,7000.0,0.10400000000000001,Rs./Quintal,Metric Tonnes
Madhya Pradesh,Mandsaur,Mandsaur APMC,Soyabean,Soyabeen,Non-FAQ,2026-03-05,500.0,5880.0,5100.0,110.168,Rs./Quintal,Metric Tonnes
Madhya Pradesh,Mandsaur,Mandsaur APMC,Wheat,Wheat,FAQ,2026-03-05,1901.0,2571.0,2470.0,108.495,Rs./Quintal,Metric Tonnes
Madhya Pradesh,Mandsaur,Mandsaur APMC,Wheat,Lokwan,Non-FAQ,2026-03-05,2215.0,2252.0,2252.0,7.285,Rs./Quintal,Metric Tonnes
Madhya Pradesh,Mandsaur,Mandsaur APMC,Wheat,Lokwan,FAQ,2026-03-05,2239.0,2493.0,2239.0,12.418000000000001,Rs./Quintal,Metric Tonnes
Madhya Pradesh,Mandsaur,Mandsaur APMC,Wheat,Mill Quality,FAQ,2026-03-05,2161.0,2262.0,2164.0,20.973,Rs./Quintal,Metric Tonnes
Madhya Pradesh,Mandsaur,Mandsaur APMC,Wheat,Mill Quality,Non-FAQ,2026-03-05,2100.0,2280.0,2231.0,22.193,Rs./Quintal,Metric Tonnes
Madhya Pradesh,Mandsaur,Mandsaur APMC,Wheat,Wheat,Non-FAQ,2026-03-05,1619.0,2570.0,2460.0,235.88200000000003,Rs./Quintal,Metric Tonnes
Madhya Pradesh,Satna,Mehar APMC,Wheat,Local,Non-FAQ,2026-03-05,2210.0,2210.0,2210.0,7.25,Rs./Quintal,Metric Tonnes
Madhya Pradesh,Indore,Mhow APMC,Green Peas,Pea,FAQ,2026-03-05,3302.0,3302.0,3302.0,0.047,Rs./Quintal,Metric Tonnes
Madhya Pradesh,Indore,Mhow APMC,Kabuli Chana(Chickpeas-White),Bitkey,FAQ,2026-03-05,4451.0,5481.0,5481.0,1.345,Rs./Quintal,Metric Tonnes
Madhya Pradesh,Indore,Mhow APMC,Kabuli Chana(Chickpeas-White),Dollar Gram,FAQ,2026-03-05,6250.0,6900.0,6900.0,1.8190000000000002,Rs./Quintal,Metric Tonnes
Madhya Pradesh,Indore,Mhow APMC,Soyabean,Soyabeen,FAQ,2026-03-05,1691.0,5600.0,5400.0,79.506,Rs./Quintal,Metric Tonnes
Madhya Pradesh,Indore,Mhow APMC,Wheat,Wheat,FAQ,2026-03-05,2096.0,2751.0,2301.0,159.98900000000003,Rs./Quintal,Metric Tonnes
Madhya Pradesh,Indore,Mhow APMC,Wheat,Wheat,Non-FAQ,2026-03-05,2150.0,2300.0,2225.0,32.85,Rs./Quintal,Metric Tonnes
Madhya Pradesh,Shajapur,Momanbadodiya APMC,Coriander(Leaves),Coriander,FAQ,2026-03-05,7700.0,8001.0,8001.0,0.09000000000000001,Rs./Bundle,Bundle
Madhya Pradesh,Shajapur,Momanbadodiya APMC,Lentil(Masur)(Whole),Masur Dal,FAQ,2026-03-05,6207.0,6690.0,6390.0,8.534,Rs./Quintal,Metric Tonnes
Madhya Pradesh,Shajapur,Momanbadodiya APMC,Mustard,Mustard,FAQ,2026-03-05,5250.0,5895.0,5775.0,21.504,Rs./Quintal,Metric Tonnes
Madhya Pradesh,Shajapur,Momanbadodiya APMC,Soyabean,Soyabeen,FAQ,2026-03-05,3800.0,4100.0,4100.0,0.355,Rs./Quintal,Metric Tonnes
Madhya Pradesh,Shajapur,Momanbadodiya APMC,Wheat,Wheat,FAQ,2026-03-05,1985.0,2141.0,2141.0,8.175,Rs./Quintal,Metric Tonnes
Madhya Pradesh,Morena,Morena APMC,Potato,Potato,Non-FAQ,2026-03-05,500.0,500.0,500.0,50.0,Rs./Quintal,Metric Tonnes
Madhya Pradesh,Morena,Morena(F&V) APMC,Potato,Potato,Non-FAQ,2026-03-05,500.0,500.0,500.0,50.0,Rs./Quintal,Metric Tonnes
Madhya Pradesh,Betul,Multai APMC,Maize,Local,FAQ,2026-03-05,1335.0,1370.0,1340.0,52.800000000000004,Rs./Quintal,Metric Tonnes
Madhya Pradesh,Khandwa,Mundi APMC,Bengal Gram(Gram)(Whole),Gram,FAQ,2026-03-05,4855.0,4920.0,4920.0,4.095000000000001,Rs./Quintal,Metric Tonnes
Madhya Pradesh,Khandwa,Mundi APMC,Wheat,Local,FAQ,2026-03-05,2100.0,2200.0,2200.0,11.975000000000001,Rs./Quintal,Metric Tonnes
Madhya Pradesh,Khandwa,Mundi APMC,Wheat,Wheat,FAQ,2026-03-05,1994.0,2520.0,2145.0,310.63200000000006,Rs./Quintal,Metric Tonnes
Madhya Pradesh,Khandwa,Mundi APMC,Wheat,Wheat,Non-FAQ,2026-03-05,2100.0,2165.0,2165.0,10.475000000000001,Rs./Quintal,Metric Tonnes
Madhya Pradesh,Khandwa,Mundi APMC,Wheat,Mill Quality,FAQ,2026-03-05,2125.0,2180.0,2155.0,19.875,Rs./Quintal,Metric Tonnes
Madhya Pradesh,Ujjain,Nagda APMC,Mustard,Mustard,Non-FAQ,2026-03-05,5400.0,5800.0,5800.0,1.2460000000000002,Rs./Quintal,Metric Tonnes
Madhya Pradesh,Ujjain,Nagda APMC,Soyabean,Soyabeen,FAQ,2026-03-05,4900.0,5391.0,5326.0,8.709999999999999,Rs./Quintal,Metric Tonnes
Madhya Pradesh,Ujjain,Nagda APMC,Soyabean,Soyabeen,Non-FAQ,2026-03-05,4500.0,5426.0,5426.0,6.349,Rs./Quintal,Metric Tonnes
Madhya Pradesh,Ujjain,Nagda APMC,Wheat,Wheat,Non-FAQ,2026-03-05,1800.0,2276.0,2260.0,93.00800000000001,Rs./Quintal,Metric Tonnes
Madhya Pradesh,Satna,Nagod APMC,Bengal Gram(Gram)(Whole),Gram,Non-FAQ,2026-03-05,5200.0,5215.0,5210.0,13.230000000000002,Rs./Quintal,Metric Tonnes
Madhya Pradesh,Satna,Nagod APMC,Gur(Jaggery),Jaggery,FAQ,2026-03-05,3960.0,4000.0,4000.0,17.55,Rs./Quintal,Metric Tonnes
Madhya Pradesh,Satna,Nagod APMC,Mustard,Mustard,FAQ,2026-03-05,5500.0,5501.0,5501.0,3.0,Rs./Quintal,Metric Tonnes
Madhya Pradesh,Satna,Nagod APMC,Wheat,Mill Quality,Non-FAQ,2026-03-05,2315.0,2330.0,2330.0,21.900000000000002,Rs./Quintal,Metric Tonnes
Madhya Pradesh,Satna,Nagod APMC,Wheat,Wheat,Non-FAQ,2026-03-05,2360.0,2360.0,2360.0,8.4,Rs./Quintal,Metric Tonnes
Madhya Pradesh,Mandla,Nainpur APMC,Maize,Yellow,Non-FAQ,2026-03-05,1505.0,1505.0,1505.0,5.215,Rs./Quintal,Metric Tonnes
Madhya Pradesh,Shajapur,Nalkehda APMC,Bengal Gram(Gram)(Whole),Gram,FAQ,2026-03-05,4600.0,4985.0,4900.0,11.064,Rs./Quintal,Metric Tonnes
Madhya Pradesh,Shajapur,Nalkehda APMC,Coriander(Leaves),Coriander,FAQ,2026-03-05,7000.0,9170.0,7000.0,1.9800000000000002,Rs./Bundle,Bundle
Madhya Pradesh,Shajapur,Nalkehda APMC,Lentil(Masur)(Whole),Masur Dal,FAQ,2026-03-05,5430.0,6700.0,6400.0,24.560000000000002,Rs./Quintal,Metric Tonnes
Madhya Pradesh,Shajapur,Nalkehda APMC,Mustard,Mustard,FAQ,2026-03-05,5300.0,6140.0,5900.0,172.085,Rs./Quintal,Metric Tonnes
Madhya Pradesh,Shajapur,Nalkehda APMC,Soyabean,Soyabeen,Non-FAQ,2026-03-05,2880.0,2880.0,2880.0,0.045000000000000005,Rs./Quintal,Metric Tonnes
Madhya Pradesh,Shajapur,Nalkehda APMC,Soyabean,Soyabeen,FAQ,2026-03-05,5100.0,5450.0,5450.0,17.648,Rs./Quintal,Metric Tonnes
Madhya Pradesh,Shajapur,Nalkehda APMC,Wheat,Wheat,FAQ,2026-03-05,1952.0,2213.0,2200.0,55.236000000000004,Rs./Quintal,Metric Tonnes
Madhya Pradesh,Rajgarh,Narsinghgarh APMC,Bengal Gram(Gram)(Whole),Gram,FAQ,2026-03-05,4400.0,5090.0,5090.0,6.038,Rs./Quintal,Metric Tonnes
Madhya Pradesh,Rajgarh,Narsinghgarh APMC,Coriander(Leaves),Coriander,FAQ,2026-03-05,6950.0,11050.0,8700.0,30.832,Rs./Bundle,Bundle
Madhya Pradesh,Rajgarh,Narsinghgarh APMC,Garlic,Garlic,FAQ,2026-03-05,1000.0,9000.0,3700.0,17.992,Rs./Quintal,Metric Tonnes
Madhya Pradesh,Rajgarh,Narsinghgarh APMC,Lentil(Masur)(Whole),Masur Dal,FAQ,2026-03-05,5450.0,6600.0,6350.0,9.684000000000001,Rs./Quintal,Metric Tonnes
Madhya Pradesh,Rajgarh,Narsinghgarh APMC,Mustard,Mustard,FAQ,2026-03-05,4675.0,6000.0,5800.0,364.94100000000003,Rs./Quintal,Metric Tonnes
Madhya Pradesh,Rajgarh,Narsinghgarh APMC,Onion,Onion,FAQ,2026-03-05,150.0,1310.0,820.0,8.376000000000001,Rs./Quintal,Metric Tonnes
Madhya Pradesh,Rajgarh,Narsinghgarh APMC,Soyabean,Soyabeen,FAQ,2026-03-05,1500.0,5500.0,5390.0,17.145,Rs./Quintal,Metric Tonnes
Madhya Pradesh,Rajgarh,Narsinghgarh APMC,Wheat,Wheat,FAQ,2026-03-05,1932.0,2345.0,2230.0,129.874,Rs./Quintal,Metric Tonnes
Madhya Pradesh,Rajgarh,Narsinghgarh APMC,Wheat,Mill Quality,FAQ,2026-03-05,2046.0,2046.0,2046.0,1.7920000000000003,Rs./Quintal,Metric Tonnes
Madhya Pradesh,Narsinghpur,Narsinghpur APMC,Gur(Jaggery),Jaggery,FAQ,2026-03-05,3461.0,3822.0,3800.0,95.724,Rs./Quintal,Metric Tonnes
Madhya Pradesh,Sehore,Nasrullaganj APMC,Mustard,Mustard,FAQ,2026-03-05,5251.0,5654.0,5654.0,10.837000000000002,Rs./Quintal,Metric Tonnes
Madhya Pradesh,Neemuch,Neemuch APMC,Absinthe,chirayta,FAQ,2026-03-05,10600.0,10600.0,10600.0,1.8850000000000002,Rs./Quintal,Metric Tonnes
Madhya Pradesh,Neemuch,Neemuch APMC,Asgand,Asafoetida seeds,FAQ,2026-03-05,1780.0,1780.0,1780.0,0.10900000000000001,Rs./Quintal,Metric Tonnes
Madhya Pradesh,Neemuch,Neemuch APMC,Asgand,Asafoetida leaf,FAQ,2026-03-05,459.0,1100.0,1100.0,22.799000000000003,Rs./Quintal,Metric Tonnes
Madhya Pradesh,Neemuch,Neemuch APMC,Asgand,Asgand,FAQ,2026-03-05,9600.0,25600.0,12200.0,13.934000000000001,Rs./Quintal,Metric Tonnes
Madhya Pradesh,Neemuch,Neemuch APMC,Ashwagandha,Ashwagandha,FAQ,2026-03-05,14000.0,20100.0,17000.0,5.349,Rs./Quintal,Metric Tonnes
Madhya Pradesh,Neemuch,Neemuch APMC,Asparagus,Asparagus,FAQ,2026-03-05,28300.0,29900.0,29900.0,0.17700000000000002,Rs./Quintal,Metric Tonnes
Madhya Pradesh,Neemuch,Neemuch APMC,Barley(Jau),Barley,FAQ,2026-03-05,1696.0,2043.0,1968.0,51.61000000000001,Rs./Quintal,Metric Tonnes
Madhya Pradesh,Neemuch,Neemuch APMC,Behada,Behada,FAQ,2026-03-05,4201.0,4201.0,4201.0,1.2960000000000003,Rs./Quintal,Metric Tonnes
Madhya Pradesh,Neemuch,Neemuch APMC,Bengal Gram(Gram)(Whole),Gram,FAQ,2026-03-05,3200.0,5244.0,5100.0,90.95800000000001,Rs./Quintal,Metric Tonnes
Madhya Pradesh,Neemuch,Neemuch APMC,Black Gram(Urd Beans)(Whole),Urda/Urd,FAQ,2026-03-05,3700.0,7000.0,7000.0,5.16,Rs./Quintal,Metric Tonnes
Madhya Pradesh,Neemuch,Neemuch APMC,Coriander(Leaves),Coriander,FAQ,2026-03-05,6800.0,10051.0,9600.0,9.639000000000001,Rs./Bundle,Bundle
Madhya Pradesh,Neemuch,Neemuch APMC,Garlic,Average,FAQ,2026-03-05,2901.0,10211.0,9400.0,34.32,Rs./Quintal,Metric Tonnes
Madhya Pradesh,Neemuch,Neemuch APMC,Garlic,Garlic,FAQ,2026-03-05,1900.0,10900.0,10500.0,278.666,Rs./Quintal,Metric Tonnes
Madhya Pradesh,Neemuch,Neemuch APMC,Groundnut,Big (With Shell),FAQ,2026-03-05,4251.0,6700.0,6700.0,36.815,Rs./Quintal,Metric Tonnes
Madhya Pradesh,Neemuch,Neemuch APMC,Groundnut,Big (With Shell),Non-FAQ,2026-03-05,5693.0,5900.0,5700.0,3.5100000000000002,Rs./Quintal,Metric Tonnes
Madhya Pradesh,Neemuch,Neemuch APMC,Kalmegh,Kalmegh,FAQ,2026-03-05,9150.0,9150.0,9150.0,0.061,Rs./Quintal,Metric Tonnes
Madhya Pradesh,Neemuch,Neemuch APMC,Linseed,Flaxseed,FAQ,2026-03-05,7050.0,7691.0,7691.0,0.49800000000000005,Rs./Quintal,Metric Tonnes
Madhya Pradesh,Neemuch,Neemuch APMC,Maize,Yellow,FAQ,2026-03-05,1598.0,1598.0,1598.0,3.0540000000000003,Rs./Quintal,Metric Tonnes
Madhya Pradesh,Neemuch,Neemuch APMC,Maize,Local,FAQ,2026-03-05,1250.0,2181.0,1550.0,266.47600000000006,Rs./Quintal,Metric Tonnes
Madhya Pradesh,Neemuch,Neemuch APMC,Methi Seeds,Methiseeds,FAQ,2026-03-05,3800.0,7000.0,5500.0,8.557,Rs./Quintal,Metric Tonnes
Madhya Pradesh,Neemuch,Neemuch APMC,Mustard,Mustard,FAQ,2026-03-05,4000.0,7802.0,6000.0,171.63,Rs./Quintal,Metric Tonnes
Madhya Pradesh,Neemuch,Neemuch APMC,Mustard,Yellow (Black),FAQ,2026-03-05,7371.0,7991.0,7371.0,3.297,Rs./Quintal,Metric Tonnes
Madhya Pradesh,Neemuch,Neemuch APMC,Mustard,Other,FAQ,2026-03-05,6025.0,6025.0,6025.0,0.057999999999999996,Rs./Quintal,Metric Tonnes
Madhya Pradesh,Neemuch,Neemuch APMC,Onion,Red,FAQ,2026-03-05,485.0,1355.0,780.0,45.694,Rs./Quintal,Metric Tonnes
Madhya Pradesh,Neemuch,Neemuch APMC,Soyabean,Soyabeen,FAQ,2026-03-05,1200.0,5480.0,5050.0,288.648,Rs./Quintal,Metric Tonnes
Madhya Pradesh,Neemuch,Neemuch APMC,Wheat,Wheat,FAQ,2026-03-05,2101.0,2967.0,2250.0,343.71000000000004,Rs./Quintal,Metric Tonnes
Madhya Pradesh,Neemuch,Neemuch APMC,nigella,Kalonji,FAQ,2026-03-05,12700.0,12700.0,12700.0,0.067,Rs./Quintal,Metric Tonnes
Madhya Pradesh,Neemuch,Neemuch APMC,nigella seeds,Kalonji/Nigella,FAQ,2026-03-05,18000.0,22260.0,22260.0,0.209,Rs./Quintal,Metric Tonnes
Madhya Pradesh,Neemuch,Neemuch APMC,poppy seeds,Poppy seed,FAQ,2026-03-05,95000.0,135000.0,116000.0,1.173,Rs./Quintal,Metric Tonnes
Madhya Pradesh,Raisen,Obedullaganj APMC,Bengal Gram(Gram)(Whole),Gram,FAQ,2026-03-05,5102.0,5181.0,5181.0,6.853000000000001,Rs./Quintal,Metric Tonnes
Madhya Pradesh,Raisen,Obedullaganj APMC,Lak(Teora),Tiwada,FAQ,2026-03-05,2911.0,2911.0,2911.0,0.1,Rs./Quintal,Metric Tonnes
Madhya Pradesh,Raisen,Obedullaganj APMC,Mustard,Mustard,FAQ,2026-03-05,5500.0,5500.0,5500.0,0.49800000000000005,Rs./Quintal,Metric Tonnes
Madhya Pradesh,Raisen,Obedullaganj APMC,Paddy(Common),Puspa (MR 301),FAQ,2026-03-05,3850.0,3850.0,3850.0,2.1,Rs./Quintal,Metric Tonnes
Madhya Pradesh,Raisen,Obedullaganj APMC,Paddy(Common),Basmati,FAQ,2026-03-05,4000.0,4100.0,4000.0,74.081,Rs./Quintal,Metric Tonnes
Madhya Pradesh,Rajgarh,Pachaur APMC,Bengal Gram(Gram)(Whole),Gram,FAQ,2026-03-05,4600.0,4890.0,4600.0,0.9480000000000001,Rs./Quintal,Metric Tonnes
Madhya Pradesh,Rajgarh,Pachaur APMC,Coriander(Leaves),Coriander,FAQ,2026-03-05,7700.0,7700.0,7700.0,0.054000000000000006,Rs./Bundle,Bundle
Madhya Pradesh,Rajgarh,Pachaur APMC,Lentil(Masur)(Whole),Masur Dal,FAQ,2026-03-05,4500.0,6990.0,6850.0,37.796,Rs./Quintal,Metric Tonnes
Madhya Pradesh,Rajgarh,Pachaur APMC,Mustard,Mustard,FAQ,2026-03-05,4960.0,5885.0,5605.0,463.47600000000006,Rs./Quintal,Metric Tonnes
Madhya Pradesh,Rajgarh,Pachaur APMC,Soyabean,Soyabeen,FAQ,2026-03-05,2705.0,5405.0,5340.0,43.594,Rs./Quintal,Metric Tonnes
Madhya Pradesh,Rajgarh,Pachaur APMC,Wheat,Wheat,FAQ,2026-03-05,1370.0,2445.0,2260.0,264.39000000000004,Rs./Quintal,Metric Tonnes
Madhya Pradesh,Rajgarh,Pachaur APMC,Wheat,Wheat,Non-FAQ,2026-03-05,2150.0,2525.0,2200.0,47.625,Rs./Quintal,Metric Tonnes
Madhya Pradesh,Khandwa,Pandhana APMC,Bengal Gram(Gram)(Whole),Gram,FAQ,2026-03-05,4865.0,5041.0,4925.0,16.553,Rs./Quintal,Metric Tonnes
Madhya Pradesh,Khandwa,Pandhana APMC,Maize,Local,FAQ,2026-03-05,1485.0,1580.0,1485.0,41.455000000000005,Rs./Quintal,Metric Tonnes
Madhya Pradesh,Khandwa,Pandhana APMC,Red gram/Arhar/Tur(whole),Arhar Dal(Tur),FAQ,2026-03-05,6000.0,6100.0,6100.0,4.2700000000000005,Rs./Quintal,Metric Tonnes
Madhya Pradesh,Khandwa,Pandhana APMC,Wheat,Wheat,FAQ,2026-03-05,2150.0,2475.0,2250.0,333.72,Rs./Quintal,Metric Tonnes
Madhya Pradesh,Chhindwara,Pandhurna APMC,Groundnut,Big (With Shell),FAQ,2026-03-05,5500.0,7000.0,7000.0,17.36,Rs./Quintal,Metric Tonnes
Madhya Pradesh,Chhindwara,Pandhurna APMC,Maize,Local,FAQ,2026-03-05,1500.0,1510.0,1510.0,32.5,Rs./Quintal,Metric Tonnes
Madhya Pradesh,Chhindwara,Pandhurna APMC,Soyabean,Soyabeen,Non-FAQ,2026-03-05,5100.0,5300.0,5300.0,16.246000000000002,Rs./Quintal,Metric Tonnes
Madhya Pradesh,Panna,Panna APMC,Green Peas,Pea,FAQ,2026-03-05,3650.0,3750.0,3700.0,100.49000000000001,Rs./Quintal,Metric Tonnes
Madhya Pradesh,Panna,Panna APMC,Lentil(Masur)(Whole),Masur Dal,FAQ,2026-03-05,6500.0,6525.0,6525.0,25.355000000000004,Rs./Quintal,Metric Tonnes
Madhya Pradesh,Panna,Panna APMC,Wheat,Mill Quality,FAQ,2026-03-05,2261.0,2430.0,2430.0,51.305,Rs./Quintal,Metric Tonnes
Madhya Pradesh,Damoh,Patharia APMC,Bengal Gram(Gram)(Whole),Gram,FAQ,2026-03-05,4790.0,5095.0,5095.0,4.137,Rs./Quintal,Metric Tonnes
Madhya Pradesh,Damoh,Patharia APMC,Green Peas,Pea,FAQ,2026-03-05,3195.0,3965.0,3965.0,6.23,Rs./Quintal,Metric Tonnes
Madhya Pradesh,Damoh,Patharia APMC,Lentil(Masur)(Whole),Masur Dal,FAQ,2026-03-05,5900.0,6750.0,6750.0,5.798,Rs./Quintal,Metric Tonnes
Madhya Pradesh,Damoh,Patharia APMC,Maize,Local,FAQ,2026-03-05,1526.0,1615.0,1615.0,4.432,Rs./Quintal,Metric Tonnes
Madhya Pradesh,Damoh,Patharia APMC,Mustard,Mustard,FAQ,2026-03-05,5275.0,5275.0,5275.0,1.495,Rs./Quintal,Metric Tonnes
Madhya Pradesh,Damoh,Patharia APMC,Red gram/Arhar/Tur(whole),Arhar Dal(Tur),FAQ,2026-03-05,7355.0,7355.0,7355.0,1.06,Rs./Quintal,Metric Tonnes
Madhya Pradesh,Damoh,Patharia APMC,Soyabean,Soyabeen,FAQ,2026-03-05,4475.0,5180.0,4915.0,16.675,Rs./Quintal,Metric Tonnes
Madhya Pradesh,Damoh,Patharia APMC,Wheat,Wheat,Non-FAQ,2026-03-05,2200.0,2200.0,2200.0,1.5,Rs./Quintal,Metric Tonnes
Madhya Pradesh,Damoh,Patharia APMC,Wheat,Wheat,FAQ,2026-03-05,2005.0,2136.0,2066.0,8.458,Rs./Quintal,Metric Tonnes
Madhya Pradesh,Damoh,Patharia APMC,buttery,Buttery,FAQ,2026-03-05,3695.0,3695.0,3695.0,0.36000000000000004,Rs./Quintal,Metric Tonnes
Madhya Pradesh,Jhabua,Petlawad APMC,Cotton,Without Ginned Cotton,FAQ,2026-03-05,7100.0,7105.0,7105.0,10.700000000000001,Rs./Quintal,Metric Tonnes
Madhya Pradesh,Jhabua,Petlawad APMC,Maize,Local,FAQ,2026-03-05,1300.0,1305.0,1305.0,6.03,Rs./Quintal,Metric Tonnes
Madhya Pradesh,Jhabua,Petlawad APMC,Soyabean,Soyabeen,FAQ,2026-03-05,4500.0,5175.0,4500.0,11.371,Rs./Quintal,Metric Tonnes
Madhya Pradesh,Jhabua,Petlawad APMC,Wheat,Lokwan,FAQ,2026-03-05,2070.0,2100.0,2100.0,4.575,Rs./Quintal,Metric Tonnes
Madhya Pradesh,Jhabua,Petlawad APMC,Wheat,Wheat,FAQ,2026-03-05,1950.0,2300.0,2150.0,332.63000000000005,Rs./Quintal,Metric Tonnes
Madhya Pradesh,Jhabua,Petlawad APMC,Wheat,Wheat Mix,Non-FAQ,2026-03-05,2200.0,2300.0,2300.0,7.222,Rs./Quintal,Metric Tonnes
Madhya Pradesh,Jhabua,Petlawad APMC,Wheat,Wheat,Non-FAQ,2026-03-05,2150.0,2217.0,2217.0,30.318,Rs./Quintal,Metric Tonnes
Madhya Pradesh,Jhabua,Petlawad APMC,Wheat,Wheat Mix,FAQ,2026-03-05,2051.0,2225.0,2100.0,16.211000000000002,Rs./Quintal,Metric Tonnes
Madhya Pradesh,Jhabua,Petlawad(F&V) APMC,Bhindi(Ladies Finger),Bhindi,Grade A,2026-03-05,1500.0,2500.0,1901.0,0.24,Rs./Quintal,Metric Tonnes
Madhya Pradesh,Jhabua,Petlawad(F&V) APMC,Bottle gourd,Bottle Gourd,Grade A,2026-03-05,600.0,1200.0,810.0,0.637,Rs./Quintal,Metric Tonnes
Madhya Pradesh,Jhabua,Petlawad(F&V) APMC,Brinjal,Brinjal,Grade A,2026-03-05,600.0,1000.0,800.0,0.974,Rs./Quintal,Metric Tonnes
Madhya Pradesh,Jhabua,Petlawad(F&V) APMC,Cabbage,Cabbage,Grade A,2026-03-05,600.0,1200.0,837.0,0.695,Rs./Quintal,Metric Tonnes
Madhya Pradesh,Jhabua,Petlawad(F&V) APMC,Cauliflower,Cauliflower,Grade A,2026-03-05,800.0,1500.0,1289.0,0.596,Rs./Quintal,Metric Tonnes
Madhya Pradesh,Jhabua,Petlawad(F&V) APMC,Cucumbar(Kheera),Cucumbar,Grade A,2026-03-05,600.0,1000.0,837.0,1.017,Rs./Quintal,Metric Tonnes
Madhya Pradesh,Jhabua,Petlawad(F&V) APMC,Methi(Leaves),Methi,Grade A,2026-03-05,600.0,1400.0,986.0,0.786,Rs./Quintal,Metric Tonnes
Madhya Pradesh,Jhabua,Petlawad(F&V) APMC,Onion,Hybrid,Grade A,2026-03-05,600.0,1300.0,1079.0,0.928,Rs./Quintal,Metric Tonnes
Madhya Pradesh,Jhabua,Petlawad(F&V) APMC,Potato,Desi,Grade A,2026-03-05,500.0,1000.0,777.0,1.013,Rs./Quintal,Metric Tonnes
Madhya Pradesh,Jhabua,Petlawad(F&V) APMC,Pumpkin,Pumpkin,Grade A,2026-03-05,500.0,1000.0,651.0,0.35,Rs./Quintal,Metric Tonnes
Madhya Pradesh,Jhabua,Petlawad(F&V) APMC,Raddish,Raddish,Grade A,2026-03-05,400.0,600.0,546.0,0.541,Rs./Quintal,Metric Tonnes
Madhya Pradesh,Jhabua,Petlawad(F&V) APMC,Spinach,Spinach,Grade A,2026-03-05,500.0,1000.0,693.0,0.892,Rs./Quintal,Metric Tonnes
Madhya Pradesh,Jhabua,Petlawad(F&V) APMC,Tomato,Hybrid,Grade A,2026-03-05,800.0,1500.0,1088.0,0.721,Rs./Quintal,Metric Tonnes
Madhya Pradesh,Hoshangabad,Pipariya APMC,Bengal Gram(Gram)(Whole),Gram,FAQ,2026-03-05,5055.0,5350.0,5350.0,2.0500000000000003,Rs./Quintal,Metric Tonnes
Madhya Pradesh,Hoshangabad,Pipariya APMC,Green Gram(Moong)(Whole),Green (Whole),FAQ,2026-03-05,2602.0,7600.0,7600.0,0.8,Rs./Quintal,Metric Tonnes
Madhya Pradesh,Hoshangabad,Pipariya APMC,Maize,Local,FAQ,2026-03-05,1400.0,1400.0,1400.0,0.35000000000000003,Rs./Quintal,Metric Tonnes
Madhya Pradesh,Hoshangabad,Pipariya APMC,Paddy(Common),Basmati,FAQ,2026-03-05,4050.0,4050.0,4050.0,6.590000000000001,Rs./Quintal,Metric Tonnes
Madhya Pradesh,Hoshangabad,Pipariya APMC,Paddy(Common),Puspa (MR 301),FAQ,2026-03-05,3432.0,4114.0,4100.0,483.28999999999996,Rs./Quintal,Metric Tonnes
Madhya Pradesh,Hoshangabad,Pipariya APMC,Red gram/Arhar/Tur(whole),Arhar Dal(Tur),FAQ,2026-03-05,7390.0,8100.0,7400.0,21.75,Rs./Quintal,Metric Tonnes
Madhya Pradesh,Hoshangabad,Pipariya APMC,Wheat,Wheat,FAQ,2026-03-05,1800.0,2391.0,2391.0,32.96,Rs./Quintal,Metric Tonnes
Madhya Pradesh,Hoshangabad,Pipariya(F&V) APMC,Bottle gourd,Bottle Gourd,Local,2026-03-05,450.0,1200.0,800.0,2.5,Rs./Quintal,Metric Tonnes
Madhya Pradesh,Hoshangabad,Pipariya(F&V) APMC,Brinjal,Brinjal,Local,2026-03-05,400.0,1300.0,800.0,2.5,Rs./Quintal,Metric Tonnes
Madhya Pradesh,Hoshangabad,Pipariya(F&V) APMC,Cabbage,Cabbage,Local,2026-03-05,350.0,1000.0,700.0,3.0,Rs./Quintal,Metric Tonnes
Madhya Pradesh,Hoshangabad,Pipariya(F&V) APMC,Cauliflower,Cauliflower,Local,2026-03-05,400.0,1350.0,900.0,2.5,Rs./Quintal,Metric Tonnes
Madhya Pradesh,Hoshangabad,Pipariya(F&V) APMC,Onion,Onion,Local,2026-03-05,800.0,2000.0,1400.0,4.0,Rs./Quintal,Metric Tonnes
Madhya Pradesh,Hoshangabad,Pipariya(F&V) APMC,Pea Pod/Pea Cod/हरी मटर,Peas cod,Local,2026-03-05,1400.0,2700.0,2000.0,1.2,Rs./Quintal,Metric Tonnes
Madhya Pradesh,Hoshangabad,Pipariya(F&V) APMC,Potato,Potato,Local,2026-03-05,600.0,1400.0,1000.0,7.0,Rs./Quintal,Metric Tonnes
Madhya Pradesh,Hoshangabad,Pipariya(F&V) APMC,Pumpkin,Pumpkin,Local,2026-03-05,500.0,1400.0,900.0,1.5,Rs./Quintal,Metric Tonnes
Madhya Pradesh,Hoshangabad,Pipariya(F&V) APMC,Sponge gourd,Sponge gourd,Local,2026-03-05,2200.0,3500.0,2700.0,0.4,Rs./Quintal,Metric Tonnes
Madhya Pradesh,Hoshangabad,Pipariya(F&V) APMC,Tomato,Tomato,Local,2026-03-05,300.0,1150.0,700.0,4.5,Rs./Quintal,Metric Tonnes
Madhya Pradesh,Mandsaur,Piplya APMC,Barley(Jau),Barley,FAQ,2026-03-05,1735.0,1936.0,1868.0,13.855000000000002,Rs./Quintal,Metric Tonnes
Madhya Pradesh,Mandsaur,Piplya APMC,Bengal Gram(Gram)(Whole),Gram,FAQ,2026-03-05,4100.0,4971.0,4900.0,12.468000000000002,Rs./Quintal,Metric Tonnes
Madhya Pradesh,Mandsaur,Piplya APMC,Garlic,Garlic-Organic,FAQ,2026-03-05,6181.0,6181.0,6181.0,1.435,Rs./Quintal,Metric Tonnes
Madhya Pradesh,Mandsaur,Piplya APMC,Garlic,Garlic,FAQ,2026-03-05,1501.0,10100.0,4700.0,306.933,Rs./Quintal,Metric Tonnes
Madhya Pradesh,Mandsaur,Piplya APMC,Garlic,Average,FAQ,2026-03-05,6515.0,6515.0,6515.0,1.6280000000000001,Rs./Quintal,Metric Tonnes
Madhya Pradesh,Mandsaur,Piplya APMC,Soyabean,Soyabeen,FAQ,2026-03-05,2800.0,5381.0,5381.0,15.632,Rs./Quintal,Metric Tonnes
Madhya Pradesh,Mandsaur,Piplya APMC,Wheat,Wheat,FAQ,2026-03-05,1821.0,2355.0,2272.0,34.464,Rs./Quintal,Metric Tonnes
Madhya Pradesh,Sagar,Rahatgarh APMC,Bengal Gram(Gram)(Whole),Desi (F.A.Q. Split),Non-FAQ,2026-03-05,4701.0,5060.0,5060.0,8.131,Rs./Quintal,Metric Tonnes
Madhya Pradesh,Sagar,Rahatgarh APMC,Lentil(Masur)(Whole),Local,Non-FAQ,2026-03-05,5900.0,7070.0,6070.0,14.541,Rs./Quintal,Metric Tonnes
Madhya Pradesh,Sagar,Rahatgarh APMC,Maize,Local,Non-FAQ,2026-03-05,1500.0,1520.0,1520.0,10.9,Rs./Quintal,Metric Tonnes
Madhya Pradesh,Raisen,Raisen APMC,Paddy(Common),Paddy,FAQ,2026-03-05,3820.0,4005.0,4005.0,12.620000000000001,Rs./Quintal,Metric Tonnes
Madhya Pradesh,Raisen,Raisen APMC,Paddy(Common),Dhan,FAQ,2026-03-05,3820.0,4030.0,4010.0,33.730000000000004,Rs./Quintal,Metric Tonnes
Madhya Pradesh,Raisen,Raisen APMC,Paddy(Common),Basmati,FAQ,2026-03-05,3690.0,4085.0,4082.0,71.49400000000001,Rs./Quintal,Metric Tonnes
Madhya Pradesh,Dhar,Rajgarh APMC,Bengal Gram(Gram)(Whole),Gram,FAQ,2026-03-05,5100.0,5100.0,5100.0,0.18000000000000002,Rs./Quintal,Metric Tonnes
Madhya Pradesh,Dhar,Rajgarh APMC,Maize,Local,FAQ,2026-03-05,1450.0,1450.0,1450.0,1.2480000000000002,Rs./Quintal,Metric Tonnes
Madhya Pradesh,Dhar,Rajgarh APMC,Soyabean,Soyabeen,FAQ,2026-03-05,4900.0,4900.0,4900.0,1.512,Rs./Quintal,Metric Tonnes
Madhya Pradesh,Dhar,Rajgarh APMC,Soyabean,Yellow,FAQ,2026-03-05,4400.0,5425.0,5000.0,52.273,Rs./Quintal,Metric Tonnes
Madhya Pradesh,Dhar,Rajgarh APMC,Soyabean,Soyabeen,Non-FAQ,2026-03-05,5000.0,5000.0,5000.0,3.8600000000000003,Rs./Quintal,Metric Tonnes
Madhya Pradesh,Dhar,Rajgarh APMC,Wheat,Wheat,FAQ,2026-03-05,21.75,2900.0,2200.0,996.1770000000001,Rs./Quintal,Metric Tonnes
Madhya Pradesh,Dhar,Rajgarh APMC,Wheat,Lokwan,FAQ,2026-03-05,2148.0,2150.0,2150.0,10.165000000000001,Rs./Quintal,Metric Tonnes
Madhya Pradesh,Ratlam,Ratlam APMC,Maize,Local,FAQ,2026-03-05,1590.0,1610.0,1610.0,15.335,Rs./Quintal,Metric Tonnes
Madhya Pradesh,Ratlam,Ratlam APMC,Wheat,Wheat,Non-FAQ,2026-03-05,1960.0,3025.0,3025.0,21.412000000000003,Rs./Quintal,Metric Tonnes
Madhya Pradesh,Sagar,Rehli APMC,Wheat,Wheat,Non-FAQ,2026-03-05,2175.0,2250.0,2250.0,28.5,Rs./Quintal,Metric Tonnes
Madhya Pradesh,Morena,Sabalgarh APMC,Mustard,Mustard,Non-FAQ,2026-03-05,5730.0,6340.0,6300.0,43.38,Rs./Quintal,Metric Tonnes
Madhya Pradesh,Morena,Sabalgarh APMC,Mustard,Mustard,FAQ,2026-03-05,5800.0,6365.0,6270.0,3.8049999999999997,Rs./Quintal,Metric Tonnes
Madhya Pradesh,Morena,Sabalgarh APMC,Mustard,Sarson(Black),Non-FAQ,2026-03-05,5505.0,6300.0,5505.0,14.822000000000001,Rs./Quintal,Metric Tonnes
Madhya Pradesh,Morena,Sabalgarh APMC,Mustard,Sarson(Black),FAQ,2026-03-05,5795.0,5795.0,5795.0,0.30000000000000004,Rs./Quintal,Metric Tonnes
Madhya Pradesh,Morena,Sabalgarh(F&V) APMC,Tomato,Deshi,FAQ,2026-03-05,300.0,300.0,300.0,2.0,Rs./Quintal,Metric Tonnes
Madhya Pradesh,Sagar,Sagar APMC,Bengal Gram(Gram)(Whole),Gram,FAQ,2026-03-05,3500.0,5165.0,5155.0,9.779000000000002,Rs./Quintal,Metric Tonnes
Madhya Pradesh,Sagar,Sagar APMC,Green Peas,Pea,FAQ,2026-03-05,3205.0,3590.0,3590.0,7.064,Rs./Quintal,Metric Tonnes
Madhya Pradesh,Sagar,Sagar APMC,Lak(Teora),Tiwada,FAQ,2026-03-05,2800.0,3095.0,3045.0,10.838000000000001,Rs./Quintal,Metric Tonnes
Madhya Pradesh,Sagar,Sagar APMC,Lentil(Masur)(Whole),Masur Dal,FAQ,2026-03-05,3850.0,7100.0,6605.0,78.01100000000001,Rs./Quintal,Metric Tonnes
Madhya Pradesh,Sagar,Sagar APMC,Maize,Local,FAQ,2026-03-05,1400.0,1615.0,1615.0,32.693000000000005,Rs./Quintal,Metric Tonnes
Madhya Pradesh,Sagar,Sagar APMC,Mustard,Mustard,FAQ,2026-03-05,5000.0,7150.0,7150.0,6.971,Rs./Quintal,Metric Tonnes
Madhya Pradesh,Sagar,Sagar APMC,Onion,Onion,FAQ,2026-03-05,860.0,860.0,860.0,25.200000000000003,Rs./Quintal,Metric Tonnes
Madhya Pradesh,Sagar,Sagar APMC,Soyabean,Soyabeen,FAQ,2026-03-05,4580.0,5385.0,5385.0,52.425000000000004,Rs./Quintal,Metric Tonnes
Madhya Pradesh,Sagar,Sagar APMC,Wheat,Wheat,FAQ,2026-03-05,2100.0,2500.0,2210.0,51.526,Rs./Quintal,Metric Tonnes
Madhya Pradesh,Sagar,Sagar APMC,buttery,Buttery,FAQ,2026-03-05,2705.0,3980.0,3980.0,9.459999999999999,Rs./Quintal,Metric Tonnes
Madhya Pradesh,Sagar,Sagar(F&V) APMC,Bhindi(Ladies Finger),Bhindi,Local,2026-03-05,1000.0,2000.0,1500.0,1.0,Rs./Quintal,Metric Tonnes
Madhya Pradesh,Sagar,Sagar(F&V) APMC,Bitter gourd,Bitter Gourd,Local,2026-03-05,1000.0,2000.0,1500.0,1.0,Rs./Quintal,Metric Tonnes
Madhya Pradesh,Sagar,Sagar(F&V) APMC,Bottle gourd,Bottle Gourd,Local,2026-03-05,600.0,1000.0,800.0,3.9000000000000004,Rs./Quintal,Metric Tonnes
Madhya Pradesh,Sagar,Sagar(F&V) APMC,Brinjal,Brinjal,Local,2026-03-05,500.0,800.0,700.0,2.8000000000000003,Rs./Quintal,Metric Tonnes
Madhya Pradesh,Sagar,Sagar(F&V) APMC,Capsicum,Capsicum,Local,2026-03-05,1200.0,1800.0,1600.0,0.8,Rs./Quintal,Metric Tonnes
Madhya Pradesh,Sagar,Sagar(F&V) APMC,Carrot,Carrot,Local,2026-03-05,600.0,1000.0,800.0,2.5,Rs./Quintal,Metric Tonnes
Madhya Pradesh,Sagar,Sagar(F&V) APMC,Cauliflower,Cauliflower,Local,2026-03-05,300.0,1000.0,500.0,8.0,Rs./Quintal,Metric Tonnes
Madhya Pradesh,Sagar,Sagar(F&V) APMC,Cucumbar(Kheera),Cucumbar,Local,2026-03-05,1000.0,1400.0,1200.0,2.2,Rs./Quintal,Metric Tonnes
Madhya Pradesh,Sagar,Sagar(F&V) APMC,Garlic,Garlic,Local,2026-03-05,5000.0,7000.0,6000.0,0.5,Rs./Quintal,Metric Tonnes
Madhya Pradesh,Sagar,Sagar(F&V) APMC,Indian Beans(Seam),Beans or Semi,Local,2026-03-05,600.0,1000.0,800.0,1.5,Rs./Quintal,Metric Tonnes
Madhya Pradesh,Sagar,Sagar(F&V) APMC,Lemon,Lemon,Local,2026-03-05,4000.0,6000.0,5000.0,0.4,Rs./Quintal,Metric Tonnes
Madhya Pradesh,Sagar,Sagar(F&V) APMC,Onion,Onion,Local,2026-03-05,800.0,1000.0,900.0,25.6,Rs./Quintal,Metric Tonnes
Madhya Pradesh,Sagar,Sagar(F&V) APMC,Peas Wet,Peas Wet,Local,2026-03-05,1000.0,2000.0,1500.0,1.0,Rs./Quintal,Metric Tonnes
Madhya Pradesh,Sagar,Sagar(F&V) APMC,Potato,Other,Local,2026-03-05,600.0,800.0,700.0,1.8,Rs./Quintal,Metric Tonnes
Madhya Pradesh,Sagar,Sagar(F&V) APMC,Pumpkin,Pumpkin,Local,2026-03-05,600.0,1000.0,800.0,1.4000000000000001,Rs./Quintal,Metric Tonnes
Madhya Pradesh,Sagar,Sagar(F&V) APMC,Raddish,Raddish,Local,2026-03-05,300.0,700.0,500.0,1.0,Rs./Quintal,Metric Tonnes
Madhya Pradesh,Sagar,Sagar(F&V) APMC,Spinach,Spinach,Local,2026-03-05,300.0,700.0,500.0,1.0,Rs./Quintal,Metric Tonnes
Madhya Pradesh,Sagar,Sagar(F&V) APMC,Sponge gourd,Sponge gourd,Local,2026-03-05,1000.0,2000.0,1500.0,1.0,Rs./Quintal,Metric Tonnes
Madhya Pradesh,Sagar,Sagar(F&V) APMC,Tomato,Deshi,Local,2026-03-05,300.0,700.0,500.0,6.5,Rs./Quintal,Metric Tonnes
Madhya Pradesh,Ratlam,Sailana APMC,Cotton,Without Ginned Cotton,FAQ,2026-03-05,4600.0,8050.0,8000.0,48.965,Rs./Quintal,Metric Tonnes
Madhya Pradesh,Ratlam,Sailana APMC,Wheat,Wheat,FAQ,2026-03-05,2000.0,2410.0,2300.0,40.230000000000004,Rs./Quintal,Metric Tonnes
Madhya Pradesh,Khargone,Sanawad APMC,Bengal Gram(Gram)(Whole),Gram,FAQ,2026-03-05,4955.0,6700.0,6700.0,11.426000000000002,Rs./Quintal,Metric Tonnes
Madhya Pradesh,Khargone,Sanawad APMC,Kabuli Chana(Chickpeas-White),Dollar Gram,FAQ,2026-03-05,6000.0,8275.0,7800.0,37.661,Rs./Quintal,Metric Tonnes
Madhya Pradesh,Khargone,Sanawad APMC,Maize,Local,FAQ,2026-03-05,1449.0,1449.0,1449.0,0.231,Rs./Quintal,Metric Tonnes
Madhya Pradesh,Khargone,Sanawad APMC,Red gram/Arhar/Tur(whole),Arhar Dal(Tur),FAQ,2026-03-05,5030.0,5030.0,5030.0,0.42500000000000004,Rs./Quintal,Metric Tonnes
Madhya Pradesh,Khargone,Sanawad APMC,Soyabean,Soyabeen,Non-FAQ,2026-03-05,3620.0,3620.0,3620.0,5.370000000000001,Rs./Quintal,Metric Tonnes
Madhya Pradesh,Khargone,Sanawad APMC,Wheat,Wheat,FAQ,2026-03-05,2149.0,2230.0,2195.0,44.346000000000004,Rs./Quintal,Metric Tonnes
Madhya Pradesh,Khandwa,Sanawad(F&V) APMC,Bhindi(Ladies Finger),Bhindi,Grade A,2026-03-05,1300.0,1500.0,1400.0,1.0,Rs./Quintal,Metric Tonnes
Madhya Pradesh,Khandwa,Sanawad(F&V) APMC,Bottle gourd,Bottle Gourd,Grade A,2026-03-05,800.0,1000.0,900.0,1.8,Rs./Quintal,Metric Tonnes
Madhya Pradesh,Khandwa,Sanawad(F&V) APMC,Onion,Onion,Grade A,2026-03-05,1300.0,1500.0,1400.0,1.0,Rs./Quintal,Metric Tonnes
Madhya Pradesh,Khandwa,Sanawad(F&V) APMC,Pumpkin,Other,Grade A,2026-03-05,1300.0,1500.0,1400.0,1.0,Rs./Quintal,Metric Tonnes
Madhya Pradesh,Khandwa,Sanawad(F&V) APMC,Tomato,Deshi,Grade A,2026-03-05,500.0,700.0,600.0,2.0,Rs./Quintal,Metric Tonnes
Madhya Pradesh,Indore,Sanwer APMC,Soyabean,Soyabeen,FAQ,2026-03-05,2700.0,5405.0,4800.0,92.608,Rs./Quintal,Metric Tonnes
Madhya Pradesh,Indore,Sanwer APMC,Wheat,Wheat,FAQ,2026-03-05,2011.0,2541.0,2121.0,159.41700000000003,Rs./Quintal,Metric Tonnes
Madhya Pradesh,Indore,Sanwer APMC,Wheat,Wheat,Non-FAQ,2026-03-05,2050.0,2500.0,2411.0,141.16400000000002,Rs./Quintal,Metric Tonnes
Madhya Pradesh,Indore,Sanwer(F&V) APMC,Bhindi(Ladies Finger),Bhindi,Grade A,2026-03-05,3000.0,3500.0,3300.0,0.08000000000000002,Rs./Quintal,Metric Tonnes
Madhya Pradesh,Indore,Sanwer(F&V) APMC,Bottle gourd,Bottle Gourd,Grade A,2026-03-05,800.0,1000.0,900.0,0.2,Rs./Quintal,Metric Tonnes
Madhya Pradesh,Indore,Sanwer(F&V) APMC,Brinjal,Brinjal,Grade A,2026-03-05,600.0,1000.0,800.0,0.1,Rs./Quintal,Metric Tonnes
Madhya Pradesh,Indore,Sanwer(F&V) APMC,Cabbage,Cabbage,Grade A,2026-03-05,800.0,1500.0,1300.0,0.18000000000000002,Rs./Quintal,Metric Tonnes
Madhya Pradesh,Indore,Sanwer(F&V) APMC,Cauliflower,Cauliflower,Grade A,2026-03-05,400.0,700.0,600.0,1.2000000000000002,Rs./Quintal,Metric Tonnes
Madhya Pradesh,Indore,Sanwer(F&V) APMC,Green Chilli,Green Chilly,Grade A,2026-03-05,4500.0,5000.0,4700.0,0.06,Rs./Quintal,Metric Tonnes
Madhya Pradesh,Indore,Sanwer(F&V) APMC,Methi(Leaves),Methi,Grade A,2026-03-05,1000.0,1800.0,1500.0,0.2,Rs./Quintal,Metric Tonnes
Madhya Pradesh,Indore,Sanwer(F&V) APMC,Onion,Onion,Grade A,2026-03-05,500.0,1000.0,850.0,0.2,Rs./Quintal,Metric Tonnes
Madhya Pradesh,Indore,Sanwer(F&V) APMC,Potato,Potato,Grade A,2026-03-05,800.0,1000.0,900.0,0.4,Rs./Quintal,Metric Tonnes
Madhya Pradesh,Indore,Sanwer(F&V) APMC,Raddish,Raddish,Grade A,2026-03-05,800.0,1000.0,900.0,0.1,Rs./Quintal,Metric Tonnes
Madhya Pradesh,Indore,Sanwer(F&V) APMC,Spinach,Spinach,Grade A,2026-03-05,700.0,1000.0,800.0,0.15000000000000002,Rs./Quintal,Metric Tonnes
Madhya Pradesh,Indore,Sanwer(F&V) APMC,Sponge gourd,Sponge gourd,Grade A,2026-03-05,3200.0,3800.0,3500.0,0.04000000000000001,Rs./Quintal,Metric Tonnes
Madhya Pradesh,Indore,Sanwer(F&V) APMC,Tomato,Tomato,Grade A,2026-03-05,800.0,1500.0,1300.0,0.2,Rs./Quintal,Metric Tonnes
Madhya Pradesh,Rajgarh,Sarangpur APMC,Bengal Gram(Gram)(Whole),Gram,FAQ,2026-03-05,4000.0,5000.0,5000.0,10.485,Rs./Quintal,Metric Tonnes
Madhya Pradesh,Rajgarh,Sarangpur APMC,Lentil(Masur)(Whole),Masur Dal,FAQ,2026-03-05,5700.0,6490.0,6400.0,35.666000000000004,Rs./Quintal,Metric Tonnes
Madhya Pradesh,Rajgarh,Sarangpur APMC,Lentil(Masur)(Whole),Masur Dal,Non-FAQ,2026-03-05,6051.0,6500.0,6500.0,2.479,Rs./Quintal,Metric Tonnes
Madhya Pradesh,Rajgarh,Sarangpur APMC,Mustard,Mustard,Non-FAQ,2026-03-05,5076.0,5970.0,5860.0,47.492000000000004,Rs./Quintal,Metric Tonnes
Madhya Pradesh,Rajgarh,Sarangpur APMC,Mustard,Mustard,FAQ,2026-03-05,5450.0,5850.0,5826.0,25.986000000000004,Rs./Quintal,Metric Tonnes
Madhya Pradesh,Rajgarh,Sarangpur APMC,Onion,Local,Non-FAQ,2026-03-05,363.0,422.0,422.0,10.0,Rs./Quintal,Metric Tonnes
Madhya Pradesh,Rajgarh,Sarangpur APMC,Orange,Orange,Small,2026-03-05,1257.0,2566.0,2566.0,15.0,Rs./Quintal,Metric Tonnes
Madhya Pradesh,Rajgarh,Sarangpur APMC,Soyabean,Soyabeen,FAQ,2026-03-05,4569.0,4621.0,4621.0,24.345,Rs./Quintal,Metric Tonnes
Madhya Pradesh,Rajgarh,Sarangpur APMC,Soyabean,Yellow,FAQ,2026-03-05,4250.0,5299.0,5299.0,2.318,Rs./Quintal,Metric Tonnes
Madhya Pradesh,Rajgarh,Sarangpur APMC,Soyabean,Yellow,Non-FAQ,2026-03-05,4951.0,5346.0,5346.0,8.285,Rs./Quintal,Metric Tonnes
Madhya Pradesh,Rajgarh,Sarangpur APMC,Wheat,Mill Quality,FAQ,2026-03-05,2050.0,2310.0,2200.0,76.677,Rs./Quintal,Metric Tonnes
Madhya Pradesh,Rajgarh,Sarangpur APMC,Wheat,Wheat,FAQ,2026-03-05,2130.0,2244.0,2244.0,23.657,Rs./Quintal,Metric Tonnes
Madhya Pradesh,Rajgarh,Sarangpur APMC,Wheat,Lokwan,FAQ,2026-03-05,2211.0,2211.0,2211.0,0.17900000000000002,Rs./Quintal,Metric Tonnes
Madhya Pradesh,Rajgarh,Sarangpur APMC,Wheat,Wheat,Non-FAQ,2026-03-05,1751.0,2225.0,2200.0,22.85,Rs./Quintal,Metric Tonnes
Madhya Pradesh,Rajgarh,Sarangpur(F&V) APMC,Bhindi(Ladies Finger),Bhindi,Grade B,2026-03-05,1100.0,1100.0,1100.0,0.6,Rs./Quintal,Metric Tonnes
Madhya Pradesh,Rajgarh,Sarangpur(F&V) APMC,Bottle gourd,Bottle Gourd,Grade B,2026-03-05,1100.0,1100.0,1100.0,0.7,Rs./Quintal,Metric Tonnes
Madhya Pradesh,Rajgarh,Sarangpur(F&V) APMC,Brinjal,Brinjal,Grade B,2026-03-05,900.0,900.0,900.0,0.8,Rs./Quintal,Metric Tonnes
Madhya Pradesh,Rajgarh,Sarangpur(F&V) APMC,Cabbage,Cabbage,Grade B,2026-03-05,1000.0,1000.0,1000.0,0.6,Rs./Quintal,Metric Tonnes
Madhya Pradesh,Rajgarh,Sarangpur(F&V) APMC,Cauliflower,Cauliflower,Grade B,2026-03-05,1000.0,1000.0,1000.0,0.7,Rs./Quintal,Metric Tonnes
Madhya Pradesh,Rajgarh,Sarangpur(F&V) APMC,Green Chilli,Green Chilly,Grade B,2026-03-05,1300.0,1300.0,1300.0,0.6,Rs./Quintal,Metric Tonnes
Madhya Pradesh,Rajgarh,Sarangpur(F&V) APMC,Tomato,Tomato,Grade B,2026-03-05,1200.0,1200.0,1200.0,0.5,Rs./Quintal,Metric Tonnes
Madhya Pradesh,Satna,Satna APMC,Gur(Jaggery),Jaggery,FAQ,2026-03-05,3975.0,3975.0,3975.0,8.1,Rs./Quintal,Metric Tonnes
Madhya Pradesh,Satna,Satna APMC,Mustard,Mustard,Non-FAQ,2026-03-05,5699.0,6000.0,6000.0,21.548000000000002,Rs./Quintal,Metric Tonnes
Madhya Pradesh,Satna,Satna APMC,Mustard,Mustard,FAQ,2026-03-05,5700.0,6200.0,6000.0,78.93900000000001,Rs./Quintal,Metric Tonnes
Madhya Pradesh,Satna,Satna APMC,Wheat,Wheat,FAQ,2026-03-05,2303.0,2305.0,2305.0,6.41,Rs./Quintal,Metric Tonnes
Madhya Pradesh,Satna,Satna(F&V) APMC,Grapes,Green,Grade A,2026-03-05,5000.0,5000.0,5000.0,0.6000000000000001,Rs./Quintal,Metric Tonnes
Madhya Pradesh,Satna,Satna(F&V) APMC,Orange,Other,Grade A,2026-03-05,2800.0,2800.0,2800.0,2.5,Rs./Quintal,Metric Tonnes
Madhya Pradesh,Satna,Satna(F&V) APMC,Papaya,Papaya,Grade A,2026-03-05,1400.0,1400.0,1400.0,1.2000000000000002,Rs./Quintal,Metric Tonnes
Madhya Pradesh,Chhindwara,Saunsar APMC,Maize,Yellow,FAQ,2026-03-05,1470.0,1650.0,1650.0,86.7,Rs./Quintal,Metric Tonnes
Madhya Pradesh,Khargone,Segaon APMC,Bengal Gram(Gram)(Whole),Gram,FAQ,2026-03-05,4900.0,5000.0,5000.0,4.62,Rs./Quintal,Metric Tonnes
Madhya Pradesh,Khargone,Segaon APMC,Maize,Local,FAQ,2026-03-05,1525.0,1525.0,1525.0,4.1049999999999995,Rs./Quintal,Metric Tonnes
Madhya Pradesh,Khargone,Segaon APMC,Wheat,Wheat,FAQ,2026-03-05,2100.0,2390.0,2250.0,84.94500000000001,Rs./Quintal,Metric Tonnes
Madhya Pradesh,Khargone,Segaon APMC,Wheat,Wheat,Non-FAQ,2026-03-05,2225.0,2401.0,2390.0,32.510000000000005,Rs./Quintal,Metric Tonnes
Madhya Pradesh,Sehore,Sehore APMC,Soyabean,Yellow,FAQ,2026-03-05,5095.0,5095.0,5095.0,9.805,Rs./Quintal,Metric Tonnes
Madhya Pradesh,Sehore,Sehore(F&V) APMC,Bhindi(Ladies Finger),Bhindi,Grade Range-1,2026-03-05,2500.0,3500.0,3000.0,0.4,Rs./Quintal,Metric Tonnes
Madhya Pradesh,Sehore,Sehore(F&V) APMC,Bottle gourd,Bottle Gourd,Grade Range-1,2026-03-05,2000.0,3000.0,2500.0,0.8,Rs./Quintal,Metric Tonnes
Madhya Pradesh,Sehore,Sehore(F&V) APMC,Brinjal,Brinjal,Grade Range-1,2026-03-05,1000.0,1500.0,1200.0,0.8,Rs./Quintal,Metric Tonnes
Madhya Pradesh,Sehore,Sehore(F&V) APMC,Cabbage,Cabbage,Grade Range-1,2026-03-05,1000.0,1500.0,1200.0,0.8,Rs./Quintal,Metric Tonnes
Madhya Pradesh,Sehore,Sehore(F&V) APMC,Capsicum,Capsicum,Grade Range-1,2026-03-05,2200.0,3500.0,3000.0,0.4,Rs./Quintal,Metric Tonnes
Madhya Pradesh,Sehore,Sehore(F&V) APMC,Carrot,Carrot,Grade Range-1,2026-03-05,1500.0,2000.0,1800.0,0.6000000000000001,Rs./Quintal,Metric Tonnes
Madhya Pradesh,Sehore,Sehore(F&V) APMC,Cauliflower,African Sarson,Grade Range-1,2026-03-05,1500.0,3000.0,2000.0,0.6000000000000001,Rs./Quintal,Metric Tonnes
Madhya Pradesh,Sehore,Sehore(F&V) APMC,Cucumbar(Kheera),Cucumbar,Grade Range-1,2026-03-05,1000.0,2000.0,1500.0,0.6000000000000001,Rs./Quintal,Metric Tonnes
Madhya Pradesh,Sehore,Sehore(F&V) APMC,Ginger(Green),Green Ginger,Grade Range-1,2026-03-05,4000.0,5000.0,4500.0,0.5,Rs./Quintal,Metric Tonnes
Madhya Pradesh,Sehore,Sehore(F&V) APMC,Green Chilli,Green Chilly,Grade Range-1,2026-03-05,3500.0,6000.0,5000.0,0.6000000000000001,Rs./Quintal,Metric Tonnes
Madhya Pradesh,Sehore,Sehore(F&V) APMC,Green Peas,Gemin Peas Dal,Grade Range-1,2026-03-05,2000.0,3000.0,2500.0,0.5,Rs./Quintal,Metric Tonnes
Madhya Pradesh,Sehore,Sehore(F&V) APMC,Lemon,Lemon,Grade Range-1,2026-03-05,10000.0,13000.0,12000.0,0.2,Rs./Quintal,Metric Tonnes
Madhya Pradesh,Sehore,Sehore(F&V) APMC,Methi(Leaves),Fenugreek-Organic,Grade Range-1,2026-03-05,1000.0,1500.0,1200.0,1.0,Rs./Quintal,Metric Tonnes
Madhya Pradesh,Sehore,Sehore(F&V) APMC,Pumpkin,Other,Grade Range-1,2026-03-05,1500.0,3000.0,2000.0,0.6000000000000001,Rs./Quintal,Metric Tonnes
Madhya Pradesh,Sehore,Sehore(F&V) APMC,Spinach,Other,Grade Range-1,2026-03-05,1000.0,1500.0,1200.0,1.0,Rs./Quintal,Metric Tonnes
Madhya Pradesh,Sehore,Sehore(F&V) APMC,Sponge gourd,Sponge gourd,Grade Range-1,2026-03-05,2500.0,3500.0,3000.0,0.4,Rs./Quintal,Metric Tonnes
Madhya Pradesh,Sehore,Sehore(F&V) APMC,Tomato,Deshi,Grade Range-1,2026-03-05,800.0,1000.0,900.0,1.5,Rs./Quintal,Metric Tonnes
Madhya Pradesh,Hoshangabad,Semriharchand APMC,Paddy(Common),Basmati,FAQ,2026-03-05,701.0,4200.0,3980.0,95.22000000000001,Rs./Quintal,Metric Tonnes
Madhya Pradesh,Hoshangabad,Semriharchand APMC,Paddy(Common),Puspa (MR 301),FAQ,2026-03-05,3465.0,4120.0,3910.0,254.57,Rs./Quintal,Metric Tonnes
Madhya Pradesh,Badwani,Sendhwa APMC,Cotton,Without Ginned Cotton,FAQ,2026-03-05,6200.0,8500.0,8450.0,92.48500000000001,Rs./Quintal,Metric Tonnes
Madhya Pradesh,Badwani,Sendhwa APMC,Maize,Local,FAQ,2026-03-05,1150.0,1595.0,1500.0,140.385,Rs./Quintal,Metric Tonnes
Madhya Pradesh,Badwani,Sendhwa APMC,Wheat,Wheat,FAQ,2026-03-05,2170.0,2290.0,2230.0,56.21000000000001,Rs./Quintal,Metric Tonnes
Madhya Pradesh,Badwani,Sendhwa(F&V) APMC,Bhindi(Ladies Finger),Bhindi,Local,2026-03-05,1500.0,2400.0,1800.0,0.1,Rs./Quintal,Metric Tonnes
Madhya Pradesh,Badwani,Sendhwa(F&V) APMC,Bottle gourd,Bottle Gourd,Medium,2026-03-05,900.0,1300.0,1100.0,0.30000000000000004,Rs./Quintal,Metric Tonnes
Madhya Pradesh,Badwani,Sendhwa(F&V) APMC,Brinjal,Round,Small,2026-03-05,1400.0,2300.0,1800.0,0.9,Rs./Quintal,Metric Tonnes
Madhya Pradesh,Badwani,Sendhwa(F&V) APMC,Carrot,Carrot,Medium,2026-03-05,1400.0,1800.0,1600.0,0.1,Rs./Quintal,Metric Tonnes
Madhya Pradesh,Badwani,Sendhwa(F&V) APMC,Cauliflower,Cauliflower,Medium,2026-03-05,1200.0,2300.0,1800.0,0.1,Rs./Quintal,Metric Tonnes
Madhya Pradesh,Badwani,Sendhwa(F&V) APMC,Green Chilli,Green Chilly,Medium,2026-03-05,1200.0,1600.0,1400.0,0.30000000000000004,Rs./Quintal,Metric Tonnes
Madhya Pradesh,Badwani,Sendhwa(F&V) APMC,Methi(Leaves),Methi,Local,2026-03-05,1000.0,1500.0,1200.0,0.2,Rs./Quintal,Metric Tonnes
Madhya Pradesh,Badwani,Sendhwa(F&V) APMC,Onion,Red,Medium,2026-03-05,900.0,1300.0,1100.0,1.0,Rs./Quintal,Metric Tonnes
Madhya Pradesh,Badwani,Sendhwa(F&V) APMC,Peas Wet,Peas Wet,Medium,2026-03-05,1400.0,2300.0,1600.0,0.1,Rs./Quintal,Metric Tonnes
Madhya Pradesh,Badwani,Sendhwa(F&V) APMC,Pumpkin,Pumpkin,Medium,2026-03-05,1200.0,1500.0,1300.0,0.1,Rs./Quintal,Metric Tonnes
Madhya Pradesh,Badwani,Sendhwa(F&V) APMC,Spinach,Spinach,Local,2026-03-05,1000.0,1300.0,1100.0,0.2,Rs./Quintal,Metric Tonnes
Madhya Pradesh,Badwani,Sendhwa(F&V) APMC,Tomato,Hybrid,Medium,2026-03-05,1400.0,1900.0,1600.0,1.0,Rs./Quintal,Metric Tonnes
Madhya Pradesh,Seoni,Seoni APMC,Bengal Gram(Gram)(Whole),Gram,Non-FAQ,2026-03-05,4900.0,4900.0,4900.0,4.0,Rs./Quintal,Metric Tonnes
Madhya Pradesh,Seoni,Seoni APMC,Maize,Local,Non-FAQ,2026-03-05,1511.0,1620.0,1600.0,98.5,Rs./Quintal,Metric Tonnes
Madhya Pradesh,Seoni,Seoni APMC,Mustard,Mustard,Non-FAQ,2026-03-05,5150.0,5200.0,5200.0,7.6000000000000005,Rs./Quintal,Metric Tonnes
Madhya Pradesh,Seoni,Seoni APMC,Wheat,Wheat,Non-FAQ,2026-03-05,2150.0,2300.0,2300.0,17.5,Rs./Quintal,Metric Tonnes
Madhya Pradesh,Seoni,Seoni(F&V) APMC,Apple,Apple-Organic,Grade C,2026-03-05,4800.0,4800.0,4800.0,1.25,Rs./Quintal,Metric Tonnes
Madhya Pradesh,Seoni,Seoni(F&V) APMC,Bhindi(Ladies Finger),Bhindi,Grade C,2026-03-05,1100.0,1100.0,1100.0,0.54,Rs./Quintal,Metric Tonnes
Madhya Pradesh,Seoni,Seoni(F&V) APMC,Bottle gourd,Bottle Gourd,Grade C,2026-03-05,910.0,910.0,910.0,1.44,Rs./Quintal,Metric Tonnes
Madhya Pradesh,Seoni,Seoni(F&V) APMC,Brinjal,Brinjal,Grade C,2026-03-05,900.0,900.0,900.0,1.24,Rs./Quintal,Metric Tonnes
Madhya Pradesh,Seoni,Seoni(F&V) APMC,Capsicum,Capsicum,Grade C,2026-03-05,900.0,900.0,900.0,0.8,Rs./Quintal,Metric Tonnes
Madhya Pradesh,Seoni,Seoni(F&V) APMC,Carrot,Carrot,Grade C,2026-03-05,850.0,850.0,850.0,0.42,Rs./Quintal,Metric Tonnes
Madhya Pradesh,Seoni,Seoni(F&V) APMC,Cauliflower,Cauliflower,Grade C,2026-03-05,970.0,970.0,970.0,1.17,Rs./Quintal,Metric Tonnes
Madhya Pradesh,Seoni,Seoni(F&V) APMC,Cucumbar(Kheera),Cucumbar,Grade C,2026-03-05,930.0,930.0,930.0,0.64,Rs./Quintal,Metric Tonnes
Madhya Pradesh,Seoni,Seoni(F&V) APMC,Garlic,Desi,Local,2026-03-05,7100.0,7100.0,7100.0,0.16,Rs./Quintal,Metric Tonnes
Madhya Pradesh,Seoni,Seoni(F&V) APMC,Ginger(Green),Green Ginger,Grade C,2026-03-05,3100.0,3100.0,3100.0,0.24,Rs./Quintal,Metric Tonnes
Madhya Pradesh,Seoni,Seoni(F&V) APMC,Green Chilli,Green Chilly,Grade C,2026-03-05,2200.0,2200.0,2200.0,0.8,Rs./Quintal,Metric Tonnes
Madhya Pradesh,Seoni,Seoni(F&V) APMC,Onion,Local,Grade C,2026-03-05,979.0,979.0,979.0,3.35,Rs./Quintal,Metric Tonnes
Madhya Pradesh,Seoni,Seoni(F&V) APMC,Potato,Desi,Grade C,2026-03-05,910.0,910.0,910.0,4.75,Rs./Quintal,Metric Tonnes
Madhya Pradesh,Seoni,Seoni(F&V) APMC,Raddish,Raddish,Grade C,2026-03-05,880.0,880.0,880.0,0.48,Rs./Quintal,Metric Tonnes
Madhya Pradesh,Seoni,Seoni(F&V) APMC,Spinach,Spinach,Grade C,2026-03-05,960.0,960.0,960.0,0.36,Rs./Quintal,Metric Tonnes
Madhya Pradesh,Seoni,Seoni(F&V) APMC,Tomato,Deshi,Grade C,2026-03-05,700.0,700.0,700.0,3.75,Rs./Quintal,Metric Tonnes
Madhya Pradesh,Sagar,Shahagarh APMC,Soyabean,Soyabeen,Non-FAQ,2026-03-05,4750.0,5000.0,5000.0,12.3,Rs./Quintal,Metric Tonnes
Madhya Pradesh,Sagar,Shahagarh APMC,Wheat,Mill Quality,Non-FAQ,2026-03-05,2175.0,2221.0,2210.0,50.5,Rs./Quintal,Metric Tonnes
Madhya Pradesh,Shehdol,Shahdol APMC,Paddy(Common),Dhan,Non-FAQ,2026-03-05,1800.0,1800.0,1800.0,20.0,Rs./Quintal,Metric Tonnes
Madhya Pradesh,Shajapur,Shajapur APMC,Bengal Gram(Gram)(Whole),Gram,FAQ,2026-03-05,4605.0,5105.0,5105.0,3.382,Rs./Quintal,Metric Tonnes
Madhya Pradesh,Shajapur,Shajapur APMC,Kabuli Chana(Chickpeas-White),Bitkey,FAQ,2026-03-05,3000.0,3000.0,3000.0,0.028999999999999998,Rs./Quintal,Metric Tonnes
Madhya Pradesh,Shajapur,Shajapur APMC,Lentil(Masur)(Whole),Masur Dal,FAQ,2026-03-05,5815.0,6300.0,6300.0,3.5380000000000003,Rs./Quintal,Metric Tonnes
Madhya Pradesh,Shajapur,Shajapur APMC,Mustard,Mustard,FAQ,2026-03-05,5300.0,6003.0,5680.0,119.751,Rs./Quintal,Metric Tonnes
Madhya Pradesh,Shajapur,Shajapur APMC,Soyabean,Soyabeen,FAQ,2026-03-05,4490.0,5281.0,5281.0,33.951,Rs./Quintal,Metric Tonnes
Madhya Pradesh,Shajapur,Shajapur APMC,Wheat,Wheat,FAQ,2026-03-05,2000.0,2298.0,2162.0,100.125,Rs./Quintal,Metric Tonnes
Madhya Pradesh,Mandsaur,Shamgarh APMC,Bengal Gram(Gram)(Whole),Gram,Non-FAQ,2026-03-05,4700.0,4856.0,4750.0,3.9890000000000003,Rs./Quintal,Metric Tonnes
Madhya Pradesh,Mandsaur,Shamgarh APMC,Black Gram(Urd Beans)(Whole),Urda/Urd,Non-FAQ,2026-03-05,5400.0,6300.0,6300.0,0.32000000000000006,Rs./Quintal,Metric Tonnes
Madhya Pradesh,Mandsaur,Shamgarh APMC,Lentil(Masur)(Whole),Masur Dal,Non-FAQ,2026-03-05,6010.0,6667.0,6640.0,11.508000000000001,Rs./Quintal,Metric Tonnes
Madhya Pradesh,Mandsaur,Shamgarh APMC,Maize,Local,Non-FAQ,2026-03-05,1201.0,1453.0,1453.0,0.5730000000000001,Rs./Quintal,Metric Tonnes
Madhya Pradesh,Mandsaur,Shamgarh APMC,Mustard,Mustard,Non-FAQ,2026-03-05,4101.0,7401.0,5999.0,18.617,Rs./Quintal,Metric Tonnes
Madhya Pradesh,Mandsaur,Shamgarh APMC,Mustard,Mustard,FAQ,2026-03-05,6057.0,6057.0,6057.0,0.78,Rs./Quintal,Metric Tonnes
Madhya Pradesh,Mandsaur,Shamgarh APMC,Onion,Onion,FAQ,2026-03-05,920.0,920.0,920.0,1.7149999999999999,Rs./Quintal,Metric Tonnes
Madhya Pradesh,Mandsaur,Shamgarh APMC,Onion,Onion,Non-FAQ,2026-03-05,920.0,920.0,920.0,2.984,Rs./Quintal,Metric Tonnes
Madhya Pradesh,Mandsaur,Shamgarh APMC,Soyabean,Soyabeen,Non-FAQ,2026-03-05,4500.0,5221.0,5221.0,1.545,Rs./Quintal,Metric Tonnes
Madhya Pradesh,Mandsaur,Shamgarh APMC,Wheat,Mill Quality,Non-FAQ,2026-03-05,2152.0,2350.0,2350.0,19.071,Rs./Quintal,Metric Tonnes
Madhya Pradesh,Mandsaur,Shamgarh APMC,Wheat,Wheat,FAQ,2026-03-05,2150.0,2150.0,2150.0,2.5,Rs./Quintal,Metric Tonnes
Madhya Pradesh,Mandsaur,Shamgarh APMC,Wheat,Wheat,Non-FAQ,2026-03-05,2069.0,2399.0,2399.0,19.384,Rs./Quintal,Metric Tonnes
Madhya Pradesh,Vidisha,Shamshabad APMC,Bengal Gram(Gram)(Whole),Gram,FAQ,2026-03-05,4490.0,4550.0,4550.0,1.6530000000000002,Rs./Quintal,Metric Tonnes
Madhya Pradesh,Vidisha,Shamshabad APMC,Mustard,Mustard,FAQ,2026-03-05,4301.0,5900.0,5400.0,31.634,Rs./Quintal,Metric Tonnes
Madhya Pradesh,Vidisha,Shamshabad APMC,Mustard,Mustard,Non-FAQ,2026-03-05,4521.0,5021.0,5021.0,7.6129999999999995,Rs./Quintal,Metric Tonnes
Madhya Pradesh,Vidisha,Shamshabad APMC,Soyabean,Soyabeen,FAQ,2026-03-05,4501.0,4845.0,4845.0,0.35800000000000004,Rs./Quintal,Metric Tonnes
Madhya Pradesh,Vidisha,Shamshabad APMC,Wheat,Wheat,FAQ,2026-03-05,2081.0,2192.0,2191.0,23.317,Rs./Quintal,Metric Tonnes
Madhya Pradesh,Sheopur,Sheopurkalan APMC,Mustard,Mustard,FAQ,2026-03-05,5400.0,6225.0,5500.0,70.52300000000001,Rs./Quintal,Metric Tonnes
Madhya Pradesh,Sheopur,Sheopurkalan(F&V) APMC,Brinjal,Brinjal,Medium,2026-03-05,1200.0,1500.0,1300.0,0.30000000000000004,Rs./Quintal,Metric Tonnes
Madhya Pradesh,Sheopur,Sheopurkalan(F&V) APMC,Cabbage,Cabbage,Medium,2026-03-05,1000.0,1200.0,1100.0,1.0,Rs./Quintal,Metric Tonnes
Madhya Pradesh,Sheopur,Sheopurkalan(F&V) APMC,Gram Raw(Chholia),Gram Raw(Chholia),Medium,2026-03-05,2000.0,2000.0,2000.0,0.5,Rs./Quintal,Metric Tonnes
Madhya Pradesh,Sheopur,Sheopurkalan(F&V) APMC,Green Chilli,Green Chilly,Medium,2026-03-05,5000.0,6000.0,5500.0,0.2,Rs./Quintal,Metric Tonnes
Madhya Pradesh,Sheopur,Sheopurkalan(F&V) APMC,Onion Green,Onion Green,Medium,2026-03-05,1500.0,1800.0,1600.0,0.2,Rs./Quintal,Metric Tonnes
Madhya Pradesh,Sheopur,Sheopurkalan(F&V) APMC,Papaya,Papaya,Medium,2026-03-05,2500.0,2800.0,2600.0,1.0,Rs./Quintal,Metric Tonnes
Madhya Pradesh,Sheopur,Sheopurkalan(F&V) APMC,Potato,Potato,Medium,2026-03-05,500.0,600.0,550.0,5.0,Rs./Quintal,Metric Tonnes
Madhya Pradesh,Shajapur,Shujalpur APMC,Bengal Gram(Gram)(Whole),Gram,FAQ,2026-03-05,4030.0,5281.0,4670.0,106.88900000000001,Rs./Quintal,Metric Tonnes
Madhya Pradesh,Shajapur,Shujalpur APMC,Coriander(Leaves),Coriander,FAQ,2026-03-05,7800.0,8890.0,8890.0,0.133,Rs./Bundle,Bundle
Madhya Pradesh,Shajapur,Shujalpur APMC,Garlic,Desi,FAQ,2026-03-05,1300.0,8202.0,3200.0,200.895,Rs./Quintal,Metric Tonnes
Madhya Pradesh,Shajapur,Shujalpur APMC,Kabuli Chana(Chickpeas-White),Dollar Gram,FAQ,2026-03-05,3500.0,6911.0,5540.0,30.602,Rs./Quintal,Metric Tonnes
Madhya Pradesh,Shajapur,Shujalpur APMC,Lentil(Masur)(Whole),Masur Dal,FAQ,2026-03-05,5000.0,6590.0,6100.0,11.3,Rs./Quintal,Metric Tonnes
Madhya Pradesh,Shajapur,Shujalpur APMC,Methi Seeds,Methiseeds,FAQ,2026-03-05,3791.0,3791.0,3791.0,0.07700000000000001,Rs./Quintal,Metric Tonnes
Madhya Pradesh,Shajapur,Shujalpur APMC,Mustard,Mustard,FAQ,2026-03-05,5002.0,6000.0,5881.0,196.673,Rs./Quintal,Metric Tonnes
Madhya Pradesh,Shajapur,Shujalpur APMC,Onion,Red,FAQ,2026-03-05,100.0,1352.0,900.0,36.945,Rs./Quintal,Metric Tonnes
Madhya Pradesh,Shajapur,Shujalpur APMC,Soyabean,Soyabeen,FAQ,2026-03-05,3200.0,5327.0,5240.0,18.024,Rs./Quintal,Metric Tonnes
Madhya Pradesh,Shajapur,Shujalpur APMC,Wheat,Wheat,FAQ,2026-03-05,1726.0,2398.0,2210.0,116.99200000000002,Rs./Quintal,Metric Tonnes
Madhya Pradesh,Sidhi,Sidhi APMC,Wheat,Mill Quality,Non-FAQ,2026-03-05,2220.0,2280.0,2250.0,41.6,Rs./Quintal,Metric Tonnes
Madhya Pradesh,Raisen,Silvani APMC,Bengal Gram(Gram)(Whole),Gram,FAQ,2026-03-05,4810.0,5280.0,5280.0,2.91,Rs./Quintal,Metric Tonnes
Madhya Pradesh,Raisen,Silvani APMC,Lak(Teora),Tiwada,FAQ,2026-03-05,3000.0,3280.0,3280.0,4.62,Rs./Quintal,Metric Tonnes
Madhya Pradesh,Raisen,Silvani APMC,Lentil(Masur)(Whole),Masur Dal,FAQ,2026-03-05,5105.0,6165.0,6165.0,1.6500000000000001,Rs./Quintal,Metric Tonnes
Madhya Pradesh,Raisen,Silvani APMC,Paddy(Common),Basmati,FAQ,2026-03-05,3750.0,4000.0,4000.0,97.74900000000001,Rs./Quintal,Metric Tonnes
Madhya Pradesh,Raisen,Silvani APMC,Wheat,Wheat,FAQ,2026-03-05,2200.0,2200.0,2200.0,0.4,Rs./Quintal,Metric Tonnes
Madhya Pradesh,Raisen,Silvani APMC,buttery,Buttery,FAQ,2026-03-05,4280.0,4360.0,4280.0,1.6,Rs./Quintal,Metric Tonnes
Madhya Pradesh,Singroli,Singroli APMC,Same/Savi,Saanva/Sama,FAQ,2026-03-05,2800.0,2800.0,2800.0,34.0,Rs./Quintal,Metric Tonnes
Madhya Pradesh,Harda,Sirali APMC,Bengal Gram(Gram)(Whole),Desi (F.A.Q. Split),FAQ,2026-03-05,4800.0,5199.0,5000.0,5.234000000000001,Rs./Quintal,Metric Tonnes
Madhya Pradesh,Harda,Sirali APMC,Maize,Local,FAQ,2026-03-05,1300.0,1545.0,1545.0,30.869,Rs./Quintal,Metric Tonnes
Madhya Pradesh,Harda,Sirali APMC,Soyabean,Soyabeen,FAQ,2026-03-05,4801.0,5170.0,4801.0,3.823,Rs./Quintal,Metric Tonnes
Madhya Pradesh,Harda,Sirali APMC,Wheat,Mill Quality,FAQ,2026-03-05,2206.0,2501.0,2440.0,39.158,Rs./Quintal,Metric Tonnes
Madhya Pradesh,Harda,Sirali APMC,Wheat,Wheat,FAQ,2026-03-05,2290.0,2290.0,2290.0,2.394,Rs./Quintal,Metric Tonnes
Madhya Pradesh,Mandsaur,Sitmau APMC,Bengal Gram(Gram)(Whole),Gram,FAQ,2026-03-05,4719.0,4885.0,4885.0,7.005,Rs./Quintal,Metric Tonnes
Madhya Pradesh,Mandsaur,Sitmau APMC,Coriander(Leaves),Coriander,FAQ,2026-03-05,8000.0,9399.0,9399.0,2.6370000000000005,Rs./Bundle,Bundle
Madhya Pradesh,Mandsaur,Sitmau APMC,Garlic,Garlic,FAQ,2026-03-05,1420.0,9090.0,4610.0,18.974,Rs./Quintal,Metric Tonnes
Madhya Pradesh,Mandsaur,Sitmau APMC,Lentil(Masur)(Whole),Masur Dal,FAQ,2026-03-05,5941.0,6281.0,6281.0,0.671,Rs./Quintal,Metric Tonnes
Madhya Pradesh,Mandsaur,Sitmau APMC,Linseed,Flaxseed,FAQ,2026-03-05,7500.0,7511.0,7511.0,1.155,Rs./Quintal,Metric Tonnes
Madhya Pradesh,Mandsaur,Sitmau APMC,Maize,Local,FAQ,2026-03-05,1400.0,1531.0,1400.0,3.9030000000000005,Rs./Quintal,Metric Tonnes
Madhya Pradesh,Mandsaur,Sitmau APMC,Methi Seeds,Methiseeds,FAQ,2026-03-05,5101.0,5200.0,5200.0,0.58,Rs./Quintal,Metric Tonnes
Madhya Pradesh,Mandsaur,Sitmau APMC,Mustard,Sarson(Black),FAQ,2026-03-05,5651.0,5735.0,5735.0,2.342,Rs./Quintal,Metric Tonnes
Madhya Pradesh,Mandsaur,Sitmau APMC,Mustard,Mustard,FAQ,2026-03-05,7541.0,7541.0,7541.0,0.7370000000000001,Rs./Quintal,Metric Tonnes
Madhya Pradesh,Mandsaur,Sitmau APMC,Soyabean,Yellow,FAQ,2026-03-05,2200.0,5232.0,4650.0,10.013,Rs./Quintal,Metric Tonnes
Madhya Pradesh,Mandsaur,Sitmau APMC,Wheat,Wheat,FAQ,2026-03-05,1820.0,3674.0,2211.0,137.981,Rs./Quintal,Metric Tonnes
Madhya Pradesh,Mandsaur,Sitmau APMC,Wheat,Lokwan,FAQ,2026-03-05,2150.0,2179.0,2179.0,3.4960000000000004,Rs./Quintal,Metric Tonnes
Madhya Pradesh,Dewas,Sonkatch APMC,Bengal Gram(Gram)(Whole),Gram,FAQ,2026-03-05,5101.0,5101.0,5101.0,1.026,Rs./Quintal,Metric Tonnes
Madhya Pradesh,Dewas,Sonkatch APMC,Lentil(Masur)(Whole),Masur Dal,FAQ,2026-03-05,5705.0,5705.0,5705.0,0.049,Rs./Quintal,Metric Tonnes
Madhya Pradesh,Dewas,Sonkatch APMC,Maize,Local,FAQ,2026-03-05,1421.0,1480.0,1480.0,2.4320000000000004,Rs./Quintal,Metric Tonnes
Madhya Pradesh,Dewas,Sonkatch APMC,Mustard,Mustard,FAQ,2026-03-05,4801.0,5891.0,5200.0,38.322,Rs./Quintal,Metric Tonnes
Madhya Pradesh,Dewas,Sonkatch APMC,Soyabean,Soyabeen,FAQ,2026-03-05,2500.0,5450.0,5200.0,18.582,Rs./Quintal,Metric Tonnes
Madhya Pradesh,Dewas,Sonkatch APMC,Wheat,Wheat,FAQ,2026-03-05,1801.0,2351.0,2110.0,112.24700000000001,Rs./Quintal,Metric Tonnes
Madhya Pradesh,Shajapur,Soyatkalan APMC,Coriander(Leaves),Coriander,FAQ,2026-03-05,7850.0,9999.0,8600.0,3.357,Rs./Bundle,Bundle
Madhya Pradesh,Shajapur,Soyatkalan APMC,Garlic,Garlic,FAQ,2026-03-05,2011.0,5555.0,5555.0,1.1199999999999999,Rs./Quintal,Metric Tonnes
Madhya Pradesh,Shajapur,Soyatkalan APMC,Lentil(Masur)(Whole),Masur Dal,FAQ,2026-03-05,6005.0,6780.0,6700.0,19.845,Rs./Quintal,Metric Tonnes
Madhya Pradesh,Shajapur,Soyatkalan APMC,Methi Seeds,Methiseeds,FAQ,2026-03-05,4995.0,4995.0,4995.0,0.05,Rs./Quintal,Metric Tonnes
Madhya Pradesh,Shajapur,Soyatkalan APMC,Mustard,Mustard,FAQ,2026-03-05,5605.0,5860.0,5840.0,10.911000000000001,Rs./Quintal,Metric Tonnes
Madhya Pradesh,Shajapur,Soyatkalan APMC,Onion,Onion,FAQ,2026-03-05,1055.0,1055.0,1055.0,0.9,Rs./Quintal,Metric Tonnes
Madhya Pradesh,Shajapur,Soyatkalan APMC,Onion,Onion,Non-FAQ,2026-03-05,290.0,635.0,635.0,0.802,Rs./Quintal,Metric Tonnes
Madhya Pradesh,Shajapur,Soyatkalan APMC,Soyabean,Soyabeen,FAQ,2026-03-05,5051.0,5051.0,5051.0,0.145,Rs./Quintal,Metric Tonnes
Madhya Pradesh,Shajapur,Soyatkalan APMC,Wheat,Wheat,Non-FAQ,2026-03-05,2130.0,2180.0,2180.0,23.0,Rs./Quintal,Metric Tonnes
Madhya Pradesh,Shajapur,Soyatkalan APMC,Wheat,Wheat,FAQ,2026-03-05,2140.0,2190.0,2190.0,1.4020000000000001,Rs./Quintal,Metric Tonnes
Madhya Pradesh,Shajapur,Susner APMC,Bengal Gram(Gram)(Whole),Gram,Non-FAQ,2026-03-05,4560.0,4660.0,4660.0,2.781,Rs./Quintal,Metric Tonnes
Madhya Pradesh,Shajapur,Susner APMC,Lentil(Masur)(Whole),Masur Dal,Non-FAQ,2026-03-05,6135.0,6618.0,6455.0,11.726,Rs./Quintal,Metric Tonnes
Madhya Pradesh,Shajapur,Susner APMC,Maize,Local,Non-FAQ,2026-03-05,1455.0,1455.0,1455.0,1.1900000000000002,Rs./Quintal,Metric Tonnes
Madhya Pradesh,Shajapur,Susner APMC,Mustard,Mustard,Non-FAQ,2026-03-05,5300.0,5945.0,5900.0,79.40100000000001,Rs./Quintal,Metric Tonnes
Madhya Pradesh,Shajapur,Susner APMC,Soyabean,Soyabeen,Non-FAQ,2026-03-05,5300.0,5300.0,5300.0,0.1,Rs./Quintal,Metric Tonnes
Madhya Pradesh,Shajapur,Susner APMC,Wheat,Wheat,Non-FAQ,2026-03-05,1506.0,2209.0,2200.0,81.37,Rs./Quintal,Metric Tonnes
Madhya Pradesh,Rajgarh,Suthalia APMC,Bengal Gram(Gram)(Whole),Gram,FAQ,2026-03-05,4945.0,4945.0,4945.0,0.22000000000000003,Rs./Quintal,Metric Tonnes
Madhya Pradesh,Rajgarh,Suthalia APMC,Mustard,Mustard,FAQ,2026-03-05,5650.0,5800.0,5800.0,3.3130000000000006,Rs./Quintal,Metric Tonnes
Madhya Pradesh,Rajgarh,Suthalia APMC,Wheat,Wheat,FAQ,2026-03-05,2149.0,2300.0,2300.0,33.712,Rs./Quintal,Metric Tonnes
Madhya Pradesh,Mandsaur,Suvasra APMC,Mustard,Mustard,FAQ,2026-03-05,5701.0,5891.0,5891.0,1.9050000000000002,Rs./Quintal,Metric Tonnes
Madhya Pradesh,Mandsaur,Suvasra APMC,Wheat,Wheat,Non-FAQ,2026-03-05,2056.0,2225.0,2206.0,144.54500000000002,Rs./Quintal,Metric Tonnes
Madhya Pradesh,Mandsaur,Suvasra APMC,Wheat,Mill Quality,FAQ,2026-03-05,2161.0,2230.0,2230.0,12.490000000000002,Rs./Quintal,Metric Tonnes
Madhya Pradesh,Mandsaur,Suvasra APMC,Wheat,Mill Quality,Non-FAQ,2026-03-05,2125.0,2136.0,2136.0,10.164000000000001,Rs./Quintal,Metric Tonnes
Madhya Pradesh,Ratlam,Taal APMC,Wheat,Wheat,Non-FAQ,2026-03-05,2050.0,2200.0,2165.0,29.382,Rs./Quintal,Metric Tonnes
Madhya Pradesh,Ratlam,Taal APMC,Wheat,Wheat Mix,FAQ,2026-03-05,2211.0,2211.0,2211.0,1.25,Rs./Quintal,Metric Tonnes
Madhya Pradesh,Ratlam,Taal APMC,Wheat,Wheat,FAQ,2026-03-05,2100.0,2651.0,2651.0,41.730000000000004,Rs./Quintal,Metric Tonnes
Madhya Pradesh,Ujjain,Tarana APMC,Bengal Gram(Gram)(Whole),Gram,FAQ,2026-03-05,4850.0,5250.0,5250.0,3.1210000000000004,Rs./Quintal,Metric Tonnes
Madhya Pradesh,Ujjain,Tarana APMC,Kabuli Chana(Chickpeas-White),Dollar Gram,FAQ,2026-03-05,6351.0,6351.0,6351.0,0.13999999999999999,Rs./Quintal,Metric Tonnes
Madhya Pradesh,Ujjain,Tarana APMC,Lentil(Masur)(Whole),Masur Dal,FAQ,2026-03-05,6301.0,6301.0,6301.0,0.082,Rs./Quintal,Metric Tonnes
Madhya Pradesh,Ujjain,Tarana APMC,Mustard,Mustard,FAQ,2026-03-05,5502.0,5702.0,5700.0,2.3760000000000003,Rs./Quintal,Metric Tonnes
Madhya Pradesh,Ujjain,Tarana APMC,Soyabean,Soyabeen,FAQ,2026-03-05,2424.0,5444.0,5000.0,249.18800000000002,Rs./Quintal,Metric Tonnes
Madhya Pradesh,Ujjain,Tarana APMC,Wheat,Wheat,FAQ,2026-03-05,1575.0,2500.0,2000.0,327.422,Rs./Quintal,Metric Tonnes
Madhya Pradesh,Narsinghpur,Tendukheda APMC,Lentil(Masur)(Whole),Masur Dal,Non-FAQ,2026-03-05,5600.0,5600.0,5600.0,3.5,Rs./Quintal,Metric Tonnes
Madhya Pradesh,Narsinghpur,Tendukheda APMC,Lentil(Masur)(Whole),Masur Dal,FAQ,2026-03-05,5725.0,5725.0,5725.0,0.438,Rs./Quintal,Metric Tonnes
Madhya Pradesh,Narsinghpur,Tendukheda APMC,Red gram/Arhar/Tur(whole),Arhar Dal(Tur),FAQ,2026-03-05,7200.0,7200.0,7200.0,0.6000000000000001,Rs./Quintal,Metric Tonnes
Madhya Pradesh,Narsinghpur,Tendukheda APMC,buttery,Buttery,FAQ,2026-03-05,4200.0,4200.0,4200.0,0.1,Rs./Quintal,Metric Tonnes
Madhya Pradesh,Jhabua,Thandla APMC,Bengal Gram(Gram)(Whole),Gram,FAQ,2026-03-05,4800.0,5000.0,4800.0,5.4270000000000005,Rs./Quintal,Metric Tonnes
Madhya Pradesh,Jhabua,Thandla APMC,Cotton,Without Ginned Cotton,FAQ,2026-03-05,7400.0,7500.0,7400.0,25.14,Rs./Quintal,Metric Tonnes
Madhya Pradesh,Jhabua,Thandla APMC,Soyabean,Yellow,FAQ,2026-03-05,5235.0,5328.0,5260.0,19.430000000000003,Rs./Quintal,Metric Tonnes
Madhya Pradesh,Jhabua,Thandla APMC,Wheat,Wheat,FAQ,2026-03-05,2050.0,2300.0,2100.0,66.173,Rs./Quintal,Metric Tonnes
Madhya Pradesh,Jhabua,Thandla APMC,Wheat,Mill Quality,FAQ,2026-03-05,2000.0,2250.0,2250.0,37.22,Rs./Quintal,Metric Tonnes
Madhya Pradesh,Tikamgarh,Tikamgarh APMC,Wheat,Mill Quality,FAQ,2026-03-05,2230.0,2250.0,2250.0,46.227000000000004,Rs./Quintal,Metric Tonnes
Madhya Pradesh,Harda,Timarni APMC,Bengal Gram(Gram)(Whole),Gram,FAQ,2026-03-05,4448.0,5151.0,5141.0,8.689,Rs./Quintal,Metric Tonnes
Madhya Pradesh,Harda,Timarni APMC,Green Gram(Moong)(Whole),Green (Whole),FAQ,2026-03-05,5501.0,7200.0,7200.0,5.2940000000000005,Rs./Quintal,Metric Tonnes
Madhya Pradesh,Harda,Timarni APMC,Maize,Local,FAQ,2026-03-05,1275.0,1635.0,1580.0,342.317,Rs./Quintal,Metric Tonnes
Madhya Pradesh,Harda,Timarni APMC,Mustard,Mustard,FAQ,2026-03-05,4801.0,5460.0,5460.0,17.231,Rs./Quintal,Metric Tonnes
Madhya Pradesh,Harda,Timarni APMC,Soyabean,Soyabeen,FAQ,2026-03-05,3771.0,5110.0,5110.0,8.669,Rs./Quintal,Metric Tonnes
Madhya Pradesh,Harda,Timarni APMC,Wheat,Wheat,FAQ,2026-03-05,2125.0,2300.0,2276.0,36.778,Rs./Quintal,Metric Tonnes
Madhya Pradesh,Raisen,Udaipura APMC,Bengal Gram(Gram)(Whole),Desi (F.A.Q. Split),FAQ,2026-03-05,4930.0,5330.0,5300.0,34.887,Rs./Quintal,Metric Tonnes
Madhya Pradesh,Raisen,Udaipura APMC,Lak(Teora),Tiwada,FAQ,2026-03-05,3085.0,3170.0,3095.0,11.91,Rs./Quintal,Metric Tonnes
Madhya Pradesh,Raisen,Udaipura APMC,Lentil(Masur)(Whole),Masur Dal,FAQ,2026-03-05,6135.0,6135.0,6135.0,0.8800000000000001,Rs./Quintal,Metric Tonnes
Madhya Pradesh,Raisen,Udaipura APMC,Paddy(Common),Dhan,FAQ,2026-03-05,4021.0,4021.0,4021.0,9.9,Rs./Quintal,Metric Tonnes
Madhya Pradesh,Raisen,Udaipura APMC,Paddy(Common),Paddy,FAQ,2026-03-05,3000.0,4180.0,4180.0,119.33800000000002,Rs./Quintal,Metric Tonnes
Madhya Pradesh,Raisen,Udaipura APMC,Red gram/Arhar/Tur(whole),Arhar Dal(Tur),FAQ,2026-03-05,6705.0,7695.0,7695.0,0.28500000000000003,Rs./Quintal,Metric Tonnes
Madhya Pradesh,Raisen,Udaipura APMC,Soyabean,Soyabeen,FAQ,2026-03-05,4970.0,4970.0,4970.0,0.15000000000000002,Rs./Quintal,Metric Tonnes
Madhya Pradesh,Raisen,Udaipura APMC,Wheat,Mill Quality,FAQ,2026-03-05,2145.0,2200.0,2200.0,2.5050000000000003,Rs./Quintal,Metric Tonnes
Madhya Pradesh,Raisen,Udaipura APMC,buttery,Buttery,FAQ,2026-03-05,3600.0,3640.0,3640.0,1.56,Rs./Quintal,Metric Tonnes
Madhya Pradesh,Ujjain,Ujjain APMC,Bengal Gram(Gram)(Whole),Gram,FAQ,2026-03-05,2401.0,5411.0,5411.0,6.096,Rs./Quintal,Metric Tonnes
Madhya Pradesh,Ujjain,Ujjain APMC,Coriander(Leaves),Coriander,FAQ,2026-03-05,7400.0,7400.0,7400.0,0.013000000000000001,Rs./Bundle,Bundle
Madhya Pradesh,Ujjain,Ujjain APMC,Garlic,Garlic,FAQ,2026-03-05,1001.0,8600.0,2800.0,123.184,Rs./Quintal,Metric Tonnes
Madhya Pradesh,Ujjain,Ujjain APMC,Green Peas,Pea,FAQ,2026-03-05,3601.0,3601.0,3601.0,0.17300000000000001,Rs./Quintal,Metric Tonnes
Madhya Pradesh,Ujjain,Ujjain APMC,Kabuli Chana(Chickpeas-White),Bitkey,FAQ,2026-03-05,4000.0,4000.0,4000.0,0.051000000000000004,Rs./Quintal,Metric Tonnes
Madhya Pradesh,Ujjain,Ujjain APMC,Kabuli Chana(Chickpeas-White),Dollar Gram,FAQ,2026-03-05,4165.0,4801.0,4801.0,0.18100000000000002,Rs./Quintal,Metric Tonnes
Madhya Pradesh,Ujjain,Ujjain APMC,Mustard,Mustard,FAQ,2026-03-05,5445.0,5445.0,5445.0,0.044000000000000004,Rs./Quintal,Metric Tonnes
Madhya Pradesh,Ujjain,Ujjain APMC,Onion,Onion,Non-FAQ,2026-03-05,251.0,1073.98,1073.98,6.397,Rs./Quintal,Metric Tonnes
Madhya Pradesh,Ujjain,Ujjain APMC,Onion,Onion,FAQ,2026-03-05,500.0,1300.0,1300.0,18.472,Rs./Quintal,Metric Tonnes
Madhya Pradesh,Ujjain,Ujjain APMC,Potato,Potato,FAQ,2026-03-05,201.15,750.01,750.01,301.586,Rs./Quintal,Metric Tonnes
Madhya Pradesh,Ujjain,Ujjain APMC,Potato,Potato,Non-FAQ,2026-03-05,124.98,745.0,500.0,100.21900000000001,Rs./Quintal,Metric Tonnes
Madhya Pradesh,Ujjain,Ujjain APMC,Soyabean,Soyabeen,FAQ,2026-03-05,2027.0,5691.0,5350.0,144.519,Rs./Quintal,Metric Tonnes
Madhya Pradesh,Ujjain,Ujjain APMC,Wheat,Wheat,FAQ,2026-03-05,1831.0,2729.0,2200.0,702.082,Rs./Quintal,Metric Tonnes
Madhya Pradesh,Umariya,Umariya APMC,Wheat,Mill Quality,Non-FAQ,2026-03-05,2275.0,2300.0,2300.0,26.900000000000002,Rs./Quintal,Metric Tonnes
Madhya Pradesh,Umariya,Umariya APMC,Wheat,Wheat,FAQ,2026-03-05,2300.0,2300.0,2300.0,6.2,Rs./Quintal,Metric Tonnes
Madhya Pradesh,Ujjain,Unhel APMC,Bengal Gram(Gram)(Whole),Gram,FAQ,2026-03-05,4785.0,4785.0,4785.0,1.3050000000000002,Rs./Quintal,Metric Tonnes
Madhya Pradesh,Ujjain,Unhel APMC,Soyabean,Soyabeen,FAQ,2026-03-05,2273.0,5451.0,5451.0,15.522,Rs./Quintal,Metric Tonnes
Madhya Pradesh,Ujjain,Unhel APMC,Tamarind Fruit,Tamarind,FAQ,2026-03-05,7880.0,7960.0,7900.0,15.850000000000001,Rs./Quintal,Metric Tonnes
Madhya Pradesh,Ujjain,Unhel APMC,Wheat,Wheat,FAQ,2026-03-05,1626.0,2380.0,2150.0,100.43200000000002,Rs./Quintal,Metric Tonnes
Madhya Pradesh,Vidisha,Vidisha APMC,Bengal Gram(Gram)(Whole),Gram,FAQ,2026-03-05,4910.0,5300.0,5300.0,14.316,Rs./Quintal,Metric Tonnes
Madhya Pradesh,Vidisha,Vidisha APMC,Lak(Teora),Tiwada,FAQ,2026-03-05,2880.0,3395.0,3395.0,5.116,Rs./Quintal,Metric Tonnes
Madhya Pradesh,Vidisha,Vidisha APMC,Lentil(Masur)(Whole),Masur Dal,FAQ,2026-03-05,5570.0,6701.0,6251.0,18.493000000000002,Rs./Quintal,Metric Tonnes
Madhya Pradesh,Vidisha,Vidisha APMC,Maize,Local,FAQ,2026-03-05,1398.0,1490.0,1490.0,11.501000000000001,Rs./Quintal,Metric Tonnes
Madhya Pradesh,Vidisha,Vidisha APMC,Mustard,Mustard,FAQ,2026-03-05,5141.0,5671.0,5671.0,5.378,Rs./Quintal,Metric Tonnes
Madhya Pradesh,Vidisha,Vidisha APMC,Paddy(Common),Paddy,FAQ,2026-03-05,2842.0,4072.0,3972.0,97.44900000000001,Rs./Quintal,Metric Tonnes
Madhya Pradesh,Vidisha,Vidisha APMC,Soyabean,Soyabeen,FAQ,2026-03-05,4100.0,5407.0,5407.0,2.68,Rs./Quintal,Metric Tonnes
Madhya Pradesh,Vidisha,Vidisha APMC,Wheat,Sharbati,FAQ,2026-03-05,2750.0,2941.0,2900.0,14.931000000000001,Rs./Quintal,Metric Tonnes
Madhya Pradesh,Vidisha,Vidisha APMC,Wheat,Wheat,FAQ,2026-03-05,1450.0,2550.0,2550.0,103.60000000000001,Rs./Quintal,Metric Tonnes
Madhya Pradesh,Sheopur,Vijaypur APMC,Mustard,Mustard,Non-FAQ,2026-03-05,5800.0,6400.0,6150.0,141.56,Rs./Quintal,Metric Tonnes
Madhya Pradesh,Sheopur,Vijaypur APMC,Mustard,Mustard,FAQ,2026-03-05,5811.0,6300.0,6200.0,93.31,Rs./Quintal,Metric Tonnes
Madhya Pradesh,Ratlam,A lot APMC,Asalia,Asalia,FAQ,2026-03-06,5260.0,5260.0,5260.0,0.1,Rs./Quintal,Metric Tonnes
Madhya Pradesh,Ratlam,A lot APMC,Bengal Gram(Gram)(Whole),Gram,FAQ,2026-03-06,4520.0,4870.0,4641.0,6.408,Rs./Quintal,Metric Tonnes
Madhya Pradesh,Ratlam,A lot APMC,Garlic,Garlic,FAQ,2026-03-06,500.0,9600.0,4500.0,83.049,Rs./Quintal,Metric Tonnes
Madhya Pradesh,Ratlam,A lot APMC,Linseed,Flaxseed,FAQ,2026-03-06,6500.0,6500.0,6500.0,0.263,Rs./Quintal,Metric Tonnes
Madhya Pradesh,Ratlam,A lot APMC,Mustard,Mustard,FAQ,2026-03-06,4956.0,5800.0,5650.0,8.322000000000001,Rs./Quintal,Metric Tonnes
Madhya Pradesh,Ratlam,A lot APMC,Onion,Onion,FAQ,2026-03-06,101.0,801.0,801.0,2.2920000000000003,Rs./Quintal,Metric Tonnes
Madhya Pradesh,Ratlam,A lot APMC,Soyabean,Soyabeen,FAQ,2026-03-06,3551.0,5400.0,5326.0,25.937,Rs./Quintal,Metric Tonnes
Madhya Pradesh,Ratlam,A lot APMC,Wheat,Wheat,FAQ,2026-03-06,1500.0,2268.0,2100.0,309.848,Rs./Quintal,Metric Tonnes
Madhya Pradesh,Chhindwara,APMC Sausar,Cotton,H4,Local,2026-03-06,7400.0,7960.0,7665.0,59.44800000000001,Rs./Quintal,Metric Tonnes
Madhya Pradesh,Shajapur,Agar APMC,Asalia,Asalia,FAQ,2026-03-06,4599.0,5948.0,5000.0,9.735,Rs./Quintal,Metric Tonnes
Madhya Pradesh,Shajapur,Agar APMC,Bengal Gram(Gram)(Whole),Gram,FAQ,2026-03-06,2800.0,5192.0,4500.0,19.25,Rs./Quintal,Metric Tonnes
Madhya Pradesh,Shajapur,Agar APMC,Coriander(Leaves),Coriander,FAQ,2026-03-06,3960.0,10400.0,9900.0,38.093,Rs./Bundle,Bundle
Madhya Pradesh,Shajapur,Agar APMC,Kabuli Chana(Chickpeas-White),Dollar Gram,FAQ,2026-03-06,6771.0,7499.0,7499.0,2.931,Rs./Quintal,Metric Tonnes
Madhya Pradesh,Shajapur,Agar APMC,Lentil(Masur)(Whole),Masur Dal,FAQ,2026-03-06,4350.0,7071.0,6700.0,149.198,Rs./Quintal,Metric Tonnes
Madhya Pradesh,Shajapur,Agar APMC,Linseed,Flaxseed,FAQ,2026-03-06,6899.0,6899.0,6899.0,0.05600000000000001,Rs./Quintal,Metric Tonnes
Madhya Pradesh,Shajapur,Agar APMC,Methi Seeds,Methiseeds,FAQ,2026-03-06,5200.0,5200.0,5200.0,0.528,Rs./Quintal,Metric Tonnes
Madhya Pradesh,Shajapur,Agar APMC,Mustard,Mustard,FAQ,2026-03-06,4001.0,6171.0,5800.0,383.83000000000004,Rs./Quintal,Metric Tonnes
Madhya Pradesh,Shajapur,Agar APMC,Soyabean,Soyabeen,FAQ,2026-03-06,1725.0,5505.0,5471.0,92.87700000000001,Rs./Quintal,Metric Tonnes
Madhya Pradesh,Shajapur,Agar APMC,Wheat,Wheat,FAQ,2026-03-06,1800.0,2476.0,2196.0,742.1500000000001,Rs./Quintal,Metric Tonnes
Madhya Pradesh,Shajapur,Agar APMC,Wheat,Wheat,Non-FAQ,2026-03-06,2100.0,2100.0,2100.0,11.875,Rs./Quintal,Metric Tonnes
Madhya Pradesh,Panna,Ajaygarh APMC,Green Peas,Pea,FAQ,2026-03-06,3700.0,3845.0,3845.0,10.575000000000001,Rs./Quintal,Metric Tonnes
Madhya Pradesh,Panna,Ajaygarh APMC,Wheat,Mill Quality,FAQ,2026-03-06,2300.0,2420.0,2420.0,21.67,Rs./Quintal,Metric Tonnes
Madhya Pradesh,Bhind,Alampur APMC,Wheat,Wheat,Non-FAQ,2026-03-06,2220.0,2250.0,2250.0,20.0,Rs./Quintal,Metric Tonnes
Madhya Pradesh,Alirajpur,Alirajpur APMC,Soyabean,Soyabeen,FAQ,2026-03-06,3500.0,5000.0,3800.0,17.2,Rs./Quintal,Metric Tonnes
Madhya Pradesh,Alirajpur,Alirajpur APMC,Wheat,Wheat,FAQ,2026-03-06,2020.0,2060.0,2050.0,40.0,Rs./Quintal,Metric Tonnes
Madhya Pradesh,Satna,Amarpatan APMC,Bengal Gram(Gram)(Whole),Gram,FAQ,2026-03-06,4920.0,4920.0,4920.0,1.56,Rs./Quintal,Metric Tonnes
Madhya Pradesh,Chhindwara,Amarwda APMC,Maize,Local,FAQ,2026-03-06,1400.0,1705.0,1650.0,809.1,Rs./Quintal,Metric Tonnes
Madhya Pradesh,Chhindwara,Amarwda APMC,Maize,Local,Non-FAQ,2026-03-06,1600.0,1600.0,1600.0,36.800000000000004,Rs./Quintal,Metric Tonnes
Madhya Pradesh,Chhindwara,Amarwda APMC,Maize,Yellow,FAQ,2026-03-06,1490.0,1650.0,1500.0,463.11000000000007,Rs./Quintal,Metric Tonnes
Madhya Pradesh,Chhindwara,Amarwda APMC,Paddy(Common),Paddy,FAQ,2026-03-06,1710.0,1710.0,1710.0,11.0,Rs./Quintal,Metric Tonnes
Madhya Pradesh,Badwani,Anjad APMC,Bengal Gram(Gram)(Whole),Desi (F.A.Q. Split),FAQ,2026-03-06,4750.0,5000.0,5000.0,10.030000000000001,Rs./Quintal,Metric Tonnes
Madhya Pradesh,Badwani,Anjad APMC,Kabuli Chana(Chickpeas-White),Dollar Gram,FAQ,2026-03-06,7100.0,8001.0,7800.0,14.26,Rs./Quintal,Metric Tonnes
Madhya Pradesh,Badwani,Anjad APMC,Maize,Local,FAQ,2026-03-06,1350.0,1510.0,1510.0,19.655,Rs./Quintal,Metric Tonnes
Madhya Pradesh,Guna,Aron APMC,Bengal Gram(Gram)(Whole),Gram,FAQ,2026-03-06,4990.0,5040.0,4990.0,5.179,Rs./Quintal,Metric Tonnes
Madhya Pradesh,Guna,Aron APMC,Coriander(Leaves),Coriander,FAQ,2026-03-06,7900.0,9500.0,7900.0,4.521,Rs./Bundle,Bundle
Madhya Pradesh,Guna,Aron APMC,Lak(Teora),Tiwada,FAQ,2026-03-06,2905.0,2905.0,2905.0,1.64,Rs./Quintal,Metric Tonnes
Madhya Pradesh,Guna,Aron APMC,Lentil(Masur)(Whole),Masur Dal,FAQ,2026-03-06,5660.0,5885.0,5885.0,36.800000000000004,Rs./Quintal,Metric Tonnes
Madhya Pradesh,Guna,Aron APMC,Maize,Local,FAQ,2026-03-06,1401.0,1680.0,1570.0,279.896,Rs./Quintal,Metric Tonnes
Madhya Pradesh,Guna,Aron APMC,Mustard,Mustard,FAQ,2026-03-06,4950.0,5945.0,5700.0,33.038000000000004,Rs./Quintal,Metric Tonnes
Madhya Pradesh,Guna,Aron APMC,Soyabean,Soyabeen,FAQ,2026-03-06,4900.0,4900.0,4900.0,1.34,Rs./Quintal,Metric Tonnes
Madhya Pradesh,Guna,Aron APMC,Wheat,Wheat,FAQ,2026-03-06,2091.0,2231.0,2231.0,4.639,Rs./Quintal,Metric Tonnes
Madhya Pradesh,Guna,Aron APMC,buttery,Buttery,FAQ,2026-03-06,3105.0,3385.0,3385.0,2.19,Rs./Quintal,Metric Tonnes
Madhya Pradesh,Ashoknagar,Ashoknagar APMC,Bengal Gram(Gram)(Whole),Gram,FAQ,2026-03-06,4485.0,5100.0,4500.0,13.059000000000001,Rs./Quintal,Metric Tonnes
Madhya Pradesh,Ashoknagar,Ashoknagar APMC,Coriander(Leaves),Coriander,FAQ,2026-03-06,7650.0,9700.0,9700.0,8.139000000000001,Rs./Bundle,Bundle
Madhya Pradesh,Ashoknagar,Ashoknagar APMC,Green Peas,Pea,FAQ,2026-03-06,3380.0,4410.0,3580.0,18.465,Rs./Quintal,Metric Tonnes
Madhya Pradesh,Ashoknagar,Ashoknagar APMC,Lak(Teora),Tiwada,FAQ,2026-03-06,2800.0,3255.0,3200.0,52.78300000000001,Rs./Quintal,Metric Tonnes
Madhya Pradesh,Ashoknagar,Ashoknagar APMC,Lentil(Masur)(Whole),Masur Dal,FAQ,2026-03-06,4000.0,6365.0,5840.0,117.12400000000001,Rs./Quintal,Metric Tonnes
Madhya Pradesh,Ashoknagar,Ashoknagar APMC,Maize,Local,FAQ,2026-03-06,1155.0,1655.0,1545.0,193.145,Rs./Quintal,Metric Tonnes
Madhya Pradesh,Ashoknagar,Ashoknagar APMC,Mustard,Mustard,FAQ,2026-03-06,4830.0,6140.0,5850.0,483.561,Rs./Quintal,Metric Tonnes
Madhya Pradesh,Ashoknagar,Ashoknagar APMC,Paddy(Common),Dhan,FAQ,2026-03-06,2475.0,4025.0,4025.0,11.995000000000001,Rs./Quintal,Metric Tonnes
Madhya Pradesh,Ashoknagar,Ashoknagar APMC,Soyabean,Soyabeen,FAQ,2026-03-06,2000.0,5331.0,5097.0,148.82000000000002,Rs./Quintal,Metric Tonnes
Madhya Pradesh,Ashoknagar,Ashoknagar APMC,Wheat,Wheat,FAQ,2026-03-06,2080.0,3330.0,2200.0,162.29100000000003,Rs./Quintal,Metric Tonnes
Madhya Pradesh,Ashoknagar,Ashoknagar APMC,buttery,Buttery,FAQ,2026-03-06,2640.0,4750.0,4500.0,147.038,Rs./Quintal,Metric Tonnes
Madhya Pradesh,Hoshangabad,Babai APMC,Paddy(Common),Basmati,FAQ,2026-03-06,3810.0,3810.0,3810.0,4.2,Rs./Quintal,Metric Tonnes
Madhya Pradesh,Hoshangabad,Babai APMC,Wheat,Mill Quality,Non-FAQ,2026-03-06,2400.0,2500.0,2500.0,30.35,Rs./Quintal,Metric Tonnes
Madhya Pradesh,Chhatarpur,Badamalhera APMC,Soyabean,Soyabeen,FAQ,2026-03-06,4785.0,5300.0,4940.0,221.30700000000002,Rs./Quintal,Metric Tonnes
Madhya Pradesh,Chhatarpur,Badamalhera APMC,Wheat,Mill Quality,Non-FAQ,2026-03-06,2200.0,2360.0,2355.0,283.34000000000003,Rs./Quintal,Metric Tonnes
Madhya Pradesh,Shivpuri,Badarwas APMC,Bengal Gram(Gram)(Whole),Gram,Non-FAQ,2026-03-06,4770.0,4970.0,4970.0,4.447,Rs./Quintal,Metric Tonnes
Madhya Pradesh,Shivpuri,Badarwas APMC,Lentil(Masur)(Whole),Masur Dal,Non-FAQ,2026-03-06,4200.0,5975.0,5700.0,134.181,Rs./Quintal,Metric Tonnes
Madhya Pradesh,Shivpuri,Badarwas APMC,Lentil(Masur)(Whole),Masur Dal,FAQ,2026-03-06,5350.0,5860.0,5700.0,102.14,Rs./Quintal,Metric Tonnes
Madhya Pradesh,Shivpuri,Badarwas APMC,Maize,Local,FAQ,2026-03-06,1390.0,1565.0,1510.0,89.57000000000001,Rs./Quintal,Metric Tonnes
Madhya Pradesh,Shivpuri,Badarwas APMC,Maize,Local,Non-FAQ,2026-03-06,1350.0,1630.0,1480.0,120.54000000000002,Rs./Quintal,Metric Tonnes
Madhya Pradesh,Shivpuri,Badarwas APMC,Mustard,Mustard,FAQ,2026-03-06,5200.0,6115.0,6090.0,31.480000000000004,Rs./Quintal,Metric Tonnes
Madhya Pradesh,Shivpuri,Badarwas APMC,Mustard,Mustard,Non-FAQ,2026-03-06,4955.0,6200.0,6055.0,281.209,Rs./Quintal,Metric Tonnes
Madhya Pradesh,Shivpuri,Badarwas APMC,Wheat,Wheat,Non-FAQ,2026-03-06,1890.0,2585.0,2585.0,5.68,Rs./Quintal,Metric Tonnes
Madhya Pradesh,Ujjain,Badnagar APMC,Bengal Gram(Gram)(Whole),Gram,FAQ,2026-03-06,4401.0,5300.0,5300.0,5.224,Rs./Quintal,Metric Tonnes
Madhya Pradesh,Ujjain,Badnagar APMC,Garlic,Desi,FAQ,2026-03-06,3290.0,3290.0,3290.0,0.30000000000000004,Rs./Quintal,Metric Tonnes
Madhya Pradesh,Ujjain,Badnagar APMC,Green Peas,Pea,FAQ,2026-03-06,1500.0,4500.0,3300.0,135.781,Rs./Quintal,Metric Tonnes
Madhya Pradesh,Ujjain,Badnagar APMC,Kabuli Chana(Chickpeas-White),Dollar Gram,FAQ,2026-03-06,3500.0,7303.0,7001.0,12.821000000000002,Rs./Quintal,Metric Tonnes
Madhya Pradesh,Ujjain,Badnagar APMC,Lentil(Masur)(Whole),Masur Dal,FAQ,2026-03-06,5401.0,5971.0,5971.0,2.427,Rs./Quintal,Metric Tonnes
Madhya Pradesh,Ujjain,Badnagar APMC,Soyabean,Yellow,FAQ,2026-03-06,1000.0,6590.0,5200.0,680.462,Rs./Quintal,Metric Tonnes
Madhya Pradesh,Ujjain,Badnagar APMC,Wheat,Wheat,FAQ,2026-03-06,1942.0,2535.0,2241.0,148.01,Rs./Quintal,Metric Tonnes
Madhya Pradesh,Ujjain,Badnagar APMC,Wheat,Lokwan,Non-FAQ,2026-03-06,2000.0,2003.0,2003.0,19.41,Rs./Quintal,Metric Tonnes
Madhya Pradesh,Ujjain,Badnagar APMC,Wheat,Wheat,Non-FAQ,2026-03-06,2222.0,2222.0,2222.0,2.4000000000000004,Rs./Quintal,Metric Tonnes
Madhya Pradesh,Dhar,Badnawar APMC,Bengal Gram(Gram)(Whole),Chana mausami,FAQ,2026-03-06,4835.0,4835.0,4835.0,0.16200000000000003,Rs./Quintal,Metric Tonnes
Madhya Pradesh,Dhar,Badnawar APMC,Bengal Gram(Gram)(Whole),Gram,FAQ,2026-03-06,4105.0,4105.0,4105.0,0.10500000000000001,Rs./Quintal,Metric Tonnes
Madhya Pradesh,Dhar,Badnawar APMC,Bengal Gram(Gram)(Whole),Desi (F.A.Q. Split),FAQ,2026-03-06,4645.0,4900.0,4900.0,1.7600000000000002,Rs./Quintal,Metric Tonnes
Madhya Pradesh,Dhar,Badnawar APMC,Cotton,Without Ginned Cotton,FAQ,2026-03-06,7770.0,7770.0,7770.0,17.475,Rs./Quintal,Metric Tonnes
Madhya Pradesh,Dhar,Badnawar APMC,Garlic,Garlic,FAQ,2026-03-06,1135.0,5600.0,2600.0,458.878,Rs./Quintal,Metric Tonnes
Madhya Pradesh,Dhar,Badnawar APMC,Garlic,Desi,FAQ,2026-03-06,2650.0,2805.0,2805.0,9.131,Rs./Quintal,Metric Tonnes
Madhya Pradesh,Dhar,Badnawar APMC,Garlic,New Medium,FAQ,2026-03-06,1900.0,3000.0,2750.0,53.866,Rs./Quintal,Metric Tonnes
Madhya Pradesh,Dhar,Badnawar APMC,Green Peas,Pea,FAQ,2026-03-06,2705.0,3555.0,3555.0,1.59,Rs./Quintal,Metric Tonnes
Madhya Pradesh,Dhar,Badnawar APMC,Kabuli Chana(Chickpeas-White),Dollar Gram,FAQ,2026-03-06,5825.0,6800.0,6800.0,0.458,Rs./Quintal,Metric Tonnes
Madhya Pradesh,Dhar,Badnawar APMC,Maize,Local,FAQ,2026-03-06,1450.0,1700.0,1700.0,17.937,Rs./Quintal,Metric Tonnes
Madhya Pradesh,Dhar,Badnawar APMC,Soyabean,Yellow,FAQ,2026-03-06,2550.0,5500.0,5390.0,376.31300000000005,Rs./Quintal,Metric Tonnes
Madhya Pradesh,Dhar,Badnawar APMC,Soyabean,Black,FAQ,2026-03-06,5370.0,5370.0,5370.0,0.994,Rs./Quintal,Metric Tonnes
Madhya Pradesh,Dhar,Badnawar APMC,Soyabean,Soyabeen,FAQ,2026-03-06,5091.0,5201.0,5201.0,0.255,Rs./Quintal,Metric Tonnes
Madhya Pradesh,Dhar,Badnawar APMC,Wheat,Lokwan,FAQ,2026-03-06,2050.0,2050.0,2050.0,9.120000000000001,Rs./Quintal,Metric Tonnes
Madhya Pradesh,Dhar,Badnawar APMC,Wheat,Wheat,FAQ,2026-03-06,1700.0,2900.0,2250.0,780.4180000000001,Rs./Quintal,Metric Tonnes
Madhya Pradesh,Dhar,Badnawar(F&V) APMC,Garlic,Garlic,Local,2026-03-06,2400.0,2400.0,2400.0,822.3,Rs./Quintal,Metric Tonnes
Madhya Pradesh,Dhar,Badnawar(F&V) APMC,Onion,Onion,Local,2026-03-06,500.0,500.0,500.0,0.1,Rs./Quintal,Metric Tonnes
Madhya Pradesh,Shajapur,Badod APMC,Asalia,Asalia,FAQ,2026-03-06,4900.0,4900.0,4900.0,0.068,Rs./Quintal,Metric Tonnes
Madhya Pradesh,Shajapur,Badod APMC,Bengal Gram(Gram)(Whole),Gram,Non-FAQ,2026-03-06,4650.0,4650.0,4650.0,0.313,Rs./Quintal,Metric Tonnes
Madhya Pradesh,Shajapur,Badod APMC,Coriander(Leaves),Coriander,FAQ,2026-03-06,9601.0,9601.0,9601.0,0.099,Rs./Bundle,Bundle
Madhya Pradesh,Shajapur,Badod APMC,Maize,Local,FAQ,2026-03-06,1530.0,1530.0,1530.0,1.051,Rs./Quintal,Metric Tonnes
Madhya Pradesh,Shajapur,Badod APMC,Mustard,Mustard,FAQ,2026-03-06,5400.0,5786.0,5725.0,18.751,Rs./Quintal,Metric Tonnes
Madhya Pradesh,Shajapur,Badod APMC,Mustard,Mustard,Non-FAQ,2026-03-06,5585.0,5860.0,5751.0,37.31,Rs./Quintal,Metric Tonnes
Madhya Pradesh,Shajapur,Badod APMC,Soyabean,Soyabeen,Non-FAQ,2026-03-06,4599.0,4599.0,4599.0,0.059,Rs./Quintal,Metric Tonnes
Madhya Pradesh,Shajapur,Badod APMC,Wheat,Wheat,FAQ,2026-03-06,1676.0,2228.0,2190.0,88.808,Rs./Quintal,Metric Tonnes
Madhya Pradesh,Shajapur,Badod APMC,Wheat,Wheat,Non-FAQ,2026-03-06,1400.0,2276.0,2151.0,141.928,Rs./Quintal,Metric Tonnes
Madhya Pradesh,Khandwa,Badwah(F&V) APMC,Bhindi(Ladies Finger),Bhindi,Grade A,2026-03-06,800.0,2000.0,1500.0,0.4,Rs./Quintal,Metric Tonnes
Madhya Pradesh,Khandwa,Badwah(F&V) APMC,Bitter gourd,Bitter Gourd,Grade A,2026-03-06,2500.0,3200.0,3000.0,0.2,Rs./Quintal,Metric Tonnes
Madhya Pradesh,Khandwa,Badwah(F&V) APMC,Bottle gourd,Bottle Gourd,Grade A,2026-03-06,700.0,1200.0,1000.0,0.30000000000000004,Rs./Quintal,Metric Tonnes
Madhya Pradesh,Khandwa,Badwah(F&V) APMC,Brinjal,Other,Grade A,2026-03-06,700.0,1200.0,1000.0,0.6000000000000001,Rs./Quintal,Metric Tonnes
Madhya Pradesh,Khandwa,Badwah(F&V) APMC,Cabbage,Cabbage,Grade A,2026-03-06,500.0,1200.0,800.0,0.30000000000000004,Rs./Quintal,Metric Tonnes
Madhya Pradesh,Khandwa,Badwah(F&V) APMC,Cauliflower,Cauliflower,Grade A,2026-03-06,600.0,1500.0,1400.0,0.2,Rs./Quintal,Metric Tonnes
Madhya Pradesh,Khandwa,Badwah(F&V) APMC,Cucumbar(Kheera),Cucumbar,Grade A,2026-03-06,600.0,1200.0,1000.0,0.2,Rs./Quintal,Metric Tonnes
Madhya Pradesh,Khandwa,Badwah(F&V) APMC,Garlic,Average,FAQ,2026-03-06,9000.0,12000.0,10000.0,0.1,Rs./Quintal,Metric Tonnes
Madhya Pradesh,Khandwa,Badwah(F&V) APMC,Ginger(Green),Green Ginger,Grade A,2026-03-06,4500.0,6500.0,6000.0,0.1,Rs./Quintal,Metric Tonnes
Madhya Pradesh,Khandwa,Badwah(F&V) APMC,Green Chilli,Green Chilly,Grade A,2026-03-06,3500.0,6000.0,4000.0,0.1,Rs./Quintal,Metric Tonnes
Madhya Pradesh,Khandwa,Badwah(F&V) APMC,Onion,1st Sort,Grade A,2026-03-06,1200.0,1800.0,1500.0,0.9,Rs./Quintal,Metric Tonnes
Madhya Pradesh,Khandwa,Badwah(F&V) APMC,Pumpkin,Other,Grade A,2026-03-06,1100.0,1700.0,1400.0,0.2,Rs./Quintal,Metric Tonnes
Madhya Pradesh,Khandwa,Badwah(F&V) APMC,Spinach,Organic,Grade A,2026-03-06,900.0,1200.0,1000.0,0.1,Rs./Quintal,Metric Tonnes
Madhya Pradesh,Khandwa,Badwah(F&V) APMC,Sponge gourd,Sponge gourd,Grade A,2026-03-06,1600.0,2200.0,2000.0,0.2,Rs./Quintal,Metric Tonnes
Madhya Pradesh,Khandwa,Badwah(F&V) APMC,Tomato,Deshi,Grade A,2026-03-06,900.0,2000.0,1500.0,0.9,Rs./Quintal,Metric Tonnes
Madhya Pradesh,Khargone,Badwaha APMC,Bengal Gram(Gram)(Whole),Gram,FAQ,2026-03-06,4980.0,5225.0,5000.0,5.829000000000001,Rs./Quintal,Metric Tonnes
Madhya Pradesh,Khargone,Badwaha APMC,Cotton,Without Ginned Cotton,Non-FAQ,2026-03-06,4550.0,4575.0,4575.0,7.642,Rs./Quintal,Metric Tonnes
Madhya Pradesh,Khargone,Badwaha APMC,Cotton,Without Ginned Cotton,FAQ,2026-03-06,5460.0,6765.0,6765.0,1.46,Rs./Quintal,Metric Tonnes
Madhya Pradesh,Khargone,Badwaha APMC,Kabuli Chana(Chickpeas-White),Dollar Gram,FAQ,2026-03-06,7000.0,7505.0,7505.0,2.31,Rs./Quintal,Metric Tonnes
Madhya Pradesh,Khargone,Badwaha APMC,Maize,Local,FAQ,2026-03-06,690.0,1575.0,1575.0,42.425000000000004,Rs./Quintal,Metric Tonnes
Madhya Pradesh,Khargone,Badwaha APMC,Red gram/Arhar/Tur(whole),Arhar Dal(Tur),FAQ,2026-03-06,6400.0,6400.0,6400.0,0.136,Rs./Quintal,Metric Tonnes
Madhya Pradesh,Khargone,Badwaha APMC,Wheat,Wheat,FAQ,2026-03-06,1950.0,2349.0,2210.0,200.548,Rs./Quintal,Metric Tonnes
Madhya Pradesh,Badwani,Badwani APMC,Kabuli Chana(Chickpeas-White),Dollar Gram,FAQ,2026-03-06,7015.0,7200.0,7100.0,22.700000000000003,Rs./Quintal,Metric Tonnes
Madhya Pradesh,Badwani,Badwani APMC,Soyabean,Soyabeen,FAQ,2026-03-06,4900.0,4900.0,4900.0,3.8000000000000003,Rs./Quintal,Metric Tonnes
Madhya Pradesh,Badwani,Badwani APMC,Wheat,Lokwan,FAQ,2026-03-06,2150.0,2150.0,2150.0,6.0,Rs./Quintal,Metric Tonnes
Madhya Pradesh,Badwani,Badwani(F&V) APMC,Bhindi(Ladies Finger),Bhindi,Local,2026-03-06,1500.0,1500.0,1500.0,0.452,Rs./Quintal,Metric Tonnes
Madhya Pradesh,Badwani,Badwani(F&V) APMC,Bottle gourd,Bottle Gourd,Local,2026-03-06,900.0,900.0,900.0,0.62,Rs./Quintal,Metric Tonnes
Madhya Pradesh,Badwani,Badwani(F&V) APMC,Brinjal,Brinjal,Local,2026-03-06,1000.0,1000.0,1000.0,0.452,Rs./Quintal,Metric Tonnes
Madhya Pradesh,Badwani,Badwani(F&V) APMC,Cabbage,Cabbage,Local,2026-03-06,1000.0,1000.0,1000.0,0.627,Rs./Quintal,Metric Tonnes
Madhya Pradesh,Badwani,Badwani(F&V) APMC,Cauliflower,Cauliflower,Local,2026-03-06,1200.0,1200.0,1200.0,0.613,Rs./Quintal,Metric Tonnes
Madhya Pradesh,Badwani,Badwani(F&V) APMC,Green Chilli,Green Chilly,Local,2026-03-06,3500.0,3500.0,3500.0,0.262,Rs./Quintal,Metric Tonnes
Madhya Pradesh,Badwani,Badwani(F&V) APMC,Pumpkin,Pumpkin,Local,2026-03-06,1500.0,1500.0,1500.0,0.52,Rs./Quintal,Metric Tonnes
Madhya Pradesh,Badwani,Badwani(F&V) APMC,Sponge gourd,Sponge gourd,Local,2026-03-06,1400.0,1400.0,1400.0,0.452,Rs./Quintal,Metric Tonnes
Madhya Pradesh,Badwani,Badwani(F&V) APMC,Tomato,Tomato,Local,2026-03-06,800.0,800.0,800.0,0.835,Rs./Quintal,Metric Tonnes
Madhya Pradesh,Dewas,Bagli APMC,Bengal Gram(Gram)(Whole),Gram,Non-FAQ,2026-03-06,5021.0,5076.0,5076.0,1.977,Rs./Quintal,Metric Tonnes
Madhya Pradesh,Dewas,Bagli APMC,Maize,Yellow,Non-FAQ,2026-03-06,1595.0,1595.0,1595.0,1.51,Rs./Quintal,Metric Tonnes
Madhya Pradesh,Dewas,Bagli APMC,Wheat,Mill Quality,Non-FAQ,2026-03-06,2100.0,2506.0,2239.0,39.870000000000005,Rs./Quintal,Metric Tonnes
Madhya Pradesh,Rewa,Baikunthpur APMC,Kodo Millet(Varagu),Kondo,FAQ,2026-03-06,2190.0,2215.0,2200.0,21.415000000000003,Rs./Quintal,Metric Tonnes
Madhya Pradesh,Rewa,Baikunthpur APMC,Mustard,Mustard,FAQ,2026-03-06,5500.0,5615.0,5590.0,31.160000000000004,Rs./Quintal,Metric Tonnes
Madhya Pradesh,Rewa,Baikunthpur APMC,Paddy(Common),Paddy,Non-FAQ,2026-03-06,1700.0,1700.0,1700.0,2.3000000000000003,Rs./Quintal,Metric Tonnes
Madhya Pradesh,Rewa,Baikunthpur APMC,Paddy(Common),Paddy,FAQ,2026-03-06,1460.0,1460.0,1460.0,3.5,Rs./Quintal,Metric Tonnes
Madhya Pradesh,Rewa,Baikunthpur APMC,Wheat,Mill Quality,FAQ,2026-03-06,2200.0,2300.0,2290.0,70.34500000000001,Rs./Quintal,Metric Tonnes
Madhya Pradesh,Rewa,Baikunthpur APMC,Wheat,Mill Quality,Non-FAQ,2026-03-06,2285.0,2300.0,2300.0,25.02,Rs./Quintal,Metric Tonnes
Madhya Pradesh,Rewa,Baikunthpur APMC,Wheat,Wheat,FAQ,2026-03-06,2235.0,2260.0,2260.0,15.790000000000001,Rs./Quintal,Metric Tonnes
Madhya Pradesh,Sehore,Baktara APMC,Paddy(Common),Basmati,FAQ,2026-03-06,3620.0,4341.0,4150.0,331.52500000000003,Rs./Quintal,Metric Tonnes
Madhya Pradesh,Sehore,Baktara APMC,Paddy(Common),Paddy,FAQ,2026-03-06,3900.0,3900.0,3900.0,15.4,Rs./Quintal,Metric Tonnes
Madhya Pradesh,Balaghat,Balaghat APMC,Paddy(Common),Common,FAQ,2026-03-06,1815.0,1815.0,1815.0,3.6,Rs./Quintal,Metric Tonnes
Madhya Pradesh,Balaghat,Balaghat APMC,Paddy(Common),Paddy,Non-FAQ,2026-03-06,1650.0,1750.0,1750.0,17.0,Rs./Quintal,Metric Tonnes
Madhya Pradesh,Badwani,Balwadi APMC,Maize,Local,FAQ,2026-03-06,1525.0,1575.0,1550.0,23.072000000000003,Rs./Quintal,Metric Tonnes
Madhya Pradesh,Badwani,Balwadi APMC,Wheat,Wheat,Non-FAQ,2026-03-06,2160.0,2225.0,2225.0,4.115,Rs./Quintal,Metric Tonnes
Madhya Pradesh,Badwani,Balwadi APMC,Wheat,Wheat,FAQ,2026-03-06,2150.0,2250.0,2250.0,11.635,Rs./Quintal,Metric Tonnes
Madhya Pradesh,Sagar,Bamora APMC,Bengal Gram(Gram)(Whole),Desi (F.A.Q. Split),FAQ,2026-03-06,4502.0,4790.0,4790.0,0.41,Rs./Quintal,Metric Tonnes
Madhya Pradesh,Sagar,Bamora APMC,Lak(Teora),Tiwada,FAQ,2026-03-06,3199.0,3301.0,3301.0,1.014,Rs./Quintal,Metric Tonnes
Madhya Pradesh,Sagar,Bamora APMC,Lentil(Masur)(Whole),Local,FAQ,2026-03-06,4950.0,6805.0,6805.0,5.555,Rs./Quintal,Metric Tonnes
Madhya Pradesh,Sagar,Bamora APMC,Mustard,Mustard,FAQ,2026-03-06,3813.0,5720.0,5400.0,3.5950000000000006,Rs./Quintal,Metric Tonnes
Madhya Pradesh,Sagar,Bamora APMC,Wheat,Mill Quality,FAQ,2026-03-06,1800.0,2101.0,1800.0,2.15,Rs./Quintal,Metric Tonnes
Madhya Pradesh,Hoshangabad,Banapura APMC,Bengal Gram(Gram)(Whole),Desi (F.A.Q. Split),Non-FAQ,2026-03-06,4900.0,5200.0,5200.0,19.995,Rs./Quintal,Metric Tonnes
Madhya Pradesh,Hoshangabad,Banapura APMC,Bengal Gram(Gram)(Whole),Gram,Non-FAQ,2026-03-06,4400.0,4500.0,4500.0,8.43,Rs./Quintal,Metric Tonnes
Madhya Pradesh,Hoshangabad,Banapura APMC,Bengal Gram(Gram)(Whole),Desi (F.A.Q. Split),FAQ,2026-03-06,4181.0,5081.0,5081.0,11.155000000000001,Rs./Quintal,Metric Tonnes
Madhya Pradesh,Hoshangabad,Banapura APMC,Green Gram(Moong)(Whole),Green (Whole),FAQ,2026-03-06,5900.0,6669.0,6669.0,1.385,Rs./Quintal,Metric Tonnes
Madhya Pradesh,Hoshangabad,Banapura APMC,Maize,Yellow,FAQ,2026-03-06,1150.0,1643.0,1580.0,1375.625,Rs./Quintal,Metric Tonnes
Madhya Pradesh,Hoshangabad,Banapura APMC,Soyabean,Yellow,FAQ,2026-03-06,2224.0,5360.0,5100.0,23.495,Rs./Quintal,Metric Tonnes
Madhya Pradesh,Hoshangabad,Banapura APMC,Wheat,Local,FAQ,2026-03-06,2160.0,2314.0,2270.0,142.27,Rs./Quintal,Metric Tonnes
Madhya Pradesh,Hoshangabad,Banapura APMC,Wheat,Local,Non-FAQ,2026-03-06,2346.0,2401.0,2346.0,41.650000000000006,Rs./Quintal,Metric Tonnes
Madhya Pradesh,Sagar,Banda APMC,Bengal Gram(Gram)(Whole),Gram,FAQ,2026-03-06,4705.0,5080.0,5080.0,2.329,Rs./Quintal,Metric Tonnes
Madhya Pradesh,Sagar,Banda APMC,Green Peas,Pea,FAQ,2026-03-06,3300.0,3560.0,3560.0,1.6,Rs./Quintal,Metric Tonnes
Madhya Pradesh,Sagar,Banda APMC,Lak(Teora),Tiwada,FAQ,2026-03-06,3030.0,3155.0,3040.0,6.261,Rs./Quintal,Metric Tonnes
Madhya Pradesh,Sagar,Banda APMC,Lentil(Masur)(Whole),Masur Dal,FAQ,2026-03-06,5985.0,6655.0,6655.0,0.6440000000000001,Rs./Quintal,Metric Tonnes
Madhya Pradesh,Sagar,Banda APMC,Mustard,Mustard,FAQ,2026-03-06,5110.0,5490.0,5475.0,2.9510000000000005,Rs./Quintal,Metric Tonnes
Madhya Pradesh,Sagar,Banda APMC,Soyabean,Soyabeen,FAQ,2026-03-06,5150.0,5200.0,5200.0,0.27999999999999997,Rs./Quintal,Metric Tonnes
Madhya Pradesh,Sagar,Banda APMC,Wheat,Wheat,FAQ,2026-03-06,2100.0,2190.0,2190.0,0.189,Rs./Quintal,Metric Tonnes
Madhya Pradesh,Sagar,Banda APMC,buttery,Buttery,FAQ,2026-03-06,3150.0,3185.0,3185.0,0.244,Rs./Quintal,Metric Tonnes
Madhya Pradesh,Morena,Banmorkalan APMC,Wheat,Mill Quality,FAQ,2026-03-06,2400.0,2400.0,2400.0,0.6000000000000001,Rs./Quintal,Metric Tonnes
Madhya Pradesh,Shivpuri,Barad APMC,Mustard,Mustard,FAQ,2026-03-06,5805.0,6450.0,6300.0,328.891,Rs./Quintal,Metric Tonnes
Madhya Pradesh,Shivpuri,Barad APMC,Soyabean,Soyabeen,FAQ,2026-03-06,5076.0,5351.0,5351.0,7.978000000000001,Rs./Quintal,Metric Tonnes
Madhya Pradesh,Shivpuri,Barad APMC,Wheat,Local,FAQ,2026-03-06,2500.0,2500.0,2500.0,1.47,Rs./Quintal,Metric Tonnes
Madhya Pradesh,Shivpuri,Barad APMC,Wheat,Wheat,FAQ,2026-03-06,2450.0,2495.0,2495.0,13.350000000000001,Rs./Quintal,Metric Tonnes
Madhya Pradesh,Raisen,Bareli APMC,Bengal Gram(Gram)(Whole),Gram,FAQ,2026-03-06,4805.0,5311.0,5290.0,10.045000000000002,Rs./Quintal,Metric Tonnes
Madhya Pradesh,Raisen,Bareli APMC,Lak(Teora),Tiwada,FAQ,2026-03-06,2800.0,3100.0,3100.0,6.859999999999999,Rs./Quintal,Metric Tonnes
Madhya Pradesh,Raisen,Bareli APMC,Mustard,Mustard,FAQ,2026-03-06,5235.0,5540.0,5540.0,1.25,Rs./Quintal,Metric Tonnes
Madhya Pradesh,Raisen,Bareli APMC,Paddy(Common),Puspa (MR 301),FAQ,2026-03-06,3960.0,4240.0,4240.0,12.513,Rs./Quintal,Metric Tonnes
Madhya Pradesh,Raisen,Bareli APMC,Paddy(Common),Dhan,FAQ,2026-03-06,3955.0,4021.0,4021.0,63.635000000000005,Rs./Quintal,Metric Tonnes
Madhya Pradesh,Raisen,Bareli APMC,Paddy(Common),Paddy,FAQ,2026-03-06,2605.0,4325.0,3950.0,187.29000000000002,Rs./Quintal,Metric Tonnes
Madhya Pradesh,Raisen,Bareli APMC,Paddy(Common),Basmati,FAQ,2026-03-06,4000.0,4050.0,4000.0,37.2,Rs./Quintal,Metric Tonnes
Madhya Pradesh,Raisen,Bareli APMC,Red gram/Arhar/Tur(whole),Arhar Dal(Tur),FAQ,2026-03-06,6760.0,7560.0,7000.0,2.5250000000000004,Rs./Quintal,Metric Tonnes
Madhya Pradesh,Raisen,Bareli APMC,Wheat,Mill Quality,FAQ,2026-03-06,2113.0,2271.0,2271.0,6.6450000000000005,Rs./Quintal,Metric Tonnes
Madhya Pradesh,Khargone,Bedia APMC,Chili Red,Red,FAQ,2026-03-06,10000.0,18658.08,18658.08,22.163,Rs./Quintal,Metric Tonnes
Madhya Pradesh,Raisen,Begamganj APMC,Bengal Gram(Gram)(Whole),Gram,Non-FAQ,2026-03-06,4200.0,5110.0,5095.0,9.468000000000002,Rs./Quintal,Metric Tonnes
Madhya Pradesh,Raisen,Begamganj APMC,Lentil(Masur)(Whole),Masur Dal,Non-FAQ,2026-03-06,4950.0,6810.0,5800.0,52.575,Rs./Quintal,Metric Tonnes
Madhya Pradesh,Raisen,Begamganj APMC,Maize,Local,Non-FAQ,2026-03-06,1300.0,1900.0,1850.0,65.354,Rs./Quintal,Metric Tonnes
Madhya Pradesh,Raisen,Begamganj APMC,Mustard,Mustard,Non-FAQ,2026-03-06,5340.0,6190.0,6190.0,2.845,Rs./Quintal,Metric Tonnes
Madhya Pradesh,Raisen,Begamganj APMC,Paddy(Common),Dhan,Non-FAQ,2026-03-06,3200.0,3200.0,3200.0,0.124,Rs./Quintal,Metric Tonnes
Madhya Pradesh,Raisen,Begamganj APMC,Red gram/Arhar/Tur(whole),Arhar Dal(Tur),Non-FAQ,2026-03-06,6100.0,6100.0,6100.0,0.10400000000000001,Rs./Quintal,Metric Tonnes
Madhya Pradesh,Raisen,Begamganj APMC,Soyabean,Soyabeen,Non-FAQ,2026-03-06,4815.0,5275.0,5275.0,1.429,Rs./Quintal,Metric Tonnes
Madhya Pradesh,Raisen,Begamganj APMC,Wheat,Wheat,FAQ,2026-03-06,2250.0,2250.0,2250.0,0.30000000000000004,Rs./Quintal,Metric Tonnes
Madhya Pradesh,Raisen,Begamganj APMC,Wheat,Wheat,Non-FAQ,2026-03-06,2150.0,2401.0,2250.0,86.811,Rs./Quintal,Metric Tonnes
Madhya Pradesh,Shehdol,Beohari APMC,Kodo Millet(Varagu),Kondo,FAQ,2026-03-06,2200.0,2210.0,2210.0,17.44,Rs./Quintal,Metric Tonnes
Madhya Pradesh,Shehdol,Beohari APMC,Mahua,Mahua Flower,FAQ,2026-03-06,3890.0,5500.0,4000.0,20.175,Rs./Quintal,Metric Tonnes
Madhya Pradesh,Bhopal,Berasia APMC,Bengal Gram(Gram)(Whole),Gram,FAQ,2026-03-06,4000.0,5185.0,4800.0,12.509,Rs./Quintal,Metric Tonnes
Madhya Pradesh,Bhopal,Berasia APMC,Lak(Teora),Tiwada,FAQ,2026-03-06,2630.0,2630.0,2630.0,0.6120000000000001,Rs./Quintal,Metric Tonnes
Madhya Pradesh,Bhopal,Berasia APMC,Lentil(Masur)(Whole),Masur Dal,FAQ,2026-03-06,5050.0,5770.0,5770.0,3.223,Rs./Quintal,Metric Tonnes
Madhya Pradesh,Bhopal,Berasia APMC,Mustard,Mustard,FAQ,2026-03-06,4600.0,5850.0,5795.0,52.86900000000001,Rs./Quintal,Metric Tonnes
Madhya Pradesh,Bhopal,Berasia APMC,Paddy(Common),Basmati,FAQ,2026-03-06,2650.0,3770.0,3770.0,5.812,Rs./Quintal,Metric Tonnes
Madhya Pradesh,Bhopal,Berasia APMC,Paddy(Common),Puspa (MR 301),FAQ,2026-03-06,3770.0,3790.0,3790.0,6.7780000000000005,Rs./Quintal,Metric Tonnes
Madhya Pradesh,Bhopal,Berasia APMC,Red gram/Arhar/Tur(whole),Arhar Dal(Tur),FAQ,2026-03-06,5250.0,6510.0,6510.0,1.2710000000000001,Rs./Quintal,Metric Tonnes
Madhya Pradesh,Bhopal,Berasia APMC,Soyabean,Yellow,FAQ,2026-03-06,3500.0,5425.0,5195.0,56.336000000000006,Rs./Quintal,Metric Tonnes
Madhya Pradesh,Bhopal,Berasia APMC,Soyabean,Soyabeen,FAQ,2026-03-06,3280.0,5325.0,5205.0,18.142,Rs./Quintal,Metric Tonnes
Madhya Pradesh,Bhopal,Berasia APMC,Wheat,Wheat,FAQ,2026-03-06,1900.0,2479.0,2200.0,120.96600000000001,Rs./Quintal,Metric Tonnes
Madhya Pradesh,Bhopal,Berasia APMC,Wheat,Mill Quality,FAQ,2026-03-06,2146.0,2325.0,2325.0,9.468000000000002,Rs./Quintal,Metric Tonnes
Madhya Pradesh,Betul,Betul APMC,Bengal Gram(Gram)(Whole),Gram,FAQ,2026-03-06,5001.0,5101.0,5101.0,1.595,Rs./Quintal,Metric Tonnes
Madhya Pradesh,Betul,Betul APMC,Bengal Gram(Gram)(Whole),Desi (F.A.Q. Split),Non-FAQ,2026-03-06,4200.0,4500.0,4500.0,0.8500000000000001,Rs./Quintal,Metric Tonnes
Madhya Pradesh,Betul,Betul APMC,Gur(Jaggery),Jaggery,FAQ,2026-03-06,3690.0,3701.0,3701.0,20.657,Rs./Quintal,Metric Tonnes
Madhya Pradesh,Betul,Betul APMC,Maize,Yellow,FAQ,2026-03-06,1400.0,1400.0,1400.0,56.0,Rs./Quintal,Metric Tonnes
Madhya Pradesh,Betul,Betul APMC,Maize,Local,Non-FAQ,2026-03-06,1430.0,1465.0,1430.0,36.7,Rs./Quintal,Metric Tonnes
Madhya Pradesh,Betul,Betul APMC,Maize,Deshi Red,FAQ,2026-03-06,1332.0,1776.0,1575.0,1128.4950000000001,Rs./Quintal,Metric Tonnes
Madhya Pradesh,Betul,Betul APMC,Mustard,Mustard,Non-FAQ,2026-03-06,5248.0,5248.0,5248.0,1.9100000000000001,Rs./Quintal,Metric Tonnes
Madhya Pradesh,Betul,Betul APMC,Red gram/Arhar/Tur(whole),Arhar Dal(Tur),Non-FAQ,2026-03-06,7500.0,7600.0,7600.0,0.77,Rs./Quintal,Metric Tonnes
Madhya Pradesh,Betul,Betul APMC,Red gram/Arhar/Tur(whole),Arhar Dal(Tur),FAQ,2026-03-06,7801.0,7801.0,7801.0,0.685,Rs./Quintal,Metric Tonnes
Madhya Pradesh,Betul,Betul APMC,Soyabean,Soyabeen,FAQ,2026-03-06,4700.0,5363.0,4950.0,91.29500000000002,Rs./Quintal,Metric Tonnes
Madhya Pradesh,Betul,Betul APMC,Wheat,Local,FAQ,2026-03-06,2400.0,2400.0,2400.0,43.0,Rs./Quintal,Metric Tonnes
Madhya Pradesh,Betul,Betul APMC,Wheat,Mill Quality,FAQ,2026-03-06,2150.0,2399.0,2369.0,252.75400000000002,Rs./Quintal,Metric Tonnes
Madhya Pradesh,Datia,Bhander APMC,Wheat,Mill Quality,FAQ,2026-03-06,2222.0,2355.0,2269.0,150.058,Rs./Quintal,Metric Tonnes
Madhya Pradesh,Datia,Bhander APMC,Wheat,Lokwan,FAQ,2026-03-06,2238.0,2238.0,2238.0,1.92,Rs./Quintal,Metric Tonnes
Madhya Pradesh,Betul,Bhensdehi APMC,Maize,Local,FAQ,2026-03-06,1500.0,1700.0,1500.0,59.926,Rs./Quintal,Metric Tonnes
Madhya Pradesh,Betul,Bhensdehi APMC,Maize,Local,Non-FAQ,2026-03-06,1459.0,1650.0,1650.0,26.616000000000003,Rs./Quintal,Metric Tonnes
Madhya Pradesh,Khargone,Bhikangaon APMC,Maize,Local,FAQ,2026-03-06,1253.82,1450.0,1450.0,38.72200000000001,Rs./Quintal,Metric Tonnes
Madhya Pradesh,Khargone,Bhikangaon APMC,Wheat,Mill Quality,FAQ,2026-03-06,2175.0,2200.0,2200.0,20.5,Rs./Quintal,Metric Tonnes
Madhya Pradesh,Khargone,Bhikangaon APMC,Wheat,Wheat,Non-FAQ,2026-03-06,2100.0,2135.0,2135.0,11.83,Rs./Quintal,Metric Tonnes
Madhya Pradesh,Khargone,Bhikangaon APMC,Wheat,Wheat,FAQ,2026-03-06,2100.0,2250.0,2225.0,81.84,Rs./Quintal,Metric Tonnes
Madhya Pradesh,Bhind,Bhind APMC,Bajra(Pearl Millet/Cumbu),Millet,Non-FAQ,2026-03-06,2076.0,2170.0,2170.0,5.6000000000000005,Rs./Quintal,Metric Tonnes
Madhya Pradesh,Bhind,Bhind APMC,Wheat,Wheat,Non-FAQ,2026-03-06,2250.0,2291.0,2271.0,7.4,Rs./Quintal,Metric Tonnes
Madhya Pradesh,Bhind,Bhind APMC,Wheat,Mill Quality,FAQ,2026-03-06,2275.0,2275.0,2275.0,10.0,Rs./Quintal,Metric Tonnes
Madhya Pradesh,Bhopal,Bhopal APMC,Bengal Gram(Gram)(Whole),Gram,FAQ,2026-03-06,4695.0,5132.0,5132.0,0.391,Rs./Quintal,Metric Tonnes
Madhya Pradesh,Bhopal,Bhopal APMC,Cowpea(Lobia/Karamani),Lobia or Moth,FAQ,2026-03-06,10782.0,10782.0,10782.0,0.15000000000000002,Rs./Quintal,Metric Tonnes
Madhya Pradesh,Bhopal,Bhopal APMC,Cummin Seed(Jeera),Cummin Seed(Jeera),FAQ,2026-03-06,25799.09,25799.09,25799.09,1.1,Rs./Quintal,Metric Tonnes
Madhya Pradesh,Bhopal,Bhopal APMC,Garlic,Garlic,FAQ,2026-03-06,1000.0,8700.0,2100.0,134.048,Rs./Quintal,Metric Tonnes
Madhya Pradesh,Bhopal,Bhopal APMC,Linseed,Flaxseed,FAQ,2026-03-06,10779.0,10779.0,10779.0,0.2,Rs./Quintal,Metric Tonnes
Madhya Pradesh,Bhopal,Bhopal APMC,Paddy(Common),Paddy,FAQ,2026-03-06,3185.0,3800.0,3800.0,6.515000000000001,Rs./Quintal,Metric Tonnes
Madhya Pradesh,Bhopal,Bhopal APMC,Rayee,Raee,FAQ,2026-03-06,8449.22,8449.22,8449.22,0.9,Rs./Quintal,Metric Tonnes
Madhya Pradesh,Bhopal,Bhopal APMC,Red gram/Arhar/Tur(whole),Arhar Dal(Tur),FAQ,2026-03-06,6600.0,6600.0,6600.0,0.259,Rs./Quintal,Metric Tonnes
Madhya Pradesh,Bhopal,Bhopal APMC,Soyabean,Soyabeen,FAQ,2026-03-06,4200.0,5242.0,5242.0,9.124,Rs./Quintal,Metric Tonnes
Madhya Pradesh,Bhopal,Bhopal APMC,Wheat,Wheat,FAQ,2026-03-06,2241.0,2587.0,2351.0,127.79100000000001,Rs./Quintal,Metric Tonnes
Madhya Pradesh,Rajgarh,Biaora APMC,Bengal Gram(Gram)(Whole),Gram,FAQ,2026-03-06,4695.0,4860.0,4860.0,1.722,Rs./Quintal,Metric Tonnes
Madhya Pradesh,Rajgarh,Biaora APMC,Coriander(Leaves),Coriander,FAQ,2026-03-06,6510.0,15000.0,9800.0,154.97500000000002,Rs./Bundle,Bundle
Madhya Pradesh,Rajgarh,Biaora APMC,Lentil(Masur)(Whole),Masur Dal,FAQ,2026-03-06,5000.0,6625.0,6425.0,69.476,Rs./Quintal,Metric Tonnes
Madhya Pradesh,Rajgarh,Biaora APMC,Mustard,Mustard,FAQ,2026-03-06,4300.0,6000.0,5700.0,544.0640000000001,Rs./Quintal,Metric Tonnes
Madhya Pradesh,Rajgarh,Biaora APMC,Soyabean,Soyabeen,FAQ,2026-03-06,4700.0,5300.0,5300.0,9.31,Rs./Quintal,Metric Tonnes
Madhya Pradesh,Rajgarh,Biaora APMC,Wheat,Wheat,FAQ,2026-03-06,1700.0,2400.0,2175.0,321.235,Rs./Quintal,Metric Tonnes
Madhya Pradesh,Chhatarpur,Bijawar APMC,Mustard,Sarson(Black),Non-FAQ,2026-03-06,6028.0,6126.0,6126.0,41.682,Rs./Quintal,Metric Tonnes
Madhya Pradesh,Chhatarpur,Bijawar APMC,Soyabean,Soyabeen,Non-FAQ,2026-03-06,4105.0,4802.0,4802.0,20.8,Rs./Quintal,Metric Tonnes
Madhya Pradesh,Chhatarpur,Bijawar APMC,Wheat,Mill Quality,Non-FAQ,2026-03-06,2300.0,2426.0,2300.0,223.06500000000003,Rs./Quintal,Metric Tonnes
Madhya Pradesh,Sagar,Bina APMC,Bengal Gram(Gram)(Whole),Gram,FAQ,2026-03-06,4470.0,5271.0,5271.0,9.995000000000001,Rs./Quintal,Metric Tonnes
Madhya Pradesh,Sagar,Bina APMC,Green Peas,Pea,FAQ,2026-03-06,1741.0,4395.0,3600.0,112.755,Rs./Quintal,Metric Tonnes
Madhya Pradesh,Sagar,Bina APMC,Lak(Teora),Tiwada,FAQ,2026-03-06,2825.0,3270.0,3100.0,22.32,Rs./Quintal,Metric Tonnes
Madhya Pradesh,Sagar,Bina APMC,Lentil(Masur)(Whole),Masur Dal,FAQ,2026-03-06,5411.0,6851.0,5900.0,87.355,Rs./Quintal,Metric Tonnes
Madhya Pradesh,Sagar,Bina APMC,Mustard,Mustard,FAQ,2026-03-06,5200.0,7000.0,5700.0,8.205,Rs./Quintal,Metric Tonnes
Madhya Pradesh,Sagar,Bina APMC,Mustard,Sarson(Black),FAQ,2026-03-06,5400.0,5400.0,5400.0,1.1,Rs./Quintal,Metric Tonnes
Madhya Pradesh,Sagar,Bina APMC,Soyabean,Soyabeen,FAQ,2026-03-06,4501.0,5170.0,5170.0,20.730000000000004,Rs./Quintal,Metric Tonnes
Madhya Pradesh,Sagar,Bina APMC,Wheat,Wheat,FAQ,2026-03-06,2100.0,2725.0,2440.0,48.52,Rs./Quintal,Metric Tonnes
Madhya Pradesh,Sagar,Bina APMC,buttery,Buttery,FAQ,2026-03-06,3391.0,4411.0,4200.0,51.53,Rs./Quintal,Metric Tonnes
Madhya Pradesh,Burhanpur,Burhanpur APMC,Bengal Gram(Gram)(Whole),Gram,Non-FAQ,2026-03-06,4870.0,5056.0,5025.0,53.49400000000001,Rs./Quintal,Metric Tonnes
Madhya Pradesh,Burhanpur,Burhanpur APMC,Bengal Gram(Gram)(Whole),Chana Kabuli,Non-FAQ,2026-03-06,5324.0,7005.0,7005.0,22.980000000000004,Rs./Quintal,Metric Tonnes
Madhya Pradesh,Burhanpur,Burhanpur APMC,Bengal Gram(Gram)(Whole),Gram,FAQ,2026-03-06,4725.0,5035.0,4800.0,26.748000000000005,Rs./Quintal,Metric Tonnes
Madhya Pradesh,Burhanpur,Burhanpur APMC,Maize,Local,FAQ,2026-03-06,1150.0,1210.0,1200.0,35.0,Rs./Quintal,Metric Tonnes
Madhya Pradesh,Burhanpur,Burhanpur APMC,Maize,Local,Non-FAQ,2026-03-06,1150.0,1624.0,1200.0,73.974,Rs./Quintal,Metric Tonnes
Madhya Pradesh,Burhanpur,Burhanpur APMC,Red gram/Arhar/Tur(whole),Arhar Dal(Tur),Non-FAQ,2026-03-06,4200.0,7712.0,7350.0,17.135,Rs./Quintal,Metric Tonnes
Madhya Pradesh,Burhanpur,Burhanpur APMC,Soyabean,Soyabeen,FAQ,2026-03-06,5145.0,5145.0,5145.0,0.028999999999999998,Rs./Quintal,Metric Tonnes
Madhya Pradesh,Burhanpur,Burhanpur APMC,Soyabean,Soyabeen,Non-FAQ,2026-03-06,4701.0,4701.0,4701.0,2.0100000000000002,Rs./Quintal,Metric Tonnes
Madhya Pradesh,Burhanpur,Burhanpur APMC,Wheat,Wheat,Non-FAQ,2026-03-06,2006.0,2321.0,2250.0,27.529000000000003,Rs./Quintal,Metric Tonnes
Madhya Pradesh,Burhanpur,Burhanpur APMC,Wheat,Wheat,FAQ,2026-03-06,2142.0,2142.0,2142.0,3.09,Rs./Quintal,Metric Tonnes
Madhya Pradesh,Ashoknagar,Chanderi APMC,Barley(Jau),Barley,Non-FAQ,2026-03-06,1900.0,1907.0,1907.0,3.651,Rs./Quintal,Metric Tonnes
Madhya Pradesh,Ashoknagar,Chanderi APMC,Maize,Local,Non-FAQ,2026-03-06,1525.0,1546.0,1546.0,18.994,Rs./Quintal,Metric Tonnes
Madhya Pradesh,Ashoknagar,Chanderi APMC,Mustard,Mustard,Non-FAQ,2026-03-06,5595.0,5960.0,5900.0,62.205999999999996,Rs./Quintal,Metric Tonnes
Madhya Pradesh,Ashoknagar,Chanderi APMC,Wheat,Wheat,Non-FAQ,2026-03-06,2100.0,2151.0,2151.0,6.993000000000001,Rs./Quintal,Metric Tonnes
Madhya Pradesh,Chhatarpur,Chattarpur(F&V) APMC,Banana,Other,Grade B,2026-03-06,2000.0,2000.0,2000.0,0.5,Rs./Quintal,Metric Tonnes
Madhya Pradesh,Chhatarpur,Chattarpur(F&V) APMC,Bottle gourd,Other,Grade B,2026-03-06,1300.0,1300.0,1300.0,4.4,Rs./Quintal,Metric Tonnes
Madhya Pradesh,Chhatarpur,Chattarpur(F&V) APMC,Cucumbar(Kheera),Other,Grade B,2026-03-06,1600.0,1600.0,1600.0,1.0,Rs./Quintal,Metric Tonnes
Madhya Pradesh,Chhatarpur,Chattarpur(F&V) APMC,Onion,Other,Grade B,2026-03-06,1000.0,1000.0,1000.0,2.7,Rs./Quintal,Metric Tonnes
Madhya Pradesh,Chhatarpur,Chattarpur(F&V) APMC,Potato,Other,Grade B,2026-03-06,700.0,700.0,700.0,2.0,Rs./Quintal,Metric Tonnes
Madhya Pradesh,Chhatarpur,Chattarpur(F&V) APMC,Tomato,Other,Grade B,2026-03-06,400.0,400.0,400.0,5.0,Rs./Quintal,Metric Tonnes
Madhya Pradesh,Chhatarpur,Chattarpur(F&V) APMC,Water Melon,Other,Grade B,2026-03-06,2200.0,2200.0,2200.0,1.0,Rs./Quintal,Metric Tonnes
Madhya Pradesh,Chhindwara,Chaurai APMC,Bengal Gram(Gram)(Whole),Desi (F.A.Q. Split),FAQ,2026-03-06,5091.0,5202.0,5202.0,3.0,Rs./Quintal,Metric Tonnes
Madhya Pradesh,Chhindwara,Chaurai APMC,Maize,Yellow,FAQ,2026-03-06,1506.0,1799.0,1721.0,1533.8090000000002,Rs./Quintal,Metric Tonnes
Madhya Pradesh,Chhindwara,Chaurai APMC,Maize,Yellow,Non-FAQ,2026-03-06,1520.0,1608.0,1535.0,200.70000000000002,Rs./Quintal,Metric Tonnes
Madhya Pradesh,Chhindwara,Chaurai APMC,Maize,Local,Non-FAQ,2026-03-06,1599.0,1625.0,1601.0,46.300000000000004,Rs./Quintal,Metric Tonnes
Madhya Pradesh,Chhindwara,Chaurai APMC,Maize,Local,FAQ,2026-03-06,1585.0,1625.0,1625.0,38.396,Rs./Quintal,Metric Tonnes
Madhya Pradesh,Chhindwara,Chaurai APMC,Mustard,Mustard,FAQ,2026-03-06,5202.0,5320.0,5320.0,0.8,Rs./Quintal,Metric Tonnes
Madhya Pradesh,Chhindwara,Chaurai APMC,Red gram/Arhar/Tur(whole),Arhar Dal(Tur),FAQ,2026-03-06,3700.0,7050.0,7050.0,1.3,Rs./Quintal,Metric Tonnes
Madhya Pradesh,Chhindwara,Chaurai APMC,Wheat,Mill Quality,FAQ,2026-03-06,2200.0,2452.0,2300.0,152.68900000000002,Rs./Quintal,Metric Tonnes
Madhya Pradesh,Chhindwara,Chaurai APMC,Wheat,Wheat,FAQ,2026-03-06,2200.0,2200.0,2200.0,5.0,Rs./Quintal,Metric Tonnes
Madhya Pradesh,Rajgarh,Chhapiheda APMC,Wheat,Wheat,FAQ,2026-03-06,2150.0,2470.0,2150.0,20.14,Rs./Quintal,Metric Tonnes
Madhya Pradesh,Chhatarpur,Chhatarpur APMC,Barley(Jau),Barley,Non-FAQ,2026-03-06,2165.0,2200.0,2200.0,66.60000000000001,Rs./Quintal,Metric Tonnes
Madhya Pradesh,Chhatarpur,Chhatarpur APMC,Mustard,Mustard,FAQ,2026-03-06,5590.0,5905.0,5800.0,120.64000000000001,Rs./Quintal,Metric Tonnes
Madhya Pradesh,Chhatarpur,Chhatarpur APMC,Mustard,Mustard,Non-FAQ,2026-03-06,5700.0,6045.0,6045.0,94.05000000000001,Rs./Quintal,Metric Tonnes
Madhya Pradesh,Chhatarpur,Chhatarpur APMC,Soyabean,Soyabeen,Non-FAQ,2026-03-06,4700.0,4800.0,4800.0,24.665000000000003,Rs./Quintal,Metric Tonnes
Madhya Pradesh,Chhatarpur,Chhatarpur APMC,Wheat,Mill Quality,FAQ,2026-03-06,2210.0,2210.0,2210.0,8.6,Rs./Quintal,Metric Tonnes
Madhya Pradesh,Chhatarpur,Chhatarpur APMC,Wheat,Mill Quality,Non-FAQ,2026-03-06,2150.0,2325.0,2309.0,245.3,Rs./Quintal,Metric Tonnes
Madhya Pradesh,Chhatarpur,Chhatarpur APMC,Wheat,Wheat,Non-FAQ,2026-03-06,2200.0,2200.0,2200.0,5.99,Rs./Quintal,Metric Tonnes
Madhya Pradesh,Chhatarpur,Chhatarpur APMC,Wheat,Wheat,FAQ,2026-03-06,2195.0,2210.0,2200.0,206.33000000000004,Rs./Quintal,Metric Tonnes
Madhya Pradesh,Chhindwara,Chhindwara APMC,Bengal Gram(Gram)(Whole),Gram,FAQ,2026-03-06,4200.0,5195.0,5195.0,3.4450000000000003,Rs./Quintal,Metric Tonnes
Madhya Pradesh,Chhindwara,Chhindwara APMC,Green Gram(Moong)(Whole),Green (Whole),FAQ,2026-03-06,5100.0,5180.0,5180.0,0.2,Rs./Quintal,Metric Tonnes
Madhya Pradesh,Chhindwara,Chhindwara APMC,Green Peas,Pea,FAQ,2026-03-06,2650.0,2650.0,2650.0,0.30000000000000004,Rs./Quintal,Metric Tonnes
Madhya Pradesh,Chhindwara,Chhindwara APMC,Maize,Local,FAQ,2026-03-06,1499.0,1811.0,1751.0,2053.3360000000002,Rs./Quintal,Metric Tonnes
Madhya Pradesh,Chhindwara,Chhindwara APMC,Maize,Deshi Red,FAQ,2026-03-06,1500.0,1600.0,1600.0,100.30000000000001,Rs./Quintal,Metric Tonnes
Madhya Pradesh,Chhindwara,Chhindwara APMC,Maize,Yellow,FAQ,2026-03-06,1600.0,1600.0,1600.0,20.0,Rs./Quintal,Metric Tonnes
Madhya Pradesh,Chhindwara,Chhindwara APMC,Mustard,Mustard,FAQ,2026-03-06,5150.0,5500.0,5500.0,1.6,Rs./Quintal,Metric Tonnes
Madhya Pradesh,Chhindwara,Chhindwara APMC,Paddy(Common),Paddy,Non-FAQ,2026-03-06,1932.0,1932.0,1932.0,10.100000000000001,Rs./Quintal,Metric Tonnes
Madhya Pradesh,Chhindwara,Chhindwara APMC,Red gram/Arhar/Tur(whole),Arhar Dal(Tur),FAQ,2026-03-06,5500.0,7688.0,7390.0,18.96,Rs./Quintal,Metric Tonnes
Madhya Pradesh,Chhindwara,Chhindwara APMC,Soyabean,Soyabeen,FAQ,2026-03-06,5040.0,5380.0,5311.0,34.876,Rs./Quintal,Metric Tonnes
Madhya Pradesh,Chhindwara,Chhindwara APMC,Wheat,Mill Quality,FAQ,2026-03-06,2201.0,2637.0,2380.0,190.25400000000002,Rs./Quintal,Metric Tonnes
Madhya Pradesh,Chhindwara,Chhindwara APMC,Wheat,Wheat,FAQ,2026-03-06,2231.0,2527.0,2300.0,79.642,Rs./Quintal,Metric Tonnes
Madhya Pradesh,Seoni,Chhpara APMC,Maize,Yellow,FAQ,2026-03-06,1511.0,1730.0,1730.0,158.611,Rs./Quintal,Metric Tonnes
Madhya Pradesh,Seoni,Chhpara APMC,Maize,Local,Non-FAQ,2026-03-06,1540.0,1560.0,1560.0,36.5,Rs./Quintal,Metric Tonnes
Madhya Pradesh,Seoni,Chhpara APMC,Maize,Local,FAQ,2026-03-06,1490.0,1700.0,1700.0,134.0,Rs./Quintal,Metric Tonnes
Madhya Pradesh,Seoni,Chhpara APMC,Maize,Yellow,Non-FAQ,2026-03-06,1600.0,1700.0,1700.0,56.5,Rs./Quintal,Metric Tonnes
Madhya Pradesh,Gwalior,Dabra APMC,Mustard,Mustard,FAQ,2026-03-06,5580.0,6329.0,6125.0,34.98500000000001,Rs./Quintal,Metric Tonnes
Madhya Pradesh,Gwalior,Dabra APMC,Wheat,Wheat,FAQ,2026-03-06,2250.0,2500.0,2400.0,136.64000000000001,Rs./Quintal,Metric Tonnes
Madhya Pradesh,Mandsaur,Daloda APMC,Bengal Gram(Gram)(Whole),Gram,FAQ,2026-03-06,4502.0,4931.0,4891.0,8.137,Rs./Quintal,Metric Tonnes
Madhya Pradesh,Mandsaur,Daloda APMC,Garlic,Garlic,FAQ,2026-03-06,1200.0,11900.0,5200.0,290.316,Rs./Quintal,Metric Tonnes
Madhya Pradesh,Mandsaur,Daloda APMC,Lentil(Masur)(Whole),Masur Dal,FAQ,2026-03-06,5800.0,5800.0,5800.0,0.22200000000000003,Rs./Quintal,Metric Tonnes
Madhya Pradesh,Mandsaur,Daloda APMC,Linseed,Flaxseed,FAQ,2026-03-06,6500.0,7550.0,7550.0,0.8740000000000001,Rs./Quintal,Metric Tonnes
Madhya Pradesh,Mandsaur,Daloda APMC,Maize,Local,FAQ,2026-03-06,1434.0,1585.0,1585.0,3.197,Rs./Quintal,Metric Tonnes
Madhya Pradesh,Mandsaur,Daloda APMC,Methi Seeds,Methiseeds,FAQ,2026-03-06,4600.0,4799.0,4799.0,0.687,Rs./Quintal,Metric Tonnes
Madhya Pradesh,Mandsaur,Daloda APMC,Mustard,Mustard,FAQ,2026-03-06,5400.0,5991.0,5700.0,18.221,Rs./Quintal,Metric Tonnes
Madhya Pradesh,Mandsaur,Daloda APMC,Soyabean,Soyabeen,FAQ,2026-03-06,4200.0,5421.0,5132.0,94.956,Rs./Quintal,Metric Tonnes
Madhya Pradesh,Mandsaur,Daloda APMC,Soyabean,Soyabeen,Non-FAQ,2026-03-06,4420.0,5246.0,5246.0,8.702,Rs./Quintal,Metric Tonnes
Madhya Pradesh,Mandsaur,Daloda APMC,Wheat,Lokwan,FAQ,2026-03-06,2257.0,2259.0,2259.0,3.622,Rs./Quintal,Metric Tonnes
Madhya Pradesh,Mandsaur,Daloda APMC,Wheat,Wheat,FAQ,2026-03-06,1751.0,2550.0,2300.0,301.298,Rs./Quintal,Metric Tonnes
Madhya Pradesh,Damoh,Damoh APMC,Bengal Gram(Gram)(Whole),Gram,FAQ,2026-03-06,3250.0,5405.0,5170.0,57.342999999999996,Rs./Quintal,Metric Tonnes
Madhya Pradesh,Damoh,Damoh APMC,Black Gram(Urd Beans)(Whole),Urda/Urd,FAQ,2026-03-06,5490.0,6810.0,6810.0,2.968,Rs./Quintal,Metric Tonnes
Madhya Pradesh,Damoh,Damoh APMC,Green Gram(Moong)(Whole),Green (Whole),FAQ,2026-03-06,6390.0,6390.0,6390.0,0.08000000000000002,Rs./Quintal,Metric Tonnes
Madhya Pradesh,Damoh,Damoh APMC,Green Peas,Pea,FAQ,2026-03-06,2000.0,4285.0,3705.0,280.885,Rs./Quintal,Metric Tonnes
Madhya Pradesh,Damoh,Damoh APMC,Lentil(Masur)(Whole),Masur Dal,FAQ,2026-03-06,5000.0,7035.0,6850.0,292.963,Rs./Quintal,Metric Tonnes
Madhya Pradesh,Damoh,Damoh APMC,Linseed,Flaxseed,FAQ,2026-03-06,7120.0,7120.0,7120.0,0.29500000000000004,Rs./Quintal,Metric Tonnes
Madhya Pradesh,Damoh,Damoh APMC,Maize,Local,FAQ,2026-03-06,1475.0,1670.0,1600.0,14.048,Rs./Quintal,Metric Tonnes
Madhya Pradesh,Damoh,Damoh APMC,Maize,Local,Non-FAQ,2026-03-06,1520.0,1625.0,1600.0,129.484,Rs./Quintal,Metric Tonnes
Madhya Pradesh,Damoh,Damoh APMC,Mustard,Mustard,FAQ,2026-03-06,3500.0,5860.0,5500.0,13.365000000000002,Rs./Quintal,Metric Tonnes
Madhya Pradesh,Damoh,Damoh APMC,Red gram/Arhar/Tur(whole),Arhar Dal(Tur),FAQ,2026-03-06,5310.0,7740.0,6500.0,19.226,Rs./Quintal,Metric Tonnes
Madhya Pradesh,Damoh,Damoh APMC,Soyabean,Yellow,FAQ,2026-03-06,4795.0,5800.0,5800.0,29.775000000000002,Rs./Quintal,Metric Tonnes
Madhya Pradesh,Damoh,Damoh APMC,Soyabean,Soyabeen,FAQ,2026-03-06,4310.0,5205.0,5000.0,66.468,Rs./Quintal,Metric Tonnes
Madhya Pradesh,Damoh,Damoh APMC,Wheat,Wheat,Non-FAQ,2026-03-06,1545.0,1545.0,1545.0,3.8000000000000003,Rs./Quintal,Metric Tonnes
Madhya Pradesh,Damoh,Damoh APMC,buttery,Buttery,FAQ,2026-03-06,2800.0,4400.0,3500.0,52.88400000000001,Rs./Quintal,Metric Tonnes
Madhya Pradesh,Datia,Datia APMC,Groundnut,Big (With Shell),FAQ,2026-03-06,5735.0,6045.0,6045.0,1.64,Rs./Quintal,Metric Tonnes
Madhya Pradesh,Datia,Datia APMC,Mustard,Mustard,FAQ,2026-03-06,5700.0,6205.0,6125.0,74.247,Rs./Quintal,Metric Tonnes
Madhya Pradesh,Datia,Datia APMC,Wheat,Mill Quality,FAQ,2026-03-06,2162.0,2391.0,2282.0,187.95600000000002,Rs./Quintal,Metric Tonnes
Madhya Pradesh,Sagar,Deori APMC,Bengal Gram(Gram)(Whole),Gram,Non-FAQ,2026-03-06,4860.0,5190.0,5070.0,69.0,Rs./Quintal,Metric Tonnes
Madhya Pradesh,Sagar,Deori APMC,Bengal Gram(Gram)(Whole),Gram,FAQ,2026-03-06,5000.0,5000.0,5000.0,3.5,Rs./Quintal,Metric Tonnes
Madhya Pradesh,Sagar,Deori APMC,Soyabean,Soyabeen,FAQ,2026-03-06,4800.0,5120.0,5030.0,101.60000000000001,Rs./Quintal,Metric Tonnes
Madhya Pradesh,Panna,Devandranagar APMC,Mustard,Mustard,Non-FAQ,2026-03-06,5570.0,5610.0,5610.0,8.0,Rs./Quintal,Metric Tonnes
Madhya Pradesh,Panna,Devandranagar APMC,Wheat,Wheat,Non-FAQ,2026-03-06,2200.0,2215.0,2210.0,30.0,Rs./Quintal,Metric Tonnes
Madhya Pradesh,Dewas,Dewas APMC,Bengal Gram(Gram)(Whole),Gram,FAQ,2026-03-06,3500.0,5270.0,5181.0,39.524,Rs./Quintal,Metric Tonnes
Madhya Pradesh,Dewas,Dewas APMC,Coriander(Leaves),Coriander,FAQ,2026-03-06,8210.0,9000.0,9000.0,0.10200000000000001,Rs./Bundle,Bundle
Madhya Pradesh,Dewas,Dewas APMC,Green Peas,Pea,FAQ,2026-03-06,2500.0,2500.0,2500.0,0.054000000000000006,Rs./Quintal,Metric Tonnes
Madhya Pradesh,Dewas,Dewas APMC,Kabuli Chana(Chickpeas-White),Dollar Gram,FAQ,2026-03-06,3600.0,8120.0,7900.0,21.810000000000002,Rs./Quintal,Metric Tonnes
Madhya Pradesh,Dewas,Dewas APMC,Lentil(Masur)(Whole),Masur Dal,FAQ,2026-03-06,5200.0,6299.0,6061.0,8.9,Rs./Quintal,Metric Tonnes
Madhya Pradesh,Dewas,Dewas APMC,Maize,Local,FAQ,2026-03-06,1658.0,1658.0,1658.0,1.0,Rs./Quintal,Metric Tonnes
Madhya Pradesh,Dewas,Dewas APMC,Mustard,Mustard,FAQ,2026-03-06,4701.0,6000.0,5700.0,68.836,Rs./Quintal,Metric Tonnes
Madhya Pradesh,Dewas,Dewas APMC,Soyabean,Soyabeen,Non-FAQ,2026-03-06,5301.0,5301.0,5301.0,0.9640000000000001,Rs./Quintal,Metric Tonnes
Madhya Pradesh,Dewas,Dewas APMC,Soyabean,Soyabeen,FAQ,2026-03-06,1690.0,5625.0,5300.0,642.21,Rs./Quintal,Metric Tonnes
Madhya Pradesh,Dewas,Dewas APMC,Tamarind Fruit,Tamarind,FAQ,2026-03-06,4060.0,4060.0,4060.0,0.191,Rs./Quintal,Metric Tonnes
Madhya Pradesh,Dewas,Dewas APMC,Wheat,Wheat,FAQ,2026-03-06,1401.0,2757.0,2300.0,996.9090000000001,Rs./Quintal,Metric Tonnes
Madhya Pradesh,Dewas,Dewas APMC,Wheat,Mill Quality,Non-FAQ,2026-03-06,2111.0,2111.0,2111.0,5.996,Rs./Quintal,Metric Tonnes
Madhya Pradesh,Dhar,Dhamnod APMC,Bengal Gram(Gram)(Whole),Gram,FAQ,2026-03-06,5430.0,5600.0,5600.0,6.392,Rs./Quintal,Metric Tonnes
Madhya Pradesh,Dhar,Dhamnod APMC,Chili Red,Red,FAQ,2026-03-06,9800.0,9935.0,9935.0,10.0,Rs./Quintal,Metric Tonnes
Madhya Pradesh,Dhar,Dhamnod APMC,Cotton,Without Ginned Cotton,FAQ,2026-03-06,5800.0,7610.0,7610.0,5.300000000000001,Rs./Quintal,Metric Tonnes
Madhya Pradesh,Dhar,Dhamnod APMC,Kabuli Chana(Chickpeas-White),Dollar Gram,FAQ,2026-03-06,7500.0,8140.0,8000.0,23.092,Rs./Quintal,Metric Tonnes
Madhya Pradesh,Dhar,Dhamnod APMC,Maize,Local,FAQ,2026-03-06,1530.0,1590.0,1590.0,33.275,Rs./Quintal,Metric Tonnes
Madhya Pradesh,Dhar,Dhamnod APMC,Soanf,Fennel-Organic,FAQ,2026-03-06,12000.0,12000.0,12000.0,1.55,Rs./Quintal,Metric Tonnes
Madhya Pradesh,Dhar,Dhamnod APMC,Soanf,Soanf,FAQ,2026-03-06,8000.0,15000.0,8000.0,4.855,Rs./Quintal,Metric Tonnes
Madhya Pradesh,Dhar,Dhamnod APMC,Soanf,Other,FAQ,2026-03-06,10100.0,10100.0,10100.0,1.175,Rs./Quintal,Metric Tonnes
Madhya Pradesh,Dhar,Dhar APMC,Bengal Gram(Gram)(Whole),Gram,FAQ,2026-03-06,4015.0,5155.0,5125.0,23.462000000000003,Rs./Quintal,Metric Tonnes
Madhya Pradesh,Dhar,Dhar APMC,Green Peas,Pea,FAQ,2026-03-06,2750.0,3500.0,2800.0,1.3470000000000002,Rs./Quintal,Metric Tonnes
Madhya Pradesh,Dhar,Dhar APMC,Kabuli Chana(Chickpeas-White),Dollar Gram,FAQ,2026-03-06,5305.0,7905.0,7905.0,9.623000000000001,Rs./Quintal,Metric Tonnes
Madhya Pradesh,Dhar,Dhar APMC,Kabuli Chana(Chickpeas-White),Bitkey,FAQ,2026-03-06,4820.0,4820.0,4820.0,0.10500000000000001,Rs./Quintal,Metric Tonnes
Madhya Pradesh,Dhar,Dhar APMC,Maize,Local,FAQ,2026-03-06,1400.0,1576.0,1576.0,22.180000000000003,Rs./Quintal,Metric Tonnes
Madhya Pradesh,Dhar,Dhar APMC,Soyabean,Soyabeen,FAQ,2026-03-06,1400.0,5770.0,5340.0,469.432,Rs./Quintal,Metric Tonnes
Madhya Pradesh,Dhar,Dhar APMC,Soyabean,Soyabeen,Non-FAQ,2026-03-06,4800.0,4900.0,4900.0,24.315,Rs./Quintal,Metric Tonnes
Madhya Pradesh,Dhar,Dhar APMC,Wheat,Lokwan,FAQ,2026-03-06,2225.0,2325.0,2300.0,54.089,Rs./Quintal,Metric Tonnes
Madhya Pradesh,Dhar,Dhar APMC,Wheat,Local,FAQ,2026-03-06,2150.0,2210.0,2210.0,27.3,Rs./Quintal,Metric Tonnes
Madhya Pradesh,Dhar,Dhar APMC,Wheat,Wheat,Non-FAQ,2026-03-06,2160.0,2250.0,2250.0,7.41,Rs./Quintal,Metric Tonnes
Madhya Pradesh,Dhar,Dhar APMC,Wheat,Wheat,FAQ,2026-03-06,2025.0,2750.0,2244.0,681.0740000000001,Rs./Quintal,Metric Tonnes
Madhya Pradesh,Dhar,Dhar APMC,Wheat,Mill Quality,Non-FAQ,2026-03-06,2075.0,2080.0,2075.0,24.700000000000003,Rs./Quintal,Metric Tonnes
Madhya Pradesh,Narsinghpur,Gadarwada APMC,Bengal Gram(Gram)(Whole),Gram,FAQ,2026-03-06,4799.0,5220.0,5200.0,13.355000000000002,Rs./Quintal,Metric Tonnes
Madhya Pradesh,Narsinghpur,Gadarwada APMC,Bengal Gram(Gram)(Whole),Gram,Non-FAQ,2026-03-06,4870.0,5200.0,5200.0,2.92,Rs./Quintal,Metric Tonnes
Madhya Pradesh,Narsinghpur,Gadarwada APMC,Gur(Jaggery),Jaggery,FAQ,2026-03-06,3100.0,3100.0,3100.0,10.081000000000001,Rs./Quintal,Metric Tonnes
Madhya Pradesh,Narsinghpur,Gadarwada APMC,Paddy(Common),Puspa (MR 301),FAQ,2026-03-06,3400.0,3875.0,3851.0,14.995,Rs./Quintal,Metric Tonnes
Madhya Pradesh,Narsinghpur,Gadarwada APMC,Paddy(Common),Basmati,FAQ,2026-03-06,2146.0,3000.0,3000.0,14.747,Rs./Quintal,Metric Tonnes
Madhya Pradesh,Narsinghpur,Gadarwada APMC,Red gram/Arhar/Tur(whole),Arhar Dal(Tur),FAQ,2026-03-06,6400.0,8015.0,7257.0,10.38,Rs./Quintal,Metric Tonnes
Madhya Pradesh,Narsinghpur,Gadarwada APMC,Soyabean,Soyabeen,FAQ,2026-03-06,5107.0,5201.0,5201.0,0.925,Rs./Quintal,Metric Tonnes
Madhya Pradesh,Narsinghpur,Gadarwada APMC,Wheat,Mill Quality,Non-FAQ,2026-03-06,2175.0,2179.0,2179.0,17.39,Rs./Quintal,Metric Tonnes
Madhya Pradesh,Narsinghpur,Gadarwada APMC,Wheat,Mill Quality,FAQ,2026-03-06,2178.0,2700.0,2700.0,47.455000000000005,Rs./Quintal,Metric Tonnes
Madhya Pradesh,Raisen,Gairatganj APMC,Bengal Gram(Gram)(Whole),Gram,Non-FAQ,2026-03-06,5126.0,5226.0,5226.0,2.15,Rs./Quintal,Metric Tonnes
Madhya Pradesh,Raisen,Gairatganj APMC,Bengal Gram(Gram)(Whole),Gram,FAQ,2026-03-06,5205.0,5205.0,5205.0,1.0,Rs./Quintal,Metric Tonnes
Madhya Pradesh,Raisen,Gairatganj APMC,Lak(Teora),Tiwada,FAQ,2026-03-06,3245.0,3250.0,3250.0,2.5,Rs./Quintal,Metric Tonnes
Madhya Pradesh,Raisen,Gairatganj APMC,Lentil(Masur)(Whole),Masur Dal,FAQ,2026-03-06,5705.0,6090.0,6090.0,0.9,Rs./Quintal,Metric Tonnes
Madhya Pradesh,Raisen,Gairatganj APMC,Lentil(Masur)(Whole),Masur Dal,Non-FAQ,2026-03-06,5820.0,6565.0,6180.0,4.859000000000001,Rs./Quintal,Metric Tonnes
Madhya Pradesh,Raisen,Gairatganj APMC,Mustard,Mustard,Non-FAQ,2026-03-06,5775.0,5775.0,5775.0,0.1,Rs./Quintal,Metric Tonnes
Madhya Pradesh,Raisen,Gairatganj APMC,Paddy(Common),Basmati,FAQ,2026-03-06,3800.0,3955.0,3900.0,45.300000000000004,Rs./Quintal,Metric Tonnes
Madhya Pradesh,Raisen,Gairatganj APMC,Paddy(Common),Dhan,Non-FAQ,2026-03-06,3735.0,3805.0,3805.0,8.381,Rs./Quintal,Metric Tonnes
Madhya Pradesh,Raisen,Gairatganj APMC,Red gram/Arhar/Tur(whole),Arhar Dal(Tur),Non-FAQ,2026-03-06,6805.0,6805.0,6805.0,0.2,Rs./Quintal,Metric Tonnes
Madhya Pradesh,Raisen,Gairatganj APMC,Red gram/Arhar/Tur(whole),Arhar Dal(Tur),FAQ,2026-03-06,6395.0,6500.0,6500.0,0.9,Rs./Quintal,Metric Tonnes
Madhya Pradesh,Raisen,Gairatganj APMC,Soyabean,Soyabeen,Non-FAQ,2026-03-06,4891.0,5100.0,5100.0,0.2,Rs./Quintal,Metric Tonnes
Madhya Pradesh,Raisen,Gairatganj APMC,Wheat,Wheat,FAQ,2026-03-06,2135.0,2200.0,2200.0,1.5,Rs./Quintal,Metric Tonnes
Madhya Pradesh,Raisen,Gairatganj APMC,Wheat,Wheat,Non-FAQ,2026-03-06,2111.0,2380.0,2380.0,6.2,Rs./Quintal,Metric Tonnes
Madhya Pradesh,Dhar,Gandhwani APMC,Bengal Gram(Gram)(Whole),Desi (F.A.Q. Split),FAQ,2026-03-06,5000.0,5000.0,5000.0,1.545,Rs./Quintal,Metric Tonnes
Madhya Pradesh,Dhar,Gandhwani APMC,Cotton,Without Ginned Cotton,FAQ,2026-03-06,7925.0,7950.0,7925.0,17.07,Rs./Quintal,Metric Tonnes
Madhya Pradesh,Dhar,Gandhwani APMC,Soyabean,Soyabeen,FAQ,2026-03-06,4960.0,4985.0,4985.0,7.7250000000000005,Rs./Quintal,Metric Tonnes
Madhya Pradesh,Dhar,Gandhwani APMC,Wheat,Wheat,FAQ,2026-03-06,2100.0,2210.0,2150.0,70.89,Rs./Quintal,Metric Tonnes
Madhya Pradesh,Vidisha,Ganjbasoda APMC,Bengal Gram(Gram)(Whole),Gram,FAQ,2026-03-06,4100.0,5100.0,4215.0,65.57600000000001,Rs./Quintal,Metric Tonnes
Madhya Pradesh,Vidisha,Ganjbasoda APMC,Green Peas,Pea,FAQ,2026-03-06,3910.0,3935.0,3935.0,4.075,Rs./Quintal,Metric Tonnes
Madhya Pradesh,Vidisha,Ganjbasoda APMC,Lak(Teora),Tiwada,FAQ,2026-03-06,3050.0,3355.0,3100.0,94.063,Rs./Quintal,Metric Tonnes
Madhya Pradesh,Vidisha,Ganjbasoda APMC,Lak(Teora),Tivra-Organic,FAQ,2026-03-06,3400.0,3500.0,3500.0,33.71,Rs./Quintal,Metric Tonnes
Madhya Pradesh,Vidisha,Ganjbasoda APMC,Lentil(Masur)(Whole),Masur Dal,FAQ,2026-03-06,4000.0,6740.0,5950.0,156.905,Rs./Quintal,Metric Tonnes
Madhya Pradesh,Vidisha,Ganjbasoda APMC,Maize,Local,FAQ,2026-03-06,1403.0,1599.0,1480.0,31.759,Rs./Quintal,Metric Tonnes
Madhya Pradesh,Vidisha,Ganjbasoda APMC,Mustard,Mustard,FAQ,2026-03-06,4000.0,6700.0,5700.0,288.488,Rs./Quintal,Metric Tonnes
Madhya Pradesh,Vidisha,Ganjbasoda APMC,Paddy(Common),Paddy,FAQ,2026-03-06,1805.0,3810.0,3690.0,37.681000000000004,Rs./Quintal,Metric Tonnes
Madhya Pradesh,Vidisha,Ganjbasoda APMC,Red gram/Arhar/Tur(whole),Arhar Dal(Tur),FAQ,2026-03-06,7630.0,7630.0,7630.0,0.137,Rs./Quintal,Metric Tonnes
Madhya Pradesh,Vidisha,Ganjbasoda APMC,Soyabean,Soyabeen,FAQ,2026-03-06,3000.0,5681.0,4900.0,31.471,Rs./Quintal,Metric Tonnes
Madhya Pradesh,Vidisha,Ganjbasoda APMC,Wheat,Mill Quality,FAQ,2026-03-06,1950.0,1950.0,1950.0,1.595,Rs./Quintal,Metric Tonnes
Madhya Pradesh,Vidisha,Ganjbasoda APMC,Wheat,Sujatha,FAQ,2026-03-06,1900.0,2440.0,1950.0,94.453,Rs./Quintal,Metric Tonnes
Madhya Pradesh,Vidisha,Ganjbasoda APMC,Wheat,PISSI,FAQ,2026-03-06,1950.0,2450.0,2000.0,70.29,Rs./Quintal,Metric Tonnes
Madhya Pradesh,Vidisha,Ganjbasoda APMC,Wheat,Wheat,FAQ,2026-03-06,2150.0,2150.0,2150.0,1.276,Rs./Quintal,Metric Tonnes
Madhya Pradesh,Vidisha,Ganjbasoda APMC,Wheat,Sharbati,FAQ,2026-03-06,2580.0,3102.0,3102.0,7.18,Rs./Quintal,Metric Tonnes
Madhya Pradesh,Vidisha,Ganjbasoda APMC,Wheat,Mill Quality,Non-FAQ,2026-03-06,2070.0,2070.0,2070.0,2.0,Rs./Quintal,Metric Tonnes
Madhya Pradesh,Vidisha,Ganjbasoda APMC,Wheat,Lokwan,FAQ,2026-03-06,1900.0,2361.0,2361.0,15.403,Rs./Quintal,Metric Tonnes
Madhya Pradesh,Vidisha,Ganjbasoda APMC,Wheat,Local,FAQ,2026-03-06,2000.0,2000.0,2000.0,0.9369999999999999,Rs./Quintal,Metric Tonnes
Madhya Pradesh,Vidisha,Ganjbasoda APMC,buttery,Buttery,FAQ,2026-03-06,2150.0,4310.0,3766.0,26.601,Rs./Quintal,Metric Tonnes
Madhya Pradesh,Sagar,Garhakota APMC,Bengal Gram(Gram)(Whole),Gram,FAQ,2026-03-06,4345.0,5200.0,5200.0,5.175000000000001,Rs./Quintal,Metric Tonnes
Madhya Pradesh,Sagar,Garhakota APMC,Bengal Gram(Gram)(Whole),Chana Kanta,FAQ,2026-03-06,5130.0,5130.0,5130.0,0.51,Rs./Quintal,Metric Tonnes
Madhya Pradesh,Sagar,Garhakota APMC,Green Peas,Pea,FAQ,2026-03-06,3000.0,3495.0,3000.0,7.711,Rs./Quintal,Metric Tonnes
Madhya Pradesh,Sagar,Garhakota APMC,Lentil(Masur)(Whole),Masur Dal,FAQ,2026-03-06,5700.0,6075.0,5955.0,6.445,Rs./Quintal,Metric Tonnes
Madhya Pradesh,Sagar,Garhakota APMC,Maize,Local,FAQ,2026-03-06,1340.0,1660.0,1625.0,75.89,Rs./Quintal,Metric Tonnes
Madhya Pradesh,Sagar,Garhakota APMC,Mustard,Mustard,FAQ,2026-03-06,5585.0,5635.0,5635.0,0.6400000000000001,Rs./Quintal,Metric Tonnes
Madhya Pradesh,Sagar,Garhakota APMC,Soyabean,Soyabeen,FAQ,2026-03-06,4215.0,5245.0,5245.0,35.899,Rs./Quintal,Metric Tonnes
Madhya Pradesh,Sagar,Garhakota APMC,Wheat,Wheat,FAQ,2026-03-06,2125.0,2405.0,2300.0,33.099000000000004,Rs./Quintal,Metric Tonnes
Madhya Pradesh,Sagar,Garhakota APMC,buttery,Buttery,FAQ,2026-03-06,3315.0,3685.0,3685.0,1.745,Rs./Quintal,Metric Tonnes
Madhya Pradesh,Mandsaur,Garoth APMC,Bengal Gram(Gram)(Whole),Gram,Non-FAQ,2026-03-06,4200.0,4857.0,4857.0,1.8100000000000003,Rs./Quintal,Metric Tonnes
Madhya Pradesh,Mandsaur,Garoth APMC,Maize,Local,Non-FAQ,2026-03-06,1500.0,1500.0,1500.0,10.0,Rs./Quintal,Metric Tonnes
Madhya Pradesh,Mandsaur,Garoth APMC,Mustard,Mustard,Non-FAQ,2026-03-06,5100.0,5890.0,5890.0,0.6000000000000001,Rs./Quintal,Metric Tonnes
Madhya Pradesh,Mandsaur,Garoth APMC,Wheat,Wheat,Non-FAQ,2026-03-06,1885.0,2241.0,2200.0,87.129,Rs./Quintal,Metric Tonnes
Madhya Pradesh,Mandsaur,Garoth APMC,Wheat,Wheat,FAQ,2026-03-06,2146.0,2146.0,2146.0,0.35000000000000003,Rs./Quintal,Metric Tonnes
Madhya Pradesh,Indore,Gautampura APMC,Garlic,Garlic,FAQ,2026-03-06,1000.0,6000.0,3000.0,84.80900000000001,Rs./Quintal,Metric Tonnes
Madhya Pradesh,Indore,Gautampura APMC,Soyabean,Soyabeen,FAQ,2026-03-06,4515.0,5353.0,5353.0,13.686000000000002,Rs./Quintal,Metric Tonnes
Madhya Pradesh,Indore,Gautampura APMC,Wheat,Lokwan,FAQ,2026-03-06,2315.0,2315.0,2315.0,4.816,Rs./Quintal,Metric Tonnes
Madhya Pradesh,Indore,Gautampura APMC,Wheat,Mill Quality,FAQ,2026-03-06,2100.0,2100.0,2100.0,12.5,Rs./Quintal,Metric Tonnes
Madhya Pradesh,Indore,Gautampura APMC,Wheat,Wheat,FAQ,2026-03-06,2071.0,2725.0,2725.0,33.785000000000004,Rs./Quintal,Metric Tonnes
Madhya Pradesh,Indore,Gautampura APMC,Wheat,Wheat,Non-FAQ,2026-03-06,2300.0,2350.0,2350.0,15.799000000000001,Rs./Quintal,Metric Tonnes
Madhya Pradesh,Seoni,Ghansour APMC,Bengal Gram(Gram)(Whole),Desi (F.A.Q. Split),FAQ,2026-03-06,4500.0,4550.0,4550.0,12.3,Rs./Quintal,Metric Tonnes
Madhya Pradesh,Seoni,Ghansour APMC,Maize,Yellow,FAQ,2026-03-06,1400.0,1420.0,1420.0,22.1,Rs./Quintal,Metric Tonnes
Madhya Pradesh,Seoni,Ghansour APMC,Maize,Local,FAQ,2026-03-06,1700.0,1750.0,1700.0,76.23,Rs./Quintal,Metric Tonnes
Madhya Pradesh,Bhind,Gohad APMC,Mustard,Mustard,FAQ,2026-03-06,6080.0,6255.0,6255.0,8.91,Rs./Quintal,Metric Tonnes
Madhya Pradesh,Bhind,Gohad APMC,Wheat,Wheat,FAQ,2026-03-06,2170.0,2255.0,2180.0,18.06,Rs./Quintal,Metric Tonnes
Madhya Pradesh,Narsinghpur,Gotegaon APMC,Gur(Jaggery),Jaggery,FAQ,2026-03-06,3250.0,3330.0,3325.0,36.0,Rs./Quintal,Metric Tonnes
Madhya Pradesh,Narsinghpur,Gotegaon APMC,Maize,Local,Non-FAQ,2026-03-06,1475.0,1500.0,1500.0,21.400000000000002,Rs./Quintal,Metric Tonnes
Madhya Pradesh,Narsinghpur,Gotegaon APMC,Maize,Local,FAQ,2026-03-06,1446.0,2200.0,1446.0,93.80000000000001,Rs./Quintal,Metric Tonnes
Madhya Pradesh,Narsinghpur,Gotegaon APMC,Wheat,Wheat,FAQ,2026-03-06,2200.0,2250.0,2250.0,26.700000000000003,Rs./Quintal,Metric Tonnes
Madhya Pradesh,Vidisha,Gulabganj APMC,Bengal Gram(Gram)(Whole),Gram,FAQ,2026-03-06,4704.0,5001.0,5001.0,1.056,Rs./Quintal,Metric Tonnes
Madhya Pradesh,Vidisha,Gulabganj APMC,Lak(Teora),Tiwada,FAQ,2026-03-06,3000.0,3000.0,3000.0,0.6970000000000001,Rs./Quintal,Metric Tonnes
Madhya Pradesh,Vidisha,Gulabganj APMC,Mustard,Mustard,FAQ,2026-03-06,5800.0,5800.0,5800.0,0.5,Rs./Quintal,Metric Tonnes
Madhya Pradesh,Vidisha,Gulabganj APMC,Wheat,Wheat,FAQ,2026-03-06,2150.0,2150.0,2150.0,1.734,Rs./Quintal,Metric Tonnes
Madhya Pradesh,Guna,Guna APMC,Bengal Gram(Gram)(Whole),Gram,FAQ,2026-03-06,4205.0,5200.0,5085.0,45.451,Rs./Quintal,Metric Tonnes
Madhya Pradesh,Guna,Guna APMC,Bengal Gram(Gram)(Whole),Gram,Non-FAQ,2026-03-06,5070.0,5070.0,5070.0,0.303,Rs./Quintal,Metric Tonnes
Madhya Pradesh,Guna,Guna APMC,Coriander(Leaves),Coriander,FAQ,2026-03-06,6650.0,10475.0,8700.0,58.113,Rs./Bundle,Bundle
Madhya Pradesh,Guna,Guna APMC,Green Peas,Pea,FAQ,2026-03-06,4100.0,4100.0,4100.0,1.9020000000000001,Rs./Quintal,Metric Tonnes
Madhya Pradesh,Guna,Guna APMC,Lentil(Masur)(Whole),Masur Dal,FAQ,2026-03-06,5400.0,5900.0,5740.0,91.19200000000001,Rs./Quintal,Metric Tonnes
Madhya Pradesh,Guna,Guna APMC,Lentil(Masur)(Whole),Masur Dal,Non-FAQ,2026-03-06,5650.0,5650.0,5650.0,0.727,Rs./Quintal,Metric Tonnes
Madhya Pradesh,Guna,Guna APMC,Maize,Local,FAQ,2026-03-06,1305.0,1705.0,1535.0,317.843,Rs./Quintal,Metric Tonnes
Madhya Pradesh,Guna,Guna APMC,Mustard,Mustard,FAQ,2026-03-06,3800.0,6000.0,5805.0,299.618,Rs./Quintal,Metric Tonnes
Madhya Pradesh,Guna,Guna APMC,Red gram/Arhar/Tur(whole),Arhar Dal(Tur),FAQ,2026-03-06,6705.0,6705.0,6705.0,1.72,Rs./Quintal,Metric Tonnes
Madhya Pradesh,Guna,Guna APMC,Soyabean,Soyabeen,FAQ,2026-03-06,5195.0,5195.0,5195.0,2.568,Rs./Quintal,Metric Tonnes
Madhya Pradesh,Guna,Guna APMC,Wheat,Wheat,FAQ,2026-03-06,1975.0,3260.0,2200.0,229.94600000000003,Rs./Quintal,Metric Tonnes
Madhya Pradesh,Guna,Guna APMC,buttery,Buttery,FAQ,2026-03-06,3250.0,3250.0,3250.0,1.252,Rs./Quintal,Metric Tonnes
Madhya Pradesh,Dewas,Haatpipliya APMC,Bengal Gram(Gram)(Whole),Gram,Non-FAQ,2026-03-06,2501.0,5056.0,5056.0,6.253,Rs./Quintal,Metric Tonnes
Madhya Pradesh,Dewas,Haatpipliya APMC,Maize,Local,Non-FAQ,2026-03-06,1350.0,1526.0,1526.0,6.415000000000001,Rs./Quintal,Metric Tonnes
Madhya Pradesh,Dewas,Haatpipliya APMC,Mustard,Mustard,Non-FAQ,2026-03-06,4690.0,5541.0,5540.0,10.007,Rs./Quintal,Metric Tonnes
Madhya Pradesh,Dewas,Haatpipliya APMC,Soyabean,Soyabeen,FAQ,2026-03-06,4000.0,4000.0,4000.0,1.0250000000000001,Rs./Quintal,Metric Tonnes
Madhya Pradesh,Dewas,Haatpipliya APMC,Soyabean,Soyabeen,Non-FAQ,2026-03-06,3000.0,5180.0,5071.0,53.769000000000005,Rs./Quintal,Metric Tonnes
Madhya Pradesh,Dewas,Haatpipliya APMC,Wheat,Wheat,FAQ,2026-03-06,2000.0,2100.0,2100.0,4.425,Rs./Quintal,Metric Tonnes
Madhya Pradesh,Dewas,Haatpipliya APMC,Wheat,Wheat,Non-FAQ,2026-03-06,1600.0,2546.0,2200.0,142.162,Rs./Quintal,Metric Tonnes
Madhya Pradesh,Rewa,Hanumana(F&V) APMC,Brinjal,Brinjal,Grade A,2026-03-06,1300.0,1300.0,1300.0,2.6,Rs./Quintal,Metric Tonnes
Madhya Pradesh,Rewa,Hanumana(F&V) APMC,Onion,Local,Grade B,2026-03-06,1500.0,1500.0,1500.0,2.8,Rs./Quintal,Metric Tonnes
Madhya Pradesh,Rewa,Hanumana(F&V) APMC,Tomato,Local,Grade A,2026-03-06,1000.0,1000.0,1000.0,2.5,Rs./Quintal,Metric Tonnes
Madhya Pradesh,Harda,Harda APMC,Bengal Gram(Gram)(Whole),Desi (F.A.Q. Split),FAQ,2026-03-06,1300.0,5294.0,5160.0,53.150000000000006,Rs./Quintal,Metric Tonnes
Madhya Pradesh,Harda,Harda APMC,Bengal Gram(Gram)(Whole),Chana Kabuli,FAQ,2026-03-06,1801.0,5364.0,5001.0,175.74400000000003,Rs./Quintal,Metric Tonnes
Madhya Pradesh,Harda,Harda APMC,Black Gram(Urd Beans)(Whole),Urda/Urd,FAQ,2026-03-06,4900.0,4900.0,4900.0,0.8330000000000001,Rs./Quintal,Metric Tonnes
Madhya Pradesh,Harda,Harda APMC,Green Gram(Moong)(Whole),Green (Whole),FAQ,2026-03-06,1200.0,8700.0,6700.0,38.264,Rs./Quintal,Metric Tonnes
Madhya Pradesh,Harda,Harda APMC,Green Peas,Pea,FAQ,2026-03-06,3601.0,3601.0,3601.0,2.882,Rs./Quintal,Metric Tonnes
Madhya Pradesh,Harda,Harda APMC,Kabuli Chana(Chickpeas-White),Dollar Gram,FAQ,2026-03-06,2700.0,6899.0,6899.0,35.189,Rs./Quintal,Metric Tonnes
Madhya Pradesh,Harda,Harda APMC,Maize,Yellow,FAQ,2026-03-06,1225.0,1591.0,1400.0,431.483,Rs./Quintal,Metric Tonnes
Madhya Pradesh,Harda,Harda APMC,Mustard,Mustard,FAQ,2026-03-06,4940.0,5796.0,5500.0,57.893,Rs./Quintal,Metric Tonnes
Madhya Pradesh,Harda,Harda APMC,Red gram/Arhar/Tur(whole),Arhar Dal(Tur),FAQ,2026-03-06,5001.0,7100.0,7100.0,1.897,Rs./Quintal,Metric Tonnes
Madhya Pradesh,Harda,Harda APMC,Soyabean,Yellow,FAQ,2026-03-06,3000.0,5390.0,5271.0,72.548,Rs./Quintal,Metric Tonnes
Madhya Pradesh,Harda,Harda APMC,Wheat,Mill Quality,FAQ,2026-03-06,1800.0,2446.0,2280.0,409.74,Rs./Quintal,Metric Tonnes
Madhya Pradesh,Chhatarpur,Harpalpur APMC,Wheat,Wheat,FAQ,2026-03-06,2305.0,2330.0,2314.0,81.46100000000001,Rs./Quintal,Metric Tonnes
Madhya Pradesh,Khandwa,Harsood APMC,Bengal Gram(Gram)(Whole),Gram,Non-FAQ,2026-03-06,4951.0,5150.0,5150.0,32.480000000000004,Rs./Quintal,Metric Tonnes
Madhya Pradesh,Khandwa,Harsood APMC,Bengal Gram(Gram)(Whole),Gram,FAQ,2026-03-06,4901.0,5086.0,5051.0,23.097,Rs./Quintal,Metric Tonnes
Madhya Pradesh,Khandwa,Harsood APMC,Maize,Local,Non-FAQ,2026-03-06,1500.0,1500.0,1500.0,5.0,Rs./Quintal,Metric Tonnes
Madhya Pradesh,Khandwa,Harsood APMC,Maize,Yellow,FAQ,2026-03-06,1391.0,1500.0,1500.0,11.181000000000001,Rs./Quintal,Metric Tonnes
Madhya Pradesh,Khandwa,Harsood APMC,Mustard,Mustard,FAQ,2026-03-06,5000.0,5590.0,5099.0,28.241000000000003,Rs./Quintal,Metric Tonnes
Madhya Pradesh,Khandwa,Harsood APMC,Red gram/Arhar/Tur(whole),Arhar Dal(Tur),FAQ,2026-03-06,5000.0,6700.0,6500.0,0.9830000000000001,Rs./Quintal,Metric Tonnes
Madhya Pradesh,Khandwa,Harsood APMC,Soyabean,Yellow,FAQ,2026-03-06,4501.0,5400.0,5400.0,27.049000000000003,Rs./Quintal,Metric Tonnes
Madhya Pradesh,Khandwa,Harsood APMC,Wheat,Wheat,FAQ,2026-03-06,2100.0,2400.0,2200.0,399.57,Rs./Quintal,Metric Tonnes
Madhya Pradesh,Khandwa,Harsood APMC,Wheat,Wheat,Non-FAQ,2026-03-06,2200.0,2200.0,2200.0,5.635000000000001,Rs./Quintal,Metric Tonnes
Madhya Pradesh,Khandwa,Harsood APMC,Wheat,Mill Quality,FAQ,2026-03-06,2150.0,2270.0,2150.0,42.885000000000005,Rs./Quintal,Metric Tonnes
Madhya Pradesh,Khandwa,Harsood APMC,Wheat,Mill Quality,Non-FAQ,2026-03-06,2100.0,2400.0,2211.0,314.038,Rs./Quintal,Metric Tonnes
Madhya Pradesh,Damoh,Hata APMC,Bengal Gram(Gram)(Whole),Gram,FAQ,2026-03-06,5100.0,5100.0,5100.0,3.8000000000000003,Rs./Quintal,Metric Tonnes
Madhya Pradesh,Damoh,Hata APMC,Soyabean,Yellow,Non-FAQ,2026-03-06,4500.0,4500.0,4500.0,1.0,Rs./Quintal,Metric Tonnes
Madhya Pradesh,Sehore,Ichhawar APMC,Bengal Gram(Gram)(Whole),Gram,FAQ,2026-03-06,4601.0,5430.0,5430.0,9.557,Rs./Quintal,Metric Tonnes
Madhya Pradesh,Sehore,Ichhawar APMC,Lentil(Masur)(Whole),Masur Dal,FAQ,2026-03-06,5930.0,5950.0,5950.0,0.764,Rs./Quintal,Metric Tonnes
Madhya Pradesh,Sehore,Ichhawar APMC,Maize,Local,FAQ,2026-03-06,1200.0,1435.0,1435.0,15.727000000000002,Rs./Quintal,Metric Tonnes
Madhya Pradesh,Sehore,Ichhawar APMC,Mustard,Mustard,FAQ,2026-03-06,5601.0,5942.0,5831.0,10.809000000000001,Rs./Quintal,Metric Tonnes
Madhya Pradesh,Sehore,Ichhawar APMC,Soyabean,Soyabeen,FAQ,2026-03-06,4801.0,5380.0,5300.0,8.28,Rs./Quintal,Metric Tonnes
Madhya Pradesh,Sehore,Ichhawar APMC,Wheat,Wheat,FAQ,2026-03-06,2100.0,2550.0,2250.0,75.25800000000001,Rs./Quintal,Metric Tonnes
Madhya Pradesh,Indore,Indore APMC,Bengal Gram(Gram)(Whole),Gram,FAQ,2026-03-06,4290.0,7000.0,5000.0,149.97400000000002,Rs./Quintal,Metric Tonnes
Madhya Pradesh,Indore,Indore APMC,Black Gram(Urd Beans)(Whole),Urda/Urd,FAQ,2026-03-06,7400.0,9000.0,9000.0,121.38,Rs./Quintal,Metric Tonnes
Madhya Pradesh,Indore,Indore APMC,Chili Red,Red,FAQ,2026-03-06,11000.0,18000.0,18000.0,13.551,Rs./Quintal,Metric Tonnes
Madhya Pradesh,Indore,Indore APMC,Garlic,Garlic,FAQ,2026-03-06,200.0,9200.0,2500.0,2447.0080000000003,Rs./Quintal,Metric Tonnes
Madhya Pradesh,Indore,Indore APMC,Green Gram(Moong)(Whole),Green (Whole),FAQ,2026-03-06,1275.0,5390.0,5390.0,0.254,Rs./Quintal,Metric Tonnes
Madhya Pradesh,Indore,Indore APMC,Green Peas,Pea,FAQ,2026-03-06,1930.0,3930.0,3930.0,70.717,Rs./Quintal,Metric Tonnes
Madhya Pradesh,Indore,Indore APMC,Kabuli Chana(Chickpeas-White),Dollar Gram,FAQ,2026-03-06,2700.0,9060.0,7900.0,286.202,Rs./Quintal,Metric Tonnes
Madhya Pradesh,Indore,Indore APMC,Maize,Local,FAQ,2026-03-06,1273.0,1536.0,1536.0,12.718000000000002,Rs./Quintal,Metric Tonnes
Madhya Pradesh,Indore,Indore APMC,Mustard,Mustard,FAQ,2026-03-06,5385.0,5550.0,5550.0,1.2380000000000002,Rs./Quintal,Metric Tonnes
Madhya Pradesh,Indore,Indore APMC,Onion,Other,FAQ,2026-03-06,1008.0,1100.0,1056.0,111.981,Rs./Quintal,Metric Tonnes
Madhya Pradesh,Indore,Indore APMC,Onion,Onion,FAQ,2026-03-06,487.0,1300.0,1115.0,221.53600000000003,Rs./Quintal,Metric Tonnes
Madhya Pradesh,Indore,Indore APMC,Onion,Onion,Non-FAQ,2026-03-06,381.0,1272.0,1092.0,106.32900000000001,Rs./Quintal,Metric Tonnes
Madhya Pradesh,Indore,Indore APMC,Potato,Local,Non-FAQ,2026-03-06,247.0,746.0,746.0,58.955,Rs./Quintal,Metric Tonnes
Madhya Pradesh,Indore,Indore APMC,Potato,Local,FAQ,2026-03-06,139.0,1000.0,698.0,222.875,Rs./Quintal,Metric Tonnes
Madhya Pradesh,Indore,Indore APMC,Red gram/Arhar/Tur(whole),Arhar Dal(Tur),FAQ,2026-03-06,4300.0,7530.0,7530.0,179.366,Rs./Quintal,Metric Tonnes
Madhya Pradesh,Indore,Indore APMC,Soyabean,Soyabeen,FAQ,2026-03-06,2005.0,5780.0,5300.0,183.37,Rs./Quintal,Metric Tonnes
Madhya Pradesh,Indore,Indore APMC,Wheat,Local,FAQ,2026-03-06,2150.0,2150.0,2150.0,25.0,Rs./Quintal,Metric Tonnes
Madhya Pradesh,Indore,Indore APMC,Wheat,Wheat,FAQ,2026-03-06,1550.0,3018.0,2200.0,398.74800000000005,Rs./Quintal,Metric Tonnes
Madhya Pradesh,Indore,Indore(F&V) APMC,Apple,Apple,Local,2026-03-06,4000.0,12000.0,8000.0,6.5,Rs./Quintal,Metric Tonnes
Madhya Pradesh,Indore,Indore(F&V) APMC,Banana,Other,Local,2026-03-06,100.0,1600.0,1200.0,10.0,Rs./Quintal,Metric Tonnes
Madhya Pradesh,Indore,Indore(F&V) APMC,Bhindi(Ladies Finger),Bhindi,Local,2026-03-06,800.0,2000.0,1400.0,10.0,Rs./Quintal,Metric Tonnes
Madhya Pradesh,Indore,Indore(F&V) APMC,Bitter gourd,Bitter Gourd,Local,2026-03-06,1500.0,2500.0,2000.0,12.0,Rs./Quintal,Metric Tonnes
Madhya Pradesh,Indore,Indore(F&V) APMC,Bottle gourd,Bottle Gourd,Local,2026-03-06,800.0,2500.0,1600.0,8.0,Rs./Quintal,Metric Tonnes
Madhya Pradesh,Indore,Indore(F&V) APMC,Cabbage,Cabbage,Local,2026-03-06,300.0,700.0,500.0,60.0,Rs./Quintal,Metric Tonnes
Madhya Pradesh,Indore,Indore(F&V) APMC,Capsicum,Capsicum,Local,2026-03-06,800.0,2500.0,1600.0,12.0,Rs./Quintal,Metric Tonnes
Madhya Pradesh,Indore,Indore(F&V) APMC,Carrot,Carrot,Local,2026-03-06,600.0,1200.0,800.0,7.5,Rs./Quintal,Metric Tonnes
Madhya Pradesh,Indore,Indore(F&V) APMC,Cauliflower,Local,Local,2026-03-06,600.0,1200.0,800.0,700.0,Rs./Quintal,Metric Tonnes
Madhya Pradesh,Indore,Indore(F&V) APMC,Chikoos(Sapota),Sapota,Local,2026-03-06,1500.0,4000.0,3000.0,4.0,Rs./Quintal,Metric Tonnes
Madhya Pradesh,Indore,Indore(F&V) APMC,Cucumbar(Kheera),Cucumbar,Local,2026-03-06,400.0,800.0,600.0,45.0,Rs./Quintal,Metric Tonnes
Madhya Pradesh,Indore,Indore(F&V) APMC,Garlic,Garlic,Local,2026-03-06,200.0,9200.0,3948.0,3115.2,Rs./Quintal,Metric Tonnes
Madhya Pradesh,Indore,Indore(F&V) APMC,Ginger(Green),Green Ginger,Local,2026-03-06,1500.0,5000.0,3500.0,6.0,Rs./Quintal,Metric Tonnes
Madhya Pradesh,Indore,Indore(F&V) APMC,Grapes,Green,Local,2026-03-06,3000.0,8000.0,5000.0,10.5,Rs./Quintal,Metric Tonnes
Madhya Pradesh,Indore,Indore(F&V) APMC,Green Chilli,Green Chilly,Local,2026-03-06,2500.0,7000.0,5000.0,11.0,Rs./Quintal,Metric Tonnes
Madhya Pradesh,Indore,Indore(F&V) APMC,Kinnow,Other,Local,2026-03-06,1500.0,4500.0,3000.0,3.5,Rs./Quintal,Metric Tonnes
Madhya Pradesh,Indore,Indore(F&V) APMC,Lemon,Lemon,Local,2026-03-06,2000.0,6000.0,3500.0,6.5,Rs./Quintal,Metric Tonnes
Madhya Pradesh,Indore,Indore(F&V) APMC,Mango,Other,Local,2026-03-06,6000.0,14000.0,8000.0,20.0,Rs./Quintal,Metric Tonnes
Madhya Pradesh,Indore,Indore(F&V) APMC,Methi(Leaves),Methi,Local,2026-03-06,600.0,1500.0,1000.0,75.0,Rs./Quintal,Metric Tonnes
Madhya Pradesh,Indore,Indore(F&V) APMC,Mousambi(Sweet Lime),Mousambi,Local,2026-03-06,1500.0,4500.0,3000.0,10.0,Rs./Quintal,Metric Tonnes
Madhya Pradesh,Indore,Indore(F&V) APMC,Onion,Onion,Local,2026-03-06,381.0,1300.0,700.0,439.8,Rs./Quintal,Metric Tonnes
Madhya Pradesh,Indore,Indore(F&V) APMC,Orange,Orange,Local,2026-03-06,2500.0,7000.0,4500.0,40.0,Rs./Quintal,Metric Tonnes
Madhya Pradesh,Indore,Indore(F&V) APMC,Papaya,Papaya,Local,2026-03-06,800.0,2500.0,1600.0,40.0,Rs./Quintal,Metric Tonnes
Madhya Pradesh,Indore,Indore(F&V) APMC,Pineapple,Pine Apple,Local,2026-03-06,1500.0,4500.0,3000.0,15.0,Rs./Quintal,Metric Tonnes
Madhya Pradesh,Indore,Indore(F&V) APMC,Potato,Other,Local,2026-03-06,100.0,900.0,400.0,1838.4,Rs./Quintal,Metric Tonnes
Madhya Pradesh,Indore,Indore(F&V) APMC,Pumpkin,Pumpkin,Local,2026-03-06,600.0,1500.0,1000.0,20.0,Rs./Quintal,Metric Tonnes
Madhya Pradesh,Indore,Indore(F&V) APMC,Raddish,Other,Local,2026-03-06,300.0,600.0,400.0,10.5,Rs./Quintal,Metric Tonnes
Madhya Pradesh,Indore,Indore(F&V) APMC,Round gourd,Other,Local,2026-03-06,600.0,1200.0,800.0,75.0,Rs./Quintal,Metric Tonnes
Madhya Pradesh,Indore,Indore(F&V) APMC,Spinach,Other,Local,2026-03-06,300.0,700.0,500.0,70.0,Rs./Quintal,Metric Tonnes
Madhya Pradesh,Indore,Indore(F&V) APMC,Tomato,Other,Local,2026-03-06,400.0,1600.0,1000.0,105.0,Rs./Quintal,Metric Tonnes
Madhya Pradesh,Indore,Indore(F&V) APMC,Water Melon,Water Melon,Local,2026-03-06,600.0,2200.0,1400.0,95.0,Rs./Quintal,Metric Tonnes
Madhya Pradesh,Ashoknagar,Isagarh APMC,Bengal Gram(Gram)(Whole),Gram,FAQ,2026-03-06,4750.0,4880.0,4880.0,1.5350000000000001,Rs./Quintal,Metric Tonnes
Madhya Pradesh,Ashoknagar,Isagarh APMC,Lentil(Masur)(Whole),Masur Dal,FAQ,2026-03-06,5400.0,5745.0,5670.0,33.164,Rs./Quintal,Metric Tonnes
Madhya Pradesh,Ashoknagar,Isagarh APMC,Maize,Local,FAQ,2026-03-06,1445.0,1490.0,1490.0,5.074000000000001,Rs./Quintal,Metric Tonnes
Madhya Pradesh,Ashoknagar,Isagarh APMC,Mustard,Mustard,FAQ,2026-03-06,5285.0,6075.0,5895.0,86.156,Rs./Quintal,Metric Tonnes
Madhya Pradesh,Ashoknagar,Isagarh APMC,Wheat,Wheat,FAQ,2026-03-06,2165.0,2495.0,2495.0,1.9660000000000002,Rs./Quintal,Metric Tonnes
Madhya Pradesh,Ashoknagar,Isagarh APMC,buttery,Buttery,FAQ,2026-03-06,2580.0,3395.0,3380.0,23.467,Rs./Quintal,Metric Tonnes
Madhya Pradesh,Hoshangabad,Itarsi APMC,Bengal Gram(Gram)(Whole),Gram,FAQ,2026-03-06,4518.0,5086.0,4518.0,9.75,Rs./Quintal,Metric Tonnes
Madhya Pradesh,Hoshangabad,Itarsi APMC,Green Gram(Moong)(Whole),Green (Whole),FAQ,2026-03-06,1405.0,6405.0,6405.0,1.9100000000000001,Rs./Quintal,Metric Tonnes
Madhya Pradesh,Hoshangabad,Itarsi APMC,Maize,Local,FAQ,2026-03-06,1340.0,1652.0,1350.0,105.77000000000001,Rs./Quintal,Metric Tonnes
Madhya Pradesh,Hoshangabad,Itarsi APMC,Mustard,Mustard,FAQ,2026-03-06,5140.0,6200.0,6200.0,12.925,Rs./Quintal,Metric Tonnes
Madhya Pradesh,Hoshangabad,Itarsi APMC,Paddy(Common),Paddy,FAQ,2026-03-06,2000.0,4340.0,3965.0,263.175,Rs./Quintal,Metric Tonnes
Madhya Pradesh,Hoshangabad,Itarsi APMC,Paddy(Common),Dhan,FAQ,2026-03-06,3645.0,4045.0,3950.0,84.34,Rs./Quintal,Metric Tonnes
Madhya Pradesh,Hoshangabad,Itarsi APMC,Red gram/Arhar/Tur(whole),Arhar Dal(Tur),FAQ,2026-03-06,7300.0,7921.0,7921.0,3.04,Rs./Quintal,Metric Tonnes
Madhya Pradesh,Hoshangabad,Itarsi APMC,Soyabean,Soyabeen,FAQ,2026-03-06,4300.0,4300.0,4300.0,0.305,Rs./Quintal,Metric Tonnes
Madhya Pradesh,Hoshangabad,Itarsi APMC,Wheat,Wheat,FAQ,2026-03-06,2141.0,2372.0,2372.0,24.095,Rs./Quintal,Metric Tonnes
Madhya Pradesh,Hoshangabad,Itarsi APMC,Wheat,Mill Quality,FAQ,2026-03-06,2272.0,2272.0,2272.0,6.635,Rs./Quintal,Metric Tonnes
Madhya Pradesh,Jabalpur,Jabalpur APMC,Bengal Gram(Gram)(Whole),Gram,FAQ,2026-03-06,3810.0,4950.0,4950.0,1.356,Rs./Quintal,Metric Tonnes
Madhya Pradesh,Jabalpur,Jabalpur APMC,Black Gram(Urd Beans)(Whole),Urda/Urd,FAQ,2026-03-06,5305.0,8185.0,8185.0,4.893000000000001,Rs./Quintal,Metric Tonnes
Madhya Pradesh,Jabalpur,Jabalpur APMC,Green Peas,Pea,FAQ,2026-03-06,1780.0,3400.0,3400.0,4.4670000000000005,Rs./Quintal,Metric Tonnes
Madhya Pradesh,Jabalpur,Jabalpur APMC,Lentil(Masur)(Whole),Masur Dal,FAQ,2026-03-06,5700.0,5805.0,5805.0,0.32000000000000006,Rs./Quintal,Metric Tonnes
Madhya Pradesh,Jabalpur,Jabalpur APMC,Maize,Local,FAQ,2026-03-06,1505.0,1610.0,1610.0,22.921000000000003,Rs./Quintal,Metric Tonnes
Madhya Pradesh,Jabalpur,Jabalpur APMC,Maize,Local,Non-FAQ,2026-03-06,1450.0,1460.0,1460.0,20.0,Rs./Quintal,Metric Tonnes
Madhya Pradesh,Jabalpur,Jabalpur APMC,Mustard,Mustard,FAQ,2026-03-06,5295.0,5675.0,5675.0,1.076,Rs./Quintal,Metric Tonnes
Madhya Pradesh,Jabalpur,Jabalpur APMC,Red gram/Arhar/Tur(whole),Arhar Dal(Tur),FAQ,2026-03-06,7000.0,7625.0,7625.0,6.4319999999999995,Rs./Quintal,Metric Tonnes
Madhya Pradesh,Jabalpur,Jabalpur APMC,Wheat,Wheat,FAQ,2026-03-06,2000.0,2311.0,2265.0,42.117000000000004,Rs./Quintal,Metric Tonnes
Madhya Pradesh,Jabalpur,Jabalpur APMC,buttery,Buttery,FAQ,2026-03-06,2990.0,4625.0,4450.0,17.6,Rs./Quintal,Metric Tonnes
Madhya Pradesh,Jabalpur,Jabalpur(F&V) APMC,Grapes,Green,Medium,2026-03-06,3600.0,4000.0,3800.0,2.0,Rs./Quintal,Metric Tonnes
Madhya Pradesh,Jabalpur,Jabalpur(F&V) APMC,Green Chilli,Green Chilly,Medium,2026-03-06,1800.0,2200.0,2000.0,6.0,Rs./Quintal,Metric Tonnes
Madhya Pradesh,Jabalpur,Jabalpur(F&V) APMC,Onion,Onion,Medium,2026-03-06,1300.0,1700.0,1500.0,50.0,Rs./Quintal,Metric Tonnes
Madhya Pradesh,Jabalpur,Jabalpur(F&V) APMC,Papaya,Papaya,Medium,2026-03-06,1800.0,2200.0,2000.0,2.0,Rs./Quintal,Metric Tonnes
Madhya Pradesh,Jabalpur,Jabalpur(F&V) APMC,Peas Wet,Other,Medium,2026-03-06,1300.0,1900.0,1500.0,66.5,Rs./Quintal,Metric Tonnes
Madhya Pradesh,Jabalpur,Jabalpur(F&V) APMC,Potato,Potato,Medium,2026-03-06,1100.0,1500.0,1300.0,45.0,Rs./Quintal,Metric Tonnes
Madhya Pradesh,Jabalpur,Jabalpur(F&V) APMC,Tomato,Tomato,Medium,2026-03-06,700.0,1100.0,900.0,7.0,Rs./Quintal,Metric Tonnes
Madhya Pradesh,Sagar,Jaisinagar APMC,Wheat,Mill Quality,FAQ,2026-03-06,2300.0,2300.0,2300.0,8.0,Rs./Quintal,Metric Tonnes
Madhya Pradesh,Anupur,Jaithari APMC,Paddy(Common),Paddy fine,FAQ,2026-03-06,1950.0,1950.0,1950.0,2.29,Rs./Quintal,Metric Tonnes
Madhya Pradesh,Ratlam,Jaora APMC,Garlic,Garlic,FAQ,2026-03-06,3880.0,4080.0,4080.0,14.9,Rs./Quintal,Metric Tonnes
Madhya Pradesh,Ratlam,Jaora APMC,Garlic,Average,FAQ,2026-03-06,3900.0,3900.0,3900.0,5.1000000000000005,Rs./Quintal,Metric Tonnes
Madhya Pradesh,Ratlam,Jaora APMC,Methi Seeds,Methiseeds,FAQ,2026-03-06,6990.0,6990.0,6990.0,12.5,Rs./Quintal,Metric Tonnes
Madhya Pradesh,Ratlam,Jaora APMC,Wheat,Wheat,FAQ,2026-03-06,2300.0,2500.0,2400.0,47.98500000000001,Rs./Quintal,Metric Tonnes
Madhya Pradesh,Tikamgarh,Jatara APMC,Wheat,Wheat,Non-FAQ,2026-03-06,2311.0,2350.0,2316.0,86.71300000000001,Rs./Quintal,Metric Tonnes
Madhya Pradesh,Tikamgarh,Jatara APMC,Wheat,Mill Quality,Non-FAQ,2026-03-06,2315.0,2345.0,2336.0,39.258,Rs./Quintal,Metric Tonnes
Madhya Pradesh,Neemuch,Javad APMC,Garlic,Garlic,FAQ,2026-03-06,2000.0,11000.0,4801.0,28.752,Rs./Quintal,Metric Tonnes
Madhya Pradesh,Damoh,Javera APMC,Paddy(Common),Paddy,Non-FAQ,2026-03-06,1790.0,1825.0,1825.0,10.0,Rs./Quintal,Metric Tonnes
Madhya Pradesh,Damoh,Javera APMC,Wheat,Mill Quality,FAQ,2026-03-06,2200.0,2200.0,2200.0,8.1,Rs./Quintal,Metric Tonnes
Madhya Pradesh,Damoh,Javera APMC,Wheat,Wheat,FAQ,2026-03-06,2300.0,2300.0,2300.0,7.2,Rs./Quintal,Metric Tonnes
Madhya Pradesh,Damoh,Javera APMC,Wheat,Mill Quality,Non-FAQ,2026-03-06,2290.0,2295.0,2295.0,16.345,Rs./Quintal,Metric Tonnes
Madhya Pradesh,Sehore,Jawar APMC,Bengal Gram(Gram)(Whole),Gram,FAQ,2026-03-06,4305.0,4700.0,4700.0,0.9,Rs./Quintal,Metric Tonnes
Madhya Pradesh,Sehore,Jawar APMC,Lentil(Masur)(Whole),Masur Dal,FAQ,2026-03-06,5690.0,6182.0,6141.0,3.088,Rs./Quintal,Metric Tonnes
Madhya Pradesh,Sehore,Jawar APMC,Mustard,Mustard,FAQ,2026-03-06,4591.0,5802.0,5701.0,41.158,Rs./Quintal,Metric Tonnes
Madhya Pradesh,Sehore,Jawar APMC,Soyabean,Soyabeen,FAQ,2026-03-06,3805.0,5546.0,5276.0,48.837,Rs./Quintal,Metric Tonnes
Madhya Pradesh,Sehore,Jawar APMC,Wheat,Local,FAQ,2026-03-06,2112.0,2112.0,2112.0,0.656,Rs./Quintal,Metric Tonnes
Madhya Pradesh,Sehore,Jawar APMC,Wheat,Wheat,FAQ,2026-03-06,1935.0,2390.0,2111.0,69.092,Rs./Quintal,Metric Tonnes
Madhya Pradesh,Ratlam,Jawra(F&V) APMC,Bhindi(Ladies Finger),Bhindi,FAQ,2026-03-06,3000.0,4000.0,3400.0,0.6000000000000001,Rs./Quintal,Metric Tonnes
Madhya Pradesh,Ratlam,Jawra(F&V) APMC,Bottle gourd,Bottle Gourd,FAQ,2026-03-06,1000.0,1600.0,1500.0,0.4,Rs./Quintal,Metric Tonnes
Madhya Pradesh,Ratlam,Jawra(F&V) APMC,Brinjal,Brinjal,FAQ,2026-03-06,1400.0,3000.0,1600.0,0.4,Rs./Quintal,Metric Tonnes
Madhya Pradesh,Ratlam,Jawra(F&V) APMC,Cabbage,Cabbage,FAQ,2026-03-06,1100.0,2000.0,1400.0,0.6000000000000001,Rs./Quintal,Metric Tonnes
Madhya Pradesh,Ratlam,Jawra(F&V) APMC,Cauliflower,Cauliflower,FAQ,2026-03-06,1300.0,3500.0,2000.0,0.4,Rs./Quintal,Metric Tonnes
Madhya Pradesh,Ratlam,Jawra(F&V) APMC,Ginger(Green),Green Ginger,FAQ,2026-03-06,3500.0,5800.0,4000.0,0.30000000000000004,Rs./Quintal,Metric Tonnes
Madhya Pradesh,Ratlam,Jawra(F&V) APMC,Green Chilli,Green Chilly,FAQ,2026-03-06,3400.0,6000.0,3800.0,0.30000000000000004,Rs./Quintal,Metric Tonnes
Madhya Pradesh,Ratlam,Jawra(F&V) APMC,Methi(Leaves),Methi,FAQ,2026-03-06,1000.0,1500.0,1200.0,0.4,Rs./Quintal,Metric Tonnes
Madhya Pradesh,Ratlam,Jawra(F&V) APMC,Other green and fresh vegetables,Other,FAQ,2026-03-06,1200.0,2000.0,1500.0,0.6000000000000001,Rs./Quintal,Metric Tonnes
Madhya Pradesh,Ratlam,Jawra(F&V) APMC,Raddish,Raddish,FAQ,2026-03-06,1200.0,2200.0,1500.0,0.4,Rs./Quintal,Metric Tonnes
Madhya Pradesh,Ratlam,Jawra(F&V) APMC,Ridgeguard(Tori),Ridgeguard(Tori),FAQ,2026-03-06,4000.0,5500.0,4500.0,0.2,Rs./Quintal,Metric Tonnes
Madhya Pradesh,Ratlam,Jawra(F&V) APMC,Spinach,Spinach,FAQ,2026-03-06,1000.0,1500.0,1200.0,0.4,Rs./Quintal,Metric Tonnes
Madhya Pradesh,Ratlam,Jawra(F&V) APMC,Sponge gourd,Sponge gourd,FAQ,2026-03-06,3500.0,5000.0,3800.0,0.2,Rs./Quintal,Metric Tonnes
Madhya Pradesh,Ratlam,Jawra(F&V) APMC,Tomato,Tomato,FAQ,2026-03-06,1000.0,1500.0,1200.0,0.2,Rs./Quintal,Metric Tonnes
Madhya Pradesh,Rajgarh,Jeerapur APMC,Bengal Gram(Gram)(Whole),Gram,FAQ,2026-03-06,4645.0,4800.0,4800.0,6.101,Rs./Quintal,Metric Tonnes
Madhya Pradesh,Rajgarh,Jeerapur APMC,Coriander(Leaves),Coriander,FAQ,2026-03-06,8700.0,9875.0,8925.0,2.4350000000000005,Rs./Bundle,Bundle
Madhya Pradesh,Rajgarh,Jeerapur APMC,Lentil(Masur)(Whole),Masur Dal,FAQ,2026-03-06,5700.0,6630.0,6400.0,61.086000000000006,Rs./Quintal,Metric Tonnes
Madhya Pradesh,Rajgarh,Jeerapur APMC,Lentil(Masur)(Whole),Masur Dal,Non-FAQ,2026-03-06,6250.0,6400.0,6400.0,3.5380000000000003,Rs./Quintal,Metric Tonnes
Madhya Pradesh,Rajgarh,Jeerapur APMC,Mustard,Mustard,Non-FAQ,2026-03-06,5850.0,5850.0,5850.0,0.877,Rs./Quintal,Metric Tonnes
Madhya Pradesh,Rajgarh,Jeerapur APMC,Mustard,Mustard,FAQ,2026-03-06,4950.0,5980.0,5860.0,288.981,Rs./Quintal,Metric Tonnes
Madhya Pradesh,Rajgarh,Jeerapur APMC,Soyabean,Soyabeen,FAQ,2026-03-06,4820.0,5230.0,5230.0,4.721,Rs./Quintal,Metric Tonnes
Madhya Pradesh,Rajgarh,Jeerapur APMC,Wheat,Wheat,FAQ,2026-03-06,1965.0,2238.0,2230.0,158.97000000000003,Rs./Quintal,Metric Tonnes
Madhya Pradesh,Rajgarh,Jeerapur APMC,Wheat,Wheat,Non-FAQ,2026-03-06,2180.0,2180.0,2180.0,2.5050000000000003,Rs./Quintal,Metric Tonnes
Madhya Pradesh,Jhabua,Jhabua APMC,Bengal Gram(Gram)(Whole),Gram,FAQ,2026-03-06,5050.0,5050.0,5050.0,3.9000000000000004,Rs./Quintal,Metric Tonnes
Madhya Pradesh,Jhabua,Jhabua APMC,Cotton,Without Ginned Cotton,FAQ,2026-03-06,7800.0,8425.0,8400.0,55.105,Rs./Quintal,Metric Tonnes
Madhya Pradesh,Jhabua,Jhabua APMC,Wheat,Wheat,FAQ,2026-03-06,2107.0,2450.0,2400.0,164.71,Rs./Quintal,Metric Tonnes
Madhya Pradesh,Jhabua,Jhabua(F&V) APMC,Cotton,DCH-32(Unginned),Local,2026-03-06,7800.0,8425.0,8113.0,55.105,Rs./Quintal,Metric Tonnes
Madhya Pradesh,Jhabua,Jhabua(F&V) APMC,Wheat,Wheat,Local,2026-03-06,2107.0,2450.0,2279.0,164.71,Rs./Quintal,Metric Tonnes
Madhya Pradesh,Alirajpur,Jobat APMC,Bengal Gram(Gram)(Whole),Gram,FAQ,2026-03-06,4500.0,4900.0,4800.0,20.0,Rs./Quintal,Metric Tonnes
Madhya Pradesh,Alirajpur,Jobat APMC,Bengal Gram(Gram)(Whole),Chana Kanta,FAQ,2026-03-06,5000.0,5100.0,5000.0,18.0,Rs./Quintal,Metric Tonnes
Madhya Pradesh,Alirajpur,Jobat APMC,Cotton,Without Ginned Cotton,FAQ,2026-03-06,6700.0,6700.0,6700.0,7.81,Rs./Quintal,Metric Tonnes
Madhya Pradesh,Alirajpur,Jobat APMC,Soyabean,Soyabeen,FAQ,2026-03-06,5000.0,5000.0,5000.0,7.300000000000001,Rs./Quintal,Metric Tonnes
Madhya Pradesh,Alirajpur,Jobat APMC,Wheat,Wheat,FAQ,2026-03-06,2000.0,2150.0,2150.0,109.06,Rs./Quintal,Metric Tonnes
Madhya Pradesh,Morena,Kailaras APMC,Bajra(Pearl Millet/Cumbu),Millet,FAQ,2026-03-06,1700.0,1730.0,1730.0,19.233000000000004,Rs./Quintal,Metric Tonnes
Madhya Pradesh,Morena,Kailaras APMC,Mustard,Mustard,FAQ,2026-03-06,5250.0,6268.0,6101.0,87.34700000000001,Rs./Quintal,Metric Tonnes
Madhya Pradesh,Morena,Kailaras APMC,Wheat,Wheat,FAQ,2026-03-06,2280.0,2305.0,2305.0,1.6510000000000002,Rs./Quintal,Metric Tonnes
Madhya Pradesh,Shajapur,Kalapipal APMC,Bengal Gram(Gram)(Whole),Gram,FAQ,2026-03-06,4776.0,5175.0,5175.0,2.043,Rs./Quintal,Metric Tonnes
Madhya Pradesh,Shajapur,Kalapipal APMC,Coriander(Leaves),Coriander,FAQ,2026-03-06,6501.0,11201.0,10000.0,1.1640000000000001,Rs./Bundle,Bundle
Madhya Pradesh,Shajapur,Kalapipal APMC,Lentil(Masur)(Whole),Masur Dal,FAQ,2026-03-06,5754.0,6109.0,5901.0,4.93,Rs./Quintal,Metric Tonnes
Madhya Pradesh,Shajapur,Kalapipal APMC,Mustard,Mustard,FAQ,2026-03-06,5240.0,6051.0,5651.0,142.362,Rs./Quintal,Metric Tonnes
Madhya Pradesh,Shajapur,Kalapipal APMC,Onion,Onion,FAQ,2026-03-06,150.0,1126.0,500.0,11.421,Rs./Quintal,Metric Tonnes
Madhya Pradesh,Shajapur,Kalapipal APMC,Potato,Potato,FAQ,2026-03-06,100.0,504.0,504.0,0.509,Rs./Quintal,Metric Tonnes
Madhya Pradesh,Shajapur,Kalapipal APMC,Red gram/Arhar/Tur(whole),Arhar Dal(Tur),FAQ,2026-03-06,6701.0,6701.0,6701.0,0.073,Rs./Quintal,Metric Tonnes
Madhya Pradesh,Shajapur,Kalapipal APMC,Soyabean,Yellow,FAQ,2026-03-06,2510.0,5580.0,5366.0,52.85,Rs./Quintal,Metric Tonnes
Madhya Pradesh,Shajapur,Kalapipal APMC,Wheat,Wheat,FAQ,2026-03-06,2000.0,2368.0,2200.0,73.291,Rs./Quintal,Metric Tonnes
Madhya Pradesh,Shajapur,Kalapipal(F&V) APMC,Garlic,Garlic,FAQ,2026-03-06,2700.0,6980.0,5150.0,68.85,Rs./Quintal,Metric Tonnes
Madhya Pradesh,Shajapur,Kalapipal(F&V) APMC,Onion,Onion,FAQ,2026-03-06,250.0,1126.0,980.0,10.45,Rs./Quintal,Metric Tonnes
Madhya Pradesh,Shajapur,Kalapipal(F&V) APMC,Potato,Potato,FAQ,2026-03-06,100.0,504.0,418.0,0.51,Rs./Quintal,Metric Tonnes
Madhya Pradesh,Dewas,Kannod APMC,Bengal Gram(Gram)(Whole),Gram,FAQ,2026-03-06,4800.0,5201.0,5160.0,26.860000000000003,Rs./Quintal,Metric Tonnes
Madhya Pradesh,Dewas,Kannod APMC,Bengal Gram(Gram)(Whole),Chana Kabuli,FAQ,2026-03-06,4801.0,5190.0,5190.0,1.25,Rs./Quintal,Metric Tonnes
Madhya Pradesh,Dewas,Kannod APMC,Green Gram(Moong)(Whole),Green (Whole),FAQ,2026-03-06,5500.0,5500.0,5500.0,0.07600000000000001,Rs./Quintal,Metric Tonnes
Madhya Pradesh,Dewas,Kannod APMC,Maize,Local,FAQ,2026-03-06,1475.0,1558.0,1558.0,16.501,Rs./Quintal,Metric Tonnes
Madhya Pradesh,Dewas,Kannod APMC,Mustard,Mustard,Non-FAQ,2026-03-06,5696.0,5696.0,5696.0,0.787,Rs./Quintal,Metric Tonnes
Madhya Pradesh,Dewas,Kannod APMC,Mustard,Mustard,FAQ,2026-03-06,5251.0,5699.0,5699.0,37.612,Rs./Quintal,Metric Tonnes
Madhya Pradesh,Dewas,Kannod APMC,Red gram/Arhar/Tur(whole),Arhar Dal(Tur),FAQ,2026-03-06,6150.0,6700.0,6700.0,0.357,Rs./Quintal,Metric Tonnes
Madhya Pradesh,Dewas,Kannod APMC,Soyabean,Soyabeen,FAQ,2026-03-06,5281.0,5290.0,5290.0,3.9250000000000003,Rs./Quintal,Metric Tonnes
Madhya Pradesh,Dewas,Kannod APMC,Wheat,Wheat,FAQ,2026-03-06,2000.0,2300.0,2246.0,88.33300000000001,Rs./Quintal,Metric Tonnes
Madhya Pradesh,Narsinghpur,Kareli APMC,Bengal Gram(Gram)(Whole),Gram,FAQ,2026-03-06,3500.0,5451.0,4800.0,44.38,Rs./Quintal,Metric Tonnes
Madhya Pradesh,Narsinghpur,Kareli APMC,Black Gram(Urd Beans)(Whole),Urda/Urd,FAQ,2026-03-06,5700.0,7601.0,7601.0,1.395,Rs./Quintal,Metric Tonnes
Madhya Pradesh,Narsinghpur,Kareli APMC,Green Gram(Moong)(Whole),Green (Whole),FAQ,2026-03-06,4500.0,4500.0,4500.0,0.375,Rs./Quintal,Metric Tonnes
Madhya Pradesh,Narsinghpur,Kareli APMC,Gur(Jaggery),Jaggery,FAQ,2026-03-06,3325.0,3985.0,3325.0,82.19400000000002,Rs./Quintal,Metric Tonnes
Madhya Pradesh,Narsinghpur,Kareli APMC,Gur(Jaggery),Organic,FAQ,2026-03-06,3600.0,3600.0,3600.0,10.0,Rs./Quintal,Metric Tonnes
Madhya Pradesh,Narsinghpur,Kareli APMC,Lentil(Masur)(Whole),Masur Dal,FAQ,2026-03-06,5200.0,6260.0,5800.0,12.505,Rs./Quintal,Metric Tonnes
Madhya Pradesh,Narsinghpur,Kareli APMC,Red gram/Arhar/Tur(whole),Arhar Dal(Tur),FAQ,2026-03-06,6400.0,8200.0,7000.0,35.895,Rs./Quintal,Metric Tonnes
Madhya Pradesh,Narsinghpur,Kareli APMC,Soyabean,Soyabeen,FAQ,2026-03-06,4500.0,5311.0,5300.0,23.125,Rs./Quintal,Metric Tonnes
Madhya Pradesh,Narsinghpur,Kareli APMC,buttery,Buttery,FAQ,2026-03-06,3500.0,4300.0,4150.0,17.635,Rs./Quintal,Metric Tonnes
Madhya Pradesh,Shivpuri,Karera APMC,Wheat,Wheat,Non-FAQ,2026-03-06,2050.0,2210.0,2200.0,126.16400000000002,Rs./Quintal,Metric Tonnes
Madhya Pradesh,Shivpuri,Karera(F&V) APMC,Banana,Banana-Organic,Local,2026-03-06,1400.0,2000.0,1600.0,2.7,Rs./Quintal,Metric Tonnes
Madhya Pradesh,Shivpuri,Karera(F&V) APMC,Bottle gourd,Bottle Gourd,Local,2026-03-06,1000.0,2000.0,1400.0,0.05,Rs./Quintal,Metric Tonnes
Madhya Pradesh,Shivpuri,Karera(F&V) APMC,Brinjal,Brinjal,Local,2026-03-06,800.0,1800.0,1200.0,0.15,Rs./Quintal,Metric Tonnes
Madhya Pradesh,Shivpuri,Karera(F&V) APMC,Cabbage,Cabbage,Local,2026-03-06,800.0,1400.0,1000.0,0.1,Rs./Quintal,Metric Tonnes
Madhya Pradesh,Shivpuri,Karera(F&V) APMC,Cauliflower,Cauliflower,Local,2026-03-06,1000.0,1600.0,1200.0,0.1,Rs./Quintal,Metric Tonnes
Madhya Pradesh,Shivpuri,Karera(F&V) APMC,Onion,Onion,Local,2026-03-06,1200.0,2200.0,1500.0,0.2,Rs./Quintal,Metric Tonnes
Madhya Pradesh,Shivpuri,Karera(F&V) APMC,Orange,Orange,Local,2026-03-06,2000.0,3000.0,2500.0,0.2,Rs./Quintal,Metric Tonnes
Madhya Pradesh,Shivpuri,Karera(F&V) APMC,Potato,Potato,Local,2026-03-06,400.0,1000.0,500.0,5.4,Rs./Quintal,Metric Tonnes
Madhya Pradesh,Shivpuri,Karera(F&V) APMC,Raddish,Raddish,Local,2026-03-06,500.0,1000.0,800.0,0.05,Rs./Quintal,Metric Tonnes
Madhya Pradesh,Shivpuri,Karera(F&V) APMC,Tomato,Tomato,Local,2026-03-06,300.0,1000.0,500.0,3.7,Rs./Quintal,Metric Tonnes
Madhya Pradesh,Khargone,Karhi APMC,Maize,Local,FAQ,2026-03-06,1650.0,1700.0,1675.0,69.09,Rs./Quintal,Metric Tonnes
Madhya Pradesh,Khargone,Karhi APMC,Wheat,Wheat,FAQ,2026-03-06,2175.0,2500.0,2500.0,72.389,Rs./Quintal,Metric Tonnes
Madhya Pradesh,Khargone,Kasrawad APMC,Wheat,Lokwan,FAQ,2026-03-06,2200.0,2200.0,2200.0,2.205,Rs./Quintal,Metric Tonnes
Madhya Pradesh,Khargone,Kasrawad APMC,Wheat,Wheat,FAQ,2026-03-06,2130.0,2305.0,2250.0,159.157,Rs./Quintal,Metric Tonnes
Madhya Pradesh,Khargone,Kasrawad APMC,Wheat,Wheat,Non-FAQ,2026-03-06,2180.0,2180.0,2180.0,2.825,Rs./Quintal,Metric Tonnes
Madhya Pradesh,Khargone,Kasrawad APMC,Wheat,Local,FAQ,2026-03-06,2210.0,2240.0,2215.0,12.11,Rs./Quintal,Metric Tonnes
Madhya Pradesh,Katni,Katni APMC,Barley(Jau),Barley,Non-FAQ,2026-03-06,1906.0,2290.0,2290.0,2.516,Rs./Quintal,Metric Tonnes
Madhya Pradesh,Katni,Katni APMC,Bengal Gram(Gram)(Whole),Gram,Non-FAQ,2026-03-06,4000.0,5371.0,4800.0,48.683,Rs./Quintal,Metric Tonnes
Madhya Pradesh,Katni,Katni APMC,Cummin Seed(Jeera),Cummin Seed(Jeera),FAQ,2026-03-06,17700.0,17700.0,17700.0,0.6000000000000001,Rs./Quintal,Metric Tonnes
Madhya Pradesh,Katni,Katni APMC,Lentil(Masur)(Whole),Masur Dal,Non-FAQ,2026-03-06,4000.0,6702.0,6702.0,9.808,Rs./Quintal,Metric Tonnes
Madhya Pradesh,Katni,Katni APMC,Lentil(Masur)(Whole),Masur Dal,FAQ,2026-03-06,5273.4,5690.0,5690.0,100.979,Rs./Quintal,Metric Tonnes
Madhya Pradesh,Katni,Katni APMC,Mustard,Mustard,FAQ,2026-03-06,5500.0,5500.0,5500.0,7.212000000000001,Rs./Quintal,Metric Tonnes
Madhya Pradesh,Katni,Katni APMC,Mustard,Mustard,Non-FAQ,2026-03-06,4800.0,6501.0,5800.0,260.95500000000004,Rs./Quintal,Metric Tonnes
Madhya Pradesh,Katni,Katni APMC,Paddy(Common),Dhan,Non-FAQ,2026-03-06,1500.0,2041.0,1980.0,38.035000000000004,Rs./Quintal,Metric Tonnes
Madhya Pradesh,Katni,Katni APMC,Paddy(Common),Dhan,FAQ,2026-03-06,1790.0,1805.0,1805.0,21.0,Rs./Quintal,Metric Tonnes
Madhya Pradesh,Katni,Katni APMC,Red gram/Arhar/Tur(whole),Arhar Dal(Tur),FAQ,2026-03-06,7623.17,8300.0,8100.0,1122.903,Rs./Quintal,Metric Tonnes
Madhya Pradesh,Katni,Katni APMC,"Sesamum(Sesame,Gingelly,Til)",Sesame,Non-FAQ,2026-03-06,6400.0,6400.0,6400.0,0.4610000000000001,Rs./Quintal,Metric Tonnes
Madhya Pradesh,Katni,Katni APMC,Wheat,Mill Quality,FAQ,2026-03-06,2250.0,2275.0,2275.0,30.0,Rs./Quintal,Metric Tonnes
Madhya Pradesh,Katni,Katni APMC,Wheat,Mill Quality,Non-FAQ,2026-03-06,2200.0,2390.0,2380.0,68.4,Rs./Quintal,Metric Tonnes
Madhya Pradesh,Katni,Katni APMC,Wheat,Wheat,FAQ,2026-03-06,1910.0,1910.0,1910.0,6.16,Rs./Quintal,Metric Tonnes
Madhya Pradesh,Katni,Katni APMC,Wheat,Wheat,Non-FAQ,2026-03-06,1717.0,2481.0,2300.0,76.185,Rs./Quintal,Metric Tonnes
Madhya Pradesh,Seoni,Keolari APMC,Maize,Local,Non-FAQ,2026-03-06,1600.0,1600.0,1600.0,11.200000000000001,Rs./Quintal,Metric Tonnes
Madhya Pradesh,Sagar,Kesli APMC,Wheat,Wheat,FAQ,2026-03-06,2150.0,2180.0,2180.0,25.175,Rs./Quintal,Metric Tonnes
Madhya Pradesh,Ujjain,Khachrod APMC,Soyabean,Soyabeen,FAQ,2026-03-06,4666.0,5330.0,5101.0,38.68000000000001,Rs./Quintal,Metric Tonnes
Madhya Pradesh,Ujjain,Khachrod APMC,Wheat,Wheat,FAQ,2026-03-06,1980.0,2500.0,2166.0,141.994,Rs./Quintal,Metric Tonnes
Madhya Pradesh,Khandwa,Khandwa APMC,Bengal Gram(Gram)(Whole),Gram,FAQ,2026-03-06,4200.0,5400.0,5125.0,283.757,Rs./Quintal,Metric Tonnes
Madhya Pradesh,Khandwa,Khandwa APMC,Cotton,Without Ginned Cotton,FAQ,2026-03-06,5601.0,7591.0,7591.0,36.963,Rs./Quintal,Metric Tonnes
Madhya Pradesh,Khandwa,Khandwa APMC,Maize,Local,FAQ,2026-03-06,1300.0,1573.0,1573.0,88.81,Rs./Quintal,Metric Tonnes
Madhya Pradesh,Khandwa,Khandwa APMC,Mustard,Mustard,FAQ,2026-03-06,5200.0,5252.0,5252.0,0.9630000000000001,Rs./Quintal,Metric Tonnes
Madhya Pradesh,Khandwa,Khandwa APMC,Onion,Local,FAQ,2026-03-06,800.0,800.0,800.0,1.6,Rs./Quintal,Metric Tonnes
Madhya Pradesh,Khandwa,Khandwa APMC,Red gram/Arhar/Tur(whole),Arhar Dal(Tur),FAQ,2026-03-06,4500.0,7325.0,6950.0,18.202,Rs./Quintal,Metric Tonnes
Madhya Pradesh,Khandwa,Khandwa APMC,Soyabean,Yellow,FAQ,2026-03-06,2575.0,5300.0,5271.0,71.97500000000001,Rs./Quintal,Metric Tonnes
Madhya Pradesh,Khandwa,Khandwa APMC,Wheat,Wheat-Organic,Non-FAQ,2026-03-06,2100.0,2100.0,2100.0,9.5,Rs./Quintal,Metric Tonnes
Madhya Pradesh,Khandwa,Khandwa APMC,Wheat,Mill Quality,FAQ,2026-03-06,1422.0,2470.0,2280.0,1522.661,Rs./Quintal,Metric Tonnes
Madhya Pradesh,Khandwa,Khandwa APMC,Wheat,Wheat,FAQ,2026-03-06,2101.0,2890.0,2415.0,514.6850000000001,Rs./Quintal,Metric Tonnes
Madhya Pradesh,Shivpuri,Khanyadhana APMC,Barley(Jau),Barley,FAQ,2026-03-06,1610.0,1935.0,1800.0,309.5,Rs./Quintal,Metric Tonnes
Madhya Pradesh,Shivpuri,Khanyadhana APMC,Mustard,Mustard,FAQ,2026-03-06,5715.0,6115.0,6115.0,56.5,Rs./Quintal,Metric Tonnes
Madhya Pradesh,Shivpuri,Khanyadhana APMC,Wheat,Mill Quality,FAQ,2026-03-06,2145.0,2250.0,2250.0,49.0,Rs./Quintal,Metric Tonnes
Madhya Pradesh,Tikamgarh,Khargapur APMC,Wheat,Mill Quality,FAQ,2026-03-06,2200.0,2300.0,2250.0,113.92000000000002,Rs./Quintal,Metric Tonnes
Madhya Pradesh,Khargone,Khargone APMC,Bengal Gram(Gram)(Whole),Gram,Non-FAQ,2026-03-06,4710.0,4725.0,4725.0,4.18,Rs./Quintal,Metric Tonnes
Madhya Pradesh,Khargone,Khargone APMC,Bengal Gram(Gram)(Whole),Gram,FAQ,2026-03-06,4936.0,6465.0,5150.0,74.058,Rs./Quintal,Metric Tonnes
Madhya Pradesh,Khargone,Khargone APMC,Kabuli Chana(Chickpeas-White),Dollar Gram,FAQ,2026-03-06,6651.0,7700.0,7700.0,3.715,Rs./Quintal,Metric Tonnes
Madhya Pradesh,Khargone,Khargone APMC,Maize,Local,FAQ,2026-03-06,1075.0,1731.0,1526.0,128.904,Rs./Quintal,Metric Tonnes
Madhya Pradesh,Khargone,Khargone APMC,Red gram/Arhar/Tur(whole),Arhar Dal(Tur),Non-FAQ,2026-03-06,6000.0,6000.0,6000.0,2.475,Rs./Quintal,Metric Tonnes
Madhya Pradesh,Khargone,Khargone APMC,Red gram/Arhar/Tur(whole),Arhar Dal(Tur),FAQ,2026-03-06,6001.0,7360.0,7360.0,11.647,Rs./Quintal,Metric Tonnes
Madhya Pradesh,Khargone,Khargone APMC,Soyabean,Soyabeen,Non-FAQ,2026-03-06,4800.0,4800.0,4800.0,0.328,Rs./Quintal,Metric Tonnes
Madhya Pradesh,Khargone,Khargone APMC,Soyabean,Soyabeen,FAQ,2026-03-06,4500.0,5430.0,5400.0,42.30500000000001,Rs./Quintal,Metric Tonnes
Madhya Pradesh,Khargone,Khargone APMC,Wheat,Mill Quality,FAQ,2026-03-06,1200.0,2125.0,2125.0,3.1,Rs./Quintal,Metric Tonnes
Madhya Pradesh,Khargone,Khargone APMC,Wheat,Wheat,FAQ,2026-03-06,2016.0,2480.0,2400.0,331.13200000000006,Rs./Quintal,Metric Tonnes
Madhya Pradesh,Khargone,Khargone APMC,Wheat,Wheat,Non-FAQ,2026-03-06,2125.0,2325.0,2225.0,58.265,Rs./Quintal,Metric Tonnes
Madhya Pradesh,Dewas,Khategaon APMC,Bengal Gram(Gram)(Whole),Gram,FAQ,2026-03-06,3501.0,5646.0,5070.0,86.277,Rs./Quintal,Metric Tonnes
Madhya Pradesh,Dewas,Khategaon APMC,Green Gram(Moong)(Whole),Green (Whole),FAQ,2026-03-06,6302.0,8296.0,8296.0,1.044,Rs./Quintal,Metric Tonnes
Madhya Pradesh,Dewas,Khategaon APMC,Kabuli Chana(Chickpeas-White),Dollar Gram,FAQ,2026-03-06,4999.0,7500.0,7200.0,31.712000000000003,Rs./Quintal,Metric Tonnes
Madhya Pradesh,Dewas,Khategaon APMC,Maize,Local,FAQ,2026-03-06,1380.0,1620.0,1575.0,209.42100000000002,Rs./Quintal,Metric Tonnes
Madhya Pradesh,Dewas,Khategaon APMC,Mustard,Mustard,FAQ,2026-03-06,4000.0,5680.0,5600.0,349.086,Rs./Quintal,Metric Tonnes
Madhya Pradesh,Dewas,Khategaon APMC,Red gram/Arhar/Tur(whole),Arhar Dal(Tur),FAQ,2026-03-06,6201.0,7236.0,6501.0,0.47100000000000003,Rs./Quintal,Metric Tonnes
Madhya Pradesh,Dewas,Khategaon APMC,Soyabean,Soyabeen,FAQ,2026-03-06,4490.0,5161.0,5161.0,13.278,Rs./Quintal,Metric Tonnes
Madhya Pradesh,Dewas,Khategaon APMC,Wheat,Wheat,FAQ,2026-03-06,2051.0,2362.0,2287.0,223.837,Rs./Quintal,Metric Tonnes
Madhya Pradesh,Shivpuri,Khatora APMC,Bengal Gram(Gram)(Whole),Gram,Non-FAQ,2026-03-06,4990.0,4990.0,4990.0,0.41100000000000003,Rs./Quintal,Metric Tonnes
Madhya Pradesh,Shivpuri,Khatora APMC,Lentil(Masur)(Whole),Masur Dal,FAQ,2026-03-06,5600.0,5600.0,5600.0,2.0,Rs./Quintal,Metric Tonnes
Madhya Pradesh,Shivpuri,Khatora APMC,Lentil(Masur)(Whole),Masur Dal,Non-FAQ,2026-03-06,5651.0,5810.0,5810.0,2.972,Rs./Quintal,Metric Tonnes
Madhya Pradesh,Shivpuri,Khatora APMC,Maize,Local,Non-FAQ,2026-03-06,1440.0,1440.0,1440.0,1.5,Rs./Quintal,Metric Tonnes
Madhya Pradesh,Shivpuri,Khatora APMC,Maize,Deshi Red,FAQ,2026-03-06,1375.0,1375.0,1375.0,10.0,Rs./Quintal,Metric Tonnes
Madhya Pradesh,Shivpuri,Khatora APMC,Maize,Local,FAQ,2026-03-06,1300.0,1306.0,1306.0,30.400000000000002,Rs./Quintal,Metric Tonnes
Madhya Pradesh,Shivpuri,Khatora APMC,Mustard,Mustard,Non-FAQ,2026-03-06,5691.0,6150.0,6150.0,4.147,Rs./Quintal,Metric Tonnes
Madhya Pradesh,Shivpuri,Khatora APMC,Mustard,Mustard,FAQ,2026-03-06,6010.0,6025.0,6025.0,2.8000000000000003,Rs./Quintal,Metric Tonnes
Madhya Pradesh,Shivpuri,Khatora APMC,Soyabean,Soyabeen,Non-FAQ,2026-03-06,4400.0,4400.0,4400.0,0.2,Rs./Quintal,Metric Tonnes
Madhya Pradesh,Shivpuri,Khatora APMC,Wheat,Wheat,Non-FAQ,2026-03-06,2340.0,2340.0,2340.0,1.5,Rs./Quintal,Metric Tonnes
Madhya Pradesh,Badwani,Khetia APMC,Bengal Gram(Gram)(Whole),Chana Kabuli,FAQ,2026-03-06,5100.0,5100.0,5100.0,0.33,Rs./Quintal,Metric Tonnes
Madhya Pradesh,Badwani,Khetia APMC,Cotton,Without Ginned Cotton,FAQ,2026-03-06,6265.0,8295.0,6800.0,79.818,Rs./Quintal,Metric Tonnes
Madhya Pradesh,Badwani,Khetia APMC,Maize,Yellow,FAQ,2026-03-06,1200.0,1450.0,1440.0,36.88,Rs./Quintal,Metric Tonnes
Madhya Pradesh,Badwani,Khetia APMC,Wheat,Wheat,FAQ,2026-03-06,2135.0,2195.0,2195.0,7.090000000000001,Rs./Quintal,Metric Tonnes
Madhya Pradesh,Badwani,Khetia APMC,Wheat,Lokwan,FAQ,2026-03-06,2185.0,2235.0,2185.0,13.465000000000002,Rs./Quintal,Metric Tonnes
Madhya Pradesh,Rajgarh,Khilchipur APMC,Bengal Gram(Gram)(Whole),Gram,FAQ,2026-03-06,4410.0,4770.0,4770.0,1.991,Rs./Quintal,Metric Tonnes
Madhya Pradesh,Rajgarh,Khilchipur APMC,Coriander(Leaves),Coriander,FAQ,2026-03-06,5000.0,11900.0,10025.0,14.118000000000002,Rs./Bundle,Bundle
Madhya Pradesh,Rajgarh,Khilchipur APMC,Lentil(Masur)(Whole),Masur Dal,FAQ,2026-03-06,5900.0,6475.0,6360.0,7.923000000000001,Rs./Quintal,Metric Tonnes
Madhya Pradesh,Rajgarh,Khilchipur APMC,Mustard,Mustard,FAQ,2026-03-06,5240.0,5940.0,5700.0,106.49700000000001,Rs./Quintal,Metric Tonnes
Madhya Pradesh,Rajgarh,Khilchipur APMC,Soyabean,Soyabeen,FAQ,2026-03-06,2400.0,5225.0,5225.0,0.42900000000000005,Rs./Quintal,Metric Tonnes
Madhya Pradesh,Rajgarh,Khilchipur APMC,Wheat,Local,FAQ,2026-03-06,2188.0,2200.0,2200.0,2.982,Rs./Quintal,Metric Tonnes
Madhya Pradesh,Rajgarh,Khilchipur APMC,Wheat,Mill Quality,FAQ,2026-03-06,1705.0,2225.0,2190.0,325.577,Rs./Quintal,Metric Tonnes
Madhya Pradesh,Rajgarh,Khilchipur APMC,Wheat,Mill Quality,Non-FAQ,2026-03-06,1810.0,2175.0,2175.0,32.730000000000004,Rs./Quintal,Metric Tonnes
Madhya Pradesh,Rajgarh,Khilchipur APMC,Wheat,Wheat,FAQ,2026-03-06,2161.0,2203.0,2203.0,2.4410000000000003,Rs./Quintal,Metric Tonnes
Madhya Pradesh,Harda,Khirakiya APMC,Bengal Gram(Gram)(Whole),Desi (F.A.Q. Split),Non-FAQ,2026-03-06,4201.0,5201.0,5100.0,54.153999999999996,Rs./Quintal,Metric Tonnes
Madhya Pradesh,Harda,Khirakiya APMC,Bengal Gram(Gram)(Whole),Gram,Non-FAQ,2026-03-06,4181.0,5191.0,5100.0,14.343000000000002,Rs./Quintal,Metric Tonnes
Madhya Pradesh,Harda,Khirakiya APMC,Green Gram(Moong)(Whole),Green (Whole),Non-FAQ,2026-03-06,5200.0,7350.0,7350.0,0.399,Rs./Quintal,Metric Tonnes
Madhya Pradesh,Harda,Khirakiya APMC,Maize,Local,Non-FAQ,2026-03-06,1199.0,1600.0,1486.0,83.97800000000001,Rs./Quintal,Metric Tonnes
Madhya Pradesh,Harda,Khirakiya APMC,Mustard,Mustard,Non-FAQ,2026-03-06,4401.0,5451.0,5250.0,33.229000000000006,Rs./Quintal,Metric Tonnes
Madhya Pradesh,Harda,Khirakiya APMC,Red gram/Arhar/Tur(whole),Arhar Dal(Tur),Non-FAQ,2026-03-06,3200.0,7500.0,7400.0,11.805,Rs./Quintal,Metric Tonnes
Madhya Pradesh,Harda,Khirakiya APMC,Soyabean,Soyabeen,Non-FAQ,2026-03-06,4571.0,5286.0,5286.0,25.755000000000003,Rs./Quintal,Metric Tonnes
Madhya Pradesh,Harda,Khirakiya APMC,Soyabean,Yellow,Non-FAQ,2026-03-06,3900.0,5823.0,5060.0,61.136,Rs./Quintal,Metric Tonnes
Madhya Pradesh,Harda,Khirakiya APMC,Wheat,Mill Quality,Non-FAQ,2026-03-06,1994.0,2356.0,2240.0,494.37700000000007,Rs./Quintal,Metric Tonnes
Madhya Pradesh,Rajgarh,Khujner APMC,Lentil(Masur)(Whole),Masur Dal,FAQ,2026-03-06,5700.0,6550.0,6245.0,23.413,Rs./Quintal,Metric Tonnes
Madhya Pradesh,Rajgarh,Khujner APMC,Mustard,Mustard,FAQ,2026-03-06,4700.0,5900.0,5795.0,128.431,Rs./Quintal,Metric Tonnes
Madhya Pradesh,Rajgarh,Khujner APMC,Soyabean,Soyabeen,FAQ,2026-03-06,3865.0,5200.0,5200.0,9.525,Rs./Quintal,Metric Tonnes
Madhya Pradesh,Rajgarh,Khujner APMC,Wheat,Wheat,FAQ,2026-03-06,1505.0,2230.0,2174.0,75.43900000000001,Rs./Quintal,Metric Tonnes
Madhya Pradesh,Shivpuri,Kolaras APMC,Barley(Jau),Barley,Non-FAQ,2026-03-06,1675.0,1675.0,1675.0,2.4760000000000004,Rs./Quintal,Metric Tonnes
Madhya Pradesh,Shivpuri,Kolaras APMC,Bengal Gram(Gram)(Whole),Gram,Non-FAQ,2026-03-06,4295.0,5900.0,5900.0,11.58,Rs./Quintal,Metric Tonnes
Madhya Pradesh,Shivpuri,Kolaras APMC,Lentil(Masur)(Whole),Masur Dal,FAQ,2026-03-06,5540.0,5725.0,5655.0,11.401000000000002,Rs./Quintal,Metric Tonnes
Madhya Pradesh,Shivpuri,Kolaras APMC,Lentil(Masur)(Whole),Masur Dal,Non-FAQ,2026-03-06,4000.0,5830.0,5525.0,63.103,Rs./Quintal,Metric Tonnes
Madhya Pradesh,Shivpuri,Kolaras APMC,Maize,Local,Non-FAQ,2026-03-06,1100.0,1660.0,1550.0,48.541000000000004,Rs./Quintal,Metric Tonnes
Madhya Pradesh,Shivpuri,Kolaras APMC,Maize,Local,FAQ,2026-03-06,1665.0,1665.0,1665.0,2.704,Rs./Quintal,Metric Tonnes
Madhya Pradesh,Shivpuri,Kolaras APMC,Mustard,Mustard,FAQ,2026-03-06,5405.0,6330.0,6100.0,423.867,Rs./Quintal,Metric Tonnes
Madhya Pradesh,Shivpuri,Kolaras APMC,Mustard,Mustard,Non-FAQ,2026-03-06,4605.0,6235.0,5800.0,95.224,Rs./Quintal,Metric Tonnes
Madhya Pradesh,Shivpuri,Kolaras APMC,Red gram/Arhar/Tur(whole),Arhar Dal(Tur),Non-FAQ,2026-03-06,6505.0,6505.0,6505.0,0.365,Rs./Quintal,Metric Tonnes
Madhya Pradesh,Shivpuri,Kolaras APMC,Wheat,Wheat,Non-FAQ,2026-03-06,2000.0,2200.0,2200.0,4.341,Rs./Quintal,Metric Tonnes
Madhya Pradesh,Mandla,Krishi Upaj Mandi Samiti Bichhiya,Kutki,Kutki,FAQ,2026-03-06,4200.0,4200.0,4200.0,4.720000000000001,Rs./Quintal,Metric Tonnes
Madhya Pradesh,Mandla,Krishi Upaj Mandi Samiti Bichhiya,Paddy(Common),Dhan,FAQ,2026-03-06,2000.0,2000.0,2000.0,28.0,Rs./Quintal,Metric Tonnes
Madhya Pradesh,Mandla,Krishi Upaj Mandi Samiti Bichhiya,Paddy(Common),Common,FAQ,2026-03-06,2040.0,2046.0,2040.0,27.830000000000002,Rs./Quintal,Metric Tonnes
Madhya Pradesh,Mandla,Krishi Upaj Mandi Samiti Bichhiya,Paddy(Common),Common,Non-FAQ,2026-03-06,1900.0,1900.0,1900.0,80.0,Rs./Quintal,Metric Tonnes
Madhya Pradesh,Dhar,Kukshi APMC,Bengal Gram(Gram)(Whole),Desi (F.A.Q. Split),FAQ,2026-03-06,4995.0,5050.0,5050.0,3.45,Rs./Quintal,Metric Tonnes
Madhya Pradesh,Dhar,Kukshi APMC,Bengal Gram(Gram)(Whole),Gram,FAQ,2026-03-06,4870.0,5120.0,5120.0,17.995,Rs./Quintal,Metric Tonnes
Madhya Pradesh,Dhar,Kukshi APMC,Cotton,Without Ginned Cotton,FAQ,2026-03-06,7500.0,8000.0,8000.0,35.330000000000005,Rs./Quintal,Metric Tonnes
Madhya Pradesh,Dhar,Kukshi APMC,Kabuli Chana(Chickpeas-White),Dollar Gram,FAQ,2026-03-06,5055.0,7725.0,7600.0,93.13,Rs./Quintal,Metric Tonnes
Madhya Pradesh,Dhar,Kukshi APMC,Kabuli Chana(Chickpeas-White),Double Dollar Chana,FAQ,2026-03-06,7350.0,7500.0,7500.0,3.44,Rs./Quintal,Metric Tonnes
Madhya Pradesh,Dhar,Kukshi APMC,Maize,Local,Non-FAQ,2026-03-06,1350.0,1350.0,1350.0,0.735,Rs./Quintal,Metric Tonnes
Madhya Pradesh,Dhar,Kukshi APMC,Maize,Local,FAQ,2026-03-06,1255.0,1600.0,1600.0,43.29,Rs./Quintal,Metric Tonnes
Madhya Pradesh,Dhar,Kukshi APMC,Maize,Yellow,Non-FAQ,2026-03-06,1475.0,1480.0,1480.0,13.0,Rs./Quintal,Metric Tonnes
Madhya Pradesh,Dhar,Kukshi APMC,Wheat,Wheat,FAQ,2026-03-06,2000.0,2475.0,2150.0,282.95,Rs./Quintal,Metric Tonnes
Madhya Pradesh,Dhar,Kukshi APMC,Wheat,Wheat,Non-FAQ,2026-03-06,1900.0,2095.0,1900.0,11.905000000000001,Rs./Quintal,Metric Tonnes
Madhya Pradesh,Dhar,Kukshi(F&V) APMC,Bhindi(Ladies Finger),Bhindi,Grade A,2026-03-06,800.0,1600.0,1200.0,1.1,Rs./Quintal,Metric Tonnes
Madhya Pradesh,Dhar,Kukshi(F&V) APMC,Bitter gourd,Bitter Gourd,Grade A,2026-03-06,1800.0,3500.0,2600.0,0.4,Rs./Quintal,Metric Tonnes
Madhya Pradesh,Dhar,Kukshi(F&V) APMC,Bottle gourd,Bottle Gourd,Grade A,2026-03-06,400.0,600.0,500.0,1.7000000000000002,Rs./Quintal,Metric Tonnes
Madhya Pradesh,Dhar,Kukshi(F&V) APMC,Brinjal,Brinjal,Grade A,2026-03-06,500.0,1000.0,700.0,1.3,Rs./Quintal,Metric Tonnes
Madhya Pradesh,Dhar,Kukshi(F&V) APMC,Cabbage,Cabbage,Grade A,2026-03-06,400.0,600.0,500.0,1.7000000000000002,Rs./Quintal,Metric Tonnes
Madhya Pradesh,Dhar,Kukshi(F&V) APMC,Cauliflower,Cauliflower,Grade A,2026-03-06,500.0,1000.0,700.0,1.1,Rs./Quintal,Metric Tonnes
Madhya Pradesh,Dhar,Kukshi(F&V) APMC,Ginger(Green),Green Ginger,Grade A,2026-03-06,4600.0,4600.0,4600.0,0.1,Rs./Quintal,Metric Tonnes
Madhya Pradesh,Dhar,Kukshi(F&V) APMC,Green Chilli,Green Chilly,Grade A,2026-03-06,3000.0,5000.0,4000.0,0.5,Rs./Quintal,Metric Tonnes
Madhya Pradesh,Dhar,Kukshi(F&V) APMC,Onion,Onion,Grade A,2026-03-06,700.0,1500.0,1100.0,1.1,Rs./Quintal,Metric Tonnes
Madhya Pradesh,Dhar,Kukshi(F&V) APMC,Potato,Potato,Grade A,2026-03-06,800.0,1100.0,900.0,0.9,Rs./Quintal,Metric Tonnes
Madhya Pradesh,Dhar,Kukshi(F&V) APMC,Spinach,Spinach,Grade A,2026-03-06,700.0,1000.0,800.0,0.8,Rs./Quintal,Metric Tonnes
Madhya Pradesh,Dhar,Kukshi(F&V) APMC,Tomato,Tomato,Grade A,2026-03-06,400.0,700.0,500.0,1.9000000000000001,Rs./Quintal,Metric Tonnes
Madhya Pradesh,Rajgarh,Kurawar APMC,Bengal Gram(Gram)(Whole),Gram,FAQ,2026-03-06,4225.0,4970.0,4780.0,6.707,Rs./Quintal,Metric Tonnes
Madhya Pradesh,Rajgarh,Kurawar APMC,Coriander(Leaves),Coriander,FAQ,2026-03-06,7205.0,9005.0,9005.0,0.8160000000000001,Rs./Bundle,Bundle
Madhya Pradesh,Rajgarh,Kurawar APMC,Green Peas,Pea,FAQ,2026-03-06,3300.0,3300.0,3300.0,0.1,Rs./Quintal,Metric Tonnes
Madhya Pradesh,Rajgarh,Kurawar APMC,Lentil(Masur)(Whole),Masur Dal,FAQ,2026-03-06,3500.0,6080.0,5925.0,8.68,Rs./Quintal,Metric Tonnes
Madhya Pradesh,Rajgarh,Kurawar APMC,Mustard,Mustard,FAQ,2026-03-06,4390.0,5895.0,5600.0,227.35500000000002,Rs./Quintal,Metric Tonnes
Madhya Pradesh,Rajgarh,Kurawar APMC,Soyabean,Soyabeen,FAQ,2026-03-06,1805.0,5465.0,5295.0,108.786,Rs./Quintal,Metric Tonnes
Madhya Pradesh,Rajgarh,Kurawar APMC,Wheat,Wheat,FAQ,2026-03-06,1850.0,2505.0,2220.0,309.994,Rs./Quintal,Metric Tonnes
Madhya Pradesh,Rajgarh,Kurawar APMC,Wheat,Local,FAQ,2026-03-06,2260.0,2295.0,2295.0,6.606999999999999,Rs./Quintal,Metric Tonnes
Madhya Pradesh,Rajgarh,Kurawar APMC,Wheat,Wheat Mix,FAQ,2026-03-06,2240.0,2240.0,2240.0,1.136,Rs./Quintal,Metric Tonnes
Madhya Pradesh,Vidisha,Kurwai APMC,Mustard,Mustard,Non-FAQ,2026-03-06,5466.0,5800.0,5766.0,8.775,Rs./Quintal,Metric Tonnes
Madhya Pradesh,Bhind,Lahar APMC,Mustard,Mustard,FAQ,2026-03-06,6571.0,6571.0,6571.0,0.2,Rs./Quintal,Metric Tonnes
Madhya Pradesh,Bhind,Lahar APMC,Wheat,Wheat,FAQ,2026-03-06,2225.0,2310.0,2310.0,70.9,Rs./Quintal,Metric Tonnes
Madhya Pradesh,Seoni,Lakhnadon APMC,Maize,Yellow,FAQ,2026-03-06,1475.0,1530.0,1530.0,91.2,Rs./Quintal,Metric Tonnes
Madhya Pradesh,Seoni,Lakhnadon APMC,Maize,Local,Non-FAQ,2026-03-06,1400.0,1405.0,1405.0,27.0,Rs./Quintal,Metric Tonnes
Madhya Pradesh,Seoni,Lakhnadon APMC,Paddy(Common),Paddy,FAQ,2026-03-06,1600.0,1600.0,1600.0,10.0,Rs./Quintal,Metric Tonnes
Madhya Pradesh,Gwalior,Lashkar APMC,Mustard,Mustard,Non-FAQ,2026-03-06,5955.0,6300.0,6300.0,12.605,Rs./Quintal,Metric Tonnes
Madhya Pradesh,Gwalior,Lashkar APMC,Mustard,Mustard,FAQ,2026-03-06,5865.0,6550.0,6100.0,61.30700000000001,Rs./Quintal,Metric Tonnes
Madhya Pradesh,Gwalior,Lashkar APMC,Wheat,Wheat,Non-FAQ,2026-03-06,2250.0,2250.0,2250.0,1.0,Rs./Quintal,Metric Tonnes
Madhya Pradesh,Gwalior,Lashkar APMC,Wheat,Wheat,FAQ,2026-03-06,2200.0,2305.0,2305.0,3.6520000000000006,Rs./Quintal,Metric Tonnes
Madhya Pradesh,Gwalior,Lashkar(F&V) APMC,Banana,Other,Grade B,2026-03-06,900.0,1200.0,1100.0,6.0,Rs./Quintal,Metric Tonnes
Madhya Pradesh,Gwalior,Lashkar(F&V) APMC,Garlic,Garlic,Grade Range-2,2026-03-06,6000.0,10000.0,8000.0,3.0,Rs./Quintal,Metric Tonnes
Madhya Pradesh,Gwalior,Lashkar(F&V) APMC,Ginger(Green),Green Ginger,Grade B,2026-03-06,4000.0,6000.0,5000.0,2.4,Rs./Quintal,Metric Tonnes
Madhya Pradesh,Gwalior,Lashkar(F&V) APMC,Grapes,Green,Grade B,2026-03-06,2100.0,3100.0,2900.0,4.0,Rs./Quintal,Metric Tonnes
Madhya Pradesh,Gwalior,Lashkar(F&V) APMC,Orange,Other,Grade B,2026-03-06,2000.0,2500.0,2100.0,6.0,Rs./Quintal,Metric Tonnes
Madhya Pradesh,Gwalior,Lashkar(F&V) APMC,Papaya,Papaya,Grade B,2026-03-06,800.0,1200.0,1050.0,25.0,Rs./Quintal,Metric Tonnes
Madhya Pradesh,Gwalior,Lashkar(F&V) APMC,Potato,Other,Grade B,2026-03-06,300.0,500.0,400.0,41.0,Rs./Quintal,Metric Tonnes
Madhya Pradesh,Vidisha,Lateri APMC,Bengal Gram(Gram)(Whole),Desi (F.A.Q. Split),FAQ,2026-03-06,4705.0,5025.0,5025.0,4.437,Rs./Quintal,Metric Tonnes
Madhya Pradesh,Vidisha,Lateri APMC,Bengal Gram(Gram)(Whole),Gram,FAQ,2026-03-06,4600.0,4945.0,4850.0,59.46900000000001,Rs./Quintal,Metric Tonnes
Madhya Pradesh,Vidisha,Lateri APMC,Coriander(Leaves),Coriander,FAQ,2026-03-06,8775.0,9225.0,9225.0,0.771,Rs./Bundle,Bundle
Madhya Pradesh,Vidisha,Lateri APMC,Lak(Teora),Tiwada,FAQ,2026-03-06,2875.0,3190.0,3190.0,5.948,Rs./Quintal,Metric Tonnes
Madhya Pradesh,Vidisha,Lateri APMC,Lentil(Masur)(Whole),Masur Dal,FAQ,2026-03-06,5800.0,5925.0,5925.0,2.215,Rs./Quintal,Metric Tonnes
Madhya Pradesh,Vidisha,Lateri APMC,Maize,Local,Non-FAQ,2026-03-06,1400.0,1500.0,1440.0,112.5,Rs./Quintal,Metric Tonnes
Madhya Pradesh,Vidisha,Lateri APMC,Maize,Local,FAQ,2026-03-06,1440.0,1635.0,1500.0,78.772,Rs./Quintal,Metric Tonnes
Madhya Pradesh,Vidisha,Lateri APMC,Mustard,Mustard,FAQ,2026-03-06,5305.0,5900.0,5725.0,40.018,Rs./Quintal,Metric Tonnes
Madhya Pradesh,Vidisha,Lateri APMC,Soyabean,Soyabeen,FAQ,2026-03-06,3600.0,5005.0,5005.0,6.081,Rs./Quintal,Metric Tonnes
Madhya Pradesh,Vidisha,Lateri APMC,Wheat,Wheat,FAQ,2026-03-06,2185.0,2390.0,2390.0,10.081000000000001,Rs./Quintal,Metric Tonnes
Madhya Pradesh,Vidisha,Lateri APMC,buttery,Buttery,FAQ,2026-03-06,3515.0,3515.0,3515.0,0.167,Rs./Quintal,Metric Tonnes
Madhya Pradesh,Chhatarpur,LavKush Nagar(Laundi) APMC,Mustard,Mustard,Non-FAQ,2026-03-06,5500.0,5500.0,5500.0,6.5,Rs./Quintal,Metric Tonnes
Madhya Pradesh,Dewas,Loharda APMC,Bengal Gram(Gram)(Whole),Gram,FAQ,2026-03-06,4860.0,5632.0,5632.0,20.590000000000003,Rs./Quintal,Metric Tonnes
Madhya Pradesh,Dewas,Loharda APMC,Maize,Local,FAQ,2026-03-06,1250.0,1883.0,1883.0,39.625,Rs./Quintal,Metric Tonnes
Madhya Pradesh,Dewas,Loharda APMC,Red gram/Arhar/Tur(whole),Arhar Dal(Tur),FAQ,2026-03-06,7200.0,7200.0,7200.0,0.35000000000000003,Rs./Quintal,Metric Tonnes
Madhya Pradesh,Dewas,Loharda APMC,Soyabean,Soyabeen,FAQ,2026-03-06,4700.0,5025.0,5025.0,6.4879999999999995,Rs./Quintal,Metric Tonnes
Madhya Pradesh,Dewas,Loharda APMC,Wheat,Wheat,FAQ,2026-03-06,2040.0,2517.0,2200.0,394.33000000000004,Rs./Quintal,Metric Tonnes
Madhya Pradesh,Rajgarh,Machalpur APMC,Coriander(Leaves),Coriander,FAQ,2026-03-06,7000.0,11375.0,10225.0,19.802000000000003,Rs./Bundle,Bundle
Madhya Pradesh,Rajgarh,Machalpur APMC,Lentil(Masur)(Whole),Masur Dal,FAQ,2026-03-06,6300.0,6600.0,6600.0,6.7330000000000005,Rs./Quintal,Metric Tonnes
Madhya Pradesh,Rajgarh,Machalpur APMC,Lentil(Masur)(Whole),Masur Dal,Non-FAQ,2026-03-06,6190.0,6455.0,6455.0,0.551,Rs./Quintal,Metric Tonnes
Madhya Pradesh,Rajgarh,Machalpur APMC,Mustard,Mustard,Non-FAQ,2026-03-06,5750.0,5750.0,5750.0,0.1,Rs./Quintal,Metric Tonnes
Madhya Pradesh,Rajgarh,Machalpur APMC,Mustard,Mustard,FAQ,2026-03-06,5290.0,6015.0,5875.0,66.47000000000001,Rs./Quintal,Metric Tonnes
Madhya Pradesh,Rajgarh,Machalpur APMC,Wheat,Wheat,FAQ,2026-03-06,2150.0,2200.0,2200.0,11.376000000000001,Rs./Quintal,Metric Tonnes
Madhya Pradesh,Shivpuri,Magroni APMC,Mustard,Mustard,FAQ,2026-03-06,5671.0,6254.0,6175.0,27.700000000000003,Rs./Quintal,Metric Tonnes
Madhya Pradesh,Shivpuri,Magroni APMC,Paddy(Common),Paddy,FAQ,2026-03-06,3982.0,3999.0,3999.0,10.0,Rs./Quintal,Metric Tonnes
Madhya Pradesh,Shivpuri,Magroni APMC,Wheat,Wheat,FAQ,2026-03-06,2130.0,2200.0,2200.0,53.7,Rs./Quintal,Metric Tonnes
Madhya Pradesh,Shivpuri,Magroni(F&V) APMC,Bottle gourd,Bottle Gourd,Grade A,2026-03-06,1000.0,2200.0,1400.0,0.2,Rs./Quintal,Metric Tonnes
Madhya Pradesh,Shivpuri,Magroni(F&V) APMC,Brinjal,Brinjal,Grade A,2026-03-06,900.0,1600.0,1400.0,0.2,Rs./Quintal,Metric Tonnes
Madhya Pradesh,Shivpuri,Magroni(F&V) APMC,Cauliflower,Cauliflower,Grade A,2026-03-06,900.0,1400.0,1200.0,0.2,Rs./Quintal,Metric Tonnes
Madhya Pradesh,Ujjain,Mahidpur APMC,Bengal Gram(Gram)(Whole),Gram,FAQ,2026-03-06,4700.0,5212.0,5212.0,3.2560000000000002,Rs./Quintal,Metric Tonnes
Madhya Pradesh,Ujjain,Mahidpur APMC,Mustard,Mustard,FAQ,2026-03-06,5505.0,5746.0,5746.0,1.483,Rs./Quintal,Metric Tonnes
Madhya Pradesh,Ujjain,Mahidpur APMC,Soyabean,Soyabeen,Non-FAQ,2026-03-06,1500.0,4500.0,4500.0,4.034000000000001,Rs./Quintal,Metric Tonnes
Madhya Pradesh,Ujjain,Mahidpur APMC,Soyabean,Soyabeen,FAQ,2026-03-06,4665.0,5381.0,5240.0,56.20700000000001,Rs./Quintal,Metric Tonnes
Madhya Pradesh,Ujjain,Mahidpur APMC,Wheat,Mill Quality,FAQ,2026-03-06,2076.0,2270.0,2270.0,5.516,Rs./Quintal,Metric Tonnes
Madhya Pradesh,Ujjain,Mahidpur APMC,Wheat,Wheat,FAQ,2026-03-06,1886.0,2411.0,2240.0,433.91499999999996,Rs./Quintal,Metric Tonnes
Madhya Pradesh,Ujjain,Mahidpur APMC,Wheat,Wheat,Non-FAQ,2026-03-06,1840.0,2043.0,2043.0,2.0420000000000003,Rs./Quintal,Metric Tonnes
Madhya Pradesh,Satna,Maihar(F&V) APMC,Green Chilli,Green Chilly,Local,2026-03-06,5000.0,5000.0,5000.0,0.3,Rs./Quintal,Metric Tonnes
Madhya Pradesh,Satna,Maihar(F&V) APMC,Methi(Leaves),Methi,Local,2026-03-06,700.0,700.0,700.0,1.2,Rs./Quintal,Metric Tonnes
Madhya Pradesh,Satna,Maihar(F&V) APMC,Potato,Potato,Local,2026-03-06,600.0,600.0,600.0,2.0,Rs./Quintal,Metric Tonnes
Madhya Pradesh,Satna,Maihar(F&V) APMC,Spinach,Spinach,Local,2026-03-06,600.0,600.0,600.0,4.0,Rs./Quintal,Metric Tonnes
Madhya Pradesh,Satna,Maihar(F&V) APMC,Tomato,Tomato,Local,2026-03-06,800.0,800.0,800.0,1.0,Rs./Quintal,Metric Tonnes
Madhya Pradesh,Shajapur,Maksi APMC,Soyabean,Yellow,FAQ,2026-03-06,4900.0,5175.0,5175.0,14.597000000000001,Rs./Quintal,Metric Tonnes
Madhya Pradesh,Neemuch,Manasa APMC,Barley(Jau),Barley,Non-FAQ,2026-03-06,1800.0,1900.0,1850.0,10.762,Rs./Quintal,Metric Tonnes
Madhya Pradesh,Neemuch,Manasa APMC,Bengal Gram(Gram)(Whole),Gram,FAQ,2026-03-06,4301.0,5065.0,4870.0,82.375,Rs./Quintal,Metric Tonnes
Madhya Pradesh,Neemuch,Manasa APMC,Bengal Gram(Gram)(Whole),Gram,Non-FAQ,2026-03-06,3001.0,5078.0,4800.0,64.342,Rs./Quintal,Metric Tonnes
Madhya Pradesh,Neemuch,Manasa APMC,Black Gram(Urd Beans)(Whole),Urda/Urd,Non-FAQ,2026-03-06,4100.0,5000.0,5000.0,0.627,Rs./Quintal,Metric Tonnes
Madhya Pradesh,Neemuch,Manasa APMC,Coriander(Leaves),Coriander,FAQ,2026-03-06,8502.0,9800.0,9800.0,11.714,Rs./Bundle,Bundle
Madhya Pradesh,Neemuch,Manasa APMC,Garlic,Garlic,FAQ,2026-03-06,2000.0,10601.0,4600.0,52.07300000000001,Rs./Quintal,Metric Tonnes
Madhya Pradesh,Neemuch,Manasa APMC,Lentil(Masur)(Whole),Masur Dal,FAQ,2026-03-06,5900.0,6421.0,6000.0,1.677,Rs./Quintal,Metric Tonnes
Madhya Pradesh,Neemuch,Manasa APMC,Linseed,Flaxseed,FAQ,2026-03-06,5599.0,7945.0,7800.0,14.429,Rs./Quintal,Metric Tonnes
Madhya Pradesh,Neemuch,Manasa APMC,Maize,Local,FAQ,2026-03-06,1581.0,1651.0,1628.0,29.503,Rs./Quintal,Metric Tonnes
Madhya Pradesh,Neemuch,Manasa APMC,Methi Seeds,Methiseeds,FAQ,2026-03-06,5350.0,6650.0,6650.0,8.784,Rs./Quintal,Metric Tonnes
Madhya Pradesh,Neemuch,Manasa APMC,Mustard,Mustard,FAQ,2026-03-06,5000.0,6171.0,5799.0,65.774,Rs./Quintal,Metric Tonnes
Madhya Pradesh,Neemuch,Manasa APMC,Onion,Onion,FAQ,2026-03-06,1200.0,1200.0,1200.0,0.884,Rs./Quintal,Metric Tonnes
Madhya Pradesh,Neemuch,Manasa APMC,Soyabean,Soyabeen,FAQ,2026-03-06,4711.0,5465.0,4900.0,83.415,Rs./Quintal,Metric Tonnes
Madhya Pradesh,Neemuch,Manasa APMC,Wheat,Lokwan,FAQ,2026-03-06,2181.0,2255.0,2220.0,5.460000000000001,Rs./Quintal,Metric Tonnes
Madhya Pradesh,Neemuch,Manasa APMC,Wheat,Wheat,FAQ,2026-03-06,1872.0,2690.0,2260.0,183.76700000000002,Rs./Quintal,Metric Tonnes
Madhya Pradesh,Neemuch,Manasa APMC,Wheat,Wheat,Non-FAQ,2026-03-06,2151.0,2500.0,2240.0,334.089,Rs./Quintal,Metric Tonnes
Madhya Pradesh,Dhar,Manawar APMC,Bengal Gram(Gram)(Whole),Chana Kabuli,Non-FAQ,2026-03-06,6900.0,6900.0,6900.0,1.7600000000000002,Rs./Quintal,Metric Tonnes
Madhya Pradesh,Dhar,Manawar APMC,Bengal Gram(Gram)(Whole),Gram,FAQ,2026-03-06,4600.0,5310.0,5290.0,25.814999999999998,Rs./Quintal,Metric Tonnes
Madhya Pradesh,Dhar,Manawar APMC,Kabuli Chana(Chickpeas-White),Dollar Gram,FAQ,2026-03-06,6500.0,10000.0,7600.0,230.712,Rs./Quintal,Metric Tonnes
Madhya Pradesh,Dhar,Manawar APMC,Maize,Local,FAQ,2026-03-06,1425.0,1555.0,1555.0,14.26,Rs./Quintal,Metric Tonnes
Madhya Pradesh,Dhar,Manawar APMC,Wheat,Wheat,FAQ,2026-03-06,2180.0,2680.0,2221.0,74.23,Rs./Quintal,Metric Tonnes
Madhya Pradesh,Dhar,Manawar APMC,Wheat,Wheat,Non-FAQ,2026-03-06,2200.0,2201.0,2201.0,4.8500000000000005,Rs./Quintal,Metric Tonnes
Madhya Pradesh,Mandla,Mandla APMC,Paddy(Common),Common,Non-FAQ,2026-03-06,1800.0,1905.0,1905.0,22.700000000000003,Rs./Quintal,Metric Tonnes
Madhya Pradesh,Mandla,Mandla APMC,Paddy(Common),Dhan,Non-FAQ,2026-03-06,1875.0,1875.0,1875.0,10.100000000000001,Rs./Quintal,Metric Tonnes
Madhya Pradesh,Mandsaur,Mandsaur APMC,Barley(Jau),Barley,Non-FAQ,2026-03-06,1601.0,2029.0,2029.0,15.881,Rs./Quintal,Metric Tonnes
Madhya Pradesh,Mandsaur,Mandsaur APMC,Bengal Gram(Gram)(Whole),Chana Kabuli,Non-FAQ,2026-03-06,4500.0,7022.0,4500.0,2.656,Rs./Quintal,Metric Tonnes
Madhya Pradesh,Mandsaur,Mandsaur APMC,Bengal Gram(Gram)(Whole),Gram,Non-FAQ,2026-03-06,3700.0,5354.0,5040.0,76.706,Rs./Quintal,Metric Tonnes
Madhya Pradesh,Mandsaur,Mandsaur APMC,Black Gram(Urd Beans)(Whole),Urda/Urd,Non-FAQ,2026-03-06,3501.0,6099.0,5500.0,2.7390000000000003,Rs./Quintal,Metric Tonnes
Madhya Pradesh,Mandsaur,Mandsaur APMC,Coriander(Leaves),Coriander,FAQ,2026-03-06,5859.0,9580.0,9580.0,0.202,Rs./Bundle,Bundle
Madhya Pradesh,Mandsaur,Mandsaur APMC,Garlic,Garlic,FAQ,2026-03-06,900.0,12800.0,5000.0,387.05300000000005,Rs./Quintal,Metric Tonnes
Madhya Pradesh,Mandsaur,Mandsaur APMC,Garlic,Garlic-Organic,FAQ,2026-03-06,7701.0,7701.0,7701.0,0.369,Rs./Quintal,Metric Tonnes
Madhya Pradesh,Mandsaur,Mandsaur APMC,Groundnut,Big (With Shell),Non-FAQ,2026-03-06,500.0,8351.0,7101.0,12.939,Rs./Quintal,Metric Tonnes
Madhya Pradesh,Mandsaur,Mandsaur APMC,Lentil(Masur)(Whole),Masur Dal,Non-FAQ,2026-03-06,2000.0,6330.0,6100.0,14.693000000000001,Rs./Quintal,Metric Tonnes
Madhya Pradesh,Mandsaur,Mandsaur APMC,Linseed,Flaxseed,FAQ,2026-03-06,7254.0,7821.0,7430.0,12.195,Rs./Quintal,Metric Tonnes
Madhya Pradesh,Mandsaur,Mandsaur APMC,Maize,Local,Non-FAQ,2026-03-06,1250.0,1721.0,1618.0,35.214,Rs./Quintal,Metric Tonnes
Madhya Pradesh,Mandsaur,Mandsaur APMC,Maize,Local,FAQ,2026-03-06,1302.0,1541.0,1541.0,3.0570000000000004,Rs./Quintal,Metric Tonnes
Madhya Pradesh,Mandsaur,Mandsaur APMC,Mustard,Mustard,Non-FAQ,2026-03-06,500.0,7560.0,5781.0,108.75200000000001,Rs./Quintal,Metric Tonnes
Madhya Pradesh,Mandsaur,Mandsaur APMC,Mustard,Mustard,FAQ,2026-03-06,6801.0,6801.0,6801.0,0.268,Rs./Quintal,Metric Tonnes
Madhya Pradesh,Mandsaur,Mandsaur APMC,Onion,Onion,FAQ,2026-03-06,601.0,1383.0,1383.0,15.322000000000001,Rs./Quintal,Metric Tonnes
Madhya Pradesh,Mandsaur,Mandsaur APMC,"Sesamum(Sesame,Gingelly,Til)",Sesame,Non-FAQ,2026-03-06,4000.0,6000.0,6000.0,0.038000000000000006,Rs./Quintal,Metric Tonnes
Madhya Pradesh,Mandsaur,Mandsaur APMC,Soyabean,Soyabeen,Non-FAQ,2026-03-06,500.0,6020.0,5370.0,208.04600000000002,Rs./Quintal,Metric Tonnes
Madhya Pradesh,Mandsaur,Mandsaur APMC,Wheat,Wheat,Non-FAQ,2026-03-06,1902.0,2626.0,2400.0,161.434,Rs./Quintal,Metric Tonnes
Madhya Pradesh,Mandsaur,Mandsaur APMC,Wheat,Mill Quality,Non-FAQ,2026-03-06,2161.0,2252.0,2171.0,10.58,Rs./Quintal,Metric Tonnes
Madhya Pradesh,Mandsaur,Mandsaur APMC,Wheat,Wheat,FAQ,2026-03-06,1616.0,2620.0,2400.0,146.89000000000001,Rs./Quintal,Metric Tonnes
Madhya Pradesh,Mandsaur,Mandsaur APMC,Wheat,Lokwan,Non-FAQ,2026-03-06,2282.0,2282.0,2282.0,3.416,Rs./Quintal,Metric Tonnes
Madhya Pradesh,Mandsaur,Mandsaur APMC,Wheat,Mill Quality,FAQ,2026-03-06,2100.0,2190.0,2190.0,1.7510000000000003,Rs./Quintal,Metric Tonnes
Madhya Pradesh,Indore,Mhow APMC,Bengal Gram(Gram)(Whole),Gram,FAQ,2026-03-06,3766.0,5200.0,5200.0,3.718,Rs./Quintal,Metric Tonnes
Madhya Pradesh,Indore,Mhow APMC,Kabuli Chana(Chickpeas-White),Dollar Gram,FAQ,2026-03-06,7351.0,7520.0,7520.0,1.614,Rs./Quintal,Metric Tonnes
Madhya Pradesh,Indore,Mhow APMC,Kabuli Chana(Chickpeas-White),Bitkey,FAQ,2026-03-06,4326.0,5555.0,5555.0,3.84,Rs./Quintal,Metric Tonnes
Madhya Pradesh,Indore,Mhow APMC,Maize,Local,FAQ,2026-03-06,1340.0,1800.0,1800.0,3.4030000000000005,Rs./Quintal,Metric Tonnes
Madhya Pradesh,Indore,Mhow APMC,Soyabean,Soyabeen,FAQ,2026-03-06,2000.0,5850.0,5441.0,126.18599999999999,Rs./Quintal,Metric Tonnes
Madhya Pradesh,Indore,Mhow APMC,Wheat,Wheat,Non-FAQ,2026-03-06,2088.0,2450.0,2150.0,46.403,Rs./Quintal,Metric Tonnes
Madhya Pradesh,Indore,Mhow APMC,Wheat,Wheat,FAQ,2026-03-06,1920.0,3171.0,2280.0,197.77700000000002,Rs./Quintal,Metric Tonnes
Madhya Pradesh,Shajapur,Momanbadodiya APMC,Bengal Gram(Gram)(Whole),Gram,FAQ,2026-03-06,4602.0,4852.0,4852.0,3.7680000000000002,Rs./Quintal,Metric Tonnes
Madhya Pradesh,Shajapur,Momanbadodiya APMC,Lentil(Masur)(Whole),Masur Dal,FAQ,2026-03-06,4646.0,6620.0,6300.0,11.228000000000002,Rs./Quintal,Metric Tonnes
Madhya Pradesh,Shajapur,Momanbadodiya APMC,Mustard,Mustard,FAQ,2026-03-06,5000.0,5775.0,5700.0,26.092000000000002,Rs./Quintal,Metric Tonnes
Madhya Pradesh,Shajapur,Momanbadodiya APMC,Soyabean,Soyabeen,FAQ,2026-03-06,4830.0,4849.0,4849.0,1.8,Rs./Quintal,Metric Tonnes
Madhya Pradesh,Shajapur,Momanbadodiya APMC,Wheat,Wheat,FAQ,2026-03-06,1800.0,2120.0,2010.0,15.087000000000002,Rs./Quintal,Metric Tonnes
Madhya Pradesh,Morena,Morena APMC,Bajra(Pearl Millet/Cumbu),Millet,Non-FAQ,2026-03-06,1692.0,1716.0,1716.0,3.196,Rs./Quintal,Metric Tonnes
Madhya Pradesh,Morena,Morena APMC,Mustard,Mustard,Non-FAQ,2026-03-06,5560.0,6315.0,6200.0,49.554,Rs./Quintal,Metric Tonnes
Madhya Pradesh,Morena,Morena APMC,Potato,Potato,Non-FAQ,2026-03-06,400.0,500.0,500.0,151.0,Rs./Quintal,Metric Tonnes
Madhya Pradesh,Morena,Morena APMC,Wheat,Wheat,Non-FAQ,2026-03-06,2285.0,2306.0,2306.0,7.503,Rs./Quintal,Metric Tonnes
Madhya Pradesh,Morena,Morena(F&V) APMC,Potato,Potato,Non-FAQ,2026-03-06,400.0,500.0,500.0,151.0,Rs./Quintal,Metric Tonnes
Madhya Pradesh,Morena,Morena(F&V) APMC,Pumpkin,Pumpkin,Grade C,2026-03-06,1000.0,1000.0,1000.0,3.0,Rs./Quintal,Metric Tonnes
Madhya Pradesh,Bhind,Mow APMC,Mustard,Mustard,FAQ,2026-03-06,5190.0,6265.0,6265.0,4.289000000000001,Rs./Quintal,Metric Tonnes
Madhya Pradesh,Bhind,Mow APMC,Wheat,Wheat,FAQ,2026-03-06,2150.0,2160.0,2160.0,9.0,Rs./Quintal,Metric Tonnes
Madhya Pradesh,Betul,Multai APMC,Maize,Local,Non-FAQ,2026-03-06,1300.0,1613.0,1597.0,360.618,Rs./Quintal,Metric Tonnes
Madhya Pradesh,Khandwa,Mundi APMC,Bengal Gram(Gram)(Whole),Gram,FAQ,2026-03-06,4800.0,4895.0,4895.0,5.0520000000000005,Rs./Quintal,Metric Tonnes
Madhya Pradesh,Khandwa,Mundi APMC,Wheat,Wheat,FAQ,2026-03-06,1820.0,2350.0,2195.0,433.85400000000004,Rs./Quintal,Metric Tonnes
Madhya Pradesh,Khandwa,Mundi APMC,Wheat,Local,FAQ,2026-03-06,2050.0,2200.0,2150.0,31.595,Rs./Quintal,Metric Tonnes
Madhya Pradesh,Khandwa,Mundi APMC,Wheat,Mill Quality,FAQ,2026-03-06,2150.0,2150.0,2150.0,4.3549999999999995,Rs./Quintal,Metric Tonnes
Madhya Pradesh,Khandwa,Mundi APMC,Wheat,Wheat,Non-FAQ,2026-03-06,1940.0,2180.0,2100.0,15.395,Rs./Quintal,Metric Tonnes
Madhya Pradesh,Ashoknagar,Mungawali APMC,Lentil(Masur)(Whole),Masur Dal,Non-FAQ,2026-03-06,5700.0,5700.0,5700.0,2.3000000000000003,Rs./Quintal,Metric Tonnes
Madhya Pradesh,Ashoknagar,Mungawali APMC,Mustard,Mustard,Non-FAQ,2026-03-06,5600.0,5600.0,5600.0,1.5,Rs./Quintal,Metric Tonnes
Madhya Pradesh,Ashoknagar,Mungawali APMC,Wheat,Wheat,Non-FAQ,2026-03-06,2250.0,2260.0,2260.0,15.0,Rs./Quintal,Metric Tonnes
Madhya Pradesh,Ujjain,Nagda APMC,Mustard,Mustard,Non-FAQ,2026-03-06,5600.0,5600.0,5600.0,0.129,Rs./Quintal,Metric Tonnes
Madhya Pradesh,Ujjain,Nagda APMC,Soyabean,Soyabeen,Non-FAQ,2026-03-06,3741.0,5355.0,5355.0,7.266,Rs./Quintal,Metric Tonnes
Madhya Pradesh,Ujjain,Nagda APMC,Soyabean,Soyabeen,FAQ,2026-03-06,4152.0,5370.0,4801.0,16.491,Rs./Quintal,Metric Tonnes
Madhya Pradesh,Ujjain,Nagda APMC,Wheat,Wheat,Non-FAQ,2026-03-06,1601.0,2380.0,2181.0,113.16300000000001,Rs./Quintal,Metric Tonnes
Madhya Pradesh,Satna,Nagod APMC,Barley(Jau),Barley,FAQ,2026-03-06,1985.0,1985.0,1985.0,3.0,Rs./Quintal,Metric Tonnes
Madhya Pradesh,Satna,Nagod APMC,Lentil(Masur)(Whole),Masur Dal,FAQ,2026-03-06,5500.0,5941.0,5751.0,22.94,Rs./Quintal,Metric Tonnes
Madhya Pradesh,Satna,Nagod APMC,Mustard,Mustard,Non-FAQ,2026-03-06,5650.0,5700.0,5700.0,15.5,Rs./Quintal,Metric Tonnes
Madhya Pradesh,Satna,Nagod APMC,Mustard,Mustard,FAQ,2026-03-06,5000.0,5600.0,5600.0,6.9,Rs./Quintal,Metric Tonnes
Madhya Pradesh,Satna,Nagod APMC,Wheat,Wheat,FAQ,2026-03-06,2200.0,2325.0,2320.0,119.08,Rs./Quintal,Metric Tonnes
Madhya Pradesh,Satna,Nagod APMC,Wheat,Mill Quality,Non-FAQ,2026-03-06,2250.0,2300.0,2300.0,5.4,Rs./Quintal,Metric Tonnes
Madhya Pradesh,Satna,Nagod APMC,buttery,Buttery,FAQ,2026-03-06,3225.0,3511.0,3500.0,20.900000000000002,Rs./Quintal,Metric Tonnes
Madhya Pradesh,Mandla,Nainpur APMC,Wheat,Mill Quality,Non-FAQ,2026-03-06,2400.0,2400.0,2400.0,2.95,Rs./Quintal,Metric Tonnes
Madhya Pradesh,Mandla,Nainpur APMC,Wheat,Mill Quality,FAQ,2026-03-06,2410.0,2410.0,2410.0,3.2,Rs./Quintal,Metric Tonnes
Madhya Pradesh,Shajapur,Nalkehda APMC,Bengal Gram(Gram)(Whole),Gram,FAQ,2026-03-06,4511.0,4815.0,4815.0,4.974,Rs./Quintal,Metric Tonnes
Madhya Pradesh,Shajapur,Nalkehda APMC,Coriander(Leaves),Coriander,FAQ,2026-03-06,8201.0,9201.0,9201.0,0.665,Rs./Bundle,Bundle
Madhya Pradesh,Shajapur,Nalkehda APMC,Lentil(Masur)(Whole),Masur Dal,FAQ,2026-03-06,6075.0,6690.0,6400.0,33.49700000000001,Rs./Quintal,Metric Tonnes
Madhya Pradesh,Shajapur,Nalkehda APMC,Lentil(Masur)(Whole),Local,FAQ,2026-03-06,6301.0,6301.0,6301.0,0.386,Rs./Quintal,Metric Tonnes
Madhya Pradesh,Shajapur,Nalkehda APMC,Mustard,Mustard,FAQ,2026-03-06,5280.0,6100.0,5850.0,175.477,Rs./Quintal,Metric Tonnes
Madhya Pradesh,Shajapur,Nalkehda APMC,Soyabean,Soyabeen,FAQ,2026-03-06,3420.0,5486.0,5440.0,24.031000000000002,Rs./Quintal,Metric Tonnes
Madhya Pradesh,Shajapur,Nalkehda APMC,Wheat,Wheat,FAQ,2026-03-06,1986.0,2240.0,2200.0,61.966,Rs./Quintal,Metric Tonnes
Madhya Pradesh,Rajgarh,Narsinghgarh APMC,Bengal Gram(Gram)(Whole),Gram,FAQ,2026-03-06,4400.0,5400.0,4950.0,8.888,Rs./Quintal,Metric Tonnes
Madhya Pradesh,Rajgarh,Narsinghgarh APMC,Coriander(Leaves),Coriander,FAQ,2026-03-06,6750.0,10100.0,8800.0,34.382,Rs./Bundle,Bundle
Madhya Pradesh,Rajgarh,Narsinghgarh APMC,Garlic,Garlic,FAQ,2026-03-06,800.0,7600.0,3700.0,25.877,Rs./Quintal,Metric Tonnes
Madhya Pradesh,Rajgarh,Narsinghgarh APMC,Lentil(Masur)(Whole),Masur Dal,FAQ,2026-03-06,5500.0,6660.0,6325.0,29.576999999999998,Rs./Quintal,Metric Tonnes
Madhya Pradesh,Rajgarh,Narsinghgarh APMC,Mustard,Mustard,FAQ,2026-03-06,4000.0,5925.0,5700.0,419.58900000000006,Rs./Quintal,Metric Tonnes
Madhya Pradesh,Rajgarh,Narsinghgarh APMC,Onion,Onion,FAQ,2026-03-06,50.0,1260.0,1260.0,10.857,Rs./Quintal,Metric Tonnes
Madhya Pradesh,Rajgarh,Narsinghgarh APMC,Soyabean,Soyabeen,FAQ,2026-03-06,2000.0,5440.0,5350.0,48.327,Rs./Quintal,Metric Tonnes
Madhya Pradesh,Rajgarh,Narsinghgarh APMC,Wheat,Mill Quality,FAQ,2026-03-06,2031.0,2110.0,2110.0,2.532,Rs./Quintal,Metric Tonnes
Madhya Pradesh,Rajgarh,Narsinghgarh APMC,Wheat,Wheat,FAQ,2026-03-06,1881.0,2375.0,2245.0,125.697,Rs./Quintal,Metric Tonnes
Madhya Pradesh,Narsinghpur,Narsinghpur APMC,Bengal Gram(Gram)(Whole),Desi (F.A.Q. Split),Non-FAQ,2026-03-06,5001.0,5050.0,5001.0,1.035,Rs./Quintal,Metric Tonnes
Madhya Pradesh,Narsinghpur,Narsinghpur APMC,Bengal Gram(Gram)(Whole),Desi (F.A.Q. Split),FAQ,2026-03-06,5001.0,5011.0,5011.0,1.215,Rs./Quintal,Metric Tonnes
Madhya Pradesh,Narsinghpur,Narsinghpur APMC,Black Gram(Urd Beans)(Whole),Urda/Urd,FAQ,2026-03-06,7816.0,8017.0,8017.0,0.42000000000000004,Rs./Quintal,Metric Tonnes
Madhya Pradesh,Narsinghpur,Narsinghpur APMC,Black Gram(Urd Beans)(Whole),Urda/Urd,Non-FAQ,2026-03-06,7416.0,7416.0,7416.0,0.08000000000000002,Rs./Quintal,Metric Tonnes
Madhya Pradesh,Narsinghpur,Narsinghpur APMC,Gur(Jaggery),Jaggery,FAQ,2026-03-06,3605.0,3850.0,3850.0,53.203,Rs./Quintal,Metric Tonnes
Madhya Pradesh,Narsinghpur,Narsinghpur APMC,Lentil(Masur)(Whole),Local,Non-FAQ,2026-03-06,4501.0,6150.0,4501.0,0.625,Rs./Quintal,Metric Tonnes
Madhya Pradesh,Narsinghpur,Narsinghpur APMC,Lentil(Masur)(Whole),Local,FAQ,2026-03-06,5725.0,6801.0,6801.0,5.175000000000001,Rs./Quintal,Metric Tonnes
Madhya Pradesh,Narsinghpur,Narsinghpur APMC,Maize,Yellow,FAQ,2026-03-06,1615.0,1670.0,1670.0,31.84,Rs./Quintal,Metric Tonnes
Madhya Pradesh,Narsinghpur,Narsinghpur APMC,Maize,Yellow,Non-FAQ,2026-03-06,1331.0,1682.0,1675.0,36.595,Rs./Quintal,Metric Tonnes
Madhya Pradesh,Narsinghpur,Narsinghpur APMC,Mustard,Sarson(Black),Non-FAQ,2026-03-06,5480.0,5480.0,5480.0,1.0,Rs./Quintal,Metric Tonnes
Madhya Pradesh,Narsinghpur,Narsinghpur APMC,Mustard,Sarson(Black),FAQ,2026-03-06,5500.0,5656.0,5500.0,3.3200000000000003,Rs./Quintal,Metric Tonnes
Madhya Pradesh,Narsinghpur,Narsinghpur APMC,Red gram/Arhar/Tur(whole),Arhar Dal(Tur),Non-FAQ,2026-03-06,6880.0,7851.0,7600.0,2.8100000000000005,Rs./Quintal,Metric Tonnes
Madhya Pradesh,Narsinghpur,Narsinghpur APMC,Red gram/Arhar/Tur(whole),Arhar Dal(Tur),FAQ,2026-03-06,7100.0,7854.0,7854.0,3.6500000000000004,Rs./Quintal,Metric Tonnes
Madhya Pradesh,Narsinghpur,Narsinghpur APMC,Soyabean,Yellow,Non-FAQ,2026-03-06,5051.0,5051.0,5051.0,0.665,Rs./Quintal,Metric Tonnes
Madhya Pradesh,Narsinghpur,Narsinghpur APMC,Soyabean,Yellow,FAQ,2026-03-06,5025.0,5151.0,5151.0,0.325,Rs./Quintal,Metric Tonnes
Madhya Pradesh,Narsinghpur,Narsinghpur APMC,Wheat,Mill Quality,Non-FAQ,2026-03-06,1900.0,2252.0,2252.0,4.035,Rs./Quintal,Metric Tonnes
Madhya Pradesh,Narsinghpur,Narsinghpur APMC,Wheat,Mill Quality,FAQ,2026-03-06,2152.0,2281.0,2281.0,1.92,Rs./Quintal,Metric Tonnes
Madhya Pradesh,Sehore,Nasrullaganj APMC,Bengal Gram(Gram)(Whole),Gram,FAQ,2026-03-06,4873.0,5200.0,5200.0,12.109000000000002,Rs./Quintal,Metric Tonnes
Madhya Pradesh,Sehore,Nasrullaganj APMC,Bengal Gram(Gram)(Whole),Gram,Non-FAQ,2026-03-06,4745.0,5185.0,4975.0,63.378,Rs./Quintal,Metric Tonnes
Madhya Pradesh,Sehore,Nasrullaganj APMC,Green Gram(Moong)(Whole),Green (Whole),Non-FAQ,2026-03-06,5725.0,6206.0,6206.0,45.836000000000006,Rs./Quintal,Metric Tonnes
Madhya Pradesh,Sehore,Nasrullaganj APMC,Green Gram(Moong)(Whole),Green (Whole),FAQ,2026-03-06,4964.0,6210.0,6210.0,36.857,Rs./Quintal,Metric Tonnes
Madhya Pradesh,Sehore,Nasrullaganj APMC,Maize,Local,FAQ,2026-03-06,1250.0,1641.0,1540.0,670.3380000000001,Rs./Quintal,Metric Tonnes
Madhya Pradesh,Sehore,Nasrullaganj APMC,Maize,Local,Non-FAQ,2026-03-06,1326.0,1604.0,1500.0,275.35200000000003,Rs./Quintal,Metric Tonnes
Madhya Pradesh,Sehore,Nasrullaganj APMC,Mustard,Mustard,FAQ,2026-03-06,4700.0,5705.0,5670.0,27.329000000000004,Rs./Quintal,Metric Tonnes
Madhya Pradesh,Sehore,Nasrullaganj APMC,Soyabean,Soyabeen,Non-FAQ,2026-03-06,4625.0,5033.0,5033.0,13.263,Rs./Quintal,Metric Tonnes
Madhya Pradesh,Sehore,Nasrullaganj APMC,Wheat,Wheat,Non-FAQ,2026-03-06,2000.0,2711.0,2470.0,262.959,Rs./Quintal,Metric Tonnes
Madhya Pradesh,Sehore,Nasrullaganj APMC,Wheat,Wheat,FAQ,2026-03-06,2198.0,2756.0,2756.0,51.701,Rs./Quintal,Metric Tonnes
Madhya Pradesh,Chhatarpur,Naugaon APMC,Groundnut,Big (With Shell),Non-FAQ,2026-03-06,5560.0,5720.0,5720.0,62.2,Rs./Quintal,Metric Tonnes
Madhya Pradesh,Chhatarpur,Naugaon APMC,Mustard,Mustard,Non-FAQ,2026-03-06,5869.0,6000.0,5940.0,30.1,Rs./Quintal,Metric Tonnes
Madhya Pradesh,Chhatarpur,Naugaon APMC,"Sesamum(Sesame,Gingelly,Til)",Sesame,Non-FAQ,2026-03-06,7895.0,8120.0,8035.0,22.700000000000003,Rs./Quintal,Metric Tonnes
Madhya Pradesh,Chhatarpur,Naugaon APMC,Soyabean,Soyabeen,FAQ,2026-03-06,4895.0,5065.0,5035.0,30.6,Rs./Quintal,Metric Tonnes
Madhya Pradesh,Chhatarpur,Naugaon APMC,Wheat,Wheat,Non-FAQ,2026-03-06,2325.0,2342.0,2330.0,75.905,Rs./Quintal,Metric Tonnes
Madhya Pradesh,Neemuch,Neemuch APMC,Lentil(Masur)(Whole),Masur Dal,FAQ,2026-03-06,4800.0,6721.0,6721.0,1.343,Rs./Quintal,Metric Tonnes
Madhya Pradesh,Neemuch,Neemuch APMC,Soyabean,Soyabeen,FAQ,2026-03-06,5001.22,5027.0,5027.0,16.507,Rs./Quintal,Metric Tonnes
Madhya Pradesh,Neemuch,Neemuch APMC,Wheat,Wheat,FAQ,2026-03-06,2580.03,2580.03,2580.03,35.010000000000005,Rs./Quintal,Metric Tonnes
Madhya Pradesh,Tikamgarh,Niwadi APMC,Wheat,Mill Quality,Non-FAQ,2026-03-06,2175.0,2283.0,2225.0,152.1,Rs./Quintal,Metric Tonnes
Madhya Pradesh,Raisen,Obedullaganj APMC,Bengal Gram(Gram)(Whole),Gram,FAQ,2026-03-06,4000.0,5172.0,5172.0,8.58,Rs./Quintal,Metric Tonnes
Madhya Pradesh,Raisen,Obedullaganj APMC,Mustard,Mustard,FAQ,2026-03-06,5526.0,5526.0,5526.0,0.995,Rs./Quintal,Metric Tonnes
Madhya Pradesh,Raisen,Obedullaganj APMC,Paddy(Common),Puspa (MR 301),FAQ,2026-03-06,3505.0,3940.0,3935.0,21.613,Rs./Quintal,Metric Tonnes
Madhya Pradesh,Raisen,Obedullaganj APMC,Paddy(Common),Basmati,FAQ,2026-03-06,4000.0,4000.0,4000.0,5.777000000000001,Rs./Quintal,Metric Tonnes
Madhya Pradesh,Raisen,Obedullaganj APMC,Soyabean,Soyabeen,FAQ,2026-03-06,4759.0,4760.0,4760.0,2.5050000000000003,Rs./Quintal,Metric Tonnes
Madhya Pradesh,Raisen,Obedullaganj APMC,Wheat,Malwa Shakti,FAQ,2026-03-06,2225.0,2267.0,2225.0,3.665,Rs./Quintal,Metric Tonnes
Madhya Pradesh,Raisen,Obedullaganj APMC,Wheat,Local,FAQ,2026-03-06,2180.0,2355.0,2329.0,31.186000000000003,Rs./Quintal,Metric Tonnes
Madhya Pradesh,Rajgarh,Pachaur APMC,Bengal Gram(Gram)(Whole),Gram,FAQ,2026-03-06,4590.0,4950.0,4950.0,2.571,Rs./Quintal,Metric Tonnes
Madhya Pradesh,Rajgarh,Pachaur APMC,Lentil(Masur)(Whole),Masur Dal,FAQ,2026-03-06,5200.0,6685.0,6100.0,35.915,Rs./Quintal,Metric Tonnes
Madhya Pradesh,Rajgarh,Pachaur APMC,Lentil(Masur)(Whole),Masur Dal,Non-FAQ,2026-03-06,6170.0,6800.0,6800.0,0.35400000000000004,Rs./Quintal,Metric Tonnes
Madhya Pradesh,Rajgarh,Pachaur APMC,Mustard,Mustard,Non-FAQ,2026-03-06,5000.0,5740.0,5650.0,11.415000000000001,Rs./Quintal,Metric Tonnes
Madhya Pradesh,Rajgarh,Pachaur APMC,Mustard,Mustard,FAQ,2026-03-06,4600.0,5815.0,5600.0,485.76400000000007,Rs./Quintal,Metric Tonnes
Madhya Pradesh,Rajgarh,Pachaur APMC,Soyabean,Soyabeen,Non-FAQ,2026-03-06,3475.0,5240.0,4500.0,5.018000000000001,Rs./Quintal,Metric Tonnes
Madhya Pradesh,Rajgarh,Pachaur APMC,Soyabean,Soyabeen,FAQ,2026-03-06,3545.0,5360.0,5150.0,60.543,Rs./Quintal,Metric Tonnes
Madhya Pradesh,Rajgarh,Pachaur APMC,Wheat,Mill Quality,FAQ,2026-03-06,2175.0,2175.0,2175.0,1.375,Rs./Quintal,Metric Tonnes
Madhya Pradesh,Rajgarh,Pachaur APMC,Wheat,Wheat,Non-FAQ,2026-03-06,1828.0,2390.0,2250.0,99.375,Rs./Quintal,Metric Tonnes
Madhya Pradesh,Rajgarh,Pachaur APMC,Wheat,Wheat,FAQ,2026-03-06,1501.0,2448.0,2200.0,281.66,Rs./Quintal,Metric Tonnes
Madhya Pradesh,Tikamgarh,Palera APMC,Wheat,Mill Quality,Non-FAQ,2026-03-06,2200.0,2250.0,2235.0,201.10000000000002,Rs./Quintal,Metric Tonnes
Madhya Pradesh,Khandwa,Pandhana APMC,Bengal Gram(Gram)(Whole),Gram,FAQ,2026-03-06,4900.0,5050.0,4903.0,13.64,Rs./Quintal,Metric Tonnes
Madhya Pradesh,Khandwa,Pandhana APMC,Maize,Local,FAQ,2026-03-06,1350.0,1350.0,1350.0,2.5,Rs./Quintal,Metric Tonnes
Madhya Pradesh,Khandwa,Pandhana APMC,Red gram/Arhar/Tur(whole),Arhar Dal(Tur),FAQ,2026-03-06,5201.0,5500.0,5500.0,0.22200000000000003,Rs./Quintal,Metric Tonnes
Madhya Pradesh,Khandwa,Pandhana APMC,Soyabean,Soyabeen,FAQ,2026-03-06,4200.0,4415.0,4415.0,5.9350000000000005,Rs./Quintal,Metric Tonnes
Madhya Pradesh,Khandwa,Pandhana APMC,Wheat,Wheat,FAQ,2026-03-06,2050.0,2300.0,2269.0,213.42399999999998,Rs./Quintal,Metric Tonnes
Madhya Pradesh,Chhindwara,Pandhurna APMC,Cotton,Without Ginned Cotton,FAQ,2026-03-06,7450.0,7550.0,7550.0,4.36,Rs./Quintal,Metric Tonnes
Madhya Pradesh,Chhindwara,Pandhurna APMC,Maize,Local,Non-FAQ,2026-03-06,1600.0,1625.0,1600.0,34.111000000000004,Rs./Quintal,Metric Tonnes
Madhya Pradesh,Chhindwara,Pandhurna APMC,Maize,Local,FAQ,2026-03-06,1550.0,1550.0,1550.0,12.127,Rs./Quintal,Metric Tonnes
Madhya Pradesh,Panna,Panna APMC,Bengal Gram(Gram)(Whole),Gram,FAQ,2026-03-06,4700.0,4700.0,4700.0,0.6400000000000001,Rs./Quintal,Metric Tonnes
Madhya Pradesh,Panna,Panna APMC,Green Peas,Pea,FAQ,2026-03-06,3640.0,4275.0,3700.0,112.157,Rs./Quintal,Metric Tonnes
Madhya Pradesh,Panna,Panna APMC,Lentil(Masur)(Whole),Masur Dal,FAQ,2026-03-06,5690.0,6600.0,6600.0,24.139,Rs./Quintal,Metric Tonnes
Madhya Pradesh,Panna,Panna APMC,Mustard,Mustard,FAQ,2026-03-06,5750.0,5750.0,5750.0,0.40599999999999997,Rs./Quintal,Metric Tonnes
Madhya Pradesh,Panna,Panna APMC,Wheat,Mill Quality,FAQ,2026-03-06,2200.0,2432.0,2430.0,122.28,Rs./Quintal,Metric Tonnes
Madhya Pradesh,Panna,Panna APMC,buttery,Buttery,FAQ,2026-03-06,3300.0,3500.0,3500.0,18.768,Rs./Quintal,Metric Tonnes
Madhya Pradesh,Damoh,Patharia APMC,Bengal Gram(Gram)(Whole),Gram,FAQ,2026-03-06,4195.0,5145.0,4700.0,19.771,Rs./Quintal,Metric Tonnes
Madhya Pradesh,Damoh,Patharia APMC,Green Peas,Pea,FAQ,2026-03-06,2430.0,3915.0,3915.0,6.4030000000000005,Rs./Quintal,Metric Tonnes
Madhya Pradesh,Damoh,Patharia APMC,Lentil(Masur)(Whole),Masur Dal,FAQ,2026-03-06,5205.0,6940.0,6600.0,20.711000000000002,Rs./Quintal,Metric Tonnes
Madhya Pradesh,Damoh,Patharia APMC,Maize,Local,Non-FAQ,2026-03-06,1540.0,1600.0,1600.0,30.0,Rs./Quintal,Metric Tonnes
Madhya Pradesh,Damoh,Patharia APMC,Maize,Local,FAQ,2026-03-06,1501.0,1720.0,1711.0,43.503,Rs./Quintal,Metric Tonnes
Madhya Pradesh,Damoh,Patharia APMC,Mustard,Mustard,FAQ,2026-03-06,5255.0,5715.0,5300.0,4.635000000000001,Rs./Quintal,Metric Tonnes
Madhya Pradesh,Damoh,Patharia APMC,Red gram/Arhar/Tur(whole),Arhar Dal(Tur),FAQ,2026-03-06,4650.0,7320.0,7320.0,1.971,Rs./Quintal,Metric Tonnes
Madhya Pradesh,Damoh,Patharia APMC,Soyabean,Soyabeen,FAQ,2026-03-06,4400.0,5300.0,5260.0,83.503,Rs./Quintal,Metric Tonnes
Madhya Pradesh,Damoh,Patharia APMC,Wheat,Wheat,FAQ,2026-03-06,1601.0,2357.0,2025.0,12.233,Rs./Quintal,Metric Tonnes
Madhya Pradesh,Panna,Pawai APMC,Wheat,Mill Quality,FAQ,2026-03-06,2350.0,2350.0,2350.0,5.5,Rs./Quintal,Metric Tonnes
Madhya Pradesh,Jhabua,Petlawad APMC,Bengal Gram(Gram)(Whole),Gram,FAQ,2026-03-06,4800.0,4800.0,4800.0,3.3000000000000003,Rs./Quintal,Metric Tonnes
Madhya Pradesh,Jhabua,Petlawad APMC,Cotton,Without Ginned Cotton,FAQ,2026-03-06,7100.0,7105.0,7100.0,11.788,Rs./Quintal,Metric Tonnes
Madhya Pradesh,Jhabua,Petlawad APMC,Maize,Local,FAQ,2026-03-06,1350.0,1430.0,1410.0,52.586000000000006,Rs./Quintal,Metric Tonnes
Madhya Pradesh,Jhabua,Petlawad APMC,Soyabean,Soyabeen,Non-FAQ,2026-03-06,4968.0,5108.0,5108.0,14.01,Rs./Quintal,Metric Tonnes
Madhya Pradesh,Jhabua,Petlawad APMC,Soyabean,Soyabeen,FAQ,2026-03-06,5005.0,5085.0,5085.0,5.676,Rs./Quintal,Metric Tonnes
Madhya Pradesh,Jhabua,Petlawad APMC,Wheat,Wheat,FAQ,2026-03-06,2000.0,2323.0,2150.0,523.413,Rs./Quintal,Metric Tonnes
Madhya Pradesh,Jhabua,Petlawad APMC,Wheat,Wheat Mix,FAQ,2026-03-06,2120.0,2263.0,2263.0,15.925,Rs./Quintal,Metric Tonnes
Madhya Pradesh,Jhabua,Petlawad APMC,Wheat,Lokwan,FAQ,2026-03-06,2100.0,2150.0,2100.0,18.942,Rs./Quintal,Metric Tonnes
Madhya Pradesh,Jhabua,Petlawad APMC,Wheat,Wheat Mix,Non-FAQ,2026-03-06,2050.0,2200.0,2200.0,10.706000000000001,Rs./Quintal,Metric Tonnes
Madhya Pradesh,Jhabua,Petlawad APMC,Wheat,Wheat,Non-FAQ,2026-03-06,2075.0,2305.0,2200.0,46.519000000000005,Rs./Quintal,Metric Tonnes
Madhya Pradesh,Jhabua,Petlawad(F&V) APMC,Bhindi(Ladies Finger),Bhindi,Grade A,2026-03-06,1500.0,2000.0,1722.0,0.366,Rs./Quintal,Metric Tonnes
Madhya Pradesh,Jhabua,Petlawad(F&V) APMC,Bottle gourd,Bottle Gourd,Grade A,2026-03-06,600.0,900.0,790.0,0.747,Rs./Quintal,Metric Tonnes
Madhya Pradesh,Jhabua,Petlawad(F&V) APMC,Brinjal,Brinjal,Grade A,2026-03-06,800.0,1000.0,911.0,0.877,Rs./Quintal,Metric Tonnes
Madhya Pradesh,Jhabua,Petlawad(F&V) APMC,Cabbage,Cabbage,Grade A,2026-03-06,800.0,1000.0,905.0,0.728,Rs./Quintal,Metric Tonnes
Madhya Pradesh,Jhabua,Petlawad(F&V) APMC,Cauliflower,Cauliflower,Grade A,2026-03-06,700.0,1000.0,853.0,0.756,Rs./Quintal,Metric Tonnes
Madhya Pradesh,Jhabua,Petlawad(F&V) APMC,Cucumbar(Kheera),Cucumbar,Grade A,2026-03-06,700.0,1000.0,891.0,0.936,Rs./Quintal,Metric Tonnes
Madhya Pradesh,Jhabua,Petlawad(F&V) APMC,Methi(Leaves),Methi,Grade A,2026-03-06,600.0,1400.0,986.0,0.786,Rs./Quintal,Metric Tonnes
Madhya Pradesh,Jhabua,Petlawad(F&V) APMC,Onion,Hybrid,Grade A,2026-03-06,800.0,1000.0,958.0,1.012,Rs./Quintal,Metric Tonnes
Madhya Pradesh,Jhabua,Petlawad(F&V) APMC,Potato,Desi,Grade A,2026-03-06,600.0,800.0,668.0,1.027,Rs./Quintal,Metric Tonnes
Madhya Pradesh,Jhabua,Petlawad(F&V) APMC,Pumpkin,Pumpkin,Grade A,2026-03-06,500.0,1000.0,704.0,0.26,Rs./Quintal,Metric Tonnes
Madhya Pradesh,Jhabua,Petlawad(F&V) APMC,Raddish,Raddish,Grade B,2026-03-06,400.0,600.0,543.0,0.519,Rs./Quintal,Metric Tonnes
Madhya Pradesh,Jhabua,Petlawad(F&V) APMC,Spinach,Spinach,Grade A,2026-03-06,500.0,1000.0,693.0,0.892,Rs./Quintal,Metric Tonnes
Madhya Pradesh,Jhabua,Petlawad(F&V) APMC,Tomato,Hybrid,Grade A,2026-03-06,600.0,1000.0,878.0,0.779,Rs./Quintal,Metric Tonnes
Madhya Pradesh,Shivpuri,Pichhour APMC,Barley(Jau),Barley,Non-FAQ,2026-03-06,1790.0,1860.0,1820.0,122.0,Rs./Quintal,Metric Tonnes
Madhya Pradesh,Shivpuri,Pichhour APMC,Mustard,Mustard,Non-FAQ,2026-03-06,5750.0,5895.0,5805.0,21.900000000000002,Rs./Quintal,Metric Tonnes
Madhya Pradesh,Shivpuri,Pichhour APMC,Wheat,Mill Quality,Non-FAQ,2026-03-06,2150.0,2215.0,2205.0,120.30000000000001,Rs./Quintal,Metric Tonnes
Madhya Pradesh,Hoshangabad,Pipariya APMC,Bengal Gram(Gram)(Whole),Gram,FAQ,2026-03-06,4301.0,5360.0,5080.0,19.650000000000002,Rs./Quintal,Metric Tonnes
Madhya Pradesh,Hoshangabad,Pipariya APMC,Green Gram(Moong)(Whole),Green (Whole),FAQ,2026-03-06,2501.0,6400.0,6400.0,2.4000000000000004,Rs./Quintal,Metric Tonnes
Madhya Pradesh,Hoshangabad,Pipariya APMC,Paddy(Common),Puspa (MR 301),FAQ,2026-03-06,2500.0,4151.0,3900.0,799.6080000000001,Rs./Quintal,Metric Tonnes
Madhya Pradesh,Hoshangabad,Pipariya APMC,Red gram/Arhar/Tur(whole),Arhar Dal(Tur),FAQ,2026-03-06,4300.0,7651.0,7575.0,54.7,Rs./Quintal,Metric Tonnes
Madhya Pradesh,Hoshangabad,Pipariya APMC,Soyabean,Soyabeen,FAQ,2026-03-06,3400.0,4900.0,4900.0,1.1,Rs./Quintal,Metric Tonnes
Madhya Pradesh,Hoshangabad,Pipariya APMC,Wheat,Wheat,FAQ,2026-03-06,2000.0,2450.0,2230.0,78.09,Rs./Quintal,Metric Tonnes
Madhya Pradesh,Hoshangabad,Pipariya(F&V) APMC,Bottle gourd,Bottle Gourd,Local,2026-03-06,350.0,1000.0,700.0,2.5,Rs./Quintal,Metric Tonnes
Madhya Pradesh,Hoshangabad,Pipariya(F&V) APMC,Brinjal,Brinjal,Local,2026-03-06,400.0,1350.0,800.0,2.0,Rs./Quintal,Metric Tonnes
Madhya Pradesh,Hoshangabad,Pipariya(F&V) APMC,Cabbage,Cabbage,Local,2026-03-06,300.0,850.0,600.0,2.8,Rs./Quintal,Metric Tonnes
Madhya Pradesh,Hoshangabad,Pipariya(F&V) APMC,Cauliflower,Cauliflower,Local,2026-03-06,500.0,1500.0,900.0,2.2,Rs./Quintal,Metric Tonnes
Madhya Pradesh,Hoshangabad,Pipariya(F&V) APMC,Onion,Onion,Local,2026-03-06,900.0,2000.0,1500.0,3.5,Rs./Quintal,Metric Tonnes
Madhya Pradesh,Hoshangabad,Pipariya(F&V) APMC,Pea Pod/Pea Cod/हरी मटर,Peas cod,Local,2026-03-06,1450.0,2700.0,2000.0,1.5,Rs./Quintal,Metric Tonnes
Madhya Pradesh,Hoshangabad,Pipariya(F&V) APMC,Potato,Potato,Local,2026-03-06,600.0,1400.0,1000.0,7.0,Rs./Quintal,Metric Tonnes
Madhya Pradesh,Hoshangabad,Pipariya(F&V) APMC,Pumpkin,Pumpkin,Local,2026-03-06,400.0,1200.0,800.0,1.5,Rs./Quintal,Metric Tonnes
Madhya Pradesh,Hoshangabad,Pipariya(F&V) APMC,Sponge gourd,Sponge gourd,Local,2026-03-06,2100.0,3200.0,2500.0,0.4,Rs./Quintal,Metric Tonnes
Madhya Pradesh,Hoshangabad,Pipariya(F&V) APMC,Tomato,Tomato,Local,2026-03-06,350.0,1300.0,800.0,4.0,Rs./Quintal,Metric Tonnes
Madhya Pradesh,Mandsaur,Piplya APMC,Barley(Jau),Barley,FAQ,2026-03-06,1501.0,2000.0,2000.0,30.282,Rs./Quintal,Metric Tonnes
Madhya Pradesh,Mandsaur,Piplya APMC,Bengal Gram(Gram)(Whole),Gram,FAQ,2026-03-06,4000.0,5100.0,4901.0,17.126,Rs./Quintal,Metric Tonnes
Madhya Pradesh,Mandsaur,Piplya APMC,Garlic,Garlic,FAQ,2026-03-06,600.0,11002.0,6500.0,182.82100000000003,Rs./Quintal,Metric Tonnes
Madhya Pradesh,Mandsaur,Piplya APMC,Garlic,Garlic-Organic,FAQ,2026-03-06,4316.0,4316.0,4316.0,1.7600000000000002,Rs./Quintal,Metric Tonnes
Madhya Pradesh,Mandsaur,Piplya APMC,Lentil(Masur)(Whole),Masur Dal,FAQ,2026-03-06,5950.0,6040.0,6040.0,0.40900000000000003,Rs./Quintal,Metric Tonnes
Madhya Pradesh,Mandsaur,Piplya APMC,Mustard,Mustard,Non-FAQ,2026-03-06,5450.0,5952.0,5890.0,9.83,Rs./Quintal,Metric Tonnes
Madhya Pradesh,Mandsaur,Piplya APMC,Soyabean,Soyabeen,FAQ,2026-03-06,2680.0,5411.0,5372.0,26.462000000000003,Rs./Quintal,Metric Tonnes
Madhya Pradesh,Mandsaur,Piplya APMC,Wheat,Wheat,FAQ,2026-03-06,2071.0,2350.0,2236.0,55.337,Rs./Quintal,Metric Tonnes
Madhya Pradesh,Mandsaur,Piplya APMC,Wheat,Lokwan,FAQ,2026-03-06,2262.0,2311.0,2311.0,3.876,Rs./Quintal,Metric Tonnes
Madhya Pradesh,Mandsaur,Piplya APMC,Wheat,Wheat,Non-FAQ,2026-03-06,2263.0,2269.0,2269.0,2.0500000000000003,Rs./Quintal,Metric Tonnes
Madhya Pradesh,Ashoknagar,Piprai APMC,Lak(Teora),Tiwada,FAQ,2026-03-06,2976.0,2976.0,2976.0,0.42000000000000004,Rs./Quintal,Metric Tonnes
Madhya Pradesh,Ashoknagar,Piprai APMC,Lentil(Masur)(Whole),Masur Dal,FAQ,2026-03-06,5700.0,5777.0,5777.0,0.9900000000000001,Rs./Quintal,Metric Tonnes
Madhya Pradesh,Ashoknagar,Piprai APMC,Mustard,Mustard,FAQ,2026-03-06,5750.0,5878.0,5878.0,2.64,Rs./Quintal,Metric Tonnes
Madhya Pradesh,Ashoknagar,Piprai APMC,buttery,Buttery,FAQ,2026-03-06,3198.0,3198.0,3198.0,0.1,Rs./Quintal,Metric Tonnes
Madhya Pradesh,Shivpuri,Pohari APMC,Barley(Jau),Barley,Non-FAQ,2026-03-06,1675.0,1675.0,1675.0,1.118,Rs./Quintal,Metric Tonnes
Madhya Pradesh,Shivpuri,Pohari APMC,Bengal Gram(Gram)(Whole),Gram,Non-FAQ,2026-03-06,4590.0,4590.0,4590.0,0.49000000000000005,Rs./Quintal,Metric Tonnes
Madhya Pradesh,Shivpuri,Pohari APMC,Mustard,Mustard,Non-FAQ,2026-03-06,5500.0,6455.0,6305.0,125.19200000000001,Rs./Quintal,Metric Tonnes
Madhya Pradesh,Shivpuri,Pohari APMC,Soyabean,Soyabeen,Non-FAQ,2026-03-06,4600.0,5305.0,5305.0,1.1,Rs./Quintal,Metric Tonnes
Madhya Pradesh,Shivpuri,Pohari APMC,Wheat,Wheat,Non-FAQ,2026-03-06,2095.0,2095.0,2095.0,0.9960000000000001,Rs./Quintal,Metric Tonnes
Madhya Pradesh,Morena,Porsa APMC,Bajra(Pearl Millet/Cumbu),Millet,Non-FAQ,2026-03-06,1650.0,1665.0,1660.0,40.875,Rs./Quintal,Metric Tonnes
Madhya Pradesh,Morena,Porsa APMC,Mustard,Mustard,FAQ,2026-03-06,5900.0,5900.0,5900.0,1.9500000000000002,Rs./Quintal,Metric Tonnes
Madhya Pradesh,Morena,Porsa APMC,Mustard,Mustard,Non-FAQ,2026-03-06,5400.0,5400.0,5400.0,2.07,Rs./Quintal,Metric Tonnes
Madhya Pradesh,Morena,Porsa APMC,Wheat,Wheat,Non-FAQ,2026-03-06,2210.0,2210.0,2210.0,6.15,Rs./Quintal,Metric Tonnes
Madhya Pradesh,Morena,Porsa APMC,Wheat,Wheat,FAQ,2026-03-06,2210.0,2220.0,2220.0,25.3,Rs./Quintal,Metric Tonnes
Madhya Pradesh,Tikamgarh,Prithvipur APMC,Wheat,Mill Quality,Non-FAQ,2026-03-06,2300.0,2330.0,2320.0,110.9,Rs./Quintal,Metric Tonnes
Madhya Pradesh,Guna,Raghogarh APMC,Maize,Local,FAQ,2026-03-06,1475.0,1550.0,1550.0,7.124,Rs./Quintal,Metric Tonnes
Madhya Pradesh,Guna,Raghogarh APMC,Mustard,Mustard,FAQ,2026-03-06,5380.0,5595.0,5595.0,0.5599999999999999,Rs./Quintal,Metric Tonnes
Madhya Pradesh,Guna,Raghogarh APMC,Wheat,Wheat,FAQ,2026-03-06,2250.0,2265.0,2265.0,1.16,Rs./Quintal,Metric Tonnes
Madhya Pradesh,Sagar,Rahatgarh APMC,Lentil(Masur)(Whole),Local,Non-FAQ,2026-03-06,6290.0,6290.0,6290.0,0.626,Rs./Quintal,Metric Tonnes
Madhya Pradesh,Sagar,Rahatgarh APMC,Mustard,Mustard,Non-FAQ,2026-03-06,5600.0,5600.0,5600.0,1.587,Rs./Quintal,Metric Tonnes
Madhya Pradesh,Raisen,Raisen APMC,Mustard,Mustard,FAQ,2026-03-06,5101.0,5101.0,5101.0,0.5,Rs./Quintal,Metric Tonnes
Madhya Pradesh,Raisen,Raisen APMC,Paddy(Common),Basmati,FAQ,2026-03-06,1500.0,4170.0,3900.0,431.074,Rs./Quintal,Metric Tonnes
Madhya Pradesh,Raisen,Raisen APMC,Paddy(Common),Dhan,FAQ,2026-03-06,3750.0,4160.0,3850.0,156.083,Rs./Quintal,Metric Tonnes
Madhya Pradesh,Raisen,Raisen APMC,Wheat,Mill Quality,FAQ,2026-03-06,2200.0,2200.0,2200.0,5.0200000000000005,Rs./Quintal,Metric Tonnes
Madhya Pradesh,Raisen,Raisen APMC,Wheat,Wheat,FAQ,2026-03-06,2123.0,2350.0,2350.0,7.579000000000001,Rs./Quintal,Metric Tonnes
Madhya Pradesh,Dhar,Rajgarh APMC,Bengal Gram(Gram)(Whole),Gram,FAQ,2026-03-06,4891.0,5030.0,5030.0,2.1,Rs./Quintal,Metric Tonnes
Madhya Pradesh,Dhar,Rajgarh APMC,Garlic,Garlic,FAQ,2026-03-06,2500.0,2500.0,2500.0,0.067,Rs./Quintal,Metric Tonnes
Madhya Pradesh,Dhar,Rajgarh APMC,Maize,Yellow,Non-FAQ,2026-03-06,1500.0,1500.0,1500.0,9.0,Rs./Quintal,Metric Tonnes
Madhya Pradesh,Dhar,Rajgarh APMC,Soyabean,Yellow,FAQ,2026-03-06,4688.0,5401.0,5000.0,166.918,Rs./Quintal,Metric Tonnes
Madhya Pradesh,Dhar,Rajgarh APMC,Wheat,Wheat,Non-FAQ,2026-03-06,2100.0,2282.0,2150.0,91.0,Rs./Quintal,Metric Tonnes
Madhya Pradesh,Dhar,Rajgarh APMC,Wheat,Wheat,FAQ,2026-03-06,1901.0,2732.0,2200.0,1094.916,Rs./Quintal,Metric Tonnes
Madhya Pradesh,Dhar,Rajgarh APMC,Wheat,Wheat Mix,FAQ,2026-03-06,2273.0,2273.0,2273.0,4.18,Rs./Quintal,Metric Tonnes
Madhya Pradesh,Dhar,Rajgarh APMC,Wheat,Lokwan,FAQ,2026-03-06,2075.0,2200.0,2150.0,106.9,Rs./Quintal,Metric Tonnes
Madhya Pradesh,Chhatarpur,Rajnagar APMC,Wheat,Wheat Mix,Non-FAQ,2026-03-06,2275.0,2300.0,2300.0,321.40000000000003,Rs./Quintal,Metric Tonnes
Madhya Pradesh,Satna,Ramnagar APMC,Wheat,Mill Quality,Non-FAQ,2026-03-06,2320.0,2355.0,2355.0,51.27000000000001,Rs./Quintal,Metric Tonnes
Madhya Pradesh,Ratlam,Ratlam APMC,Bengal Gram(Gram)(Whole),Gram,FAQ,2026-03-06,4577.0,4918.0,4800.0,9.188,Rs./Quintal,Metric Tonnes
Madhya Pradesh,Ratlam,Ratlam APMC,Cotton,Without Ginned Cotton,FAQ,2026-03-06,7600.0,7600.0,7600.0,0.8650000000000001,Rs./Quintal,Metric Tonnes
Madhya Pradesh,Ratlam,Ratlam APMC,Garlic,Garlic,FAQ,2026-03-06,100.0,10801.0,4000.0,493.85699999999997,Rs./Quintal,Metric Tonnes
Madhya Pradesh,Ratlam,Ratlam APMC,Green Peas,Pea,FAQ,2026-03-06,2650.0,4001.0,3300.0,63.63400000000001,Rs./Quintal,Metric Tonnes
Madhya Pradesh,Ratlam,Ratlam APMC,Kabuli Chana(Chickpeas-White),Dollar Gram,FAQ,2026-03-06,4100.0,8010.0,4800.0,11.790000000000001,Rs./Quintal,Metric Tonnes
Madhya Pradesh,Ratlam,Ratlam APMC,Maize,Local,FAQ,2026-03-06,1300.0,1643.0,1643.0,15.578000000000001,Rs./Quintal,Metric Tonnes
Madhya Pradesh,Ratlam,Ratlam APMC,Onion,Onion,FAQ,2026-03-06,631.0,1551.0,1551.0,50.660000000000004,Rs./Quintal,Metric Tonnes
Madhya Pradesh,Ratlam,Ratlam APMC,Onion,Onion,Non-FAQ,2026-03-06,361.0,1303.0,1303.0,28.641000000000005,Rs./Quintal,Metric Tonnes
Madhya Pradesh,Ratlam,Ratlam APMC,Soyabean,Soyabeen,FAQ,2026-03-06,2576.0,6301.0,5371.0,275.355,Rs./Quintal,Metric Tonnes
Madhya Pradesh,Ratlam,Ratlam APMC,Wheat,Wheat,Non-FAQ,2026-03-06,2975.0,3011.0,3011.0,6.98,Rs./Quintal,Metric Tonnes
Madhya Pradesh,Ratlam,Ratlam APMC,Wheat,Lokwan,FAQ,2026-03-06,2236.0,2351.0,2236.0,24.0,Rs./Quintal,Metric Tonnes
Madhya Pradesh,Ratlam,Ratlam APMC,Wheat,Wheat,FAQ,2026-03-06,1400.0,2961.0,2241.0,1444.055,Rs./Quintal,Metric Tonnes
Madhya Pradesh,Sehore,Rehati APMC,Bengal Gram(Gram)(Whole),Gram,FAQ,2026-03-06,4700.0,4700.0,4700.0,0.25,Rs./Quintal,Metric Tonnes
Madhya Pradesh,Sehore,Rehati APMC,Maize,Local,FAQ,2026-03-06,1200.0,1200.0,1200.0,3.955,Rs./Quintal,Metric Tonnes
Madhya Pradesh,Sehore,Rehati APMC,Wheat,Wheat,FAQ,2026-03-06,2200.0,2400.0,2214.0,14.366,Rs./Quintal,Metric Tonnes
Madhya Pradesh,Sagar,Rehli APMC,Bengal Gram(Gram)(Whole),Gram,Non-FAQ,2026-03-06,4835.0,4835.0,4835.0,0.58,Rs./Quintal,Metric Tonnes
Madhya Pradesh,Sagar,Rehli APMC,Maize,Local,Non-FAQ,2026-03-06,1680.0,1805.0,1800.0,56.23,Rs./Quintal,Metric Tonnes
Madhya Pradesh,Sagar,Rehli APMC,Soyabean,Soyabeen,Non-FAQ,2026-03-06,4566.0,4795.0,4600.0,43.84,Rs./Quintal,Metric Tonnes
Madhya Pradesh,Sagar,Rehli APMC,Wheat,Wheat,Non-FAQ,2026-03-06,2070.0,2251.0,2251.0,3.18,Rs./Quintal,Metric Tonnes
Madhya Pradesh,Morena,Sabalgarh APMC,Bajra(Pearl Millet/Cumbu),Millet,Non-FAQ,2026-03-06,1730.0,1730.0,1730.0,3.0,Rs./Quintal,Metric Tonnes
Madhya Pradesh,Morena,Sabalgarh APMC,Mustard,Sarson(Black),FAQ,2026-03-06,5570.0,6130.0,6075.0,28.111000000000004,Rs./Quintal,Metric Tonnes
Madhya Pradesh,Morena,Sabalgarh APMC,Mustard,Mustard,FAQ,2026-03-06,5670.0,6170.0,6170.0,6.245000000000001,Rs./Quintal,Metric Tonnes
Madhya Pradesh,Morena,Sabalgarh APMC,Mustard,Sarson(Black),Non-FAQ,2026-03-06,5305.0,6235.0,5940.0,38.134,Rs./Quintal,Metric Tonnes
Madhya Pradesh,Morena,Sabalgarh APMC,Mustard,Mustard,Non-FAQ,2026-03-06,5600.0,6175.0,6095.0,32.571,Rs./Quintal,Metric Tonnes
Madhya Pradesh,Morena,Sabalgarh APMC,Wheat,Mill Quality,Non-FAQ,2026-03-06,2230.0,2240.0,2240.0,3.0,Rs./Quintal,Metric Tonnes
Madhya Pradesh,Morena,Sabalgarh(F&V) APMC,Tomato,Deshi,FAQ,2026-03-06,300.0,350.0,325.0,2.0,Rs./Quintal,Metric Tonnes
Madhya Pradesh,Sagar,Sagar APMC,Bengal Gram(Gram)(Whole),Gram,FAQ,2026-03-06,4595.0,5350.0,5350.0,28.688000000000002,Rs./Quintal,Metric Tonnes
Madhya Pradesh,Sagar,Sagar APMC,Black Gram(Urd Beans)(Whole),Urda/Urd,FAQ,2026-03-06,6600.0,6600.0,6600.0,0.18000000000000002,Rs./Quintal,Metric Tonnes
Madhya Pradesh,Sagar,Sagar APMC,Green Peas,Pea,FAQ,2026-03-06,3200.0,3985.0,3590.0,14.877000000000002,Rs./Quintal,Metric Tonnes
Madhya Pradesh,Sagar,Sagar APMC,Lak(Teora),Tiwada,FAQ,2026-03-06,2500.0,3245.0,3150.0,22.178,Rs./Quintal,Metric Tonnes
Madhya Pradesh,Sagar,Sagar APMC,Lentil(Masur)(Whole),Masur Dal,FAQ,2026-03-06,3800.0,7005.0,6050.0,99.14500000000001,Rs./Quintal,Metric Tonnes
Madhya Pradesh,Sagar,Sagar APMC,Lentil(Masur)(Whole),Local,FAQ,2026-03-06,5105.0,5105.0,5105.0,0.739,Rs./Quintal,Metric Tonnes
Madhya Pradesh,Sagar,Sagar APMC,Maize,Local,FAQ,2026-03-06,1450.0,1635.0,1630.0,59.411,Rs./Quintal,Metric Tonnes
Madhya Pradesh,Sagar,Sagar APMC,Mustard,Mustard,FAQ,2026-03-06,3900.0,7100.0,7100.0,10.450000000000001,Rs./Quintal,Metric Tonnes
Madhya Pradesh,Sagar,Sagar APMC,Soyabean,Soyabeen,FAQ,2026-03-06,4305.0,5690.0,4800.0,130.951,Rs./Quintal,Metric Tonnes
Madhya Pradesh,Sagar,Sagar APMC,Wheat,Wheat,FAQ,2026-03-06,2100.0,2430.0,2225.0,80.393,Rs./Quintal,Metric Tonnes
Madhya Pradesh,Sagar,Sagar APMC,buttery,Buttery,FAQ,2026-03-06,3265.0,4490.0,3540.0,19.21,Rs./Quintal,Metric Tonnes
Madhya Pradesh,Sagar,Sagar(F&V) APMC,Banana,Medium,Local,2026-03-06,1000.0,1400.0,1200.0,11.0,Rs./Quintal,Metric Tonnes
Madhya Pradesh,Sagar,Sagar(F&V) APMC,Bottle gourd,Bottle Gourd,Local,2026-03-06,600.0,1000.0,800.0,0.4,Rs./Quintal,Metric Tonnes
Madhya Pradesh,Sagar,Sagar(F&V) APMC,Brinjal,Brinjal,Local,2026-03-06,600.0,800.0,700.0,4.3,Rs./Quintal,Metric Tonnes
Madhya Pradesh,Sagar,Sagar(F&V) APMC,Capsicum,Capsicum,Local,2026-03-06,1000.0,1400.0,1200.0,0.2,Rs./Quintal,Metric Tonnes
Madhya Pradesh,Sagar,Sagar(F&V) APMC,Carrot,Carrot,Local,2026-03-06,600.0,1000.0,800.0,0.5,Rs./Quintal,Metric Tonnes
Madhya Pradesh,Sagar,Sagar(F&V) APMC,Cauliflower,Cauliflower,Local,2026-03-06,300.0,700.0,500.0,1.0,Rs./Quintal,Metric Tonnes
Madhya Pradesh,Sagar,Sagar(F&V) APMC,Cucumbar(Kheera),Cucumbar,Local,2026-03-06,600.0,1000.0,800.0,0.30000000000000004,Rs./Quintal,Metric Tonnes
Madhya Pradesh,Sagar,Sagar(F&V) APMC,Grapes,Green,Local,2026-03-06,1500.0,4000.0,3000.0,3.0,Rs./Quintal,Metric Tonnes
Madhya Pradesh,Sagar,Sagar(F&V) APMC,Green Chilli,Green Chilly,Local,2026-03-06,1000.0,3000.0,2000.0,3.2,Rs./Quintal,Metric Tonnes
Madhya Pradesh,Sagar,Sagar(F&V) APMC,Onion,Onion,Local,2026-03-06,900.0,1100.0,1000.0,25.200000000000003,Rs./Quintal,Metric Tonnes
Madhya Pradesh,Sagar,Sagar(F&V) APMC,Orange,Orange,Local,2026-03-06,1500.0,3000.0,2000.0,2.5,Rs./Quintal,Metric Tonnes
Madhya Pradesh,Sagar,Sagar(F&V) APMC,Other green and fresh vegetables,Other green and fresh vegetables,Local,2026-03-06,600.0,800.0,700.0,2.6,Rs./Quintal,Metric Tonnes
Madhya Pradesh,Sagar,Sagar(F&V) APMC,Papaya,Papaya,Local,2026-03-06,1000.0,1600.0,1200.0,3.0,Rs./Quintal,Metric Tonnes
Madhya Pradesh,Sagar,Sagar(F&V) APMC,Peas Wet,Peas Wet,Local,2026-03-06,1000.0,1600.0,1200.0,0.2,Rs./Quintal,Metric Tonnes
Madhya Pradesh,Sagar,Sagar(F&V) APMC,Potato,Desi,Local,2026-03-06,600.0,800.0,700.0,6.5,Rs./Quintal,Metric Tonnes
Madhya Pradesh,Sagar,Sagar(F&V) APMC,Pumpkin,Pumpkin,Local,2026-03-06,600.0,1000.0,800.0,0.30000000000000004,Rs./Quintal,Metric Tonnes
Madhya Pradesh,Sagar,Sagar(F&V) APMC,Raddish,Raddish,Local,2026-03-06,400.0,600.0,500.0,0.5,Rs./Quintal,Metric Tonnes
Madhya Pradesh,Sagar,Sagar(F&V) APMC,Spinach,Spinach,Local,2026-03-06,500.0,700.0,600.0,0.5,Rs./Quintal,Metric Tonnes
Madhya Pradesh,Sagar,Sagar(F&V) APMC,Sponge gourd,Sponge gourd,Local,2026-03-06,1000.0,1500.0,1400.0,0.4,Rs./Quintal,Metric Tonnes
Madhya Pradesh,Sagar,Sagar(F&V) APMC,Tomato,Deshi,Local,2026-03-06,300.0,700.0,500.0,1.0,Rs./Quintal,Metric Tonnes
Madhya Pradesh,Ratlam,Sailana APMC,Bengal Gram(Gram)(Whole),Gram,FAQ,2026-03-06,4601.0,4926.0,4926.0,0.772,Rs./Quintal,Metric Tonnes
Madhya Pradesh,Ratlam,Sailana APMC,Cotton,Without Ginned Cotton,FAQ,2026-03-06,6250.0,7820.0,7300.0,40.069,Rs./Quintal,Metric Tonnes
Madhya Pradesh,Ratlam,Sailana APMC,Garlic,Garlic,FAQ,2026-03-06,1550.0,11101.0,5400.0,109.373,Rs./Quintal,Metric Tonnes
Madhya Pradesh,Ratlam,Sailana APMC,Green Peas,Pea,FAQ,2026-03-06,2671.0,3472.0,3472.0,1.6780000000000002,Rs./Quintal,Metric Tonnes
Madhya Pradesh,Ratlam,Sailana APMC,Kabuli Chana(Chickpeas-White),Dollar Gram,FAQ,2026-03-06,6500.0,6500.0,6500.0,0.10500000000000001,Rs./Quintal,Metric Tonnes
Madhya Pradesh,Ratlam,Sailana APMC,Mustard,Mustard,FAQ,2026-03-06,5601.0,6050.0,6050.0,3.48,Rs./Quintal,Metric Tonnes
Madhya Pradesh,Ratlam,Sailana APMC,Onion,Onion,FAQ,2026-03-06,390.0,1400.0,800.0,49.726,Rs./Quintal,Metric Tonnes
Madhya Pradesh,Ratlam,Sailana APMC,Soyabean,Soyabeen,FAQ,2026-03-06,3090.0,5899.0,5390.0,58.24,Rs./Quintal,Metric Tonnes
Madhya Pradesh,Ratlam,Sailana APMC,Wheat,Wheat,FAQ,2026-03-06,2000.0,2750.0,2300.0,386.347,Rs./Quintal,Metric Tonnes
Madhya Pradesh,Ratlam,Sailana(F&V) APMC,Garlic,Garlic,Local,2026-03-06,1550.0,11101.0,5400.0,127.7,Rs./Quintal,Metric Tonnes
Madhya Pradesh,Ratlam,Sailana(F&V) APMC,Onion,Local,Local,2026-03-06,390.0,1400.0,800.0,44.5,Rs./Quintal,Metric Tonnes
Madhya Pradesh,Khargone,Sanawad APMC,Bengal Gram(Gram)(Whole),Gram,FAQ,2026-03-06,4790.0,6650.0,6600.0,48.398,Rs./Quintal,Metric Tonnes
Madhya Pradesh,Khargone,Sanawad APMC,Cotton,Without Ginned Cotton,Non-FAQ,2026-03-06,4530.0,4530.0,4530.0,2.645,Rs./Quintal,Metric Tonnes
Madhya Pradesh,Khargone,Sanawad APMC,Kabuli Chana(Chickpeas-White),Dollar Gram,FAQ,2026-03-06,5350.0,8600.0,7500.0,111.137,Rs./Quintal,Metric Tonnes
Madhya Pradesh,Khargone,Sanawad APMC,Wheat,Wheat,FAQ,2026-03-06,1951.0,2236.0,2200.0,104.44400000000002,Rs./Quintal,Metric Tonnes
Madhya Pradesh,Indore,Sanwer APMC,Soyabean,Soyabeen,FAQ,2026-03-06,4501.0,5711.0,5350.0,197.24900000000002,Rs./Quintal,Metric Tonnes
Madhya Pradesh,Indore,Sanwer APMC,Wheat,Wheat,FAQ,2026-03-06,1900.0,2698.0,2550.0,303.97700000000003,Rs./Quintal,Metric Tonnes
Madhya Pradesh,Indore,Sanwer APMC,Wheat,Wheat,Non-FAQ,2026-03-06,2145.0,2360.0,2360.0,80.52100000000002,Rs./Quintal,Metric Tonnes
Madhya Pradesh,Indore,Sanwer(F&V) APMC,Bottle gourd,Bottle Gourd,Grade A,2026-03-06,800.0,1500.0,1200.0,0.15000000000000002,Rs./Quintal,Metric Tonnes
Madhya Pradesh,Indore,Sanwer(F&V) APMC,Brinjal,Brinjal,Grade A,2026-03-06,700.0,1000.0,800.0,0.1,Rs./Quintal,Metric Tonnes
Madhya Pradesh,Indore,Sanwer(F&V) APMC,Cauliflower,Cauliflower,Grade A,2026-03-06,400.0,600.0,500.0,0.6000000000000001,Rs./Quintal,Metric Tonnes
Madhya Pradesh,Indore,Sanwer(F&V) APMC,Green Chilli,Green Chilly,Grade A,2026-03-06,400.0,5000.0,4500.0,0.08000000000000002,Rs./Quintal,Metric Tonnes
Madhya Pradesh,Indore,Sanwer(F&V) APMC,Methi(Leaves),Methi,Grade A,2026-03-06,1000.0,1500.0,1200.0,0.15000000000000002,Rs./Quintal,Metric Tonnes
Madhya Pradesh,Indore,Sanwer(F&V) APMC,Onion,Onion,Grade A,2026-03-06,800.0,1400.0,1000.0,0.30000000000000004,Rs./Quintal,Metric Tonnes
Madhya Pradesh,Indore,Sanwer(F&V) APMC,Potato,Potato,Grade A,2026-03-06,700.0,1200.0,1000.0,0.35000000000000003,Rs./Quintal,Metric Tonnes
Madhya Pradesh,Indore,Sanwer(F&V) APMC,Raddish,Raddish,Grade A,2026-03-06,800.0,1000.0,900.0,0.2,Rs./Quintal,Metric Tonnes
Madhya Pradesh,Indore,Sanwer(F&V) APMC,Spinach,Spinach,Grade A,2026-03-06,800.0,1500.0,1200.0,0.2,Rs./Quintal,Metric Tonnes
Madhya Pradesh,Indore,Sanwer(F&V) APMC,Tomato,Tomato,Grade A,2026-03-06,800.0,1500.0,1200.0,0.4,Rs./Quintal,Metric Tonnes
Madhya Pradesh,Rajgarh,Sarangpur APMC,Bengal Gram(Gram)(Whole),Gram,Non-FAQ,2026-03-06,4900.0,5151.0,5151.0,0.752,Rs./Quintal,Metric Tonnes
Madhya Pradesh,Rajgarh,Sarangpur APMC,Bengal Gram(Gram)(Whole),Gram,FAQ,2026-03-06,4400.0,4901.0,4901.0,1.734,Rs./Quintal,Metric Tonnes
Madhya Pradesh,Rajgarh,Sarangpur APMC,Bengal Gram(Gram)(Whole),Chana Kanta,FAQ,2026-03-06,4776.0,4776.0,4776.0,0.095,Rs./Quintal,Metric Tonnes
Madhya Pradesh,Rajgarh,Sarangpur APMC,Lentil(Masur)(Whole),Masur Dal,Non-FAQ,2026-03-06,5670.0,6445.0,6445.0,3.2409999999999997,Rs./Quintal,Metric Tonnes
Madhya Pradesh,Rajgarh,Sarangpur APMC,Lentil(Masur)(Whole),Masur Dal,FAQ,2026-03-06,4901.0,6465.0,6305.0,32.146,Rs./Quintal,Metric Tonnes
Madhya Pradesh,Rajgarh,Sarangpur APMC,Mustard,Mustard,FAQ,2026-03-06,4900.0,5995.0,5500.0,66.11900000000001,Rs./Quintal,Metric Tonnes
Madhya Pradesh,Rajgarh,Sarangpur APMC,Mustard,Mustard,Non-FAQ,2026-03-06,5600.0,5600.0,5600.0,3.5,Rs./Quintal,Metric Tonnes
Madhya Pradesh,Rajgarh,Sarangpur APMC,Onion,Local,Non-FAQ,2026-03-06,245.0,500.0,500.0,16.2,Rs./Quintal,Metric Tonnes
Madhya Pradesh,Rajgarh,Sarangpur APMC,Orange,Orange,Small,2026-03-06,1200.0,2640.0,2640.0,15.0,Rs./Quintal,Metric Tonnes
Madhya Pradesh,Rajgarh,Sarangpur APMC,Soyabean,Soyabeen,FAQ,2026-03-06,4400.0,4790.0,4790.0,18.676,Rs./Quintal,Metric Tonnes
Madhya Pradesh,Rajgarh,Sarangpur APMC,Soyabean,Yellow,Non-FAQ,2026-03-06,4775.0,5330.0,5000.0,7.271,Rs./Quintal,Metric Tonnes
Madhya Pradesh,Rajgarh,Sarangpur APMC,Soyabean,Yellow,FAQ,2026-03-06,4830.0,5471.0,5471.0,5.931000000000001,Rs./Quintal,Metric Tonnes
Madhya Pradesh,Rajgarh,Sarangpur APMC,Wheat,Mill Quality,FAQ,2026-03-06,1850.0,2210.0,2100.0,83.417,Rs./Quintal,Metric Tonnes
Madhya Pradesh,Rajgarh,Sarangpur APMC,Wheat,Wheat,FAQ,2026-03-06,2043.0,2179.0,2179.0,23.436000000000003,Rs./Quintal,Metric Tonnes
Madhya Pradesh,Rajgarh,Sarangpur APMC,Wheat,Wheat,Non-FAQ,2026-03-06,2091.0,2290.0,2290.0,14.376,Rs./Quintal,Metric Tonnes
Madhya Pradesh,Rajgarh,Sarangpur(F&V) APMC,Bhindi(Ladies Finger),Bhindi,Grade B,2026-03-06,1100.0,1100.0,1100.0,0.7,Rs./Quintal,Metric Tonnes
Madhya Pradesh,Rajgarh,Sarangpur(F&V) APMC,Bottle gourd,Bottle Gourd,Grade B,2026-03-06,1100.0,1100.0,1100.0,0.6,Rs./Quintal,Metric Tonnes
Madhya Pradesh,Rajgarh,Sarangpur(F&V) APMC,Brinjal,Brinjal,Grade B,2026-03-06,1000.0,1000.0,1000.0,0.7,Rs./Quintal,Metric Tonnes
Madhya Pradesh,Rajgarh,Sarangpur(F&V) APMC,Cabbage,Cabbage,Grade B,2026-03-06,1000.0,1000.0,1000.0,0.7,Rs./Quintal,Metric Tonnes
Madhya Pradesh,Rajgarh,Sarangpur(F&V) APMC,Cauliflower,Cauliflower,Grade B,2026-03-06,1000.0,1000.0,1000.0,0.6,Rs./Quintal,Metric Tonnes
Madhya Pradesh,Rajgarh,Sarangpur(F&V) APMC,Green Chilli,Green Chilly,Grade B,2026-03-06,1400.0,1400.0,1400.0,0.5,Rs./Quintal,Metric Tonnes
Madhya Pradesh,Rajgarh,Sarangpur(F&V) APMC,Tomato,Tomato,Grade B,2026-03-06,1200.0,1200.0,1200.0,0.6,Rs./Quintal,Metric Tonnes
Madhya Pradesh,Satna,Satna APMC,Barley(Jau),Barley,FAQ,2026-03-06,1871.0,2040.0,2040.0,8.657,Rs./Quintal,Metric Tonnes
Madhya Pradesh,Satna,Satna APMC,Bengal Gram(Gram)(Whole),Gram,FAQ,2026-03-06,4480.0,5160.0,5160.0,13.788,Rs./Quintal,Metric Tonnes
Madhya Pradesh,Satna,Satna APMC,Black Gram(Urd Beans)(Whole),Urda/Urd,FAQ,2026-03-06,5590.0,5600.0,5600.0,0.462,Rs./Quintal,Metric Tonnes
Madhya Pradesh,Satna,Satna APMC,Green Gram(Moong)(Whole),Green (Whole),FAQ,2026-03-06,6305.0,6305.0,6305.0,0.046000000000000006,Rs./Quintal,Metric Tonnes
Madhya Pradesh,Satna,Satna APMC,Lentil(Masur)(Whole),Masur Dal,FAQ,2026-03-06,4260.0,5850.0,5850.0,6.382000000000001,Rs./Quintal,Metric Tonnes
Madhya Pradesh,Satna,Satna APMC,Mustard,Mustard,FAQ,2026-03-06,5200.0,7000.0,6000.0,172.837,Rs./Quintal,Metric Tonnes
Madhya Pradesh,Satna,Satna APMC,Red gram/Arhar/Tur(whole),Arhar Dal(Tur),FAQ,2026-03-06,5805.0,7105.0,7105.0,3.0780000000000003,Rs./Quintal,Metric Tonnes
Madhya Pradesh,Satna,Satna APMC,Wheat,Wheat,FAQ,2026-03-06,2209.0,2400.0,2252.0,105.043,Rs./Quintal,Metric Tonnes
Madhya Pradesh,Satna,Satna APMC,Wheat,Wheat,Non-FAQ,2026-03-06,2376.0,2376.0,2376.0,6.888,Rs./Quintal,Metric Tonnes
Madhya Pradesh,Satna,Satna APMC,buttery,Buttery,FAQ,2026-03-06,3105.0,3550.0,3550.0,8.770000000000001,Rs./Quintal,Metric Tonnes
Madhya Pradesh,Satna,Satna(F&V) APMC,Grapes,Green,Grade A,2026-03-06,3500.0,4000.0,3750.0,2.0,Rs./Quintal,Metric Tonnes
Madhya Pradesh,Satna,Satna(F&V) APMC,Karbuja(Musk Melon),Karbhuja,Grade A,2026-03-06,2000.0,2000.0,2000.0,0.5,Rs./Quintal,Metric Tonnes
Madhya Pradesh,Satna,Satna(F&V) APMC,Mousambi(Sweet Lime),Mousambi,Grade A,2026-03-06,2700.0,2800.0,2750.0,1.0,Rs./Quintal,Metric Tonnes
Madhya Pradesh,Satna,Satna(F&V) APMC,Papaya,Papaya,Grade A,2026-03-06,1500.0,1500.0,1500.0,1.3,Rs./Quintal,Metric Tonnes
Madhya Pradesh,Satna,Satna(F&V) APMC,Pomegranate,Pomogranate,Grade A,2026-03-06,7500.0,7500.0,7500.0,0.2,Rs./Quintal,Metric Tonnes
Madhya Pradesh,Satna,Satna(F&V) APMC,Potato,Potato,Grade A,2026-03-06,900.0,900.0,900.0,1.5,Rs./Quintal,Metric Tonnes
Madhya Pradesh,Satna,Satna(F&V) APMC,Water Melon,Water Melon,Grade A,2026-03-06,2200.0,2200.0,2200.0,0.7000000000000001,Rs./Quintal,Metric Tonnes
Madhya Pradesh,Khargone,Segaon APMC,Wheat,Wheat,FAQ,2026-03-06,2100.0,2250.0,2200.0,50.120000000000005,Rs./Quintal,Metric Tonnes
Madhya Pradesh,Jabalpur,Sehora APMC,Water chestnut,Water chestnut,FAQ,2026-03-06,3800.0,19505.0,15805.0,0.9380000000000002,Rs./Quintal,Metric Tonnes
Madhya Pradesh,Jabalpur,Sehora APMC,Wheat,Mill Quality,FAQ,2026-03-06,2250.0,2400.0,2250.0,38.474000000000004,Rs./Quintal,Metric Tonnes
Madhya Pradesh,Jabalpur,Sehora APMC,Wheat,Other,FAQ,2026-03-06,2430.0,2450.0,2450.0,13.5,Rs./Quintal,Metric Tonnes
Madhya Pradesh,Sehore,Sehore APMC,Bengal Gram(Gram)(Whole),Chana Kanta,FAQ,2026-03-06,4801.0,5095.0,5095.0,10.134,Rs./Quintal,Metric Tonnes
Madhya Pradesh,Sehore,Sehore APMC,Bengal Gram(Gram)(Whole),Desi (F.A.Q. Split),FAQ,2026-03-06,4870.0,4911.0,4911.0,1.3880000000000001,Rs./Quintal,Metric Tonnes
Madhya Pradesh,Sehore,Sehore APMC,Bengal Gram(Gram)(Whole),Gram,FAQ,2026-03-06,3405.0,5002.0,5002.0,5.942,Rs./Quintal,Metric Tonnes
Madhya Pradesh,Sehore,Sehore APMC,Bengal Gram(Gram)(Whole),Chana Kabuli,FAQ,2026-03-06,4775.0,5350.0,5350.0,3.2680000000000002,Rs./Quintal,Metric Tonnes
Madhya Pradesh,Sehore,Sehore APMC,Coriander(Leaves),Coriander,FAQ,2026-03-06,8705.0,9859.0,9300.0,1.3250000000000002,Rs./Bundle,Bundle
Madhya Pradesh,Sehore,Sehore APMC,Garlic,Garlic,FAQ,2026-03-06,1500.0,8311.0,2500.0,66.731,Rs./Quintal,Metric Tonnes
Madhya Pradesh,Sehore,Sehore APMC,Lentil(Masur)(Whole),Masur Dal,FAQ,2026-03-06,5250.0,5850.0,5850.0,0.771,Rs./Quintal,Metric Tonnes
Madhya Pradesh,Sehore,Sehore APMC,Maize,Local,FAQ,2026-03-06,1415.0,1506.0,1506.0,10.045000000000002,Rs./Quintal,Metric Tonnes
Madhya Pradesh,Sehore,Sehore APMC,Mustard,Sarson(Black),FAQ,2026-03-06,5465.0,5603.0,5603.0,4.0840000000000005,Rs./Quintal,Metric Tonnes
Madhya Pradesh,Sehore,Sehore APMC,Mustard,Mustard,FAQ,2026-03-06,5200.0,6365.0,5670.0,13.495,Rs./Quintal,Metric Tonnes
Madhya Pradesh,Sehore,Sehore APMC,Onion,Onion,FAQ,2026-03-06,405.0,1219.0,1219.0,4.3500000000000005,Rs./Quintal,Metric Tonnes
Madhya Pradesh,Sehore,Sehore APMC,Red gram/Arhar/Tur(whole),Arhar Dal(Tur),FAQ,2026-03-06,6500.0,6500.0,6500.0,0.048,Rs./Quintal,Metric Tonnes
Madhya Pradesh,Sehore,Sehore APMC,Soyabean,Yellow,FAQ,2026-03-06,3512.0,5421.0,5388.0,112.301,Rs./Quintal,Metric Tonnes
Madhya Pradesh,Sehore,Sehore APMC,Soyabean,Yellow,Non-FAQ,2026-03-06,3500.0,5420.0,5230.0,25.353,Rs./Quintal,Metric Tonnes
Madhya Pradesh,Sehore,Sehore APMC,Wheat,Wheat,FAQ,2026-03-06,2075.0,2930.0,2370.0,223.56900000000002,Rs./Quintal,Metric Tonnes
Madhya Pradesh,Sehore,Sehore APMC,Wheat,Wheat Mix,FAQ,2026-03-06,2250.0,2250.0,2250.0,2.9000000000000004,Rs./Quintal,Metric Tonnes
Madhya Pradesh,Sehore,Sehore APMC,Wheat,Sharbati,FAQ,2026-03-06,2260.0,3000.0,3000.0,19.382,Rs./Quintal,Metric Tonnes
Madhya Pradesh,Sehore,Sehore APMC,Wheat,Malwa Shakti,FAQ,2026-03-06,2150.0,2191.0,2191.0,13.669,Rs./Quintal,Metric Tonnes
Madhya Pradesh,Sehore,Sehore APMC,Wheat,Lokwan,FAQ,2026-03-06,2091.0,2940.0,2300.0,164.175,Rs./Quintal,Metric Tonnes
Madhya Pradesh,Sehore,Sehore APMC,Wheat,Mill Quality,FAQ,2026-03-06,2170.0,2402.0,2400.0,42.786,Rs./Quintal,Metric Tonnes
Madhya Pradesh,Sehore,Sehore APMC,Wheat,Wheat,Non-FAQ,2026-03-06,2088.0,2088.0,2088.0,1.4210000000000003,Rs./Quintal,Metric Tonnes
Madhya Pradesh,Sehore,Sehore(F&V) APMC,Beetroot,Beetroot,Grade Range-1,2026-03-06,2000.0,2500.0,2200.0,0.30000000000000004,Rs./Quintal,Metric Tonnes
Madhya Pradesh,Sehore,Sehore(F&V) APMC,Bhindi(Ladies Finger),Bhindi,Grade Range-1,2026-03-06,2000.0,2500.0,2200.0,0.5,Rs./Quintal,Metric Tonnes
Madhya Pradesh,Sehore,Sehore(F&V) APMC,Bitter gourd,Bitter Gourd,Grade Range-1,2026-03-06,2500.0,3000.0,2800.0,0.4,Rs./Quintal,Metric Tonnes
Madhya Pradesh,Sehore,Sehore(F&V) APMC,Bottle gourd,Bottle Gourd,Grade Range-1,2026-03-06,800.0,1500.0,1200.0,1.2000000000000002,Rs./Quintal,Metric Tonnes
Madhya Pradesh,Sehore,Sehore(F&V) APMC,Brinjal,Brinjal,Grade Range-1,2026-03-06,1000.0,1500.0,1200.0,1.4000000000000001,Rs./Quintal,Metric Tonnes
Madhya Pradesh,Sehore,Sehore(F&V) APMC,Cabbage,Cabbage,Grade Range-1,2026-03-06,800.0,1200.0,1000.0,1.2000000000000002,Rs./Quintal,Metric Tonnes
Madhya Pradesh,Sehore,Sehore(F&V) APMC,Capsicum,Capsicum,Grade Range-1,2026-03-06,3000.0,3500.0,3200.0,0.6000000000000001,Rs./Quintal,Metric Tonnes
Madhya Pradesh,Sehore,Sehore(F&V) APMC,Carrot,Carrot,Grade Range-1,2026-03-06,1000.0,1500.0,1200.0,0.8,Rs./Quintal,Metric Tonnes
Madhya Pradesh,Sehore,Sehore(F&V) APMC,Cauliflower,African Sarson,Grade Range-1,2026-03-06,1500.0,2500.0,2000.0,0.8,Rs./Quintal,Metric Tonnes
Madhya Pradesh,Sehore,Sehore(F&V) APMC,Cucumbar(Kheera),Cucumbar,Grade Range-1,2026-03-06,800.0,1200.0,1000.0,1.0,Rs./Quintal,Metric Tonnes
Madhya Pradesh,Sehore,Sehore(F&V) APMC,Drumstick,Other,Grade Range-1,2026-03-06,5000.0,7000.0,6000.0,0.30000000000000004,Rs./Quintal,Metric Tonnes
Madhya Pradesh,Sehore,Sehore(F&V) APMC,Ginger(Green),Green Ginger,Grade Range-1,2026-03-06,5000.0,6000.0,5500.0,0.8,Rs./Quintal,Metric Tonnes
Madhya Pradesh,Sehore,Sehore(F&V) APMC,Green Chilli,Green Chilly,Grade Range-1,2026-03-06,3500.0,6000.0,5000.0,1.0,Rs./Quintal,Metric Tonnes
Madhya Pradesh,Sehore,Sehore(F&V) APMC,Green Peas,Gemin Peas Dal,Grade Range-1,2026-03-06,2000.0,3000.0,2500.0,0.8,Rs./Quintal,Metric Tonnes
Madhya Pradesh,Sehore,Sehore(F&V) APMC,Jack Fruit(Ripe),Jack Fruit,Grade Range-1,2026-03-06,4000.0,5000.0,4500.0,0.2,Rs./Quintal,Metric Tonnes
Madhya Pradesh,Sehore,Sehore(F&V) APMC,Lemon,Lemon,Grade Range-1,2026-03-06,10000.0,13000.0,12000.0,0.30000000000000004,Rs./Quintal,Metric Tonnes
Madhya Pradesh,Sehore,Sehore(F&V) APMC,Methi(Leaves),Fenugreek-Organic,Grade Range-1,2026-03-06,1000.0,1500.0,1200.0,1.5,Rs./Quintal,Metric Tonnes
Madhya Pradesh,Sehore,Sehore(F&V) APMC,Pumpkin,Other,Grade Range-1,2026-03-06,1500.0,3000.0,2000.0,0.8,Rs./Quintal,Metric Tonnes
Madhya Pradesh,Sehore,Sehore(F&V) APMC,Spinach,Other,Grade Range-1,2026-03-06,1000.0,1500.0,1200.0,1.5,Rs./Quintal,Metric Tonnes
Madhya Pradesh,Sehore,Sehore(F&V) APMC,Sponge gourd,Sponge gourd,Grade Range-1,2026-03-06,2200.0,3000.0,2500.0,0.6000000000000001,Rs./Quintal,Metric Tonnes
Madhya Pradesh,Sehore,Sehore(F&V) APMC,Tomato,Deshi,Grade Range-1,2026-03-06,800.0,1200.0,1000.0,2.0,Rs./Quintal,Metric Tonnes
Madhya Pradesh,Hoshangabad,Semriharchand APMC,Paddy(Common),Basmati,FAQ,2026-03-06,2100.0,4120.0,3899.0,204.79000000000002,Rs./Quintal,Metric Tonnes
Madhya Pradesh,Hoshangabad,Semriharchand APMC,Paddy(Common),Puspa (MR 301),FAQ,2026-03-06,3950.0,3950.0,3950.0,16.441,Rs./Quintal,Metric Tonnes
Madhya Pradesh,Badwani,Sendhwa APMC,Bengal Gram(Gram)(Whole),Gram,FAQ,2026-03-06,4600.0,5100.0,4600.0,1.7300000000000002,Rs./Quintal,Metric Tonnes
Madhya Pradesh,Badwani,Sendhwa APMC,Cotton,Without Ginned Cotton,FAQ,2026-03-06,7275.0,8500.0,8475.0,57.055,Rs./Quintal,Metric Tonnes
Madhya Pradesh,Badwani,Sendhwa APMC,Maize,Local,FAQ,2026-03-06,1360.0,1710.0,1500.0,87.89,Rs./Quintal,Metric Tonnes
Madhya Pradesh,Badwani,Sendhwa APMC,Wheat,Wheat,FAQ,2026-03-06,2225.0,2275.0,2240.0,88.245,Rs./Quintal,Metric Tonnes
Madhya Pradesh,Badwani,Sendhwa(F&V) APMC,Bhindi(Ladies Finger),Bhindi,Local,2026-03-06,1500.0,2400.0,1800.0,0.2,Rs./Quintal,Metric Tonnes
Madhya Pradesh,Badwani,Sendhwa(F&V) APMC,Bottle gourd,Bottle Gourd,Medium,2026-03-06,1000.0,1400.0,1200.0,0.30000000000000004,Rs./Quintal,Metric Tonnes
Madhya Pradesh,Badwani,Sendhwa(F&V) APMC,Brinjal,Round,Small,2026-03-06,1600.0,2500.0,1900.0,0.8,Rs./Quintal,Metric Tonnes
Madhya Pradesh,Badwani,Sendhwa(F&V) APMC,Carrot,Carrot,Medium,2026-03-06,1400.0,1700.0,1500.0,0.1,Rs./Quintal,Metric Tonnes
Madhya Pradesh,Badwani,Sendhwa(F&V) APMC,Cauliflower,Cauliflower,Medium,2026-03-06,1200.0,2300.0,1800.0,0.2,Rs./Quintal,Metric Tonnes
Madhya Pradesh,Badwani,Sendhwa(F&V) APMC,Green Chilli,Green Chilly,Medium,2026-03-06,1200.0,1600.0,1400.0,0.30000000000000004,Rs./Quintal,Metric Tonnes
Madhya Pradesh,Badwani,Sendhwa(F&V) APMC,Methi(Leaves),Methi,Local,2026-03-06,1000.0,1500.0,1200.0,0.4,Rs./Quintal,Metric Tonnes
Madhya Pradesh,Badwani,Sendhwa(F&V) APMC,Onion,Red,Medium,2026-03-06,900.0,1500.0,1200.0,0.9,Rs./Quintal,Metric Tonnes
Madhya Pradesh,Badwani,Sendhwa(F&V) APMC,Pumpkin,Pumpkin,Medium,2026-03-06,1200.0,1500.0,1300.0,0.1,Rs./Quintal,Metric Tonnes
Madhya Pradesh,Badwani,Sendhwa(F&V) APMC,Spinach,Spinach,Local,2026-03-06,1000.0,1300.0,1100.0,0.30000000000000004,Rs./Quintal,Metric Tonnes
Madhya Pradesh,Badwani,Sendhwa(F&V) APMC,Tomato,Hybrid,Medium,2026-03-06,1400.0,1800.0,1600.0,0.9,Rs./Quintal,Metric Tonnes
Madhya Pradesh,Seoni,Seoni APMC,Maize,Yellow,Non-FAQ,2026-03-06,1600.0,1782.0,1680.0,337.57,Rs./Quintal,Metric Tonnes
Madhya Pradesh,Seoni,Seoni APMC,Maize,Local,FAQ,2026-03-06,1500.0,1850.0,1850.0,292.63000000000005,Rs./Quintal,Metric Tonnes
Madhya Pradesh,Seoni,Seoni APMC,Maize,Local,Non-FAQ,2026-03-06,1650.0,1844.0,1691.0,139.555,Rs./Quintal,Metric Tonnes
Madhya Pradesh,Seoni,Seoni APMC,Mustard,Mustard,Non-FAQ,2026-03-06,4800.0,5150.0,5150.0,11.5,Rs./Quintal,Metric Tonnes
Madhya Pradesh,Seoni,Seoni APMC,Wheat,Wheat,Non-FAQ,2026-03-06,2225.0,2225.0,2225.0,8.5,Rs./Quintal,Metric Tonnes
Madhya Pradesh,Seoni,Seoni(F&V) APMC,Apple,Apple-Organic,Grade C,2026-03-06,4667.0,4667.0,4667.0,1.5,Rs./Quintal,Metric Tonnes
Madhya Pradesh,Seoni,Seoni(F&V) APMC,Bhindi(Ladies Finger),Bhindi,Grade C,2026-03-06,1130.0,1130.0,1130.0,0.98,Rs./Quintal,Metric Tonnes
Madhya Pradesh,Seoni,Seoni(F&V) APMC,Bottle gourd,Bottle Gourd,Grade C,2026-03-06,920.0,920.0,920.0,1.3,Rs./Quintal,Metric Tonnes
Madhya Pradesh,Seoni,Seoni(F&V) APMC,Brinjal,Brinjal,Grade C,2026-03-06,900.0,900.0,900.0,1.44,Rs./Quintal,Metric Tonnes
Madhya Pradesh,Seoni,Seoni(F&V) APMC,Capsicum,Capsicum,Grade C,2026-03-06,930.0,930.0,930.0,1.05,Rs./Quintal,Metric Tonnes
Madhya Pradesh,Seoni,Seoni(F&V) APMC,Carrot,Carrot,Grade C,2026-03-06,800.0,800.0,800.0,0.64,Rs./Quintal,Metric Tonnes
Madhya Pradesh,Seoni,Seoni(F&V) APMC,Cauliflower,Cauliflower,Grade C,2026-03-06,950.0,950.0,950.0,2.85,Rs./Quintal,Metric Tonnes
Madhya Pradesh,Seoni,Seoni(F&V) APMC,Cucumbar(Kheera),Cucumbar,Grade C,2026-03-06,920.0,920.0,920.0,0.88,Rs./Quintal,Metric Tonnes
Madhya Pradesh,Seoni,Seoni(F&V) APMC,Garlic,Desi,Local,2026-03-06,7200.0,7200.0,7200.0,0.24,Rs./Quintal,Metric Tonnes
Madhya Pradesh,Seoni,Seoni(F&V) APMC,Ginger(Green),Green Ginger,Grade C,2026-03-06,3150.0,3150.0,3150.0,0.32,Rs./Quintal,Metric Tonnes
Madhya Pradesh,Seoni,Seoni(F&V) APMC,Green Chilli,Green Chilly,Grade C,2026-03-06,2250.0,2250.0,2250.0,0.54,Rs./Quintal,Metric Tonnes
Madhya Pradesh,Seoni,Seoni(F&V) APMC,Onion,Local,Grade C,2026-03-06,1218.0,1218.0,1218.0,5.85,Rs./Quintal,Metric Tonnes
Madhya Pradesh,Seoni,Seoni(F&V) APMC,Potato,Desi,Grade C,2026-03-06,1050.0,1050.0,1050.0,7.85,Rs./Quintal,Metric Tonnes
Madhya Pradesh,Seoni,Seoni(F&V) APMC,Raddish,Raddish,Grade C,2026-03-06,850.0,850.0,850.0,0.78,Rs./Quintal,Metric Tonnes
Madhya Pradesh,Seoni,Seoni(F&V) APMC,Spinach,Spinach,Grade C,2026-03-06,950.0,950.0,950.0,0.68,Rs./Quintal,Metric Tonnes
Madhya Pradesh,Seoni,Seoni(F&V) APMC,Tomato,Deshi,Grade C,2026-03-06,800.0,800.0,800.0,4.825,Rs./Quintal,Metric Tonnes
Madhya Pradesh,Datia,Sevda APMC,Wheat,Mill Quality,Non-FAQ,2026-03-06,2105.0,2315.0,2305.0,112.10000000000001,Rs./Quintal,Metric Tonnes
Madhya Pradesh,Datia,Sevda APMC,Wheat,Mill Quality,FAQ,2026-03-06,2169.0,2291.0,2291.0,13.3,Rs./Quintal,Metric Tonnes
Madhya Pradesh,Ashoknagar,Shadora APMC,Lak(Teora),Tiwada,FAQ,2026-03-06,2755.0,2755.0,2755.0,0.2,Rs./Quintal,Metric Tonnes
Madhya Pradesh,Ashoknagar,Shadora APMC,Lentil(Masur)(Whole),Masur Dal,Non-FAQ,2026-03-06,5600.0,5600.0,5600.0,0.48300000000000004,Rs./Quintal,Metric Tonnes
Madhya Pradesh,Ashoknagar,Shadora APMC,Maize,Local,Non-FAQ,2026-03-06,1380.0,1420.0,1420.0,4.299,Rs./Quintal,Metric Tonnes
Madhya Pradesh,Ashoknagar,Shadora APMC,Maize,Local,FAQ,2026-03-06,1360.0,1400.0,1400.0,5.384,Rs./Quintal,Metric Tonnes
Madhya Pradesh,Ashoknagar,Shadora APMC,Mustard,Mustard,FAQ,2026-03-06,5300.0,5795.0,5795.0,5.372,Rs./Quintal,Metric Tonnes
Madhya Pradesh,Ashoknagar,Shadora APMC,Mustard,Mustard,Non-FAQ,2026-03-06,4805.0,5770.0,5770.0,5.057,Rs./Quintal,Metric Tonnes
Madhya Pradesh,Ashoknagar,Shadora APMC,Wheat,Wheat,FAQ,2026-03-06,2055.0,2145.0,2145.0,1.5300000000000002,Rs./Quintal,Metric Tonnes
Madhya Pradesh,Ashoknagar,Shadora APMC,buttery,Buttery,FAQ,2026-03-06,3860.0,4365.0,4365.0,3.6450000000000005,Rs./Quintal,Metric Tonnes
Madhya Pradesh,Sagar,Shahagarh APMC,Barley(Jau),Barley,Non-FAQ,2026-03-06,1800.0,1928.0,1928.0,37.2,Rs./Quintal,Metric Tonnes
Madhya Pradesh,Sagar,Shahagarh APMC,Mustard,Mustard,Non-FAQ,2026-03-06,5735.0,5735.0,5735.0,3.4000000000000004,Rs./Quintal,Metric Tonnes
Madhya Pradesh,Sagar,Shahagarh APMC,Soyabean,Soyabeen,Non-FAQ,2026-03-06,4750.0,5050.0,5050.0,15.200000000000001,Rs./Quintal,Metric Tonnes
Madhya Pradesh,Sagar,Shahagarh APMC,Soyabean,Soyabeen,FAQ,2026-03-06,4650.0,4750.0,4700.0,54.0,Rs./Quintal,Metric Tonnes
Madhya Pradesh,Sagar,Shahagarh APMC,Wheat,Mill Quality,Non-FAQ,2026-03-06,2195.0,2276.0,2276.0,40.6,Rs./Quintal,Metric Tonnes
Madhya Pradesh,Sagar,Shahagarh APMC,Wheat,Mill Quality,FAQ,2026-03-06,2170.0,2210.0,2210.0,27.200000000000003,Rs./Quintal,Metric Tonnes
Madhya Pradesh,Sagar,Shahagarh APMC,Wheat,Wheat,FAQ,2026-03-06,2150.0,2150.0,2150.0,9.3,Rs./Quintal,Metric Tonnes
Madhya Pradesh,Shehdol,Shahdol APMC,Paddy(Common),Dhan,Non-FAQ,2026-03-06,1800.0,1800.0,1800.0,12.0,Rs./Quintal,Metric Tonnes
Madhya Pradesh,Jabalpur,Shahpura Bhitoni (F&V) APMC,Wheat,Mill Quality,FAQ,2026-03-06,2350.0,2400.0,2400.0,34.88,Rs./Quintal,Metric Tonnes
Madhya Pradesh,Jabalpur,Shahpura Bhitoni (F&V) APMC,Wheat,Wheat,FAQ,2026-03-06,2355.0,2400.0,2400.0,30.07,Rs./Quintal,Metric Tonnes
Madhya Pradesh,Jabalpur,Shahpura(Jabalpur) APMC,Paddy(Common),Paddy,FAQ,2026-03-06,2930.0,2930.0,2930.0,59.92000000000001,Rs./Quintal,Metric Tonnes
Madhya Pradesh,Shajapur,Shajapur APMC,Bengal Gram(Gram)(Whole),Gram,FAQ,2026-03-06,4365.0,5200.0,4755.0,10.337000000000002,Rs./Quintal,Metric Tonnes
Madhya Pradesh,Shajapur,Shajapur APMC,Coriander(Leaves),Coriander,FAQ,2026-03-06,9000.0,10100.0,10100.0,0.10900000000000001,Rs./Bundle,Bundle
Madhya Pradesh,Shajapur,Shajapur APMC,Garlic,Desi,FAQ,2026-03-06,2314.24,3843.51,3843.51,8.834000000000001,Rs./Quintal,Metric Tonnes
Madhya Pradesh,Shajapur,Shajapur APMC,Garlic,Garlic,FAQ,2026-03-06,1419.91,5187.0,3660.0,140.042,Rs./Quintal,Metric Tonnes
Madhya Pradesh,Shajapur,Shajapur APMC,Garlic,Average,FAQ,2026-03-06,1000.0,5089.0,5089.0,11.406,Rs./Quintal,Metric Tonnes
Madhya Pradesh,Shajapur,Shajapur APMC,Lentil(Masur)(Whole),Masur Dal,FAQ,2026-03-06,5811.0,6520.0,6520.0,3.6740000000000004,Rs./Quintal,Metric Tonnes
Madhya Pradesh,Shajapur,Shajapur APMC,Mustard,Mustard,FAQ,2026-03-06,5000.0,5915.0,5700.0,172.597,Rs./Quintal,Metric Tonnes
Madhya Pradesh,Shajapur,Shajapur APMC,Onion,Medium,Non-FAQ,2026-03-06,150.47,527.38,527.38,92.78300000000002,Rs./Quintal,Metric Tonnes
Madhya Pradesh,Shajapur,Shajapur APMC,Onion,Medium,FAQ,2026-03-06,150.6,3506.0,814.0,297.40500000000003,Rs./Quintal,Metric Tonnes
Madhya Pradesh,Shajapur,Shajapur APMC,Potato,Potato,Non-FAQ,2026-03-06,111.0,661.0,661.0,92.935,Rs./Quintal,Metric Tonnes
Madhya Pradesh,Shajapur,Shajapur APMC,Potato,Potato,FAQ,2026-03-06,100.0,615.0,570.0,325.538,Rs./Quintal,Metric Tonnes
Madhya Pradesh,Shajapur,Shajapur APMC,Soyabean,Soyabeen,FAQ,2026-03-06,3100.0,5372.0,5000.0,38.217000000000006,Rs./Quintal,Metric Tonnes
Madhya Pradesh,Shajapur,Shajapur APMC,Wheat,Wheat,FAQ,2026-03-06,1150.0,2500.0,2186.0,129.038,Rs./Quintal,Metric Tonnes
Madhya Pradesh,Mandsaur,Shamgarh APMC,Bengal Gram(Gram)(Whole),Gram,Non-FAQ,2026-03-06,3501.0,5005.0,4850.0,16.150000000000002,Rs./Quintal,Metric Tonnes
Madhya Pradesh,Mandsaur,Shamgarh APMC,Black Gram(Urd Beans)(Whole),Urda/Urd,Non-FAQ,2026-03-06,5600.0,5600.0,5600.0,0.083,Rs./Quintal,Metric Tonnes
Madhya Pradesh,Mandsaur,Shamgarh APMC,Coriander(Leaves),Coriander,FAQ,2026-03-06,9000.0,9000.0,9000.0,0.09000000000000001,Rs./Bundle,Bundle
Madhya Pradesh,Mandsaur,Shamgarh APMC,Garlic,Garlic,FAQ,2026-03-06,2300.0,6801.0,3800.0,2.6530000000000005,Rs./Quintal,Metric Tonnes
Madhya Pradesh,Mandsaur,Shamgarh APMC,Groundnut,Big (With Shell),Non-FAQ,2026-03-06,5250.0,6960.0,6960.0,2.504,Rs./Quintal,Metric Tonnes
Madhya Pradesh,Mandsaur,Shamgarh APMC,Lentil(Masur)(Whole),Masur Dal,Non-FAQ,2026-03-06,5801.0,6561.0,6491.0,21.988,Rs./Quintal,Metric Tonnes
Madhya Pradesh,Mandsaur,Shamgarh APMC,Maize,Local,Non-FAQ,2026-03-06,1450.0,1600.0,1600.0,4.505,Rs./Quintal,Metric Tonnes
Madhya Pradesh,Mandsaur,Shamgarh APMC,Mustard,Mustard,Non-FAQ,2026-03-06,4000.0,6100.0,5700.0,51.364000000000004,Rs./Quintal,Metric Tonnes
Madhya Pradesh,Mandsaur,Shamgarh APMC,Onion,Other,FAQ,2026-03-06,400.0,710.0,710.0,1.085,Rs./Quintal,Metric Tonnes
Madhya Pradesh,Mandsaur,Shamgarh APMC,Onion,Onion,FAQ,2026-03-06,350.0,700.0,700.0,2.959,Rs./Quintal,Metric Tonnes
Madhya Pradesh,Mandsaur,Shamgarh APMC,Soyabean,Soyabeen,Non-FAQ,2026-03-06,3500.0,5248.0,4975.0,15.175,Rs./Quintal,Metric Tonnes
Madhya Pradesh,Mandsaur,Shamgarh APMC,Wheat,Mill Quality,Non-FAQ,2026-03-06,1741.0,2276.0,2175.0,75.40599999999999,Rs./Quintal,Metric Tonnes
Madhya Pradesh,Mandsaur,Shamgarh APMC,Wheat,Wheat,Non-FAQ,2026-03-06,1950.0,2291.0,2200.0,119.28,Rs./Quintal,Metric Tonnes
Madhya Pradesh,Mandsaur,Shamgarh APMC,Wheat,Lokwan,Non-FAQ,2026-03-06,2255.0,2255.0,2255.0,0.9640000000000001,Rs./Quintal,Metric Tonnes
Madhya Pradesh,Vidisha,Shamshabad APMC,Bengal Gram(Gram)(Whole),Gram,FAQ,2026-03-06,4300.0,4600.0,4600.0,1.242,Rs./Quintal,Metric Tonnes
Madhya Pradesh,Vidisha,Shamshabad APMC,Mustard,Mustard,FAQ,2026-03-06,4600.0,5896.0,5600.0,27.650000000000002,Rs./Quintal,Metric Tonnes
Madhya Pradesh,Vidisha,Shamshabad APMC,Soyabean,Soyabeen,FAQ,2026-03-06,4800.0,5270.0,5270.0,7.268000000000001,Rs./Quintal,Metric Tonnes
Madhya Pradesh,Vidisha,Shamshabad APMC,Wheat,Mill Quality,FAQ,2026-03-06,2101.0,2101.0,2101.0,7.440000000000001,Rs./Quintal,Metric Tonnes
Madhya Pradesh,Vidisha,Shamshabad APMC,Wheat,Wheat,FAQ,2026-03-06,1991.0,2291.0,2145.0,34.537,Rs./Quintal,Metric Tonnes
Madhya Pradesh,Sheopur,Sheopurbadod APMC,Bengal Gram(Gram)(Whole),Gram,FAQ,2026-03-06,4700.0,4782.0,4782.0,1.6600000000000001,Rs./Quintal,Metric Tonnes
Madhya Pradesh,Sheopur,Sheopurbadod APMC,Mustard,Mustard,FAQ,2026-03-06,5585.0,6190.0,6085.0,121.91500000000002,Rs./Quintal,Metric Tonnes
Madhya Pradesh,Sheopur,Sheopurbadod APMC,Paddy(Common),Dhan,FAQ,2026-03-06,2500.0,3870.0,3700.0,23.225,Rs./Quintal,Metric Tonnes
Madhya Pradesh,Sheopur,Sheopurbadod APMC,Wheat,Wheat,FAQ,2026-03-06,2115.0,2286.0,2286.0,15.42,Rs./Quintal,Metric Tonnes
Madhya Pradesh,Sheopur,Sheopurkalan APMC,Bengal Gram(Gram)(Whole),Gram,FAQ,2026-03-06,4740.0,5180.0,5180.0,6.675000000000001,Rs./Quintal,Metric Tonnes
Madhya Pradesh,Sheopur,Sheopurkalan APMC,Maize,Local,Non-FAQ,2026-03-06,1410.0,1410.0,1410.0,2.02,Rs./Quintal,Metric Tonnes
Madhya Pradesh,Sheopur,Sheopurkalan APMC,Mustard,Sarson(Black),Non-FAQ,2026-03-06,6130.0,6130.0,6130.0,0.7450000000000001,Rs./Quintal,Metric Tonnes
Madhya Pradesh,Sheopur,Sheopurkalan APMC,Mustard,Mustard,FAQ,2026-03-06,5155.0,6235.0,6050.0,652.3870000000001,Rs./Quintal,Metric Tonnes
Madhya Pradesh,Sheopur,Sheopurkalan APMC,Mustard,Mustard,Non-FAQ,2026-03-06,5620.0,6100.0,6050.0,68.026,Rs./Quintal,Metric Tonnes
Madhya Pradesh,Sheopur,Sheopurkalan APMC,Mustard,Sarson(Black),FAQ,2026-03-06,5500.0,6155.0,6085.0,30.369,Rs./Quintal,Metric Tonnes
Madhya Pradesh,Sheopur,Sheopurkalan APMC,Paddy(Common),Dhan,FAQ,2026-03-06,2500.0,4350.0,4145.0,169.779,Rs./Quintal,Metric Tonnes
Madhya Pradesh,Sheopur,Sheopurkalan APMC,Paddy(Common),Paddy,FAQ,2026-03-06,3430.0,4165.0,3700.0,693.9340000000001,Rs./Quintal,Metric Tonnes
Madhya Pradesh,Sheopur,Sheopurkalan APMC,Paddy(Common),Paddy,Non-FAQ,2026-03-06,3665.0,4175.0,3895.0,44.071,Rs./Quintal,Metric Tonnes
Madhya Pradesh,Sheopur,Sheopurkalan APMC,Soyabean,Soyabeen,FAQ,2026-03-06,5005.0,5005.0,5005.0,0.55,Rs./Quintal,Metric Tonnes
Madhya Pradesh,Sheopur,Sheopurkalan APMC,Wheat,Wheat,FAQ,2026-03-06,2110.0,2327.0,2285.0,44.668000000000006,Rs./Quintal,Metric Tonnes
Madhya Pradesh,Sheopur,Sheopurkalan APMC,Wheat,Wheat,Non-FAQ,2026-03-06,2201.0,2330.0,2270.0,57.503,Rs./Quintal,Metric Tonnes
Madhya Pradesh,Sheopur,Sheopurkalan APMC,Wheat,Other,FAQ,2026-03-06,2210.0,2210.0,2210.0,1.1,Rs./Quintal,Metric Tonnes
Madhya Pradesh,Sheopur,Sheopurkalan(F&V) APMC,Cabbage,Cabbage,Medium,2026-03-06,500.0,700.0,600.0,2.0,Rs./Quintal,Metric Tonnes
Madhya Pradesh,Sheopur,Sheopurkalan(F&V) APMC,Ginger(Green),Green Ginger,Medium,2026-03-06,6000.0,6000.0,6000.0,0.2,Rs./Quintal,Metric Tonnes
Madhya Pradesh,Sheopur,Sheopurkalan(F&V) APMC,Grapes,Other,Medium,2026-03-06,9000.0,9000.0,9000.0,0.1,Rs./Quintal,Metric Tonnes
Madhya Pradesh,Sheopur,Sheopurkalan(F&V) APMC,Mousambi(Sweet Lime),Mousambi,Medium,2026-03-06,5000.0,5500.0,5200.0,0.2,Rs./Quintal,Metric Tonnes
Madhya Pradesh,Sheopur,Sheopurkalan(F&V) APMC,Orange,Orange,Medium,2026-03-06,2500.0,2800.0,2600.0,1.0,Rs./Quintal,Metric Tonnes
Madhya Pradesh,Sheopur,Sheopurkalan(F&V) APMC,Papaya,Papaya,Medium,2026-03-06,2700.0,3000.0,2800.0,0.5,Rs./Quintal,Metric Tonnes
Madhya Pradesh,Sheopur,Sheopurkalan(F&V) APMC,Water Melon,Water Melon,Medium,2026-03-06,2000.0,2200.0,2100.0,1.0,Rs./Quintal,Metric Tonnes
Madhya Pradesh,Shivpuri,Shivpuri APMC,Barley(Jau),Barley,FAQ,2026-03-06,1905.0,1905.0,1905.0,0.325,Rs./Quintal,Metric Tonnes
Madhya Pradesh,Shivpuri,Shivpuri APMC,Bengal Gram(Gram)(Whole),Gram,FAQ,2026-03-06,4995.0,5150.0,5150.0,1.7640000000000002,Rs./Quintal,Metric Tonnes
Madhya Pradesh,Shivpuri,Shivpuri APMC,Green Peas,Pea,FAQ,2026-03-06,2905.0,2905.0,2905.0,0.515,Rs./Quintal,Metric Tonnes
Madhya Pradesh,Shivpuri,Shivpuri APMC,Lentil(Masur)(Whole),Masur Dal,FAQ,2026-03-06,5740.0,5740.0,5740.0,1.572,Rs./Quintal,Metric Tonnes
Madhya Pradesh,Shivpuri,Shivpuri APMC,Maize,Local,FAQ,2026-03-06,1450.0,1450.0,1450.0,0.219,Rs./Quintal,Metric Tonnes
Madhya Pradesh,Shivpuri,Shivpuri APMC,Mustard,Mustard,FAQ,2026-03-06,5750.0,6380.0,6200.0,249.689,Rs./Quintal,Metric Tonnes
Madhya Pradesh,Shivpuri,Shivpuri APMC,Soyabean,Soyabeen,FAQ,2026-03-06,4895.0,5175.0,5175.0,5.94,Rs./Quintal,Metric Tonnes
Madhya Pradesh,Shivpuri,Shivpuri APMC,Wheat,Wheat,FAQ,2026-03-06,2200.0,2200.0,2200.0,0.8890000000000001,Rs./Quintal,Metric Tonnes
Madhya Pradesh,Shivpuri,Shivpuri(F&V) APMC,Bhindi(Ladies Finger),Other,Grade B,2026-03-06,4500.0,4500.0,4500.0,0.5,Rs./Quintal,Metric Tonnes
Madhya Pradesh,Shivpuri,Shivpuri(F&V) APMC,Bitter gourd,Other,Grade B,2026-03-06,4000.0,4000.0,4000.0,0.2,Rs./Quintal,Metric Tonnes
Madhya Pradesh,Shivpuri,Shivpuri(F&V) APMC,Brinjal,Other,Grade B,2026-03-06,1200.0,1200.0,1200.0,0.5,Rs./Quintal,Metric Tonnes
Madhya Pradesh,Shivpuri,Shivpuri(F&V) APMC,Cabbage,Other,Grade B,2026-03-06,1000.0,1000.0,1000.0,1.0,Rs./Quintal,Metric Tonnes
Madhya Pradesh,Shivpuri,Shivpuri(F&V) APMC,Carrot,Other,Grade B,2026-03-06,1000.0,1000.0,1000.0,1.0,Rs./Quintal,Metric Tonnes
Madhya Pradesh,Shivpuri,Shivpuri(F&V) APMC,Cauliflower,Other,Grade B,2026-03-06,1500.0,1500.0,1500.0,0.5,Rs./Quintal,Metric Tonnes
Madhya Pradesh,Shivpuri,Shivpuri(F&V) APMC,Cucumbar(Kheera),Other,Grade B,2026-03-06,1500.0,1500.0,1500.0,0.8,Rs./Quintal,Metric Tonnes
Madhya Pradesh,Shivpuri,Shivpuri(F&V) APMC,Ginger(Green),Other,Grade B,2026-03-06,3500.0,3500.0,3500.0,0.2,Rs./Quintal,Metric Tonnes
Madhya Pradesh,Shivpuri,Shivpuri(F&V) APMC,Peas Wet,Other,Grade B,2026-03-06,2500.0,2500.0,2500.0,0.6,Rs./Quintal,Metric Tonnes
Madhya Pradesh,Shivpuri,Shivpuri(F&V) APMC,Potato,Other,Grade B,2026-03-06,1000.0,1000.0,1000.0,8.5,Rs./Quintal,Metric Tonnes
Madhya Pradesh,Shivpuri,Shivpuri(F&V) APMC,Tomato,Other,Grade B,2026-03-06,1500.0,1500.0,1500.0,1.0,Rs./Quintal,Metric Tonnes
Madhya Pradesh,Shajapur,Shujalpur APMC,Bengal Gram(Gram)(Whole),Gram,FAQ,2026-03-06,3826.0,5900.0,5100.0,21.235,Rs./Quintal,Metric Tonnes
Madhya Pradesh,Shajapur,Shujalpur APMC,Coriander(Leaves),Coriander,FAQ,2026-03-06,7100.0,9600.0,9001.0,1.725,Rs./Bundle,Bundle
Madhya Pradesh,Shajapur,Shujalpur APMC,Garlic,Desi,FAQ,2026-03-06,500.0,7650.0,4000.0,215.175,Rs./Quintal,Metric Tonnes
Madhya Pradesh,Shajapur,Shujalpur APMC,Garlic,Garlic,FAQ,2026-03-06,3470.0,3470.0,3470.0,0.477,Rs./Quintal,Metric Tonnes
Madhya Pradesh,Shajapur,Shujalpur APMC,Kabuli Chana(Chickpeas-White),Dollar Gram,FAQ,2026-03-06,3200.0,7851.0,7851.0,38.646,Rs./Quintal,Metric Tonnes
Madhya Pradesh,Shajapur,Shujalpur APMC,Lentil(Masur)(Whole),Masur Dal,FAQ,2026-03-06,4800.0,6460.0,6460.0,14.777000000000001,Rs./Quintal,Metric Tonnes
Madhya Pradesh,Shajapur,Shujalpur APMC,Mustard,Mustard,FAQ,2026-03-06,4600.0,5961.0,5820.0,222.91700000000003,Rs./Quintal,Metric Tonnes
Madhya Pradesh,Shajapur,Shujalpur APMC,Onion,Red,FAQ,2026-03-06,130.0,1452.0,602.0,58.679,Rs./Quintal,Metric Tonnes
Madhya Pradesh,Shajapur,Shujalpur APMC,Soyabean,Soyabeen,FAQ,2026-03-06,3541.0,5400.0,5350.0,52.67400000000001,Rs./Quintal,Metric Tonnes
Madhya Pradesh,Shajapur,Shujalpur APMC,Wheat,Wheat,FAQ,2026-03-06,2050.0,2571.0,2260.0,65.988,Rs./Quintal,Metric Tonnes
Madhya Pradesh,Sehore,Shyampur APMC,Soyabean,Soyabeen,FAQ,2026-03-06,4575.0,5275.0,5275.0,0.31400000000000006,Rs./Quintal,Metric Tonnes
Madhya Pradesh,Sehore,Shyampur APMC,Wheat,Mill Quality,FAQ,2026-03-06,2110.0,2350.0,2350.0,19.57,Rs./Quintal,Metric Tonnes
Madhya Pradesh,Sehore,Shyampur APMC,Wheat,Wheat,FAQ,2026-03-06,2310.0,2310.0,2310.0,8.365,Rs./Quintal,Metric Tonnes
Madhya Pradesh,Sehore,Shyampur APMC,Wheat,Wheat Mix,FAQ,2026-03-06,2345.0,2405.0,2405.0,24.365000000000002,Rs./Quintal,Metric Tonnes
Madhya Pradesh,Sehore,Shyampur APMC,Wheat,Malwa Shakti,FAQ,2026-03-06,2280.0,2380.0,2380.0,23.395,Rs./Quintal,Metric Tonnes
Madhya Pradesh,Sidhi,Sidhi APMC,Wheat,Mill Quality,Non-FAQ,2026-03-06,2270.0,2300.0,2300.0,21.615000000000002,Rs./Quintal,Metric Tonnes
Madhya Pradesh,Raisen,Silvani APMC,Bengal Gram(Gram)(Whole),Gram,FAQ,2026-03-06,4940.0,5210.0,5210.0,1.85,Rs./Quintal,Metric Tonnes
Madhya Pradesh,Raisen,Silvani APMC,Lak(Teora),Tiwada,FAQ,2026-03-06,3015.0,3265.0,3175.0,12.120000000000001,Rs./Quintal,Metric Tonnes
Madhya Pradesh,Raisen,Silvani APMC,Lentil(Masur)(Whole),Masur Dal,FAQ,2026-03-06,5620.0,6300.0,6300.0,1.16,Rs./Quintal,Metric Tonnes
Madhya Pradesh,Raisen,Silvani APMC,Maize,Local,FAQ,2026-03-06,1380.0,1380.0,1380.0,0.1,Rs./Quintal,Metric Tonnes
Madhya Pradesh,Raisen,Silvani APMC,Paddy(Common),Basmati,FAQ,2026-03-06,3321.0,4005.0,4000.0,274.92600000000004,Rs./Quintal,Metric Tonnes
Madhya Pradesh,Raisen,Silvani APMC,Red gram/Arhar/Tur(whole),Arhar Dal(Tur),FAQ,2026-03-06,3300.0,7470.0,7470.0,1.0,Rs./Quintal,Metric Tonnes
Madhya Pradesh,Raisen,Silvani APMC,Wheat,Wheat,FAQ,2026-03-06,2100.0,2200.0,2200.0,1.31,Rs./Quintal,Metric Tonnes
Madhya Pradesh,Raisen,Silvani APMC,buttery,Buttery,FAQ,2026-03-06,4285.0,4285.0,4285.0,0.12,Rs./Quintal,Metric Tonnes
Madhya Pradesh,Harda,Sirali APMC,Bengal Gram(Gram)(Whole),Desi (F.A.Q. Split),FAQ,2026-03-06,4800.0,5199.0,5199.0,2.438,Rs./Quintal,Metric Tonnes
Madhya Pradesh,Harda,Sirali APMC,Bengal Gram(Gram)(Whole),Gram,FAQ,2026-03-06,5101.0,5180.0,5180.0,2.2030000000000003,Rs./Quintal,Metric Tonnes
Madhya Pradesh,Harda,Sirali APMC,Maize,Local,FAQ,2026-03-06,1200.0,1530.0,1530.0,34.406,Rs./Quintal,Metric Tonnes
Madhya Pradesh,Harda,Sirali APMC,Soyabean,Soyabeen,FAQ,2026-03-06,3500.0,5181.0,5181.0,9.194,Rs./Quintal,Metric Tonnes
Madhya Pradesh,Harda,Sirali APMC,Wheat,Mill Quality,FAQ,2026-03-06,2052.0,2460.0,2250.0,59.232000000000006,Rs./Quintal,Metric Tonnes
Madhya Pradesh,Harda,Sirali(F&V) APMC,Brinjal,Brinjal,Grade A,2026-03-06,1000.0,1000.0,1000.0,0.1,Rs./Quintal,Metric Tonnes
Madhya Pradesh,Harda,Sirali(F&V) APMC,Cauliflower,Cauliflower,Grade A,2026-03-06,1000.0,1000.0,1000.0,0.1,Rs./Quintal,Metric Tonnes
Madhya Pradesh,Vidisha,Sironj APMC,Bengal Gram(Gram)(Whole),Gram,FAQ,2026-03-06,4000.0,5154.0,5000.0,55.248000000000005,Rs./Quintal,Metric Tonnes
Madhya Pradesh,Vidisha,Sironj APMC,Lak(Teora),Tiwada,FAQ,2026-03-06,2700.0,3210.0,3172.0,88.775,Rs./Quintal,Metric Tonnes
Madhya Pradesh,Vidisha,Sironj APMC,Lentil(Masur)(Whole),Masur Dal,FAQ,2026-03-06,5000.0,7100.0,7100.0,13.862000000000002,Rs./Quintal,Metric Tonnes
Madhya Pradesh,Vidisha,Sironj APMC,Maize,Local,FAQ,2026-03-06,1400.0,1595.0,1530.0,51.595000000000006,Rs./Quintal,Metric Tonnes
Madhya Pradesh,Vidisha,Sironj APMC,Mustard,Mustard,FAQ,2026-03-06,5170.0,6100.0,5800.0,166.762,Rs./Quintal,Metric Tonnes
Madhya Pradesh,Vidisha,Sironj APMC,Soyabean,Soyabeen,FAQ,2026-03-06,4800.0,5395.0,5395.0,9.237,Rs./Quintal,Metric Tonnes
Madhya Pradesh,Vidisha,Sironj APMC,Wheat,Wheat,FAQ,2026-03-06,2000.0,2935.0,2700.0,96.416,Rs./Quintal,Metric Tonnes
Madhya Pradesh,Vidisha,Sironj APMC,Wheat,Sharbati,FAQ,2026-03-06,2915.0,3075.0,3075.0,10.870000000000001,Rs./Quintal,Metric Tonnes
Madhya Pradesh,Vidisha,Sironj APMC,buttery,Buttery,FAQ,2026-03-06,2700.0,4555.0,4555.0,54.06100000000001,Rs./Quintal,Metric Tonnes
Madhya Pradesh,Mandsaur,Sitmau APMC,Bengal Gram(Gram)(Whole),Gram,FAQ,2026-03-06,4441.0,4881.0,4850.0,10.492,Rs./Quintal,Metric Tonnes
Madhya Pradesh,Mandsaur,Sitmau APMC,Coriander(Leaves),Coriander,FAQ,2026-03-06,7500.0,9900.0,9700.0,2.0,Rs./Bundle,Bundle
Madhya Pradesh,Mandsaur,Sitmau APMC,Garlic,Garlic,FAQ,2026-03-06,2100.0,8800.0,7200.0,24.524,Rs./Quintal,Metric Tonnes
Madhya Pradesh,Mandsaur,Sitmau APMC,Lentil(Masur)(Whole),Masur Dal,FAQ,2026-03-06,4500.0,6426.0,6361.0,7.817,Rs./Quintal,Metric Tonnes
Madhya Pradesh,Mandsaur,Sitmau APMC,Linseed,Flaxseed,FAQ,2026-03-06,7400.0,7601.0,7601.0,0.526,Rs./Quintal,Metric Tonnes
Madhya Pradesh,Mandsaur,Sitmau APMC,Maize,Local,FAQ,2026-03-06,1361.0,1532.0,1361.0,1.17,Rs./Quintal,Metric Tonnes
Madhya Pradesh,Mandsaur,Sitmau APMC,Methi Seeds,Methiseeds,FAQ,2026-03-06,4800.0,5200.0,5200.0,0.894,Rs./Quintal,Metric Tonnes
Madhya Pradesh,Mandsaur,Sitmau APMC,Mustard,Mustard,FAQ,2026-03-06,5001.0,6890.0,6890.0,0.559,Rs./Quintal,Metric Tonnes
Madhya Pradesh,Mandsaur,Sitmau APMC,Mustard,Sarson(Black),FAQ,2026-03-06,5571.0,5721.0,5721.0,2.141,Rs./Quintal,Metric Tonnes
Madhya Pradesh,Mandsaur,Sitmau APMC,Soyabean,Yellow,FAQ,2026-03-06,2800.0,5200.0,4850.0,24.11,Rs./Quintal,Metric Tonnes
Madhya Pradesh,Mandsaur,Sitmau APMC,Wheat,Lokwan,FAQ,2026-03-06,2160.0,2296.0,2200.0,50.47200000000001,Rs./Quintal,Metric Tonnes
Madhya Pradesh,Mandsaur,Sitmau APMC,Wheat,Mill Quality,FAQ,2026-03-06,2136.0,2191.0,2181.0,26.594,Rs./Quintal,Metric Tonnes
Madhya Pradesh,Mandsaur,Sitmau APMC,Wheat,Wheat,FAQ,2026-03-06,1807.0,2360.0,2200.0,155.895,Rs./Quintal,Metric Tonnes
Madhya Pradesh,Dewas,Sonkatch APMC,Bengal Gram(Gram)(Whole),Chana Kabuli,FAQ,2026-03-06,6601.0,6601.0,6601.0,0.057999999999999996,Rs./Quintal,Metric Tonnes
Madhya Pradesh,Dewas,Sonkatch APMC,Bengal Gram(Gram)(Whole),Gram,FAQ,2026-03-06,4580.0,4890.0,4890.0,2.013,Rs./Quintal,Metric Tonnes
Madhya Pradesh,Dewas,Sonkatch APMC,Maize,Local,FAQ,2026-03-06,1531.0,1551.0,1551.0,1.6050000000000002,Rs./Quintal,Metric Tonnes
Madhya Pradesh,Dewas,Sonkatch APMC,Mustard,Mustard,FAQ,2026-03-06,4000.0,5870.0,5741.0,43.69200000000001,Rs./Quintal,Metric Tonnes
Madhya Pradesh,Dewas,Sonkatch APMC,Soyabean,Soyabeen,FAQ,2026-03-06,1900.0,5400.0,5400.0,28.094,Rs./Quintal,Metric Tonnes
Madhya Pradesh,Dewas,Sonkatch APMC,Wheat,Wheat,FAQ,2026-03-06,2100.0,2366.0,2100.0,79.06900000000002,Rs./Quintal,Metric Tonnes
Madhya Pradesh,Shajapur,Susner APMC,Barley(Jau),Barley,Non-FAQ,2026-03-06,1601.0,1900.0,1900.0,7.109999999999999,Rs./Quintal,Metric Tonnes
Madhya Pradesh,Shajapur,Susner APMC,Bengal Gram(Gram)(Whole),Gram,Non-FAQ,2026-03-06,3900.0,4660.0,4660.0,8.286,Rs./Quintal,Metric Tonnes
Madhya Pradesh,Shajapur,Susner APMC,Lentil(Masur)(Whole),Masur Dal,Non-FAQ,2026-03-06,4500.0,6581.0,6300.0,17.345,Rs./Quintal,Metric Tonnes
Madhya Pradesh,Shajapur,Susner APMC,Maize,Local,Non-FAQ,2026-03-06,1350.0,1350.0,1350.0,1.2800000000000002,Rs./Quintal,Metric Tonnes
Madhya Pradesh,Shajapur,Susner APMC,Mustard,Mustard,Non-FAQ,2026-03-06,5000.0,5870.0,5800.0,93.881,Rs./Quintal,Metric Tonnes
Madhya Pradesh,Shajapur,Susner APMC,Soyabean,Soyabeen,Non-FAQ,2026-03-06,5005.0,5005.0,5005.0,0.15500000000000003,Rs./Quintal,Metric Tonnes
Madhya Pradesh,Shajapur,Susner APMC,Wheat,Wheat,Non-FAQ,2026-03-06,1505.0,2216.0,2206.0,94.593,Rs./Quintal,Metric Tonnes
Madhya Pradesh,Shajapur,Susner APMC,Wheat,Local,Non-FAQ,2026-03-06,2200.0,2208.0,2208.0,3.04,Rs./Quintal,Metric Tonnes
Madhya Pradesh,Mandsaur,Suvasra APMC,Coriander(Leaves),Coriander,FAQ,2026-03-06,6500.0,6500.0,6500.0,1.2000000000000002,Rs./Bundle,Bundle
Madhya Pradesh,Mandsaur,Suvasra APMC,Methi Seeds,Methiseeds,FAQ,2026-03-06,4403.0,4403.0,4403.0,0.137,Rs./Quintal,Metric Tonnes
Madhya Pradesh,Mandsaur,Suvasra APMC,Mustard,Mustard,FAQ,2026-03-06,5796.0,5875.0,5796.0,4.046,Rs./Quintal,Metric Tonnes
Madhya Pradesh,Mandsaur,Suvasra APMC,Wheat,Wheat,Non-FAQ,2026-03-06,2147.0,2212.0,2206.0,156.598,Rs./Quintal,Metric Tonnes
Madhya Pradesh,Mandsaur,Suvasra APMC,Wheat,Mill Quality,Non-FAQ,2026-03-06,1925.0,2201.0,2201.0,40.462,Rs./Quintal,Metric Tonnes
Madhya Pradesh,Mandsaur,Suvasra APMC,Wheat,Mill Quality,FAQ,2026-03-06,1950.0,2231.0,2231.0,7.5200000000000005,Rs./Quintal,Metric Tonnes
Madhya Pradesh,Ratlam,Taal APMC,Wheat,Wheat,FAQ,2026-03-06,2011.0,2450.0,2400.0,88.363,Rs./Quintal,Metric Tonnes
Madhya Pradesh,Ratlam,Taal APMC,Wheat,Wheat,Non-FAQ,2026-03-06,2000.0,2200.0,2200.0,15.655000000000001,Rs./Quintal,Metric Tonnes
Madhya Pradesh,Ujjain,Tarana APMC,Bengal Gram(Gram)(Whole),Gram,FAQ,2026-03-06,4100.0,5286.0,5286.0,6.4879999999999995,Rs./Quintal,Metric Tonnes
Madhya Pradesh,Ujjain,Tarana APMC,Kabuli Chana(Chickpeas-White),Dollar Gram,FAQ,2026-03-06,4900.0,7201.0,7201.0,1.504,Rs./Quintal,Metric Tonnes
Madhya Pradesh,Ujjain,Tarana APMC,Lentil(Masur)(Whole),Masur Dal,FAQ,2026-03-06,5701.0,6500.0,6500.0,1.579,Rs./Quintal,Metric Tonnes
Madhya Pradesh,Ujjain,Tarana APMC,Mustard,Mustard,FAQ,2026-03-06,5000.0,5900.0,5875.0,11.663,Rs./Quintal,Metric Tonnes
Madhya Pradesh,Ujjain,Tarana APMC,Soyabean,Soyabeen,FAQ,2026-03-06,2666.0,5466.0,5100.0,166.203,Rs./Quintal,Metric Tonnes
Madhya Pradesh,Ujjain,Tarana APMC,Wheat,Wheat,FAQ,2026-03-06,1800.0,2351.0,2200.0,386.164,Rs./Quintal,Metric Tonnes
Madhya Pradesh,Ujjain,Tarana APMC,Wheat,Lokwan,FAQ,2026-03-06,2194.0,2336.0,2196.0,11.113,Rs./Quintal,Metric Tonnes
Madhya Pradesh,Narsinghpur,Tendukheda APMC,Lentil(Masur)(Whole),Masur Dal,FAQ,2026-03-06,5600.0,5961.0,5961.0,9.236,Rs./Quintal,Metric Tonnes
Madhya Pradesh,Narsinghpur,Tendukheda APMC,Paddy(Common),Paddy,FAQ,2026-03-06,3950.0,4100.0,4100.0,50.1,Rs./Quintal,Metric Tonnes
Madhya Pradesh,Narsinghpur,Tendukheda APMC,Wheat,Wheat,FAQ,2026-03-06,2125.0,2200.0,2200.0,18.2,Rs./Quintal,Metric Tonnes
Madhya Pradesh,Narsinghpur,Tendukheda APMC,buttery,Buttery,FAQ,2026-03-06,4411.0,4450.0,4450.0,9.3,Rs./Quintal,Metric Tonnes
Madhya Pradesh,Jhabua,Thandla APMC,Bengal Gram(Gram)(Whole),Gram,FAQ,2026-03-06,5150.0,5150.0,5150.0,20.0,Rs./Quintal,Metric Tonnes
Madhya Pradesh,Jhabua,Thandla APMC,Cotton,Without Ginned Cotton,FAQ,2026-03-06,7400.0,7600.0,7400.0,18.2,Rs./Quintal,Metric Tonnes
Madhya Pradesh,Jhabua,Thandla APMC,Soyabean,Yellow,FAQ,2026-03-06,5155.0,5200.0,5200.0,14.690000000000001,Rs./Quintal,Metric Tonnes
Madhya Pradesh,Jhabua,Thandla APMC,Wheat,Local,FAQ,2026-03-06,2000.0,2000.0,2000.0,1.55,Rs./Quintal,Metric Tonnes
Madhya Pradesh,Jhabua,Thandla APMC,Wheat,Mill Quality,FAQ,2026-03-06,2095.0,2105.0,2100.0,21.27,Rs./Quintal,Metric Tonnes
Madhya Pradesh,Jhabua,Thandla APMC,Wheat,Wheat,FAQ,2026-03-06,2150.0,2150.0,2150.0,1.069,Rs./Quintal,Metric Tonnes
Madhya Pradesh,Tikamgarh,Tikamgarh APMC,Barley(Jau),Barley,FAQ,2026-03-06,1875.0,2170.0,2100.0,24.032,Rs./Quintal,Metric Tonnes
Madhya Pradesh,Tikamgarh,Tikamgarh APMC,Mustard,Mustard,FAQ,2026-03-06,5600.0,6099.0,5900.0,71.392,Rs./Quintal,Metric Tonnes
Madhya Pradesh,Tikamgarh,Tikamgarh APMC,Paddy(Common),Paddy,FAQ,2026-03-06,1700.0,1800.0,1800.0,31.295,Rs./Quintal,Metric Tonnes
Madhya Pradesh,Tikamgarh,Tikamgarh APMC,Soyabean,Soyabeen,FAQ,2026-03-06,3900.0,5195.0,5125.0,47.285000000000004,Rs./Quintal,Metric Tonnes
Madhya Pradesh,Tikamgarh,Tikamgarh APMC,Wheat,Wheat,FAQ,2026-03-06,2160.0,2542.0,2300.0,455.58500000000004,Rs./Quintal,Metric Tonnes
Madhya Pradesh,Harda,Timarni APMC,Bengal Gram(Gram)(Whole),Gram,FAQ,2026-03-06,4001.0,5150.0,5000.0,13.711000000000002,Rs./Quintal,Metric Tonnes
Madhya Pradesh,Harda,Timarni APMC,Green Gram(Moong)(Whole),Green (Whole),FAQ,2026-03-06,3000.0,7500.0,7000.0,4.622,Rs./Quintal,Metric Tonnes
Madhya Pradesh,Harda,Timarni APMC,Maize,Local,FAQ,2026-03-06,1001.0,1627.0,1600.0,600.199,Rs./Quintal,Metric Tonnes
Madhya Pradesh,Harda,Timarni APMC,Mustard,Mustard,FAQ,2026-03-06,4563.0,5900.0,5376.0,23.469,Rs./Quintal,Metric Tonnes
Madhya Pradesh,Harda,Timarni APMC,Soyabean,Soyabeen,FAQ,2026-03-06,1501.0,5250.0,5250.0,11.678,Rs./Quintal,Metric Tonnes
Madhya Pradesh,Harda,Timarni APMC,Wheat,Wheat,FAQ,2026-03-06,1501.0,2290.0,2201.0,58.016,Rs./Quintal,Metric Tonnes
Madhya Pradesh,Harda,Timarni(F&V) APMC,Bottle gourd,Bottle Gourd,FAQ,2026-03-06,1000.0,1000.0,1000.0,0.074,Rs./Quintal,Metric Tonnes
Madhya Pradesh,Harda,Timarni(F&V) APMC,Brinjal,Other,FAQ,2026-03-06,1000.0,1000.0,1000.0,0.052000000000000005,Rs./Quintal,Metric Tonnes
Madhya Pradesh,Harda,Timarni(F&V) APMC,Cabbage,Other,FAQ,2026-03-06,1000.0,1000.0,1000.0,0.085,Rs./Quintal,Metric Tonnes
Madhya Pradesh,Harda,Timarni(F&V) APMC,Carrot,Carrot,FAQ,2026-03-06,1200.0,1200.0,1200.0,0.025,Rs./Quintal,Metric Tonnes
Madhya Pradesh,Harda,Timarni(F&V) APMC,Cauliflower,Other,FAQ,2026-03-06,2000.0,2000.0,2000.0,0.045000000000000005,Rs./Quintal,Metric Tonnes
Madhya Pradesh,Harda,Timarni(F&V) APMC,Cucumbar(Kheera),Cucumbar,FAQ,2026-03-06,1500.0,2000.0,1750.0,0.062,Rs./Quintal,Metric Tonnes
Madhya Pradesh,Harda,Timarni(F&V) APMC,Green Chilli,Green Chilly,FAQ,2026-03-06,5000.0,6000.0,5500.0,0.06999999999999999,Rs./Quintal,Metric Tonnes
Madhya Pradesh,Harda,Timarni(F&V) APMC,Peas Wet,Other,FAQ,2026-03-06,2000.0,2500.0,2250.0,0.06999999999999999,Rs./Quintal,Metric Tonnes
Madhya Pradesh,Harda,Timarni(F&V) APMC,Spinach,Other,FAQ,2026-03-06,2000.0,2000.0,2000.0,0.049,Rs./Quintal,Metric Tonnes
Madhya Pradesh,Harda,Timarni(F&V) APMC,Sponge gourd,Sponge gourd,FAQ,2026-03-06,3000.0,3500.0,3250.0,0.05600000000000001,Rs./Quintal,Metric Tonnes
Madhya Pradesh,Harda,Timarni(F&V) APMC,Tomato,Deshi,FAQ,2026-03-06,500.0,800.0,650.0,0.35000000000000003,Rs./Quintal,Metric Tonnes
Madhya Pradesh,Raisen,Udaipura APMC,Bengal Gram(Gram)(Whole),Desi (F.A.Q. Split),FAQ,2026-03-06,4400.0,5325.0,5170.0,21.07,Rs./Quintal,Metric Tonnes
Madhya Pradesh,Raisen,Udaipura APMC,Lak(Teora),Tiwada,FAQ,2026-03-06,2870.0,3245.0,3220.0,6.935,Rs./Quintal,Metric Tonnes
Madhya Pradesh,Raisen,Udaipura APMC,Lentil(Masur)(Whole),Masur Dal,FAQ,2026-03-06,5455.0,6245.0,6200.0,11.825000000000001,Rs./Quintal,Metric Tonnes
Madhya Pradesh,Raisen,Udaipura APMC,Paddy(Common),Paddy,FAQ,2026-03-06,3395.0,4080.0,4080.0,182.053,Rs./Quintal,Metric Tonnes
Madhya Pradesh,Raisen,Udaipura APMC,Paddy(Common),Dhan,FAQ,2026-03-06,4021.0,4021.0,4021.0,36.800000000000004,Rs./Quintal,Metric Tonnes
Madhya Pradesh,Raisen,Udaipura APMC,Red gram/Arhar/Tur(whole),Arhar Dal(Tur),FAQ,2026-03-06,4000.0,7780.0,7780.0,5.78,Rs./Quintal,Metric Tonnes
Madhya Pradesh,Raisen,Udaipura APMC,Wheat,Mill Quality,FAQ,2026-03-06,2115.0,2305.0,2195.0,11.595,Rs./Quintal,Metric Tonnes
Madhya Pradesh,Raisen,Udaipura APMC,buttery,Buttery,FAQ,2026-03-06,3800.0,4465.0,4455.0,7.800000000000001,Rs./Quintal,Metric Tonnes
Madhya Pradesh,Ujjain,Ujjain APMC,Bengal Gram(Gram)(Whole),Gram,FAQ,2026-03-06,4451.0,5201.0,4451.0,1.62,Rs./Quintal,Metric Tonnes
Madhya Pradesh,Ujjain,Ujjain APMC,Coriander(Leaves),Coriander,FAQ,2026-03-06,8200.0,8200.0,8200.0,0.022000000000000002,Rs./Bundle,Bundle
Madhya Pradesh,Ujjain,Ujjain APMC,Garlic,Garlic,FAQ,2026-03-06,550.0,8401.0,3100.0,194.39700000000002,Rs./Quintal,Metric Tonnes
Madhya Pradesh,Ujjain,Ujjain APMC,Green Peas,Pea,FAQ,2026-03-06,3571.0,3970.0,3970.0,0.512,Rs./Quintal,Metric Tonnes
Madhya Pradesh,Ujjain,Ujjain APMC,Kabuli Chana(Chickpeas-White),Dollar Gram,FAQ,2026-03-06,4499.0,7811.0,7811.0,6.684000000000001,Rs./Quintal,Metric Tonnes
Madhya Pradesh,Ujjain,Ujjain APMC,Mustard,Mustard,FAQ,2026-03-06,4700.0,5685.0,5685.0,5.102,Rs./Quintal,Metric Tonnes
Madhya Pradesh,Ujjain,Ujjain APMC,Onion,Onion,FAQ,2026-03-06,180.0,1100.0,1100.0,25.883,Rs./Quintal,Metric Tonnes
Madhya Pradesh,Ujjain,Ujjain APMC,Onion,Onion,Non-FAQ,2026-03-06,276.94,1175.06,1175.06,14.042,Rs./Quintal,Metric Tonnes
Madhya Pradesh,Ujjain,Ujjain APMC,Potato,Potato,Non-FAQ,2026-03-06,113.48,711.0,400.0,192.622,Rs./Quintal,Metric Tonnes
Madhya Pradesh,Ujjain,Ujjain APMC,Potato,Potato,FAQ,2026-03-06,100.0,779.56,300.0,310.038,Rs./Quintal,Metric Tonnes
Madhya Pradesh,Ujjain,Ujjain APMC,Soyabean,Soyabeen,FAQ,2026-03-06,805.0,5605.0,5325.0,215.352,Rs./Quintal,Metric Tonnes
Madhya Pradesh,Ujjain,Ujjain APMC,Wheat,Wheat,FAQ,2026-03-06,1800.0,2700.0,2200.0,1130.897,Rs./Quintal,Metric Tonnes
Madhya Pradesh,Ujjain,Ujjain(F&V) APMC,Bhindi(Ladies Finger),Bhindi,Medium,2026-03-06,837.0,1169.0,1030.91,1.13,Rs./Quintal,Metric Tonnes
Madhya Pradesh,Ujjain,Ujjain(F&V) APMC,Bottle gourd,Bottle Gourd,Medium,2026-03-06,849.0,849.0,849.0,0.53,Rs./Quintal,Metric Tonnes
Madhya Pradesh,Ujjain,Ujjain(F&V) APMC,Brinjal,Brinjal,Medium,2026-03-06,1073.0,1073.0,1073.0,0.41,Rs./Quintal,Metric Tonnes
Madhya Pradesh,Ujjain,Ujjain(F&V) APMC,Cabbage,Cabbage,Medium,2026-03-06,1159.0,1159.0,1159.0,0.5,Rs./Quintal,Metric Tonnes
Madhya Pradesh,Ujjain,Ujjain(F&V) APMC,Capsicum,Capsicum,Medium,2026-03-06,1726.0,1726.0,1726.0,0.5,Rs./Quintal,Metric Tonnes
Madhya Pradesh,Ujjain,Ujjain(F&V) APMC,Cauliflower,Cauliflower,Medium,2026-03-06,817.0,817.0,817.0,0.42,Rs./Quintal,Metric Tonnes
Madhya Pradesh,Ujjain,Ujjain(F&V) APMC,Ginger(Green),Green Ginger,Medium,2026-03-06,2078.0,2078.0,2078.0,0.4,Rs./Quintal,Metric Tonnes
Madhya Pradesh,Ujjain,Ujjain(F&V) APMC,Grapes,Green,Medium,2026-03-06,3000.0,3000.0,3000.0,0.11,Rs./Quintal,Metric Tonnes
Madhya Pradesh,Ujjain,Ujjain(F&V) APMC,Green Chilli,Green Chilly,Medium,2026-03-06,2054.0,2054.0,2054.0,0.57,Rs./Quintal,Metric Tonnes
Madhya Pradesh,Ujjain,Ujjain(F&V) APMC,Methi(Leaves),Methi,Medium,2026-03-06,608.0,608.0,608.0,0.4,Rs./Quintal,Metric Tonnes
Madhya Pradesh,Ujjain,Ujjain(F&V) APMC,Orange,Orange,Medium,2026-03-06,2500.0,2500.0,2500.0,3.14,Rs./Quintal,Metric Tonnes
Madhya Pradesh,Ujjain,Ujjain(F&V) APMC,Peas Wet,Peas Wet,Medium,2026-03-06,972.0,972.0,972.0,0.36,Rs./Quintal,Metric Tonnes
Madhya Pradesh,Ujjain,Ujjain(F&V) APMC,Spinach,Spinach,Medium,2026-03-06,729.0,729.0,729.0,0.3,Rs./Quintal,Metric Tonnes
Madhya Pradesh,Ujjain,Ujjain(F&V) APMC,Tinda,Tinda,Medium,2026-03-06,1437.0,1437.0,1437.0,0.41,Rs./Quintal,Metric Tonnes
Madhya Pradesh,Ujjain,Ujjain(F&V) APMC,Tomato,Hybrid,Medium,2026-03-06,1026.0,1026.0,1026.0,1.52,Rs./Quintal,Metric Tonnes
Madhya Pradesh,Umariya,Umariya APMC,Soyabean,Soyabeen,Non-FAQ,2026-03-06,5000.0,5025.0,5025.0,11.675,Rs./Quintal,Metric Tonnes
Madhya Pradesh,Umariya,Umariya APMC,Wheat,Wheat,Non-FAQ,2026-03-06,2290.0,2300.0,2300.0,27.425,Rs./Quintal,Metric Tonnes
Madhya Pradesh,Umariya,Umariya APMC,Wheat,Local,Non-FAQ,2026-03-06,2250.0,2250.0,2250.0,21.3,Rs./Quintal,Metric Tonnes
Madhya Pradesh,Umariya,Umariya APMC,Wheat,Mill Quality,Non-FAQ,2026-03-06,2275.0,2275.0,2275.0,6.1000000000000005,Rs./Quintal,Metric Tonnes
Madhya Pradesh,Ujjain,Unhel APMC,Bengal Gram(Gram)(Whole),Gram,FAQ,2026-03-06,4901.0,4901.0,4901.0,0.242,Rs./Quintal,Metric Tonnes
Madhya Pradesh,Ujjain,Unhel APMC,Soyabean,Soyabeen,FAQ,2026-03-06,3725.0,5650.0,5353.0,71.062,Rs./Quintal,Metric Tonnes
Madhya Pradesh,Ujjain,Unhel APMC,Tamarind Fruit,Tamarind,FAQ,2026-03-06,5150.0,6605.0,6605.0,25.365000000000002,Rs./Quintal,Metric Tonnes
Madhya Pradesh,Ujjain,Unhel APMC,Wheat,Wheat,FAQ,2026-03-06,1890.0,2425.0,2191.0,169.479,Rs./Quintal,Metric Tonnes
Madhya Pradesh,Vidisha,Vidisha APMC,Bengal Gram(Gram)(Whole),Gram,FAQ,2026-03-06,3440.0,5351.0,5000.0,13.329,Rs./Quintal,Metric Tonnes
Madhya Pradesh,Vidisha,Vidisha APMC,Lak(Teora),Tiwada,FAQ,2026-03-06,3000.0,3315.0,3315.0,5.176,Rs./Quintal,Metric Tonnes
Madhya Pradesh,Vidisha,Vidisha APMC,Lentil(Masur)(Whole),Masur Dal,FAQ,2026-03-06,4401.0,6997.0,6100.0,22.724000000000004,Rs./Quintal,Metric Tonnes
Madhya Pradesh,Vidisha,Vidisha APMC,Maize,Local,FAQ,2026-03-06,1343.0,1343.0,1343.0,4.348,Rs./Quintal,Metric Tonnes
Madhya Pradesh,Vidisha,Vidisha APMC,Mustard,Mustard,FAQ,2026-03-06,5120.0,5700.0,5700.0,0.9720000000000001,Rs./Quintal,Metric Tonnes
Madhya Pradesh,Vidisha,Vidisha APMC,Paddy(Common),Paddy,FAQ,2026-03-06,2001.0,4161.0,3972.0,193.731,Rs./Quintal,Metric Tonnes
Madhya Pradesh,Vidisha,Vidisha APMC,Paddy(Common),Red,FAQ,2026-03-06,3240.0,3240.0,3240.0,0.845,Rs./Quintal,Metric Tonnes
Madhya Pradesh,Vidisha,Vidisha APMC,Soyabean,Soyabeen,FAQ,2026-03-06,3440.0,5373.0,5340.0,30.294,Rs./Quintal,Metric Tonnes
Madhya Pradesh,Vidisha,Vidisha APMC,Wheat,Sharbati,FAQ,2026-03-06,2700.0,2941.0,2941.0,15.041,Rs./Quintal,Metric Tonnes
Madhya Pradesh,Vidisha,Vidisha APMC,Wheat,Wheat,FAQ,2026-03-06,1900.0,3212.0,2200.0,291.689,Rs./Quintal,Metric Tonnes
Madhya Pradesh,Vidisha,Vidisha APMC,Wheat,Mill Quality,FAQ,2026-03-06,2122.0,2122.0,2122.0,0.828,Rs./Quintal,Metric Tonnes
Madhya Pradesh,Sheopur,Vijaypur APMC,Mustard,Mustard,Non-FAQ,2026-03-06,6101.0,6101.0,6101.0,3.18,Rs./Quintal,Metric Tonnes
Madhya Pradesh,Sheopur,Vijaypur APMC,Mustard,Mustard,FAQ,2026-03-06,5610.0,6335.0,6300.0,378.916,Rs./Quintal,Metric Tonnes
Madhya Pradesh,Sheopur,Vijaypur APMC,Wheat,Mill Quality,Non-FAQ,2026-03-06,2200.0,2220.0,2200.0,33.655,Rs./Quintal,Metric Tonnes
Madhya Pradesh,Ratlam,A lot APMC,Bengal Gram(Gram)(Whole),Gram,FAQ,2026-03-07,4440.0,4835.0,4835.0,5.046,Rs./Quintal,Metric Tonnes
Madhya Pradesh,Ratlam,A lot APMC,Coriander(Leaves),Coriander,FAQ,2026-03-07,8701.0,8831.0,8831.0,0.13999999999999999,Rs./Bundle,Bundle
Madhya Pradesh,Ratlam,A lot APMC,Garlic,Garlic,FAQ,2026-03-07,500.0,9001.0,5000.0,44.77,Rs./Quintal,Metric Tonnes
Madhya Pradesh,Ratlam,A lot APMC,Maize,Local,FAQ,2026-03-07,1390.0,1390.0,1390.0,0.2,Rs./Quintal,Metric Tonnes
Madhya Pradesh,Ratlam,A lot APMC,Mustard,Mustard,FAQ,2026-03-07,5360.0,5762.0,5701.0,2.5060000000000002,Rs./Quintal,Metric Tonnes
Madhya Pradesh,Ratlam,A lot APMC,Onion,Onion,FAQ,2026-03-07,651.0,902.0,902.0,2.093,Rs./Quintal,Metric Tonnes
Madhya Pradesh,Ratlam,A lot APMC,Soyabean,Soyabeen,FAQ,2026-03-07,4130.0,5355.0,5346.0,26.086000000000002,Rs./Quintal,Metric Tonnes
Madhya Pradesh,Ratlam,A lot APMC,Wheat,Wheat,Non-FAQ,2026-03-07,2090.0,2090.0,2090.0,1.8690000000000002,Rs./Quintal,Metric Tonnes
Madhya Pradesh,Ratlam,A lot APMC,Wheat,Wheat,FAQ,2026-03-07,1850.0,2263.0,2217.0,156.293,Rs./Quintal,Metric Tonnes
Madhya Pradesh,Chhindwara,APMC Sausar,Cotton,H4,Local,2026-03-07,7400.0,7960.0,7650.0,60.877,Rs./Quintal,Metric Tonnes
Madhya Pradesh,Shajapur,Agar APMC,Asalia,Asalia,FAQ,2026-03-07,4560.0,5960.0,5960.0,5.8870000000000005,Rs./Quintal,Metric Tonnes
Madhya Pradesh,Shajapur,Agar APMC,Bengal Gram(Gram)(Whole),Gram,Non-FAQ,2026-03-07,3825.0,3825.0,3825.0,1.441,Rs./Quintal,Metric Tonnes
Madhya Pradesh,Shajapur,Agar APMC,Bengal Gram(Gram)(Whole),Gram,FAQ,2026-03-07,2200.0,4951.0,4951.0,9.626000000000001,Rs./Quintal,Metric Tonnes
Madhya Pradesh,Shajapur,Agar APMC,Coriander(Leaves),Coriander,FAQ,2026-03-07,3900.0,10000.0,9000.0,24.875,Rs./Bundle,Bundle
Madhya Pradesh,Shajapur,Agar APMC,Kabuli Chana(Chickpeas-White),Dollar Gram,FAQ,2026-03-07,7305.0,7305.0,7305.0,0.5630000000000001,Rs./Quintal,Metric Tonnes
Madhya Pradesh,Shajapur,Agar APMC,Lentil(Masur)(Whole),Masur Dal,Non-FAQ,2026-03-07,5701.0,6641.0,6301.0,3.362,Rs./Quintal,Metric Tonnes
Madhya Pradesh,Shajapur,Agar APMC,Lentil(Masur)(Whole),Masur Dal,FAQ,2026-03-07,4800.0,6970.0,6000.0,86.123,Rs./Quintal,Metric Tonnes
Madhya Pradesh,Shajapur,Agar APMC,Linseed,Flaxseed,FAQ,2026-03-07,7001.0,7131.0,7131.0,0.307,Rs./Quintal,Metric Tonnes
Madhya Pradesh,Shajapur,Agar APMC,Mustard,Mustard,FAQ,2026-03-07,3050.0,6150.0,5895.0,223.115,Rs./Quintal,Metric Tonnes
Madhya Pradesh,Shajapur,Agar APMC,Soyabean,Soyabeen,FAQ,2026-03-07,1900.0,5550.0,5491.0,72.052,Rs./Quintal,Metric Tonnes
Madhya Pradesh,Shajapur,Agar APMC,Wheat,Wheat,Non-FAQ,2026-03-07,2025.0,2140.0,2140.0,17.784000000000002,Rs./Quintal,Metric Tonnes
Madhya Pradesh,Shajapur,Agar APMC,Wheat,Wheat,FAQ,2026-03-07,1600.0,2360.0,2250.0,460.65000000000003,Rs./Quintal,Metric Tonnes
Madhya Pradesh,Panna,Ajaygarh APMC,Green Peas,Pea,FAQ,2026-03-07,3700.0,3800.0,3800.0,4.13,Rs./Quintal,Metric Tonnes
Madhya Pradesh,Panna,Ajaygarh APMC,Mustard,Mustard,FAQ,2026-03-07,6000.0,6000.0,6000.0,11.101,Rs./Quintal,Metric Tonnes
Madhya Pradesh,Panna,Ajaygarh APMC,Wheat,Mill Quality,FAQ,2026-03-07,2300.0,2310.0,2300.0,15.580000000000002,Rs./Quintal,Metric Tonnes
Madhya Pradesh,Bhind,Alampur APMC,Paddy(Common),Paddy,Non-FAQ,2026-03-07,4200.0,4200.0,4200.0,35.0,Rs./Quintal,Metric Tonnes
Madhya Pradesh,Alirajpur,Alirajpur APMC,Wheat,Wheat,FAQ,2026-03-07,1999.0,1999.0,1999.0,10.0,Rs./Quintal,Metric Tonnes
Madhya Pradesh,Chhindwara,Amarwda APMC,Maize,Local,Non-FAQ,2026-03-07,1501.0,1578.0,1535.0,195.20000000000002,Rs./Quintal,Metric Tonnes
Madhya Pradesh,Chhindwara,Amarwda APMC,Maize,Yellow,FAQ,2026-03-07,1490.0,1650.0,1551.0,603.9,Rs./Quintal,Metric Tonnes
Madhya Pradesh,Chhindwara,Amarwda APMC,Maize,Local,FAQ,2026-03-07,1500.0,1700.0,1650.0,328.20000000000005,Rs./Quintal,Metric Tonnes
Madhya Pradesh,Chhindwara,Amarwda APMC,Maize,Yellow,Non-FAQ,2026-03-07,1650.0,1650.0,1650.0,2.696,Rs./Quintal,Metric Tonnes
Madhya Pradesh,Chhindwara,Amarwda APMC,Paddy(Common),Paddy,FAQ,2026-03-07,1650.0,1650.0,1650.0,21.0,Rs./Quintal,Metric Tonnes
Madhya Pradesh,Badwani,Anjad APMC,Kabuli Chana(Chickpeas-White),Double Dollar Chana,FAQ,2026-03-07,7250.0,7300.0,7300.0,4.375,Rs./Quintal,Metric Tonnes
Madhya Pradesh,Badwani,Anjad APMC,Kabuli Chana(Chickpeas-White),Dollar Gram,FAQ,2026-03-07,7300.0,7300.0,7300.0,2.5,Rs./Quintal,Metric Tonnes
Madhya Pradesh,Badwani,Anjad APMC,Maize,Yellow,Non-FAQ,2026-03-07,1200.0,1200.0,1200.0,15.0,Rs./Quintal,Metric Tonnes
Madhya Pradesh,Badwani,Anjad APMC,Maize,Local,FAQ,2026-03-07,1331.0,1331.0,1331.0,4.5200000000000005,Rs./Quintal,Metric Tonnes
Madhya Pradesh,Badwani,Anjad APMC,Maize,Yellow,FAQ,2026-03-07,1290.0,1490.0,1490.0,43.38,Rs./Quintal,Metric Tonnes
Madhya Pradesh,Badwani,Anjad APMC,Wheat,Wheat,FAQ,2026-03-07,2000.0,2225.0,2200.0,53.85,Rs./Quintal,Metric Tonnes
Madhya Pradesh,Badwani,Anjad APMC,Wheat,Wheat,Non-FAQ,2026-03-07,2200.0,2200.0,2200.0,10.115000000000002,Rs./Quintal,Metric Tonnes
Madhya Pradesh,Anupur,Anuppur(F&V) APMC,Bottle gourd,Bottle Gourd,FAQ,2026-03-07,950.0,950.0,950.0,4.0,Rs./Quintal,Metric Tonnes
Madhya Pradesh,Guna,Aron APMC,Bengal Gram(Gram)(Whole),Gram,FAQ,2026-03-07,5000.0,5090.0,5090.0,3.08,Rs./Quintal,Metric Tonnes
Madhya Pradesh,Guna,Aron APMC,Coriander(Leaves),Coriander,FAQ,2026-03-07,7705.0,9590.0,9590.0,3.849,Rs./Bundle,Bundle
Madhya Pradesh,Guna,Aron APMC,Lak(Teora),Tiwada,FAQ,2026-03-07,2955.0,3095.0,3095.0,7.237000000000001,Rs./Quintal,Metric Tonnes
Madhya Pradesh,Guna,Aron APMC,Lentil(Masur)(Whole),Masur Dal,FAQ,2026-03-07,5786.0,5880.0,5805.0,18.525000000000002,Rs./Quintal,Metric Tonnes
Madhya Pradesh,Guna,Aron APMC,Maize,Local,FAQ,2026-03-07,1400.0,1656.0,1621.0,106.105,Rs./Quintal,Metric Tonnes
Madhya Pradesh,Guna,Aron APMC,Mustard,Mustard,FAQ,2026-03-07,5285.0,6010.0,5995.0,27.368000000000002,Rs./Quintal,Metric Tonnes
Madhya Pradesh,Guna,Aron APMC,Soyabean,Soyabeen,FAQ,2026-03-07,4510.0,5190.0,5190.0,5.699000000000001,Rs./Quintal,Metric Tonnes
Madhya Pradesh,Guna,Aron APMC,Wheat,Wheat,FAQ,2026-03-07,2050.0,2200.0,2200.0,1.37,Rs./Quintal,Metric Tonnes
Madhya Pradesh,Ashoknagar,Ashoknagar APMC,Bengal Gram(Gram)(Whole),Gram,FAQ,2026-03-07,3505.0,5080.0,5080.0,8.087000000000002,Rs./Quintal,Metric Tonnes
Madhya Pradesh,Ashoknagar,Ashoknagar APMC,Coriander(Leaves),Coriander,FAQ,2026-03-07,7800.0,9650.0,9650.0,7.688,Rs./Bundle,Bundle
Madhya Pradesh,Ashoknagar,Ashoknagar APMC,Green Peas,Pea,FAQ,2026-03-07,3360.0,3780.0,3780.0,30.441000000000003,Rs./Quintal,Metric Tonnes
Madhya Pradesh,Ashoknagar,Ashoknagar APMC,Lak(Teora),Tiwada,FAQ,2026-03-07,2865.0,3185.0,3100.0,22.11,Rs./Quintal,Metric Tonnes
Madhya Pradesh,Ashoknagar,Ashoknagar APMC,Lentil(Masur)(Whole),Masur Dal,FAQ,2026-03-07,5100.0,6290.0,5700.0,77.155,Rs./Quintal,Metric Tonnes
Madhya Pradesh,Ashoknagar,Ashoknagar APMC,Maize,Local,FAQ,2026-03-07,1440.0,1680.0,1495.0,102.555,Rs./Quintal,Metric Tonnes
Madhya Pradesh,Ashoknagar,Ashoknagar APMC,Maize,Local,Non-FAQ,2026-03-07,1675.0,1681.0,1675.0,21.0,Rs./Quintal,Metric Tonnes
Madhya Pradesh,Ashoknagar,Ashoknagar APMC,Mustard,Mustard,FAQ,2026-03-07,5250.0,6190.0,5900.0,369.648,Rs./Quintal,Metric Tonnes
Madhya Pradesh,Ashoknagar,Ashoknagar APMC,Paddy(Common),Dhan,FAQ,2026-03-07,1250.0,3835.0,3835.0,8.738,Rs./Quintal,Metric Tonnes
Madhya Pradesh,Ashoknagar,Ashoknagar APMC,Soyabean,Soyabeen,FAQ,2026-03-07,3850.0,5456.0,5231.0,151.034,Rs./Quintal,Metric Tonnes
Madhya Pradesh,Ashoknagar,Ashoknagar APMC,Wheat,Wheat,FAQ,2026-03-07,1700.0,3225.0,3200.0,144.644,Rs./Quintal,Metric Tonnes
Madhya Pradesh,Ashoknagar,Ashoknagar APMC,buttery,Buttery,FAQ,2026-03-07,3160.0,4700.0,4400.0,93.087,Rs./Quintal,Metric Tonnes
Madhya Pradesh,Hoshangabad,Babai APMC,Wheat,Mill Quality,Non-FAQ,2026-03-07,2175.0,2250.0,2200.0,51.400000000000006,Rs./Quintal,Metric Tonnes
Madhya Pradesh,Chhatarpur,Badamalhera APMC,Mustard,Mustard,Non-FAQ,2026-03-07,5550.0,5700.0,5700.0,26.310000000000002,Rs./Quintal,Metric Tonnes
Madhya Pradesh,Chhatarpur,Badamalhera APMC,Soyabean,Soyabeen,FAQ,2026-03-07,4850.0,5240.0,5140.0,159.82000000000002,Rs./Quintal,Metric Tonnes
Madhya Pradesh,Chhatarpur,Badamalhera APMC,Wheat,Mill Quality,Non-FAQ,2026-03-07,2220.0,2250.0,2250.0,47.800000000000004,Rs./Quintal,Metric Tonnes
Madhya Pradesh,Shivpuri,Badarwas APMC,Bengal Gram(Gram)(Whole),Gram,Non-FAQ,2026-03-07,4645.0,5060.0,5060.0,12.995,Rs./Quintal,Metric Tonnes
Madhya Pradesh,Shivpuri,Badarwas APMC,Lentil(Masur)(Whole),Masur Dal,Non-FAQ,2026-03-07,4975.0,5870.0,5640.0,177.71900000000002,Rs./Quintal,Metric Tonnes
Madhya Pradesh,Shivpuri,Badarwas APMC,Lentil(Masur)(Whole),Masur Dal,FAQ,2026-03-07,5380.0,6045.0,5630.0,97.855,Rs./Quintal,Metric Tonnes
Madhya Pradesh,Shivpuri,Badarwas APMC,Maize,Local,Non-FAQ,2026-03-07,1100.0,1625.0,1560.0,52.748000000000005,Rs./Quintal,Metric Tonnes
Madhya Pradesh,Shivpuri,Badarwas APMC,Maize,Local,FAQ,2026-03-07,1300.0,1585.0,1585.0,26.260000000000005,Rs./Quintal,Metric Tonnes
Madhya Pradesh,Shivpuri,Badarwas APMC,Mustard,Mustard,Non-FAQ,2026-03-07,5500.0,6185.0,6120.0,361.90100000000007,Rs./Quintal,Metric Tonnes
Madhya Pradesh,Shivpuri,Badarwas APMC,Mustard,Mustard,FAQ,2026-03-07,5500.0,6150.0,6050.0,51.705,Rs./Quintal,Metric Tonnes
Madhya Pradesh,Shivpuri,Badarwas APMC,Soyabean,Soyabeen,Non-FAQ,2026-03-07,3655.0,4660.0,4660.0,2.4600000000000004,Rs./Quintal,Metric Tonnes
Madhya Pradesh,Shivpuri,Badarwas APMC,Soyabean,Soyabeen,FAQ,2026-03-07,4500.0,4500.0,4500.0,1.0550000000000002,Rs./Quintal,Metric Tonnes
Madhya Pradesh,Shivpuri,Badarwas APMC,Wheat,Wheat,Non-FAQ,2026-03-07,1775.0,2465.0,2400.0,14.933000000000002,Rs./Quintal,Metric Tonnes
Madhya Pradesh,Ujjain,Badnagar APMC,Bengal Gram(Gram)(Whole),Gram,FAQ,2026-03-07,4500.0,5800.0,5800.0,7.756,Rs./Quintal,Metric Tonnes
Madhya Pradesh,Ujjain,Badnagar APMC,Bengal Gram(Gram)(Whole),Chana Kabuli,FAQ,2026-03-07,5400.0,5400.0,5400.0,25.0,Rs./Quintal,Metric Tonnes
Madhya Pradesh,Ujjain,Badnagar APMC,Garlic,Garlic,FAQ,2026-03-07,900.0,4500.0,4500.0,3.6390000000000002,Rs./Quintal,Metric Tonnes
Madhya Pradesh,Ujjain,Badnagar APMC,Green Peas,Pea,FAQ,2026-03-07,1511.0,4775.0,3000.0,83.70700000000001,Rs./Quintal,Metric Tonnes
Madhya Pradesh,Ujjain,Badnagar APMC,Kabuli Chana(Chickpeas-White),Dollar Gram,FAQ,2026-03-07,3000.0,8401.0,8401.0,7.659000000000001,Rs./Quintal,Metric Tonnes
Madhya Pradesh,Ujjain,Badnagar APMC,Lentil(Masur)(Whole),Masur Dal,FAQ,2026-03-07,4900.0,5900.0,5900.0,3.063,Rs./Quintal,Metric Tonnes
Madhya Pradesh,Ujjain,Badnagar APMC,Pea Pod/Pea Cod/हरी मटर,Pea,FAQ,2026-03-07,3100.0,3100.0,3100.0,0.6950000000000001,Rs./Quintal,Metric Tonnes
Madhya Pradesh,Ujjain,Badnagar APMC,Soyabean,Yellow,FAQ,2026-03-07,2000.0,6401.0,5350.0,417.91800000000006,Rs./Quintal,Metric Tonnes
Madhya Pradesh,Ujjain,Badnagar APMC,Wheat,Wheat,FAQ,2026-03-07,1300.0,2535.0,2257.0,100.897,Rs./Quintal,Metric Tonnes
Madhya Pradesh,Dhar,Badnawar APMC,Bengal Gram(Gram)(Whole),Desi (F.A.Q. Split),FAQ,2026-03-07,4205.0,4895.0,4895.0,1.336,Rs./Quintal,Metric Tonnes
Madhya Pradesh,Dhar,Badnawar APMC,Bengal Gram(Gram)(Whole),Gram,FAQ,2026-03-07,4205.0,4755.0,4755.0,0.6970000000000001,Rs./Quintal,Metric Tonnes
Madhya Pradesh,Dhar,Badnawar APMC,Cotton,Without Ginned Cotton,FAQ,2026-03-07,7770.0,7770.0,7770.0,14.969999999999999,Rs./Quintal,Metric Tonnes
Madhya Pradesh,Dhar,Badnawar APMC,Garlic,Desi,FAQ,2026-03-07,2560.0,2725.0,2725.0,15.352000000000002,Rs./Quintal,Metric Tonnes
Madhya Pradesh,Dhar,Badnawar APMC,Garlic,Garlic,FAQ,2026-03-07,1120.0,6000.0,2500.0,537.6310000000001,Rs./Quintal,Metric Tonnes
Madhya Pradesh,Dhar,Badnawar APMC,Green Peas,Pea,FAQ,2026-03-07,2685.0,3040.0,3040.0,1.986,Rs./Quintal,Metric Tonnes
Madhya Pradesh,Dhar,Badnawar APMC,Kabuli Chana(Chickpeas-White),Dollar Gram,FAQ,2026-03-07,4695.0,6705.0,6705.0,0.597,Rs./Quintal,Metric Tonnes
Madhya Pradesh,Dhar,Badnawar APMC,Maize,Local,FAQ,2026-03-07,1565.0,1745.0,1745.0,23.217,Rs./Quintal,Metric Tonnes
Madhya Pradesh,Dhar,Badnawar APMC,Soyabean,Yellow,FAQ,2026-03-07,3700.0,5735.0,5300.0,365.386,Rs./Quintal,Metric Tonnes
Madhya Pradesh,Dhar,Badnawar APMC,Soyabean,Soyabeen,FAQ,2026-03-07,5098.0,5400.0,5400.0,9.63,Rs./Quintal,Metric Tonnes
Madhya Pradesh,Dhar,Badnawar APMC,Wheat,Wheat,FAQ,2026-03-07,1680.0,2830.0,2260.0,802.5770000000001,Rs./Quintal,Metric Tonnes
Madhya Pradesh,Dhar,Badnawar APMC,Wheat,Lokwan,FAQ,2026-03-07,2600.0,2650.0,2625.0,50.800000000000004,Rs./Quintal,Metric Tonnes
Madhya Pradesh,Dhar,Badnawar(F&V) APMC,Garlic,Garlic,Local,2026-03-07,2500.0,2500.0,2500.0,856.4,Rs./Quintal,Metric Tonnes
Madhya Pradesh,Dhar,Badnawar(F&V) APMC,Onion,Onion,Local,2026-03-07,500.0,500.0,500.0,0.1,Rs./Quintal,Metric Tonnes
Madhya Pradesh,Shajapur,Badod APMC,Maize,Local,FAQ,2026-03-07,1820.0,1850.0,1850.0,31.163,Rs./Quintal,Metric Tonnes
Madhya Pradesh,Shajapur,Badod APMC,Mustard,Mustard,Non-FAQ,2026-03-07,5676.0,5830.0,5750.0,8.309000000000001,Rs./Quintal,Metric Tonnes
Madhya Pradesh,Shajapur,Badod APMC,Mustard,Mustard,FAQ,2026-03-07,5490.0,5750.0,5750.0,2.4030000000000005,Rs./Quintal,Metric Tonnes
Madhya Pradesh,Shajapur,Badod APMC,Soyabean,Soyabeen,Non-FAQ,2026-03-07,4976.0,5199.0,5199.0,2.7140000000000004,Rs./Quintal,Metric Tonnes
Madhya Pradesh,Shajapur,Badod APMC,Wheat,Wheat,Non-FAQ,2026-03-07,1700.0,2369.0,2220.0,143.028,Rs./Quintal,Metric Tonnes
Madhya Pradesh,Shajapur,Badod APMC,Wheat,Wheat,FAQ,2026-03-07,1819.0,2240.0,2226.0,57.598000000000006,Rs./Quintal,Metric Tonnes
Madhya Pradesh,Khandwa,Badwah(F&V) APMC,Bhindi(Ladies Finger),Bhindi,Grade A,2026-03-07,800.0,2000.0,2000.0,0.30000000000000004,Rs./Quintal,Metric Tonnes
Madhya Pradesh,Khandwa,Badwah(F&V) APMC,Bitter gourd,Bitter Gourd,Grade A,2026-03-07,2500.0,4000.0,3000.0,0.2,Rs./Quintal,Metric Tonnes
Madhya Pradesh,Khandwa,Badwah(F&V) APMC,Bottle gourd,Bottle Gourd,Grade A,2026-03-07,700.0,1200.0,1000.0,0.30000000000000004,Rs./Quintal,Metric Tonnes
Madhya Pradesh,Khandwa,Badwah(F&V) APMC,Brinjal,Other,Grade A,2026-03-07,700.0,1200.0,1000.0,0.30000000000000004,Rs./Quintal,Metric Tonnes
Madhya Pradesh,Khandwa,Badwah(F&V) APMC,Cabbage,Cabbage,Grade A,2026-03-07,500.0,1200.0,1000.0,0.30000000000000004,Rs./Quintal,Metric Tonnes
Madhya Pradesh,Khandwa,Badwah(F&V) APMC,Cauliflower,Cauliflower,Grade A,2026-03-07,600.0,2000.0,1500.0,0.1,Rs./Quintal,Metric Tonnes
Madhya Pradesh,Khandwa,Badwah(F&V) APMC,Cucumbar(Kheera),Cucumbar,Grade A,2026-03-07,1200.0,2500.0,2000.0,0.2,Rs./Quintal,Metric Tonnes
Madhya Pradesh,Khandwa,Badwah(F&V) APMC,Garlic,Average,FAQ,2026-03-07,9000.0,13000.0,11000.0,0.1,Rs./Quintal,Metric Tonnes
Madhya Pradesh,Khandwa,Badwah(F&V) APMC,Ginger(Green),Green Ginger,Grade A,2026-03-07,4500.0,7000.0,6000.0,0.1,Rs./Quintal,Metric Tonnes
Madhya Pradesh,Khandwa,Badwah(F&V) APMC,Green Chilli,Green Chilly,Grade A,2026-03-07,3500.0,7000.0,5000.0,0.1,Rs./Quintal,Metric Tonnes
Madhya Pradesh,Khandwa,Badwah(F&V) APMC,Onion,1st Sort,Grade A,2026-03-07,1200.0,1800.0,1500.0,0.7000000000000001,Rs./Quintal,Metric Tonnes
Madhya Pradesh,Khandwa,Badwah(F&V) APMC,Pumpkin,Other,Grade A,2026-03-07,1500.0,2800.0,2500.0,0.30000000000000004,Rs./Quintal,Metric Tonnes
Madhya Pradesh,Khandwa,Badwah(F&V) APMC,Spinach,Organic,Grade A,2026-03-07,900.0,1500.0,1000.0,0.30000000000000004,Rs./Quintal,Metric Tonnes
Madhya Pradesh,Khandwa,Badwah(F&V) APMC,Sponge gourd,Sponge gourd,Grade A,2026-03-07,1600.0,2200.0,2000.0,0.2,Rs./Quintal,Metric Tonnes
Madhya Pradesh,Khandwa,Badwah(F&V) APMC,Tomato,Deshi,Grade A,2026-03-07,900.0,2000.0,1500.0,0.6000000000000001,Rs./Quintal,Metric Tonnes
Madhya Pradesh,Khargone,Badwaha APMC,Bengal Gram(Gram)(Whole),Gram,FAQ,2026-03-07,4700.0,5035.0,5035.0,1.99,Rs./Quintal,Metric Tonnes
Madhya Pradesh,Khargone,Badwaha APMC,Cotton,Without Ginned Cotton,Non-FAQ,2026-03-07,4475.0,4625.0,4625.0,19.885,Rs./Quintal,Metric Tonnes
Madhya Pradesh,Khargone,Badwaha APMC,Cotton,Without Ginned Cotton,FAQ,2026-03-07,2850.0,7380.0,6700.0,37.882,Rs./Quintal,Metric Tonnes
Madhya Pradesh,Khargone,Badwaha APMC,Kabuli Chana(Chickpeas-White),Dollar Gram,FAQ,2026-03-07,7190.0,7190.0,7190.0,1.6800000000000002,Rs./Quintal,Metric Tonnes
Madhya Pradesh,Khargone,Badwaha APMC,Maize,Local,FAQ,2026-03-07,690.0,1500.0,1500.0,45.775000000000006,Rs./Quintal,Metric Tonnes
Madhya Pradesh,Khargone,Badwaha APMC,Red gram/Arhar/Tur(whole),Arhar Dal(Tur),FAQ,2026-03-07,5380.0,5380.0,5380.0,0.09300000000000001,Rs./Quintal,Metric Tonnes
Madhya Pradesh,Khargone,Badwaha APMC,Soyabean,Soyabeen,FAQ,2026-03-07,4850.0,4850.0,4850.0,0.07800000000000001,Rs./Quintal,Metric Tonnes
Madhya Pradesh,Khargone,Badwaha APMC,Wheat,Wheat,FAQ,2026-03-07,2001.0,2420.0,2270.0,175.29600000000002,Rs./Quintal,Metric Tonnes
Madhya Pradesh,Badwani,Badwani APMC,Kabuli Chana(Chickpeas-White),Dollar Gram,FAQ,2026-03-07,6850.0,7200.0,7200.0,20.340000000000003,Rs./Quintal,Metric Tonnes
Madhya Pradesh,Badwani,Badwani APMC,Wheat,Lokwan,FAQ,2026-03-07,2150.0,2150.0,2150.0,13.830000000000002,Rs./Quintal,Metric Tonnes
Madhya Pradesh,Badwani,Badwani(F&V) APMC,Bhindi(Ladies Finger),Bhindi,Local,2026-03-07,1200.0,1200.0,1200.0,0.409,Rs./Quintal,Metric Tonnes
Madhya Pradesh,Badwani,Badwani(F&V) APMC,Bottle gourd,Bottle Gourd,Local,2026-03-07,900.0,900.0,900.0,0.535,Rs./Quintal,Metric Tonnes
Madhya Pradesh,Badwani,Badwani(F&V) APMC,Cabbage,Cabbage,Local,2026-03-07,800.0,800.0,800.0,0.811,Rs./Quintal,Metric Tonnes
Madhya Pradesh,Badwani,Badwani(F&V) APMC,Carrot,Carrot,Local,2026-03-07,1500.0,1500.0,1500.0,0.546,Rs./Quintal,Metric Tonnes
Madhya Pradesh,Badwani,Badwani(F&V) APMC,Cauliflower,Cauliflower,Local,2026-03-07,1100.0,1100.0,1100.0,0.713,Rs./Quintal,Metric Tonnes
Madhya Pradesh,Badwani,Badwani(F&V) APMC,Cucumbar(Kheera),Cucumbar,Local,2026-03-07,1000.0,1000.0,1000.0,0.652,Rs./Quintal,Metric Tonnes
Madhya Pradesh,Badwani,Badwani(F&V) APMC,Green Chilli,Green Chilly,Local,2026-03-07,3200.0,3200.0,3200.0,0.322,Rs./Quintal,Metric Tonnes
Madhya Pradesh,Badwani,Badwani(F&V) APMC,Sponge gourd,Sponge gourd,Local,2026-03-07,1500.0,1500.0,1500.0,0.517,Rs./Quintal,Metric Tonnes
Madhya Pradesh,Badwani,Badwani(F&V) APMC,Tomato,Tomato,Local,2026-03-07,1000.0,1000.0,1000.0,0.638,Rs./Quintal,Metric Tonnes
Madhya Pradesh,Dewas,Bagli APMC,Bengal Gram(Gram)(Whole),Gram,Non-FAQ,2026-03-07,4900.0,5126.0,5126.0,1.348,Rs./Quintal,Metric Tonnes
Madhya Pradesh,Dewas,Bagli APMC,Red gram/Arhar/Tur(whole),Arhar Dal(Tur),Non-FAQ,2026-03-07,6600.0,7411.0,7411.0,0.22999999999999998,Rs./Quintal,Metric Tonnes
Madhya Pradesh,Dewas,Bagli APMC,Wheat,Mill Quality,Non-FAQ,2026-03-07,2150.0,2775.0,2267.0,42.38,Rs./Quintal,Metric Tonnes
Madhya Pradesh,Rewa,Baikunthpur APMC,Mustard,Mustard,FAQ,2026-03-07,5675.0,5675.0,5675.0,3.3200000000000003,Rs./Quintal,Metric Tonnes
Madhya Pradesh,Chhatarpur,Bakswaha APMC,Soyabean,Yellow,Non-FAQ,2026-03-07,4500.0,4700.0,4700.0,8.0,Rs./Quintal,Metric Tonnes
Madhya Pradesh,Chhatarpur,Bakswaha APMC,Soyabean,Soyabeen,Non-FAQ,2026-03-07,4000.0,4000.0,4000.0,5.0,Rs./Quintal,Metric Tonnes
Madhya Pradesh,Sehore,Baktara APMC,Paddy(Common),Basmati,FAQ,2026-03-07,3711.0,4341.0,4341.0,177.55,Rs./Quintal,Metric Tonnes
Madhya Pradesh,Sehore,Baktara APMC,Paddy(Common),Basmati,Non-FAQ,2026-03-07,3901.0,3901.0,3901.0,4.960000000000001,Rs./Quintal,Metric Tonnes
Madhya Pradesh,Balaghat,Balaghat APMC,Paddy(Common),Paddy,FAQ,2026-03-07,1675.0,2260.0,2260.0,30.295,Rs./Quintal,Metric Tonnes
Madhya Pradesh,Badwani,Balwadi APMC,Maize,Local,FAQ,2026-03-07,1250.0,1250.0,1250.0,6.3500000000000005,Rs./Quintal,Metric Tonnes
Madhya Pradesh,Badwani,Balwadi APMC,Wheat,Wheat,FAQ,2026-03-07,2150.0,2150.0,2150.0,3.725,Rs./Quintal,Metric Tonnes
Madhya Pradesh,Hoshangabad,Banapura APMC,Bengal Gram(Gram)(Whole),Desi (F.A.Q. Split),FAQ,2026-03-07,4200.0,4800.0,4800.0,6.0600000000000005,Rs./Quintal,Metric Tonnes
Madhya Pradesh,Hoshangabad,Banapura APMC,Green Gram(Moong)(Whole),Green (Whole),Non-FAQ,2026-03-07,7500.0,7800.0,7800.0,41.47,Rs./Quintal,Metric Tonnes
Madhya Pradesh,Hoshangabad,Banapura APMC,Green Gram(Moong)(Whole),Green (Whole),FAQ,2026-03-07,2281.0,6200.0,6200.0,1.0150000000000001,Rs./Quintal,Metric Tonnes
Madhya Pradesh,Hoshangabad,Banapura APMC,Kabuli Chana(Chickpeas-White),Russian,FAQ,2026-03-07,4000.0,4805.0,4805.0,3.99,Rs./Quintal,Metric Tonnes
Madhya Pradesh,Hoshangabad,Banapura APMC,Maize,Local,FAQ,2026-03-07,1571.0,1580.0,1580.0,11.535,Rs./Quintal,Metric Tonnes
Madhya Pradesh,Hoshangabad,Banapura APMC,Maize,Yellow,FAQ,2026-03-07,1301.0,1650.0,1580.0,1119.09,Rs./Quintal,Metric Tonnes
Madhya Pradesh,Hoshangabad,Banapura APMC,Maize,Yellow,Non-FAQ,2026-03-07,1259.0,1259.0,1259.0,38.85,Rs./Quintal,Metric Tonnes
Madhya Pradesh,Hoshangabad,Banapura APMC,Soyabean,Yellow,FAQ,2026-03-07,4301.0,5504.0,5504.0,3.965,Rs./Quintal,Metric Tonnes
Madhya Pradesh,Hoshangabad,Banapura APMC,Wheat,Local,Non-FAQ,2026-03-07,2325.0,2380.0,2380.0,41.2,Rs./Quintal,Metric Tonnes
Madhya Pradesh,Hoshangabad,Banapura APMC,Wheat,Local,FAQ,2026-03-07,2125.0,2300.0,2285.0,122.21500000000002,Rs./Quintal,Metric Tonnes
Madhya Pradesh,Sagar,Banda APMC,Maize,Local,Non-FAQ,2026-03-07,1500.0,1510.0,1510.0,35.800000000000004,Rs./Quintal,Metric Tonnes
Madhya Pradesh,Sagar,Banda APMC,Soyabean,Soyabeen,Non-FAQ,2026-03-07,4800.0,4850.0,4810.0,29.010000000000005,Rs./Quintal,Metric Tonnes
Madhya Pradesh,Shivpuri,Barad APMC,Bengal Gram(Gram)(Whole),Gram,FAQ,2026-03-07,5000.0,5290.0,5290.0,2.1170000000000004,Rs./Quintal,Metric Tonnes
Madhya Pradesh,Shivpuri,Barad APMC,Groundnut,Big (With Shell),FAQ,2026-03-07,6805.0,6805.0,6805.0,0.17600000000000002,Rs./Quintal,Metric Tonnes
Madhya Pradesh,Shivpuri,Barad APMC,Mustard,Mustard,Non-FAQ,2026-03-07,5950.0,5950.0,5950.0,3.125,Rs./Quintal,Metric Tonnes
Madhya Pradesh,Shivpuri,Barad APMC,Mustard,Mustard,FAQ,2026-03-07,5725.0,6511.0,6400.0,536.527,Rs./Quintal,Metric Tonnes
Madhya Pradesh,Shivpuri,Barad APMC,Soyabean,Soyabeen,FAQ,2026-03-07,5266.0,5399.0,5399.0,3.7810000000000006,Rs./Quintal,Metric Tonnes
Madhya Pradesh,Shivpuri,Barad APMC,Wheat,Wheat,FAQ,2026-03-07,2251.0,2251.0,2251.0,4.28,Rs./Quintal,Metric Tonnes
Madhya Pradesh,Raisen,Bareli APMC,Bengal Gram(Gram)(Whole),Gram,FAQ,2026-03-07,4700.0,5350.0,5300.0,9.13,Rs./Quintal,Metric Tonnes
Madhya Pradesh,Raisen,Bareli APMC,Lak(Teora),Tiwada,FAQ,2026-03-07,2990.0,2992.0,2992.0,2.5,Rs./Quintal,Metric Tonnes
Madhya Pradesh,Raisen,Bareli APMC,Paddy(Common),Paddy,FAQ,2026-03-07,2955.0,4155.0,4050.0,120.29700000000001,Rs./Quintal,Metric Tonnes
Madhya Pradesh,Raisen,Bareli APMC,Paddy(Common),Puspa (MR 301),FAQ,2026-03-07,3841.0,4200.0,4045.0,146.475,Rs./Quintal,Metric Tonnes
Madhya Pradesh,Raisen,Bareli APMC,Paddy(Common),Basmati,FAQ,2026-03-07,3800.0,4261.0,4200.0,116.93,Rs./Quintal,Metric Tonnes
Madhya Pradesh,Raisen,Bareli APMC,Red gram/Arhar/Tur(whole),Arhar Dal(Tur),FAQ,2026-03-07,7280.0,7790.0,7790.0,1.5150000000000001,Rs./Quintal,Metric Tonnes
Madhya Pradesh,Khargone,Bedia APMC,Chili Red,Red,FAQ,2026-03-07,8000.0,22000.0,18000.0,122.64300000000001,Rs./Quintal,Metric Tonnes
Madhya Pradesh,Raisen,Begamganj APMC,Bengal Gram(Gram)(Whole),Gram,Non-FAQ,2026-03-07,4525.0,5135.0,5010.0,26.584,Rs./Quintal,Metric Tonnes
Madhya Pradesh,Raisen,Begamganj APMC,Lentil(Masur)(Whole),Masur Dal,Non-FAQ,2026-03-07,5325.0,6740.0,5890.0,21.330000000000002,Rs./Quintal,Metric Tonnes
Madhya Pradesh,Raisen,Begamganj APMC,Mustard,Mustard,Non-FAQ,2026-03-07,5560.0,5570.0,5570.0,0.26,Rs./Quintal,Metric Tonnes
Madhya Pradesh,Raisen,Begamganj APMC,Mustard,Sarson(Black),Non-FAQ,2026-03-07,5825.0,5825.0,5825.0,0.163,Rs./Quintal,Metric Tonnes
Madhya Pradesh,Raisen,Begamganj APMC,Paddy(Common),Dhan,Non-FAQ,2026-03-07,4510.0,4560.0,4560.0,17.224,Rs./Quintal,Metric Tonnes
Madhya Pradesh,Raisen,Begamganj APMC,Paddy(Common),Puspa (MR 301),Non-FAQ,2026-03-07,4535.0,4600.0,4600.0,29.389,Rs./Quintal,Metric Tonnes
Madhya Pradesh,Raisen,Begamganj APMC,Red gram/Arhar/Tur(whole),Arhar Dal(Tur),Non-FAQ,2026-03-07,7410.0,7410.0,7410.0,0.2,Rs./Quintal,Metric Tonnes
Madhya Pradesh,Raisen,Begamganj APMC,Soyabean,Soyabeen,Non-FAQ,2026-03-07,4850.0,5200.0,5200.0,3.3240000000000003,Rs./Quintal,Metric Tonnes
Madhya Pradesh,Raisen,Begamganj APMC,Wheat,Wheat,FAQ,2026-03-07,2250.0,2250.0,2250.0,4.5,Rs./Quintal,Metric Tonnes
Madhya Pradesh,Raisen,Begamganj APMC,Wheat,Wheat,Non-FAQ,2026-03-07,2155.0,2395.0,2200.0,47.629000000000005,Rs./Quintal,Metric Tonnes
Madhya Pradesh,Raisen,Begamganj APMC,buttery,Buttery,FAQ,2026-03-07,3700.0,3700.0,3700.0,0.22599999999999998,Rs./Quintal,Metric Tonnes
Madhya Pradesh,Shehdol,Beohari APMC,Mahua,Mahua Flower,FAQ,2026-03-07,3900.0,3900.0,3900.0,3.1500000000000004,Rs./Quintal,Metric Tonnes
Madhya Pradesh,Shehdol,Beohari APMC,Wheat,Wheat,FAQ,2026-03-07,2201.0,2221.0,2221.0,32.6,Rs./Quintal,Metric Tonnes
Madhya Pradesh,Bhopal,Berasia APMC,Bengal Gram(Gram)(Whole),Gram,FAQ,2026-03-07,4000.0,4980.0,4980.0,10.191,Rs./Quintal,Metric Tonnes
Madhya Pradesh,Bhopal,Berasia APMC,Lentil(Masur)(Whole),Masur Dal,FAQ,2026-03-07,6005.0,6005.0,6005.0,0.031,Rs./Quintal,Metric Tonnes
Madhya Pradesh,Bhopal,Berasia APMC,Mustard,Mustard,FAQ,2026-03-07,4800.0,5945.0,5775.0,45.137,Rs./Quintal,Metric Tonnes
Madhya Pradesh,Bhopal,Berasia APMC,Paddy(Common),Paddy,FAQ,2026-03-07,3200.0,3300.0,3300.0,29.92,Rs./Quintal,Metric Tonnes
Madhya Pradesh,Bhopal,Berasia APMC,Red gram/Arhar/Tur(whole),Arhar Dal(Tur),FAQ,2026-03-07,5550.0,5550.0,5550.0,0.044000000000000004,Rs./Quintal,Metric Tonnes
Madhya Pradesh,Bhopal,Berasia APMC,Soyabean,Soyabeen,FAQ,2026-03-07,4350.0,5410.0,5410.0,12.435,Rs./Quintal,Metric Tonnes
Madhya Pradesh,Bhopal,Berasia APMC,Soyabean,Yellow,FAQ,2026-03-07,3700.0,5405.0,5375.0,54.026,Rs./Quintal,Metric Tonnes
Madhya Pradesh,Bhopal,Berasia APMC,Wheat,Mill Quality,FAQ,2026-03-07,2172.0,2393.0,2200.0,15.934000000000001,Rs./Quintal,Metric Tonnes
Madhya Pradesh,Bhopal,Berasia APMC,Wheat,Wheat,FAQ,2026-03-07,1700.0,2586.0,2265.0,73.447,Rs./Quintal,Metric Tonnes
Madhya Pradesh,Betul,Betul APMC,Gur(Jaggery),Jaggery,FAQ,2026-03-07,3495.0,3800.0,3498.0,153.4,Rs./Quintal,Metric Tonnes
Madhya Pradesh,Betul,Betul APMC,Maize,Deshi Red,FAQ,2026-03-07,1001.0,1810.0,1585.0,1642.08,Rs./Quintal,Metric Tonnes
Madhya Pradesh,Betul,Betul APMC,Maize,Local,FAQ,2026-03-07,1480.0,1630.0,1600.0,207.20000000000002,Rs./Quintal,Metric Tonnes
Madhya Pradesh,Betul,Betul APMC,Maize,Local,Non-FAQ,2026-03-07,1450.0,1450.0,1450.0,10.0,Rs./Quintal,Metric Tonnes
Madhya Pradesh,Betul,Betul APMC,Maize,Yellow,FAQ,2026-03-07,1400.0,1400.0,1400.0,98.0,Rs./Quintal,Metric Tonnes
Madhya Pradesh,Betul,Betul APMC,Mustard,Mustard,Non-FAQ,2026-03-07,5300.0,5800.0,5800.0,3.325,Rs./Quintal,Metric Tonnes
Madhya Pradesh,Betul,Betul APMC,Red gram/Arhar/Tur(whole),Arhar Dal(Tur),FAQ,2026-03-07,7001.0,7801.0,7801.0,0.91,Rs./Quintal,Metric Tonnes
Madhya Pradesh,Betul,Betul APMC,Soyabean,Soyabeen,FAQ,2026-03-07,4320.0,5422.0,4911.0,88.775,Rs./Quintal,Metric Tonnes
Madhya Pradesh,Betul,Betul APMC,Wheat,Local,FAQ,2026-03-07,2307.0,2390.0,2390.0,58.980999999999995,Rs./Quintal,Metric Tonnes
Madhya Pradesh,Betul,Betul APMC,Wheat,Mill Quality,FAQ,2026-03-07,2050.0,2415.0,2380.0,210.291,Rs./Quintal,Metric Tonnes
Madhya Pradesh,Betul,Bhensdehi APMC,Maize,Local,FAQ,2026-03-07,1430.0,1610.0,1610.0,43.113,Rs./Quintal,Metric Tonnes
Madhya Pradesh,Betul,Bhensdehi APMC,Maize,Local,Non-FAQ,2026-03-07,1469.0,1642.0,1501.0,39.874,Rs./Quintal,Metric Tonnes
Madhya Pradesh,Khargone,Bhikangaon APMC,Bengal Gram(Gram)(Whole),Gram,FAQ,2026-03-07,4960.0,4960.0,4960.0,1.55,Rs./Quintal,Metric Tonnes
Madhya Pradesh,Khargone,Bhikangaon APMC,Wheat,Mill Quality,FAQ,2026-03-07,2175.0,2250.0,2250.0,13.700000000000001,Rs./Quintal,Metric Tonnes
Madhya Pradesh,Khargone,Bhikangaon APMC,Wheat,Wheat,FAQ,2026-03-07,2250.0,2250.0,2250.0,7.955,Rs./Quintal,Metric Tonnes
Madhya Pradesh,Bhind,Bhind APMC,Bajra(Pearl Millet/Cumbu),Millet,Non-FAQ,2026-03-07,1715.0,2260.0,1740.0,67.5,Rs./Quintal,Metric Tonnes
Madhya Pradesh,Bhind,Bhind APMC,Mustard,Mustard,FAQ,2026-03-07,6095.0,6675.0,6675.0,13.200000000000001,Rs./Quintal,Metric Tonnes
Madhya Pradesh,Bhind,Bhind APMC,Wheat,Wheat,Non-FAQ,2026-03-07,2176.0,2279.0,2275.0,21.1,Rs./Quintal,Metric Tonnes
Madhya Pradesh,Bhopal,Bhopal APMC,Bengal Gram(Gram)(Whole),Gram,FAQ,2026-03-07,4848.0,5000.0,5000.0,2.256,Rs./Quintal,Metric Tonnes
Madhya Pradesh,Bhopal,Bhopal APMC,Garlic,Garlic,FAQ,2026-03-07,800.0,12300.0,3500.0,143.802,Rs./Quintal,Metric Tonnes
Madhya Pradesh,Bhopal,Bhopal APMC,Gond,Gond,FAQ,2026-03-07,16082.5,16082.5,16082.5,56.0,Rs./Quintal,Metric Tonnes
Madhya Pradesh,Bhopal,Bhopal APMC,Lak(Teora),Tiwada,FAQ,2026-03-07,3070.0,3070.0,3070.0,1.012,Rs./Quintal,Metric Tonnes
Madhya Pradesh,Bhopal,Bhopal APMC,Maize,Local,FAQ,2026-03-07,1600.0,1600.0,1600.0,0.907,Rs./Quintal,Metric Tonnes
Madhya Pradesh,Bhopal,Bhopal APMC,Paddy(Common),Dhan,FAQ,2026-03-07,3884.0,4200.0,4000.0,196.389,Rs./Quintal,Metric Tonnes
Madhya Pradesh,Bhopal,Bhopal APMC,Soyabean,Soyabeen,FAQ,2026-03-07,5285.0,5285.0,5285.0,0.11499999999999999,Rs./Quintal,Metric Tonnes
Madhya Pradesh,Bhopal,Bhopal APMC,Wheat,Wheat,FAQ,2026-03-07,1950.0,2711.0,2450.0,68.526,Rs./Quintal,Metric Tonnes
Madhya Pradesh,Rajgarh,Biaora APMC,Bengal Gram(Gram)(Whole),Gram,FAQ,2026-03-07,4350.0,4875.0,4875.0,6.117000000000001,Rs./Quintal,Metric Tonnes
Madhya Pradesh,Rajgarh,Biaora APMC,Coriander(Leaves),Coriander,FAQ,2026-03-07,3000.0,10910.0,10000.0,128.86800000000002,Rs./Bundle,Bundle
Madhya Pradesh,Rajgarh,Biaora APMC,Lentil(Masur)(Whole),Kala Masoor New,FAQ,2026-03-07,6115.0,6115.0,6115.0,1.348,Rs./Quintal,Metric Tonnes
Madhya Pradesh,Rajgarh,Biaora APMC,Lentil(Masur)(Whole),Masur Dal,FAQ,2026-03-07,5050.0,6600.0,6300.0,41.54900000000001,Rs./Quintal,Metric Tonnes
Madhya Pradesh,Rajgarh,Biaora APMC,Mustard,Mustard,Non-FAQ,2026-03-07,5450.0,5450.0,5450.0,1.654,Rs./Quintal,Metric Tonnes
Madhya Pradesh,Rajgarh,Biaora APMC,Mustard,Mustard,FAQ,2026-03-07,5155.0,5960.0,5600.0,425.4270000000001,Rs./Quintal,Metric Tonnes
Madhya Pradesh,Rajgarh,Biaora APMC,Soyabean,Soyabeen,FAQ,2026-03-07,3905.0,5405.0,5265.0,12.847999999999999,Rs./Quintal,Metric Tonnes
Madhya Pradesh,Rajgarh,Biaora APMC,Wheat,Wheat,FAQ,2026-03-07,2000.0,2400.0,2210.0,242.64000000000001,Rs./Quintal,Metric Tonnes
Madhya Pradesh,Chhatarpur,Bijawar APMC,Mustard,Yellow (Black),Non-FAQ,2026-03-07,5910.0,5910.0,5910.0,3.3000000000000003,Rs./Quintal,Metric Tonnes
Madhya Pradesh,Chhatarpur,Bijawar APMC,Mustard,Sarson(Black),FAQ,2026-03-07,6050.0,6120.0,6120.0,16.947,Rs./Quintal,Metric Tonnes
Madhya Pradesh,Chhatarpur,Bijawar APMC,Mustard,Mustard,FAQ,2026-03-07,5980.0,6100.0,6025.0,26.397000000000006,Rs./Quintal,Metric Tonnes
Madhya Pradesh,Chhatarpur,Bijawar APMC,Wheat,Mill Quality,FAQ,2026-03-07,2300.0,2325.0,2325.0,25.0,Rs./Quintal,Metric Tonnes
Madhya Pradesh,Shehdol,Budhar APMC,Wheat,Mill Quality,Non-FAQ,2026-03-07,2200.0,2200.0,2200.0,6.0,Rs./Quintal,Metric Tonnes
Madhya Pradesh,Burhanpur,Burhanpur APMC,Bengal Gram(Gram)(Whole),Chana Kabuli,FAQ,2026-03-07,7000.0,7000.0,7000.0,15.05,Rs./Quintal,Metric Tonnes
Madhya Pradesh,Burhanpur,Burhanpur APMC,Bengal Gram(Gram)(Whole),Gram,FAQ,2026-03-07,4855.0,4900.0,4900.0,23.450000000000003,Rs./Quintal,Metric Tonnes
Madhya Pradesh,Burhanpur,Burhanpur APMC,Cotton,Medium Fiber,FAQ,2026-03-07,6250.0,7000.0,6500.0,27.066000000000003,Rs./Quintal,Metric Tonnes
Madhya Pradesh,Burhanpur,Burhanpur APMC,Soyabean,Soyabeen,FAQ,2026-03-07,4500.0,4500.0,4500.0,3.6,Rs./Quintal,Metric Tonnes
Madhya Pradesh,Rewa,Chaakghat APMC,Wheat,Mill Quality,FAQ,2026-03-07,2425.0,2425.0,2425.0,16.0,Rs./Quintal,Metric Tonnes
Madhya Pradesh,Ashoknagar,Chanderi APMC,Barley(Jau),Barley,Non-FAQ,2026-03-07,1939.0,1939.0,1939.0,2.6,Rs./Quintal,Metric Tonnes
Madhya Pradesh,Ashoknagar,Chanderi APMC,Maize,Local,Non-FAQ,2026-03-07,1530.0,1553.0,1553.0,8.441,Rs./Quintal,Metric Tonnes
Madhya Pradesh,Ashoknagar,Chanderi APMC,Mustard,Mustard,Non-FAQ,2026-03-07,5300.0,6145.0,5930.0,32.792,Rs./Quintal,Metric Tonnes
Madhya Pradesh,Ashoknagar,Chanderi APMC,Wheat,Wheat,Non-FAQ,2026-03-07,2100.0,2100.0,2100.0,0.7410000000000001,Rs./Quintal,Metric Tonnes
Madhya Pradesh,Chhatarpur,Chattarpur(F&V) APMC,Capsicum,Other,Grade B,2026-03-07,1500.0,1500.0,1500.0,0.7,Rs./Quintal,Metric Tonnes
Madhya Pradesh,Chhatarpur,Chattarpur(F&V) APMC,Carrot,Other,Grade B,2026-03-07,1500.0,1500.0,1500.0,0.7,Rs./Quintal,Metric Tonnes
Madhya Pradesh,Chhatarpur,Chattarpur(F&V) APMC,Cucumbar(Kheera),Other,Grade B,2026-03-07,1600.0,1600.0,1600.0,1.0,Rs./Quintal,Metric Tonnes
Madhya Pradesh,Chhatarpur,Chattarpur(F&V) APMC,Tomato,Other,Grade B,2026-03-07,400.0,400.0,400.0,2.5,Rs./Quintal,Metric Tonnes
Madhya Pradesh,Chhindwara,Chaurai APMC,Maize,Local,FAQ,2026-03-07,1580.0,1650.0,1650.0,125.0,Rs./Quintal,Metric Tonnes
Madhya Pradesh,Chhindwara,Chaurai APMC,Maize,Yellow,FAQ,2026-03-07,1590.0,1695.0,1695.0,22.55,Rs./Quintal,Metric Tonnes
Madhya Pradesh,Chhindwara,Chaurai APMC,Wheat,Wheat,FAQ,2026-03-07,2300.0,2300.0,2300.0,25.5,Rs./Quintal,Metric Tonnes
Madhya Pradesh,Rajgarh,Chhapiheda APMC,Lentil(Masur)(Whole),Masur Dal,FAQ,2026-03-07,6450.0,6550.0,6550.0,2.7300000000000004,Rs./Quintal,Metric Tonnes
Madhya Pradesh,Rajgarh,Chhapiheda APMC,Mustard,Mustard,FAQ,2026-03-07,5575.0,5795.0,5795.0,3.0890000000000004,Rs./Quintal,Metric Tonnes
Madhya Pradesh,Rajgarh,Chhapiheda APMC,Wheat,Wheat,FAQ,2026-03-07,2065.0,2475.0,2196.0,19.222,Rs./Quintal,Metric Tonnes
Madhya Pradesh,Chhatarpur,Chhatarpur APMC,Barley(Jau),Deshi,Non-FAQ,2026-03-07,2021.0,2021.0,2021.0,9.03,Rs./Quintal,Metric Tonnes
Madhya Pradesh,Chhatarpur,Chhatarpur APMC,Mustard,Mustard,FAQ,2026-03-07,5750.0,5840.0,5800.0,12.725000000000001,Rs./Quintal,Metric Tonnes
Madhya Pradesh,Chhatarpur,Chhatarpur APMC,Wheat,Mill Quality,Non-FAQ,2026-03-07,2300.0,2305.0,2300.0,58.900000000000006,Rs./Quintal,Metric Tonnes
Madhya Pradesh,Chhatarpur,Chhatarpur APMC,Wheat,Wheat,Non-FAQ,2026-03-07,2205.0,2215.0,2215.0,17.3,Rs./Quintal,Metric Tonnes
Madhya Pradesh,Chhatarpur,Chhatarpur APMC,Wheat,Wheat,FAQ,2026-03-07,2200.0,2220.0,2220.0,26.8,Rs./Quintal,Metric Tonnes
Madhya Pradesh,Chhindwara,Chhindwara APMC,Gur(Jaggery),Jaggery,FAQ,2026-03-07,3600.0,3610.0,3610.0,20.073,Rs./Quintal,Metric Tonnes
Madhya Pradesh,Chhindwara,Chhindwara APMC,Maize,Yellow,Non-FAQ,2026-03-07,1650.0,1695.0,1680.0,183.10000000000002,Rs./Quintal,Metric Tonnes
Madhya Pradesh,Chhindwara,Chhindwara APMC,Maize,Deshi Red,FAQ,2026-03-07,1551.0,1621.0,1621.0,47.5,Rs./Quintal,Metric Tonnes
Madhya Pradesh,Chhindwara,Chhindwara APMC,Maize,Local,FAQ,2026-03-07,1640.0,1640.0,1640.0,9.5,Rs./Quintal,Metric Tonnes
Madhya Pradesh,Chhindwara,Chhindwara APMC,Tamarind Fruit,Tamarind,FAQ,2026-03-07,8250.0,8250.0,8250.0,2.39,Rs./Quintal,Metric Tonnes
Madhya Pradesh,Chhindwara,Chhindwara APMC,Wheat,Mill Quality,Non-FAQ,2026-03-07,2420.0,2420.0,2420.0,321.67,Rs./Quintal,Metric Tonnes
Madhya Pradesh,Seoni,Chhpara APMC,Maize,Local,Non-FAQ,2026-03-07,1500.0,1510.0,1500.0,68.3,Rs./Quintal,Metric Tonnes
Madhya Pradesh,Seoni,Chhpara APMC,Maize,Local,FAQ,2026-03-07,1600.0,1650.0,1650.0,41.760000000000005,Rs./Quintal,Metric Tonnes
Madhya Pradesh,Seoni,Chhpara APMC,Maize,Yellow,Non-FAQ,2026-03-07,1625.0,1640.0,1635.0,169.0,Rs./Quintal,Metric Tonnes
Madhya Pradesh,Seoni,Chhpara APMC,Maize,Yellow,FAQ,2026-03-07,1700.0,1750.0,1750.0,34.0,Rs./Quintal,Metric Tonnes
Madhya Pradesh,Gwalior,Dabra APMC,Mustard,Mustard,FAQ,2026-03-07,5300.0,6346.0,6000.0,162.125,Rs./Quintal,Metric Tonnes
Madhya Pradesh,Gwalior,Dabra APMC,Wheat,Wheat,FAQ,2026-03-07,2250.0,2500.0,2500.0,61.7,Rs./Quintal,Metric Tonnes
Madhya Pradesh,Mandsaur,Daloda APMC,Bengal Gram(Gram)(Whole),Gram,FAQ,2026-03-07,4400.0,4941.0,4800.0,7.920000000000001,Rs./Quintal,Metric Tonnes
Madhya Pradesh,Mandsaur,Daloda APMC,Black Gram(Urd Beans)(Whole),Urda/Urd,FAQ,2026-03-07,5000.0,5201.0,5000.0,0.171,Rs./Quintal,Metric Tonnes
Madhya Pradesh,Mandsaur,Daloda APMC,Garlic,Garlic,FAQ,2026-03-07,1000.0,13801.0,5800.0,160.536,Rs./Quintal,Metric Tonnes
Madhya Pradesh,Mandsaur,Daloda APMC,Garlic,Garlic-Organic,FAQ,2026-03-07,3100.0,3100.0,3100.0,0.20299999999999999,Rs./Quintal,Metric Tonnes
Madhya Pradesh,Mandsaur,Daloda APMC,Green Peas,Pea,FAQ,2026-03-07,2802.0,3501.0,3501.0,0.9460000000000002,Rs./Quintal,Metric Tonnes
Madhya Pradesh,Mandsaur,Daloda APMC,Lentil(Masur)(Whole),Masur Dal,FAQ,2026-03-07,5800.0,6100.0,6100.0,0.9980000000000001,Rs./Quintal,Metric Tonnes
Madhya Pradesh,Mandsaur,Daloda APMC,Linseed,Flaxseed,FAQ,2026-03-07,7202.0,7740.0,7740.0,3.723,Rs./Quintal,Metric Tonnes
Madhya Pradesh,Mandsaur,Daloda APMC,Methi Seeds,Methiseeds,FAQ,2026-03-07,4650.0,5130.0,5130.0,0.4730000000000001,Rs./Quintal,Metric Tonnes
Madhya Pradesh,Mandsaur,Daloda APMC,Mustard,Mustard,FAQ,2026-03-07,4701.0,5950.0,5500.0,6.455,Rs./Quintal,Metric Tonnes
Madhya Pradesh,Mandsaur,Daloda APMC,Soyabean,Soyabeen,FAQ,2026-03-07,4111.0,5460.0,5200.0,110.51800000000001,Rs./Quintal,Metric Tonnes
Madhya Pradesh,Mandsaur,Daloda APMC,Wheat,Lokwan,FAQ,2026-03-07,2290.0,2290.0,2290.0,4.002000000000001,Rs./Quintal,Metric Tonnes
Madhya Pradesh,Mandsaur,Daloda APMC,Wheat,Local,FAQ,2026-03-07,2241.0,2266.0,2266.0,2.2420000000000004,Rs./Quintal,Metric Tonnes
Madhya Pradesh,Mandsaur,Daloda APMC,Wheat,Wheat,FAQ,2026-03-07,1800.0,2501.0,2300.0,289.117,Rs./Quintal,Metric Tonnes
Madhya Pradesh,Damoh,Damoh APMC,Bengal Gram(Gram)(Whole),Desi (F.A.Q. Split),FAQ,2026-03-07,5000.0,5200.0,5100.0,84.56,Rs./Quintal,Metric Tonnes
Madhya Pradesh,Damoh,Damoh APMC,Bengal Gram(Gram)(Whole),Gram,FAQ,2026-03-07,3700.0,5250.0,5150.0,51.34400000000001,Rs./Quintal,Metric Tonnes
Madhya Pradesh,Damoh,Damoh APMC,Black Gram(Urd Beans)(Whole),Urda/Urd,FAQ,2026-03-07,5800.0,5800.0,5800.0,0.193,Rs./Quintal,Metric Tonnes
Madhya Pradesh,Damoh,Damoh APMC,Green Peas,Pea,FAQ,2026-03-07,2075.0,4185.0,3700.0,230.14499999999998,Rs./Quintal,Metric Tonnes
Madhya Pradesh,Damoh,Damoh APMC,Lentil(Masur)(Whole),Masur Dal,FAQ,2026-03-07,5110.0,6910.0,6800.0,223.64000000000001,Rs./Quintal,Metric Tonnes
Madhya Pradesh,Damoh,Damoh APMC,Maize,Local,FAQ,2026-03-07,1405.0,1645.0,1645.0,5.8790000000000004,Rs./Quintal,Metric Tonnes
Madhya Pradesh,Damoh,Damoh APMC,Mustard,Mustard,FAQ,2026-03-07,4810.0,5880.0,5880.0,17.666999999999998,Rs./Quintal,Metric Tonnes
Madhya Pradesh,Damoh,Damoh APMC,Mustard,Mustard,Non-FAQ,2026-03-07,5500.0,6100.0,6100.0,71.5,Rs./Quintal,Metric Tonnes
Madhya Pradesh,Damoh,Damoh APMC,Red gram/Arhar/Tur(whole),Arhar Dal(Tur),FAQ,2026-03-07,5160.0,7680.0,7110.0,18.582,Rs./Quintal,Metric Tonnes
Madhya Pradesh,Damoh,Damoh APMC,Soyabean,Soyabeen,FAQ,2026-03-07,4500.0,5275.0,5255.0,50.121,Rs./Quintal,Metric Tonnes
Madhya Pradesh,Damoh,Damoh APMC,Wheat,Wheat,Non-FAQ,2026-03-07,2180.0,2225.0,2200.0,281.40000000000003,Rs./Quintal,Metric Tonnes
Madhya Pradesh,Damoh,Damoh APMC,buttery,Buttery,FAQ,2026-03-07,3035.0,4510.0,4320.0,34.783,Rs./Quintal,Metric Tonnes
Madhya Pradesh,Datia,Datia APMC,Wheat,Wheat,Non-FAQ,2026-03-07,2250.0,2260.0,2260.0,22.0,Rs./Quintal,Metric Tonnes
Madhya Pradesh,Sagar,Deori APMC,Soyabean,Soyabeen,Non-FAQ,2026-03-07,5090.0,5200.0,5090.0,42.69,Rs./Quintal,Metric Tonnes
Madhya Pradesh,Panna,Devandranagar APMC,Mustard,Sarson(Black),FAQ,2026-03-07,5802.0,5802.0,5802.0,2.511,Rs./Quintal,Metric Tonnes
Madhya Pradesh,Dewas,Dewas APMC,Bengal Gram(Gram)(Whole),Gram,FAQ,2026-03-07,3671.0,5499.0,5499.0,17.579,Rs./Quintal,Metric Tonnes
Madhya Pradesh,Dewas,Dewas APMC,Coriander(Leaves),Coriander,FAQ,2026-03-07,9101.0,9101.0,9101.0,0.263,Rs./Bundle,Bundle
Madhya Pradesh,Dewas,Dewas APMC,Green Peas,Pea,FAQ,2026-03-07,3721.0,3721.0,3721.0,0.044000000000000004,Rs./Quintal,Metric Tonnes
Madhya Pradesh,Dewas,Dewas APMC,Kabuli Chana(Chickpeas-White),Dollar Gram,FAQ,2026-03-07,4000.0,8190.0,6800.0,16.271,Rs./Quintal,Metric Tonnes
Madhya Pradesh,Dewas,Dewas APMC,Lentil(Masur)(Whole),Masur Dal,FAQ,2026-03-07,5840.0,6250.0,6100.0,8.825000000000001,Rs./Quintal,Metric Tonnes
Madhya Pradesh,Dewas,Dewas APMC,Maize,Local,FAQ,2026-03-07,1500.0,1819.0,1600.0,7.4190000000000005,Rs./Quintal,Metric Tonnes
Madhya Pradesh,Dewas,Dewas APMC,Methi Seeds,Methiseeds,FAQ,2026-03-07,3000.0,3000.0,3000.0,0.04000000000000001,Rs./Quintal,Metric Tonnes
Madhya Pradesh,Dewas,Dewas APMC,Mustard,Mustard,FAQ,2026-03-07,4570.0,6401.0,5700.0,31.489,Rs./Quintal,Metric Tonnes
Madhya Pradesh,Dewas,Dewas APMC,Soyabean,Soyabeen,FAQ,2026-03-07,1500.0,5505.0,5325.0,600.595,Rs./Quintal,Metric Tonnes
Madhya Pradesh,Dewas,Dewas APMC,Tamarind Fruit,Tamarind,FAQ,2026-03-07,4801.0,4801.0,4801.0,0.119,Rs./Quintal,Metric Tonnes
Madhya Pradesh,Dewas,Dewas APMC,Wheat,Wheat,FAQ,2026-03-07,2000.0,2690.0,2300.0,815.2840000000001,Rs./Quintal,Metric Tonnes
Madhya Pradesh,Dewas,Dewas APMC,Wheat,Malwa Shakti,Non-FAQ,2026-03-07,2200.0,2200.0,2200.0,4.266,Rs./Quintal,Metric Tonnes
Madhya Pradesh,Dewas,Dewas APMC,Wheat,Mill Quality,Non-FAQ,2026-03-07,2050.0,2050.0,2050.0,3.2600000000000002,Rs./Quintal,Metric Tonnes
Madhya Pradesh,Dewas,Dewas(F&V) APMC,Bhindi(Ladies Finger),Other,FAQ,2026-03-07,1300.0,2500.0,1725.0,1.0,Rs./Quintal,Metric Tonnes
Madhya Pradesh,Dewas,Dewas(F&V) APMC,Brinjal,Other,FAQ,2026-03-07,600.0,1600.0,1000.0,0.8,Rs./Quintal,Metric Tonnes
Madhya Pradesh,Dewas,Dewas(F&V) APMC,Cabbage,Other,FAQ,2026-03-07,600.0,1100.0,800.0,1.0,Rs./Quintal,Metric Tonnes
Madhya Pradesh,Dewas,Dewas(F&V) APMC,Cauliflower,Other,FAQ,2026-03-07,500.0,1500.0,1000.0,1.0,Rs./Quintal,Metric Tonnes
Madhya Pradesh,Dewas,Dewas(F&V) APMC,Garlic,Other,FAQ,2026-03-07,2000.0,8000.0,4600.0,0.30000000000000004,Rs./Quintal,Metric Tonnes
Madhya Pradesh,Dewas,Dewas(F&V) APMC,Green Chilli,Other,FAQ,2026-03-07,2500.0,5000.0,3000.0,0.5,Rs./Quintal,Metric Tonnes
Madhya Pradesh,Dewas,Dewas(F&V) APMC,Onion,Other,FAQ,2026-03-07,200.0,1500.0,800.0,3.5,Rs./Quintal,Metric Tonnes
Madhya Pradesh,Dewas,Dewas(F&V) APMC,Peas Wet,Other,FAQ,2026-03-07,2000.0,4000.0,2500.0,0.4,Rs./Quintal,Metric Tonnes
Madhya Pradesh,Dewas,Dewas(F&V) APMC,Potato,Other,FAQ,2026-03-07,400.0,1000.0,800.0,3.2,Rs./Quintal,Metric Tonnes
Madhya Pradesh,Dewas,Dewas(F&V) APMC,Tomato,Other,FAQ,2026-03-07,300.0,1000.0,800.0,1.4000000000000001,Rs./Quintal,Metric Tonnes
Madhya Pradesh,Dhar,Dhamnod APMC,Cotton,Without Ginned Cotton,Non-FAQ,2026-03-07,7850.0,7850.0,7850.0,6.2700000000000005,Rs./Quintal,Metric Tonnes
Madhya Pradesh,Dhar,Dhamnod APMC,Cotton,Without Ginned Cotton,FAQ,2026-03-07,7100.0,7651.0,7651.0,16.066,Rs./Quintal,Metric Tonnes
Madhya Pradesh,Dhar,Dhamnod APMC,Kabuli Chana(Chickpeas-White),Dollar Gram,FAQ,2026-03-07,6600.0,8181.0,8181.0,30.705000000000002,Rs./Quintal,Metric Tonnes
Madhya Pradesh,Dhar,Dhamnod APMC,Maize,Local,FAQ,2026-03-07,1580.0,1610.0,1610.0,24.5,Rs./Quintal,Metric Tonnes
Madhya Pradesh,Dhar,Dhamnod APMC,Wheat,Wheat,FAQ,2026-03-07,2405.0,2405.0,2405.0,7.666,Rs./Quintal,Metric Tonnes
Madhya Pradesh,Dhar,Dhamnod(F&V) APMC,Bhindi(Ladies Finger),Bhindi,Local,2026-03-07,1500.0,2000.0,1800.0,1.6,Rs./Quintal,Metric Tonnes
Madhya Pradesh,Dhar,Dhamnod(F&V) APMC,Brinjal,Brinjal,Local,2026-03-07,700.0,1000.0,800.0,5.1,Rs./Quintal,Metric Tonnes
Madhya Pradesh,Dhar,Dhamnod(F&V) APMC,Cabbage,Cabbage,Local,2026-03-07,800.0,1000.0,900.0,1.6,Rs./Quintal,Metric Tonnes
Madhya Pradesh,Dhar,Dhamnod(F&V) APMC,Cauliflower,Cauliflower,Local,2026-03-07,800.0,1200.0,1000.0,2.7,Rs./Quintal,Metric Tonnes
Madhya Pradesh,Dhar,Dhamnod(F&V) APMC,Onion,Onion,Local,2026-03-07,1000.0,1500.0,1200.0,1.8,Rs./Quintal,Metric Tonnes
Madhya Pradesh,Dhar,Dhamnod(F&V) APMC,Potato,Potato,Local,2026-03-07,800.0,1000.0,900.0,4.4,Rs./Quintal,Metric Tonnes
Madhya Pradesh,Dhar,Dhamnod(F&V) APMC,Tomato,Tomato,Local,2026-03-07,600.0,800.0,700.0,6.0,Rs./Quintal,Metric Tonnes
Madhya Pradesh,Dhar,Dhar APMC,Bengal Gram(Gram)(Whole),Gram,FAQ,2026-03-07,4305.0,5250.0,5250.0,9.593000000000002,Rs./Quintal,Metric Tonnes
Madhya Pradesh,Dhar,Dhar APMC,Green Peas,Pea,FAQ,2026-03-07,1710.0,2905.0,2905.0,1.3890000000000002,Rs./Quintal,Metric Tonnes
Madhya Pradesh,Dhar,Dhar APMC,Kabuli Chana(Chickpeas-White),Dollar Gram,FAQ,2026-03-07,3710.0,7700.0,7700.0,12.05,Rs./Quintal,Metric Tonnes
Madhya Pradesh,Dhar,Dhar APMC,Kabuli Chana(Chickpeas-White),Bitkey,FAQ,2026-03-07,4280.0,4280.0,4280.0,0.149,Rs./Quintal,Metric Tonnes
Madhya Pradesh,Dhar,Dhar APMC,Maize,Local,FAQ,2026-03-07,1300.0,1480.0,1472.0,1.066,Rs./Quintal,Metric Tonnes
Madhya Pradesh,Dhar,Dhar APMC,Soyabean,Soyabeen,FAQ,2026-03-07,2082.0,5682.0,5302.0,296.537,Rs./Quintal,Metric Tonnes
Madhya Pradesh,Dhar,Dhar APMC,Wheat,Wheat,FAQ,2026-03-07,1986.0,2940.0,2552.0,585.899,Rs./Quintal,Metric Tonnes
Madhya Pradesh,Dhar,Dhar APMC,Wheat,Wheat,Non-FAQ,2026-03-07,2180.0,2230.0,2230.0,15.91,Rs./Quintal,Metric Tonnes
Madhya Pradesh,Dhar,Dhar APMC,Wheat,Local,FAQ,2026-03-07,2160.0,2160.0,2160.0,9.25,Rs./Quintal,Metric Tonnes
Madhya Pradesh,Dhar,Dhar APMC,Wheat,Lokwan,FAQ,2026-03-07,2250.0,2325.0,2300.0,26.5,Rs./Quintal,Metric Tonnes
Madhya Pradesh,Dhar,Dhar APMC,Wheat,Mill Quality,FAQ,2026-03-07,2000.0,2000.0,2000.0,9.9,Rs./Quintal,Metric Tonnes
Madhya Pradesh,Dindori,Dindori APMC,Mustard,Sarson(Black),Non-FAQ,2026-03-07,6000.0,6100.0,6100.0,6.0,Rs./Quintal,Metric Tonnes
Madhya Pradesh,Dindori,Dindori APMC,Paddy(Common),Other,Non-FAQ,2026-03-07,1870.0,2100.0,2100.0,89.11000000000001,Rs./Quintal,Metric Tonnes
Madhya Pradesh,Dindori,Dindori APMC,Wheat,Local,Non-FAQ,2026-03-07,2300.0,2300.0,2300.0,5.0,Rs./Quintal,Metric Tonnes
Madhya Pradesh,Narsinghpur,Gadarwada APMC,Bengal Gram(Gram)(Whole),Gram,Non-FAQ,2026-03-07,4760.0,5151.0,5151.0,1.6300000000000001,Rs./Quintal,Metric Tonnes
Madhya Pradesh,Narsinghpur,Gadarwada APMC,Bengal Gram(Gram)(Whole),Gram,FAQ,2026-03-07,4900.0,5201.0,5201.0,4.0600000000000005,Rs./Quintal,Metric Tonnes
Madhya Pradesh,Narsinghpur,Gadarwada APMC,Lentil(Masur)(Whole),Masur Dal,FAQ,2026-03-07,6051.0,6052.0,6052.0,1.045,Rs./Quintal,Metric Tonnes
Madhya Pradesh,Narsinghpur,Gadarwada APMC,Red gram/Arhar/Tur(whole),Arhar Dal(Tur),FAQ,2026-03-07,2001.0,7700.0,7400.0,5.960000000000001,Rs./Quintal,Metric Tonnes
Madhya Pradesh,Narsinghpur,Gadarwada APMC,Soyabean,Soyabeen,FAQ,2026-03-07,4800.0,5000.0,5000.0,0.255,Rs./Quintal,Metric Tonnes
Madhya Pradesh,Narsinghpur,Gadarwada APMC,Wheat,Mill Quality,Non-FAQ,2026-03-07,2160.0,2205.0,2205.0,108.31500000000001,Rs./Quintal,Metric Tonnes
Madhya Pradesh,Narsinghpur,Gadarwada APMC,Wheat,Mill Quality,FAQ,2026-03-07,2140.0,2700.0,2700.0,66.55,Rs./Quintal,Metric Tonnes
Madhya Pradesh,Narsinghpur,Gadarwada APMC,Wheat,Wheat,FAQ,2026-03-07,2100.0,2100.0,2100.0,9.0,Rs./Quintal,Metric Tonnes
Madhya Pradesh,Raisen,Gairatganj APMC,Bengal Gram(Gram)(Whole),Gram,Non-FAQ,2026-03-07,4405.0,5106.0,5106.0,1.5,Rs./Quintal,Metric Tonnes
Madhya Pradesh,Raisen,Gairatganj APMC,Lentil(Masur)(Whole),Masur Dal,Non-FAQ,2026-03-07,4295.0,6231.0,6100.0,1.3,Rs./Quintal,Metric Tonnes
Madhya Pradesh,Raisen,Gairatganj APMC,Red gram/Arhar/Tur(whole),Arhar Dal(Tur),Non-FAQ,2026-03-07,7075.0,7075.0,7075.0,0.2,Rs./Quintal,Metric Tonnes
Madhya Pradesh,Raisen,Gairatganj APMC,Wheat,Wheat,Non-FAQ,2026-03-07,2100.0,2450.0,2450.0,3.958,Rs./Quintal,Metric Tonnes
Madhya Pradesh,Dhar,Gandhwani APMC,Bengal Gram(Gram)(Whole),Desi (F.A.Q. Split),FAQ,2026-03-07,5000.0,5000.0,5000.0,0.637,Rs./Quintal,Metric Tonnes
Madhya Pradesh,Dhar,Gandhwani APMC,Soyabean,Soyabeen,FAQ,2026-03-07,4800.0,5025.0,5025.0,2.8160000000000003,Rs./Quintal,Metric Tonnes
Madhya Pradesh,Dhar,Gandhwani APMC,Wheat,Wheat,FAQ,2026-03-07,2100.0,2215.0,2200.0,20.568,Rs./Quintal,Metric Tonnes
Madhya Pradesh,Vidisha,Ganjbasoda APMC,Bengal Gram(Gram)(Whole),Gram,FAQ,2026-03-07,3780.0,5041.0,4900.0,29.179000000000002,Rs./Quintal,Metric Tonnes
Madhya Pradesh,Vidisha,Ganjbasoda APMC,Bengal Gram(Gram)(Whole),Gram,Non-FAQ,2026-03-07,4210.0,4210.0,4210.0,42.695,Rs./Quintal,Metric Tonnes
Madhya Pradesh,Vidisha,Ganjbasoda APMC,Black Gram(Urd Beans)(Whole),Urda/Urd,FAQ,2026-03-07,4700.0,6310.0,6310.0,0.17800000000000002,Rs./Quintal,Metric Tonnes
Madhya Pradesh,Vidisha,Ganjbasoda APMC,Coriander(Leaves),Coriander,FAQ,2026-03-07,7600.0,7600.0,7600.0,0.12,Rs./Bundle,Bundle
Madhya Pradesh,Vidisha,Ganjbasoda APMC,Lak(Teora),Tiwada,FAQ,2026-03-07,2900.0,3325.0,3300.0,60.197,Rs./Quintal,Metric Tonnes
Madhya Pradesh,Vidisha,Ganjbasoda APMC,Lentil(Masur)(Whole),Masur Dal,FAQ,2026-03-07,4000.0,6600.0,6070.0,52.712,Rs./Quintal,Metric Tonnes
Madhya Pradesh,Vidisha,Ganjbasoda APMC,Linseed,Flaxseed,FAQ,2026-03-07,6005.0,6005.0,6005.0,0.10400000000000001,Rs./Quintal,Metric Tonnes
Madhya Pradesh,Vidisha,Ganjbasoda APMC,Maize,Local,FAQ,2026-03-07,1281.0,1585.0,1585.0,20.16,Rs./Quintal,Metric Tonnes
Madhya Pradesh,Vidisha,Ganjbasoda APMC,Mustard,Mustard,FAQ,2026-03-07,2600.0,6620.0,5900.0,219.08100000000002,Rs./Quintal,Metric Tonnes
Madhya Pradesh,Vidisha,Ganjbasoda APMC,Mustard,Sarson(Black),FAQ,2026-03-07,5700.0,5700.0,5700.0,0.29700000000000004,Rs./Quintal,Metric Tonnes
Madhya Pradesh,Vidisha,Ganjbasoda APMC,Paddy(Common),Paddy,FAQ,2026-03-07,1360.0,3900.0,3900.0,8.743,Rs./Quintal,Metric Tonnes
Madhya Pradesh,Vidisha,Ganjbasoda APMC,Red gram/Arhar/Tur(whole),Arhar Dal(Tur),FAQ,2026-03-07,6380.0,6380.0,6380.0,0.067,Rs./Quintal,Metric Tonnes
Madhya Pradesh,Vidisha,Ganjbasoda APMC,Soyabean,Soyabeen,FAQ,2026-03-07,1600.0,5701.0,5400.0,27.604000000000003,Rs./Quintal,Metric Tonnes
Madhya Pradesh,Vidisha,Ganjbasoda APMC,Wheat,Sujatha,FAQ,2026-03-07,2020.0,2580.0,2250.0,58.77000000000001,Rs./Quintal,Metric Tonnes
Madhya Pradesh,Vidisha,Ganjbasoda APMC,Wheat,PISSI,FAQ,2026-03-07,2000.0,2532.0,2532.0,32.087,Rs./Quintal,Metric Tonnes
Madhya Pradesh,Vidisha,Ganjbasoda APMC,Wheat,Sharbati,FAQ,2026-03-07,2251.0,3320.0,3320.0,6.969,Rs./Quintal,Metric Tonnes
Madhya Pradesh,Vidisha,Ganjbasoda APMC,Wheat,Lokwan,FAQ,2026-03-07,2048.0,2361.0,2361.0,2.253,Rs./Quintal,Metric Tonnes
Madhya Pradesh,Vidisha,Ganjbasoda APMC,Wheat,Local,FAQ,2026-03-07,2086.0,2200.0,2200.0,9.391,Rs./Quintal,Metric Tonnes
Madhya Pradesh,Vidisha,Ganjbasoda APMC,buttery,Buttery,FAQ,2026-03-07,3000.0,4235.0,4235.0,5.142,Rs./Quintal,Metric Tonnes
Madhya Pradesh,Sagar,Garhakota APMC,Green Peas,Pea,FAQ,2026-03-07,3250.0,3250.0,3250.0,0.883,Rs./Quintal,Metric Tonnes
Madhya Pradesh,Sagar,Garhakota APMC,Maize,Local,Non-FAQ,2026-03-07,1375.0,1600.0,1600.0,36.300000000000004,Rs./Quintal,Metric Tonnes
Madhya Pradesh,Sagar,Garhakota APMC,Maize,Local,FAQ,2026-03-07,1325.0,1560.0,1360.0,112.7,Rs./Quintal,Metric Tonnes
Madhya Pradesh,Mandsaur,Garoth APMC,Bengal Gram(Gram)(Whole),Gram,Non-FAQ,2026-03-07,4650.0,4840.0,4840.0,0.7250000000000001,Rs./Quintal,Metric Tonnes
Madhya Pradesh,Mandsaur,Garoth APMC,Lentil(Masur)(Whole),Masur Dal,Non-FAQ,2026-03-07,6161.0,6161.0,6161.0,0.10400000000000001,Rs./Quintal,Metric Tonnes
Madhya Pradesh,Mandsaur,Garoth APMC,Mustard,Mustard,Non-FAQ,2026-03-07,5805.0,5952.0,5952.0,1.431,Rs./Quintal,Metric Tonnes
Madhya Pradesh,Mandsaur,Garoth APMC,Soyabean,Soyabeen,Non-FAQ,2026-03-07,5080.0,5080.0,5080.0,0.11000000000000001,Rs./Quintal,Metric Tonnes
Madhya Pradesh,Mandsaur,Garoth APMC,Wheat,Wheat,Non-FAQ,2026-03-07,1700.0,2281.0,2220.0,65.743,Rs./Quintal,Metric Tonnes
Madhya Pradesh,Mandsaur,Garoth APMC,Wheat,Wheat,FAQ,2026-03-07,2222.0,2222.0,2222.0,1.006,Rs./Quintal,Metric Tonnes
Madhya Pradesh,Indore,Gautampura APMC,Bengal Gram(Gram)(Whole),Gram,FAQ,2026-03-07,5000.0,5016.0,5016.0,2.5500000000000003,Rs./Quintal,Metric Tonnes
Madhya Pradesh,Indore,Gautampura APMC,Kabuli Chana(Chickpeas-White),Dollar Gram,FAQ,2026-03-07,6805.0,6805.0,6805.0,0.8230000000000001,Rs./Quintal,Metric Tonnes
Madhya Pradesh,Indore,Gautampura APMC,Soyabean,Soyabeen,FAQ,2026-03-07,5299.0,5299.0,5299.0,0.792,Rs./Quintal,Metric Tonnes
Madhya Pradesh,Indore,Gautampura APMC,Wheat,Wheat,Non-FAQ,2026-03-07,2521.0,2521.0,2521.0,4.0,Rs./Quintal,Metric Tonnes
Madhya Pradesh,Indore,Gautampura APMC,Wheat,Lokwan,FAQ,2026-03-07,2200.0,2510.0,2300.0,25.804000000000002,Rs./Quintal,Metric Tonnes
Madhya Pradesh,Indore,Gautampura APMC,Wheat,Local,Non-FAQ,2026-03-07,2250.0,2250.0,2250.0,2.5,Rs./Quintal,Metric Tonnes
Madhya Pradesh,Indore,Gautampura APMC,Wheat,Other,Non-FAQ,2026-03-07,2200.0,2200.0,2200.0,1.6,Rs./Quintal,Metric Tonnes
Madhya Pradesh,Indore,Gautampura APMC,Wheat,Wheat,FAQ,2026-03-07,2110.0,2606.0,2606.0,57.761,Rs./Quintal,Metric Tonnes
Madhya Pradesh,Indore,Gautampura APMC,Wheat,Mill Quality,FAQ,2026-03-07,2100.0,2110.0,2110.0,37.168,Rs./Quintal,Metric Tonnes
Madhya Pradesh,Indore,Gautampura APMC,Wheat,Mill Quality,Non-FAQ,2026-03-07,2210.0,2250.0,2250.0,11.186,Rs./Quintal,Metric Tonnes
Madhya Pradesh,Seoni,Ghansour APMC,Maize,Local,FAQ,2026-03-07,1750.0,1800.0,1760.0,85.5,Rs./Quintal,Metric Tonnes
Madhya Pradesh,Seoni,Ghansour APMC,Wheat,Wheat,Non-FAQ,2026-03-07,2050.0,2050.0,2050.0,9.700000000000001,Rs./Quintal,Metric Tonnes
Madhya Pradesh,Seoni,Ghansour APMC,Wheat,Mill Quality,FAQ,2026-03-07,2200.0,2211.0,2211.0,13.0,Rs./Quintal,Metric Tonnes
Madhya Pradesh,Bhind,Gohad APMC,Bajra(Pearl Millet/Cumbu),Millet,FAQ,2026-03-07,1550.0,1550.0,1550.0,0.33,Rs./Quintal,Metric Tonnes
Madhya Pradesh,Bhind,Gohad APMC,Mustard,Mustard,FAQ,2026-03-07,5730.0,6415.0,6415.0,16.294999999999998,Rs./Quintal,Metric Tonnes
Madhya Pradesh,Bhind,Gohad APMC,Wheat,Wheat,FAQ,2026-03-07,2250.0,2265.0,2265.0,1.25,Rs./Quintal,Metric Tonnes
Madhya Pradesh,Dindori,Gorakhpur APMC,Paddy(Common),Paddy,FAQ,2026-03-07,1980.0,2030.0,2000.0,151.4,Rs./Quintal,Metric Tonnes
Madhya Pradesh,Dindori,Gorakhpur APMC,Paddy(Common),Common,Non-FAQ,2026-03-07,1750.0,1760.0,1760.0,25.0,Rs./Quintal,Metric Tonnes
Madhya Pradesh,Dindori,Gorakhpur APMC,Soyabean,Yellow,FAQ,2026-03-07,4500.0,4600.0,4600.0,14.0,Rs./Quintal,Metric Tonnes
Madhya Pradesh,Dindori,Gorakhpur APMC,Wheat,Mill Quality,Non-FAQ,2026-03-07,2200.0,2210.0,2210.0,7.0,Rs./Quintal,Metric Tonnes
Madhya Pradesh,Dindori,Gorakhpur APMC,buttery,Buttery,FAQ,2026-03-07,2600.0,2700.0,2700.0,7.7,Rs./Quintal,Metric Tonnes
Madhya Pradesh,Narsinghpur,Gotegaon APMC,Gur(Jaggery),Jaggery,FAQ,2026-03-07,3401.0,3463.0,3463.0,14.5,Rs./Quintal,Metric Tonnes
Madhya Pradesh,Narsinghpur,Gotegaon APMC,Maize,Local,FAQ,2026-03-07,1450.0,1576.0,1576.0,4.3,Rs./Quintal,Metric Tonnes
Madhya Pradesh,Narsinghpur,Gotegaon APMC,Wheat,Wheat,FAQ,2026-03-07,2200.0,2300.0,2250.0,27.3,Rs./Quintal,Metric Tonnes
Madhya Pradesh,Guna,Guna APMC,Bengal Gram(Gram)(Whole),Gram,FAQ,2026-03-07,3010.0,5085.0,5085.0,24.968000000000004,Rs./Quintal,Metric Tonnes
Madhya Pradesh,Guna,Guna APMC,Coriander(Leaves),Coriander,FAQ,2026-03-07,7000.0,10500.0,10000.0,29.811000000000003,Rs./Bundle,Bundle
Madhya Pradesh,Guna,Guna APMC,Green Peas,Pea,FAQ,2026-03-07,3500.0,3985.0,3985.0,1.6440000000000001,Rs./Quintal,Metric Tonnes
Madhya Pradesh,Guna,Guna APMC,Lentil(Masur)(Whole),Masur Dal,Non-FAQ,2026-03-07,5465.0,5620.0,5620.0,4.755,Rs./Quintal,Metric Tonnes
Madhya Pradesh,Guna,Guna APMC,Lentil(Masur)(Whole),Masur Dal,FAQ,2026-03-07,5315.0,5845.0,5675.0,48.596000000000004,Rs./Quintal,Metric Tonnes
Madhya Pradesh,Guna,Guna APMC,Maize,Local,FAQ,2026-03-07,1200.0,1755.0,1550.0,435.09700000000004,Rs./Quintal,Metric Tonnes
Madhya Pradesh,Guna,Guna APMC,Mustard,Mustard,FAQ,2026-03-07,4600.0,6025.0,5850.0,339.235,Rs./Quintal,Metric Tonnes
Madhya Pradesh,Guna,Guna APMC,Paddy(Common),Dhan,FAQ,2026-03-07,3000.0,3000.0,3000.0,1.7670000000000003,Rs./Quintal,Metric Tonnes
Madhya Pradesh,Guna,Guna APMC,Soyabean,Soyabeen,FAQ,2026-03-07,5025.0,5050.0,5050.0,5.588000000000001,Rs./Quintal,Metric Tonnes
Madhya Pradesh,Guna,Guna APMC,Wheat,Wheat,FAQ,2026-03-07,2075.0,3180.0,2245.0,282.918,Rs./Quintal,Metric Tonnes
Madhya Pradesh,Guna,Guna APMC,buttery,Buttery,FAQ,2026-03-07,4300.0,4350.0,4350.0,3.497,Rs./Quintal,Metric Tonnes
Madhya Pradesh,Dewas,Haatpipliya APMC,Bengal Gram(Gram)(Whole),Gram,Non-FAQ,2026-03-07,4675.0,5390.0,5390.0,0.095,Rs./Quintal,Metric Tonnes
Madhya Pradesh,Dewas,Haatpipliya APMC,Mustard,Mustard,Non-FAQ,2026-03-07,4701.0,5541.0,5541.0,4.474,Rs./Quintal,Metric Tonnes
Madhya Pradesh,Dewas,Haatpipliya APMC,Soyabean,Soyabeen,Non-FAQ,2026-03-07,3700.0,5316.0,5316.0,20.981,Rs./Quintal,Metric Tonnes
Madhya Pradesh,Dewas,Haatpipliya APMC,Wheat,Wheat,Non-FAQ,2026-03-07,1866.0,2590.0,2200.0,151.405,Rs./Quintal,Metric Tonnes
Madhya Pradesh,Dewas,Haatpipliya APMC,Wheat,Wheat,FAQ,2026-03-07,1960.0,2000.0,2000.0,3.0060000000000002,Rs./Quintal,Metric Tonnes
Madhya Pradesh,Rewa,Hanumana APMC,Kodo Millet(Varagu),Kondo,FAQ,2026-03-07,2200.0,2200.0,2200.0,31.0,Rs./Quintal,Metric Tonnes
Madhya Pradesh,Harda,Harda APMC,Bengal Gram(Gram)(Whole),Desi (F.A.Q. Split),FAQ,2026-03-07,4444.0,5270.0,5251.0,32.493,Rs./Quintal,Metric Tonnes
Madhya Pradesh,Harda,Harda APMC,Bengal Gram(Gram)(Whole),Chana Kabuli,FAQ,2026-03-07,3451.0,5331.0,5331.0,83.822,Rs./Quintal,Metric Tonnes
Madhya Pradesh,Harda,Harda APMC,Black Gram(Urd Beans)(Whole),Urda/Urd,FAQ,2026-03-07,2900.0,6010.0,6010.0,0.42500000000000004,Rs./Quintal,Metric Tonnes
Madhya Pradesh,Harda,Harda APMC,Green Gram(Moong)(Whole),Green (Whole),FAQ,2026-03-07,1400.0,8551.0,5999.0,19.47,Rs./Quintal,Metric Tonnes
Madhya Pradesh,Harda,Harda APMC,Green Peas,Pea,FAQ,2026-03-07,3600.0,3600.0,3600.0,0.877,Rs./Quintal,Metric Tonnes
Madhya Pradesh,Harda,Harda APMC,Kabuli Chana(Chickpeas-White),Dollar Gram,FAQ,2026-03-07,4000.0,7301.0,4000.0,18.478,Rs./Quintal,Metric Tonnes
Madhya Pradesh,Harda,Harda APMC,Maize,Yellow,FAQ,2026-03-07,1300.0,1591.0,1471.0,289.761,Rs./Quintal,Metric Tonnes
Madhya Pradesh,Harda,Harda APMC,Mustard,Mustard,FAQ,2026-03-07,4700.0,6120.0,6120.0,37.815,Rs./Quintal,Metric Tonnes
Madhya Pradesh,Harda,Harda APMC,Red gram/Arhar/Tur(whole),Arhar Dal(Tur),FAQ,2026-03-07,6001.0,6800.0,6800.0,0.267,Rs./Quintal,Metric Tonnes
Madhya Pradesh,Harda,Harda APMC,Soyabean,Yellow,FAQ,2026-03-07,1500.0,5481.0,5371.0,62.772000000000006,Rs./Quintal,Metric Tonnes
Madhya Pradesh,Harda,Harda APMC,Wheat,Mill Quality,FAQ,2026-03-07,2100.0,2354.0,2323.0,271.05400000000003,Rs./Quintal,Metric Tonnes
Madhya Pradesh,Chhatarpur,Harpalpur APMC,Wheat,Wheat,FAQ,2026-03-07,2300.0,2325.0,2325.0,35.0,Rs./Quintal,Metric Tonnes
Madhya Pradesh,Khandwa,Harsood APMC,Bengal Gram(Gram)(Whole),Gram,Non-FAQ,2026-03-07,4911.0,5025.0,5011.0,61.675000000000004,Rs./Quintal,Metric Tonnes
Madhya Pradesh,Khandwa,Harsood APMC,Bengal Gram(Gram)(Whole),Gram,FAQ,2026-03-07,3300.0,5350.0,5300.0,41.981,Rs./Quintal,Metric Tonnes
Madhya Pradesh,Khandwa,Harsood APMC,Maize,Yellow,Non-FAQ,2026-03-07,1375.0,1400.0,1400.0,10.05,Rs./Quintal,Metric Tonnes
Madhya Pradesh,Khandwa,Harsood APMC,Maize,Yellow,FAQ,2026-03-07,1512.0,1512.0,1512.0,0.17400000000000002,Rs./Quintal,Metric Tonnes
Madhya Pradesh,Khandwa,Harsood APMC,Mustard,Mustard,FAQ,2026-03-07,500.0,5691.0,5400.0,24.431,Rs./Quintal,Metric Tonnes
Madhya Pradesh,Khandwa,Harsood APMC,Red gram/Arhar/Tur(whole),Arhar Dal(Tur),FAQ,2026-03-07,5900.0,6481.0,6400.0,1.727,Rs./Quintal,Metric Tonnes
Madhya Pradesh,Khandwa,Harsood APMC,Soyabean,Yellow,FAQ,2026-03-07,5100.0,5350.0,5350.0,9.263,Rs./Quintal,Metric Tonnes
Madhya Pradesh,Khandwa,Harsood APMC,Wheat,Wheat,FAQ,2026-03-07,2000.0,2286.0,2231.0,317.394,Rs./Quintal,Metric Tonnes
Madhya Pradesh,Khandwa,Harsood APMC,Wheat,Wheat,Non-FAQ,2026-03-07,2200.0,2211.0,2211.0,10.308,Rs./Quintal,Metric Tonnes
Madhya Pradesh,Khandwa,Harsood APMC,Wheat,Mill Quality,Non-FAQ,2026-03-07,2101.0,2405.0,2400.0,136.09,Rs./Quintal,Metric Tonnes
Madhya Pradesh,Damoh,Hata APMC,Bengal Gram(Gram)(Whole),Gram,FAQ,2026-03-07,4925.0,5000.0,5000.0,4.3,Rs./Quintal,Metric Tonnes
Madhya Pradesh,Damoh,Hata APMC,Bengal Gram(Gram)(Whole),Gram,Non-FAQ,2026-03-07,4760.0,5200.0,5000.0,26.814999999999998,Rs./Quintal,Metric Tonnes
Madhya Pradesh,Sehore,Ichhawar APMC,Bengal Gram(Gram)(Whole),Gram,FAQ,2026-03-07,4980.0,5451.0,5200.0,8.581999999999999,Rs./Quintal,Metric Tonnes
Madhya Pradesh,Sehore,Ichhawar APMC,Lentil(Masur)(Whole),Masur Dal,FAQ,2026-03-07,6100.0,6140.0,6100.0,0.262,Rs./Quintal,Metric Tonnes
Madhya Pradesh,Sehore,Ichhawar APMC,Maize,Local,FAQ,2026-03-07,1615.0,1615.0,1615.0,0.661,Rs./Quintal,Metric Tonnes
Madhya Pradesh,Sehore,Ichhawar APMC,Mustard,Mustard,FAQ,2026-03-07,5621.0,6000.0,5761.0,8.378,Rs./Quintal,Metric Tonnes
Madhya Pradesh,Sehore,Ichhawar APMC,Red gram/Arhar/Tur(whole),Arhar Dal(Tur),FAQ,2026-03-07,7200.0,7200.0,7200.0,0.321,Rs./Quintal,Metric Tonnes
Madhya Pradesh,Sehore,Ichhawar APMC,Soyabean,Soyabeen,FAQ,2026-03-07,5202.0,5320.0,5320.0,5.322,Rs./Quintal,Metric Tonnes
Madhya Pradesh,Sehore,Ichhawar APMC,Wheat,Wheat,FAQ,2026-03-07,2100.0,2644.0,2260.0,47.004000000000005,Rs./Quintal,Metric Tonnes
Madhya Pradesh,Indore,Indore APMC,Bengal Gram(Gram)(Whole),Gram,FAQ,2026-03-07,3550.0,7250.0,5150.0,48.57900000000001,Rs./Quintal,Metric Tonnes
Madhya Pradesh,Indore,Indore APMC,Bengal Gram(Gram)(Whole),Chana Kabuli,FAQ,2026-03-07,3615.0,7800.0,7800.0,64.908,Rs./Quintal,Metric Tonnes
Madhya Pradesh,Indore,Indore APMC,Black Gram(Urd Beans)(Whole),Urda/Urd,FAQ,2026-03-07,7171.76,8975.0,8975.0,119.78,Rs./Quintal,Metric Tonnes
Madhya Pradesh,Indore,Indore APMC,Chili Red,Red,FAQ,2026-03-07,7850.0,17000.0,17000.0,3.3450000000000006,Rs./Quintal,Metric Tonnes
Madhya Pradesh,Indore,Indore APMC,Coriander(Leaves),Coriander,FAQ,2026-03-07,6200.0,9400.0,9400.0,13.443000000000001,Rs./Bundle,Bundle
Madhya Pradesh,Indore,Indore APMC,Garlic,Garlic,FAQ,2026-03-07,500.0,10100.0,3000.0,2488.527,Rs./Quintal,Metric Tonnes
Madhya Pradesh,Indore,Indore APMC,Garlic,Garlic-Organic,FAQ,2026-03-07,3050.0,3500.0,3500.0,0.147,Rs./Quintal,Metric Tonnes
Madhya Pradesh,Indore,Indore APMC,Green Gram(Moong)(Whole),Green (Whole),FAQ,2026-03-07,4440.0,6400.0,6400.0,0.788,Rs./Quintal,Metric Tonnes
Madhya Pradesh,Indore,Indore APMC,Green Peas,Pea,FAQ,2026-03-07,2900.0,2905.0,2905.0,0.28300000000000003,Rs./Quintal,Metric Tonnes
Madhya Pradesh,Indore,Indore APMC,Kabuli Chana(Chickpeas-White),Dollar Gram,FAQ,2026-03-07,2505.0,8550.0,7550.0,298.31100000000004,Rs./Quintal,Metric Tonnes
Madhya Pradesh,Indore,Indore APMC,Lentil(Masur)(Whole),Masur Dal,FAQ,2026-03-07,5250.0,5250.0,5250.0,79.58,Rs./Quintal,Metric Tonnes
Madhya Pradesh,Indore,Indore APMC,Maize,Local,FAQ,2026-03-07,606.0,2852.0,2852.0,3.2070000000000003,Rs./Quintal,Metric Tonnes
Madhya Pradesh,Indore,Indore APMC,Mustard,Mustard,FAQ,2026-03-07,5505.0,5590.0,5590.0,2.2800000000000002,Rs./Quintal,Metric Tonnes
Madhya Pradesh,Indore,Indore APMC,Onion,Onion,FAQ,2026-03-07,535.0,1194.0,1194.0,509.77200000000005,Rs./Quintal,Metric Tonnes
Madhya Pradesh,Indore,Indore APMC,Onion,Onion,Non-FAQ,2026-03-07,154.0,1252.0,1252.0,150.936,Rs./Quintal,Metric Tonnes
Madhya Pradesh,Indore,Indore APMC,Onion,Other,FAQ,2026-03-07,905.0,1200.0,1169.0,134.199,Rs./Quintal,Metric Tonnes
Madhya Pradesh,Indore,Indore APMC,Potato,Local,Non-FAQ,2026-03-07,361.0,853.0,853.0,160.722,Rs./Quintal,Metric Tonnes
Madhya Pradesh,Indore,Indore APMC,Potato,Local,FAQ,2026-03-07,272.0,961.0,440.0,323.41,Rs./Quintal,Metric Tonnes
Madhya Pradesh,Indore,Indore APMC,Red gram/Arhar/Tur(whole),Arhar Dal(Tur),FAQ,2026-03-07,1900.0,6650.0,6350.0,90.205,Rs./Quintal,Metric Tonnes
Madhya Pradesh,Indore,Indore APMC,Soyabean,Soyabeen,FAQ,2026-03-07,2430.0,5450.0,5000.0,153.361,Rs./Quintal,Metric Tonnes
Madhya Pradesh,Indore,Indore APMC,Wheat,Malwa Shakti,Non-FAQ,2026-03-07,2350.0,2380.0,2380.0,7.550000000000001,Rs./Quintal,Metric Tonnes
Madhya Pradesh,Indore,Indore APMC,Wheat,Wheat,FAQ,2026-03-07,1550.0,2782.0,2250.0,423.8020000000001,Rs./Quintal,Metric Tonnes
Madhya Pradesh,Indore,Indore APMC,Wheat,Malwa Shakti,FAQ,2026-03-07,2460.0,2460.0,2460.0,8.290000000000001,Rs./Quintal,Metric Tonnes
Madhya Pradesh,Ashoknagar,Isagarh APMC,Lentil(Masur)(Whole),Masur Dal,FAQ,2026-03-07,5105.0,5715.0,5655.0,24.36,Rs./Quintal,Metric Tonnes
Madhya Pradesh,Ashoknagar,Isagarh APMC,Maize,Local,FAQ,2026-03-07,1400.0,1490.0,1490.0,19.487000000000002,Rs./Quintal,Metric Tonnes
Madhya Pradesh,Ashoknagar,Isagarh APMC,Mustard,Mustard,FAQ,2026-03-07,5655.0,6175.0,6065.0,65.33200000000001,Rs./Quintal,Metric Tonnes
Madhya Pradesh,Ashoknagar,Isagarh APMC,buttery,Buttery,FAQ,2026-03-07,3365.0,3420.0,3375.0,9.56,Rs./Quintal,Metric Tonnes
Madhya Pradesh,Hoshangabad,Itarsi APMC,Bengal Gram(Gram)(Whole),Gram,FAQ,2026-03-07,4500.0,5092.0,5092.0,9.255,Rs./Quintal,Metric Tonnes
Madhya Pradesh,Hoshangabad,Itarsi APMC,Green Gram(Moong)(Whole),Green (Whole),FAQ,2026-03-07,5505.0,6700.0,6700.0,2.285,Rs./Quintal,Metric Tonnes
Madhya Pradesh,Hoshangabad,Itarsi APMC,Maize,Local,FAQ,2026-03-07,1325.0,1651.0,1481.0,60.53,Rs./Quintal,Metric Tonnes
Madhya Pradesh,Hoshangabad,Itarsi APMC,Mustard,Mustard,FAQ,2026-03-07,5100.0,6250.0,6250.0,4.805,Rs./Quintal,Metric Tonnes
Madhya Pradesh,Hoshangabad,Itarsi APMC,Paddy(Common),Dhan,FAQ,2026-03-07,3210.0,4000.0,4000.0,13.505000000000003,Rs./Quintal,Metric Tonnes
Madhya Pradesh,Hoshangabad,Itarsi APMC,Paddy(Common),Paddy,FAQ,2026-03-07,3350.0,4040.0,4020.0,42.900000000000006,Rs./Quintal,Metric Tonnes
Madhya Pradesh,Hoshangabad,Itarsi APMC,Red gram/Arhar/Tur(whole),Arhar Dal(Tur),FAQ,2026-03-07,7212.0,7408.0,7408.0,1.55,Rs./Quintal,Metric Tonnes
Madhya Pradesh,Hoshangabad,Itarsi APMC,Soyabean,Soyabeen,FAQ,2026-03-07,4000.0,4601.0,4601.0,1.5300000000000002,Rs./Quintal,Metric Tonnes
Madhya Pradesh,Hoshangabad,Itarsi APMC,Wheat,Wheat,FAQ,2026-03-07,2010.0,2382.0,2382.0,100.42500000000001,Rs./Quintal,Metric Tonnes
Madhya Pradesh,Hoshangabad,Itarsi APMC,Wheat,Mill Quality,FAQ,2026-03-07,2327.0,2345.0,2345.0,13.969999999999999,Rs./Quintal,Metric Tonnes
Madhya Pradesh,Jabalpur,Jabalpur APMC,Bengal Gram(Gram)(Whole),Gram,FAQ,2026-03-07,4155.0,5035.0,5035.0,1.615,Rs./Quintal,Metric Tonnes
Madhya Pradesh,Jabalpur,Jabalpur APMC,Black Gram(Urd Beans)(Whole),Urda/Urd,FAQ,2026-03-07,5145.0,8195.0,8195.0,6.168,Rs./Quintal,Metric Tonnes
Madhya Pradesh,Jabalpur,Jabalpur APMC,Green Gram(Moong)(Whole),Green (Whole),FAQ,2026-03-07,4000.0,5690.0,5690.0,2.144,Rs./Quintal,Metric Tonnes
Madhya Pradesh,Jabalpur,Jabalpur APMC,Green Peas,Pea,FAQ,2026-03-07,2600.0,3605.0,3605.0,4.587,Rs./Quintal,Metric Tonnes
Madhya Pradesh,Jabalpur,Jabalpur APMC,Lentil(Masur)(Whole),Masur Dal,FAQ,2026-03-07,5605.0,5925.0,5925.0,5.93,Rs./Quintal,Metric Tonnes
Madhya Pradesh,Jabalpur,Jabalpur APMC,Linseed,Flaxseed,FAQ,2026-03-07,7050.0,7050.0,7050.0,0.338,Rs./Quintal,Metric Tonnes
Madhya Pradesh,Jabalpur,Jabalpur APMC,Maize,Local,FAQ,2026-03-07,1565.0,1610.0,1585.0,15.529,Rs./Quintal,Metric Tonnes
Madhya Pradesh,Jabalpur,Jabalpur APMC,Maize,Local,Non-FAQ,2026-03-07,1600.0,1600.0,1600.0,12.0,Rs./Quintal,Metric Tonnes
Madhya Pradesh,Jabalpur,Jabalpur APMC,Mustard,Mustard,FAQ,2026-03-07,5290.0,5715.0,5290.0,5.838000000000001,Rs./Quintal,Metric Tonnes
Madhya Pradesh,Jabalpur,Jabalpur APMC,Paddy(Common),Dhan,FAQ,2026-03-07,1700.0,1700.0,1700.0,2.314,Rs./Quintal,Metric Tonnes
Madhya Pradesh,Jabalpur,Jabalpur APMC,Red gram/Arhar/Tur(whole),Arhar Dal(Tur),FAQ,2026-03-07,5005.0,7400.0,7400.0,3.282,Rs./Quintal,Metric Tonnes
Madhya Pradesh,Jabalpur,Jabalpur APMC,Wheat,Wheat,FAQ,2026-03-07,2195.0,2440.0,2200.0,28.483999999999998,Rs./Quintal,Metric Tonnes
Madhya Pradesh,Jabalpur,Jabalpur APMC,buttery,Buttery,FAQ,2026-03-07,2900.0,4250.0,3600.0,10.655000000000001,Rs./Quintal,Metric Tonnes
Madhya Pradesh,Ratlam,Jaora APMC,Asalia,Asalia,FAQ,2026-03-07,5641.0,5641.0,5641.0,0.75,Rs./Quintal,Metric Tonnes
Madhya Pradesh,Ratlam,Jaora APMC,Barley(Jau),Barley,FAQ,2026-03-07,2020.0,2080.0,2080.0,8.694,Rs./Quintal,Metric Tonnes
Madhya Pradesh,Ratlam,Jaora APMC,Bengal Gram(Gram)(Whole),Gram,FAQ,2026-03-07,3000.0,5601.0,4700.0,195.79600000000002,Rs./Quintal,Metric Tonnes
Madhya Pradesh,Ratlam,Jaora APMC,Black Gram(Urd Beans)(Whole),Urda/Urd,FAQ,2026-03-07,6000.0,7071.0,7071.0,3.1660000000000004,Rs./Quintal,Metric Tonnes
Madhya Pradesh,Ratlam,Jaora APMC,Coriander(Leaves),Coriander,FAQ,2026-03-07,9697.0,11401.0,11401.0,2.2,Rs./Bundle,Bundle
Madhya Pradesh,Ratlam,Jaora APMC,Garlic,Garlic,FAQ,2026-03-07,900.0,12699.0,5000.0,379.72700000000003,Rs./Quintal,Metric Tonnes
Madhya Pradesh,Ratlam,Jaora APMC,Garlic,Average,FAQ,2026-03-07,7300.0,7300.0,7300.0,0.08000000000000002,Rs./Quintal,Metric Tonnes
Madhya Pradesh,Ratlam,Jaora APMC,Green Peas,Pea,FAQ,2026-03-07,400.0,3881.0,2900.0,48.082,Rs./Quintal,Metric Tonnes
Madhya Pradesh,Ratlam,Jaora APMC,Kabuli Chana(Chickpeas-White),Dollar Gram,FAQ,2026-03-07,3000.0,7891.0,7301.0,35.243,Rs./Quintal,Metric Tonnes
Madhya Pradesh,Ratlam,Jaora APMC,Lentil(Masur)(Whole),Masur Dal,FAQ,2026-03-07,4675.0,6176.0,6001.0,44.666000000000004,Rs./Quintal,Metric Tonnes
Madhya Pradesh,Ratlam,Jaora APMC,Linseed,Flaxseed,FAQ,2026-03-07,5251.0,7920.0,7000.0,12.404000000000002,Rs./Quintal,Metric Tonnes
Madhya Pradesh,Ratlam,Jaora APMC,Methi Seeds,Methiseeds,FAQ,2026-03-07,3000.0,10000.0,5720.0,72.98400000000001,Rs./Quintal,Metric Tonnes
Madhya Pradesh,Ratlam,Jaora APMC,Mustard,Mustard,FAQ,2026-03-07,4000.0,6071.0,6000.0,285.39000000000004,Rs./Quintal,Metric Tonnes
Madhya Pradesh,Ratlam,Jaora APMC,"Sesamum(Sesame,Gingelly,Til)",Sesame,FAQ,2026-03-07,4700.0,9050.0,9050.0,1.029,Rs./Quintal,Metric Tonnes
Madhya Pradesh,Ratlam,Jaora APMC,Soyabean,Soyabeen,Non-FAQ,2026-03-07,4506.0,4506.0,4506.0,0.15800000000000003,Rs./Quintal,Metric Tonnes
Madhya Pradesh,Ratlam,Jaora APMC,Soyabean,Soyabeen,FAQ,2026-03-07,1500.0,5582.0,5400.0,406.482,Rs./Quintal,Metric Tonnes
Madhya Pradesh,Ratlam,Jaora APMC,Wheat,Mill Quality,Non-FAQ,2026-03-07,1900.0,2175.0,2175.0,0.282,Rs./Quintal,Metric Tonnes
Madhya Pradesh,Ratlam,Jaora APMC,Wheat,Wheat,Non-FAQ,2026-03-07,1901.0,1901.0,1901.0,3.673,Rs./Quintal,Metric Tonnes
Madhya Pradesh,Ratlam,Jaora APMC,Wheat,Wheat,FAQ,2026-03-07,1601.0,2840.0,2250.0,1326.344,Rs./Quintal,Metric Tonnes
Madhya Pradesh,Ratlam,Jaora APMC,poppy seeds,Khaskhas,FAQ,2026-03-07,105000.0,139500.0,138000.0,1.286,Rs./Quintal,Metric Tonnes
Madhya Pradesh,Ratlam,Jaora APMC,poppy seeds,Poppy seed,FAQ,2026-03-07,89000.0,126700.0,126700.0,0.03,Rs./Quintal,Metric Tonnes
Madhya Pradesh,Neemuch,Javad APMC,Garlic,Garlic,FAQ,2026-03-07,1996.0,11500.0,4900.0,99.981,Rs./Quintal,Metric Tonnes
Madhya Pradesh,Neemuch,Javad APMC,Maize,Local,FAQ,2026-03-07,1391.0,1401.0,1401.0,22.447000000000003,Rs./Quintal,Metric Tonnes
Madhya Pradesh,Damoh,Javera APMC,Maize,Yellow,Non-FAQ,2026-03-07,1400.0,1400.0,1400.0,2.0,Rs./Quintal,Metric Tonnes
Madhya Pradesh,Damoh,Javera APMC,Paddy(Common),Dhan,Non-FAQ,2026-03-07,1600.0,1600.0,1600.0,10.0,Rs./Quintal,Metric Tonnes
Madhya Pradesh,Damoh,Javera APMC,Wheat,Mill Quality,Non-FAQ,2026-03-07,92.0,2155.0,2155.0,224.05,Rs./Quintal,Metric Tonnes
Madhya Pradesh,Sehore,Jawar APMC,Bengal Gram(Gram)(Whole),Gram,FAQ,2026-03-07,4730.0,4991.0,4991.0,2.37,Rs./Quintal,Metric Tonnes
Madhya Pradesh,Sehore,Jawar APMC,Lentil(Masur)(Whole),Masur Dal,FAQ,2026-03-07,5824.0,6235.0,6235.0,0.613,Rs./Quintal,Metric Tonnes
Madhya Pradesh,Sehore,Jawar APMC,Mustard,Mustard,FAQ,2026-03-07,5300.0,5812.0,5812.0,9.01,Rs./Quintal,Metric Tonnes
Madhya Pradesh,Sehore,Jawar APMC,Soyabean,Soyabeen,FAQ,2026-03-07,3798.0,5351.0,5351.0,47.160000000000004,Rs./Quintal,Metric Tonnes
Madhya Pradesh,Sehore,Jawar APMC,Wheat,Wheat,FAQ,2026-03-07,2050.0,2450.0,2326.0,35.332,Rs./Quintal,Metric Tonnes
Madhya Pradesh,Ratlam,Jawra(F&V) APMC,Bhindi(Ladies Finger),Bhindi,FAQ,2026-03-07,3000.0,4000.0,3400.0,0.5,Rs./Quintal,Metric Tonnes
Madhya Pradesh,Ratlam,Jawra(F&V) APMC,Bottle gourd,Bottle Gourd,FAQ,2026-03-07,1000.0,2400.0,1500.0,0.4,Rs./Quintal,Metric Tonnes
Madhya Pradesh,Ratlam,Jawra(F&V) APMC,Brinjal,Brinjal,FAQ,2026-03-07,1400.0,3000.0,1600.0,0.4,Rs./Quintal,Metric Tonnes
Madhya Pradesh,Ratlam,Jawra(F&V) APMC,Cabbage,Cabbage,FAQ,2026-03-07,1100.0,2000.0,1400.0,0.6000000000000001,Rs./Quintal,Metric Tonnes
Madhya Pradesh,Ratlam,Jawra(F&V) APMC,Cauliflower,Cauliflower,FAQ,2026-03-07,1300.0,3000.0,2000.0,0.4,Rs./Quintal,Metric Tonnes
Madhya Pradesh,Ratlam,Jawra(F&V) APMC,Ginger(Green),Green Ginger,FAQ,2026-03-07,3500.0,5800.0,4000.0,0.30000000000000004,Rs./Quintal,Metric Tonnes
Madhya Pradesh,Ratlam,Jawra(F&V) APMC,Green Chilli,Green Chilly,FAQ,2026-03-07,3400.0,5000.0,3800.0,0.30000000000000004,Rs./Quintal,Metric Tonnes
Madhya Pradesh,Ratlam,Jawra(F&V) APMC,Methi(Leaves),Methi,FAQ,2026-03-07,1000.0,1500.0,1200.0,0.4,Rs./Quintal,Metric Tonnes
Madhya Pradesh,Ratlam,Jawra(F&V) APMC,Other green and fresh vegetables,Other,FAQ,2026-03-07,1200.0,2000.0,1400.0,0.5,Rs./Quintal,Metric Tonnes
Madhya Pradesh,Ratlam,Jawra(F&V) APMC,Raddish,Raddish,FAQ,2026-03-07,1200.0,2200.0,1500.0,0.4,Rs./Quintal,Metric Tonnes
Madhya Pradesh,Ratlam,Jawra(F&V) APMC,Ridgeguard(Tori),Ridgeguard(Tori),FAQ,2026-03-07,4000.0,5500.0,4600.0,0.2,Rs./Quintal,Metric Tonnes
Madhya Pradesh,Ratlam,Jawra(F&V) APMC,Spinach,Spinach,FAQ,2026-03-07,1000.0,1500.0,1200.0,0.4,Rs./Quintal,Metric Tonnes
Madhya Pradesh,Ratlam,Jawra(F&V) APMC,Sponge gourd,Sponge gourd,FAQ,2026-03-07,3500.0,5000.0,3800.0,0.2,Rs./Quintal,Metric Tonnes
Madhya Pradesh,Ratlam,Jawra(F&V) APMC,Tomato,Tomato,FAQ,2026-03-07,1000.0,1500.0,1200.0,0.2,Rs./Quintal,Metric Tonnes
Madhya Pradesh,Rajgarh,Jeerapur APMC,Barley(Jau),Barley,FAQ,2026-03-07,1885.0,1885.0,1885.0,0.225,Rs./Quintal,Metric Tonnes
Madhya Pradesh,Rajgarh,Jeerapur APMC,Bengal Gram(Gram)(Whole),Gram,FAQ,2026-03-07,4690.0,4795.0,4795.0,3.9960000000000004,Rs./Quintal,Metric Tonnes
Madhya Pradesh,Rajgarh,Jeerapur APMC,Coriander(Leaves),Coriander,FAQ,2026-03-07,8700.0,10000.0,10000.0,1.094,Rs./Bundle,Bundle
Madhya Pradesh,Rajgarh,Jeerapur APMC,Lentil(Masur)(Whole),Masur Dal,FAQ,2026-03-07,5865.0,6725.0,6420.0,26.268,Rs./Quintal,Metric Tonnes
Madhya Pradesh,Rajgarh,Jeerapur APMC,Maize,Local,FAQ,2026-03-07,1375.0,1525.0,1525.0,2.4130000000000003,Rs./Quintal,Metric Tonnes
Madhya Pradesh,Rajgarh,Jeerapur APMC,Mustard,Mustard,FAQ,2026-03-07,5585.0,6055.0,5955.0,233.589,Rs./Quintal,Metric Tonnes
Madhya Pradesh,Rajgarh,Jeerapur APMC,Mustard,Mustard,Non-FAQ,2026-03-07,5885.0,5945.0,5945.0,1.366,Rs./Quintal,Metric Tonnes
Madhya Pradesh,Rajgarh,Jeerapur APMC,Soyabean,Soyabeen,FAQ,2026-03-07,4885.0,5420.0,5420.0,2.353,Rs./Quintal,Metric Tonnes
Madhya Pradesh,Rajgarh,Jeerapur APMC,Wheat,Wheat,Non-FAQ,2026-03-07,2200.0,2200.0,2200.0,1.6670000000000003,Rs./Quintal,Metric Tonnes
Madhya Pradesh,Rajgarh,Jeerapur APMC,Wheat,Wheat,FAQ,2026-03-07,1870.0,2251.0,2237.0,98.231,Rs./Quintal,Metric Tonnes
Madhya Pradesh,Jhabua,Jhabua APMC,Bengal Gram(Gram)(Whole),Gram,FAQ,2026-03-07,5200.0,5250.0,5200.0,16.900000000000002,Rs./Quintal,Metric Tonnes
Madhya Pradesh,Jhabua,Jhabua APMC,Cotton,Without Ginned Cotton,FAQ,2026-03-07,7500.0,7855.0,7850.0,19.215000000000003,Rs./Quintal,Metric Tonnes
Madhya Pradesh,Jhabua,Jhabua APMC,Wheat,Wheat,FAQ,2026-03-07,2125.0,2205.0,2200.0,47.848000000000006,Rs./Quintal,Metric Tonnes
Madhya Pradesh,Jhabua,Jhabua(F&V) APMC,Cotton,DCH-32(Unginned),Local,2026-03-07,7500.0,7855.0,7678.0,19.215000000000003,Rs./Quintal,Metric Tonnes
Madhya Pradesh,Jhabua,Jhabua(F&V) APMC,Wheat,Wheat,Local,2026-03-07,2125.0,2205.0,2165.0,47.848000000000006,Rs./Quintal,Metric Tonnes
Madhya Pradesh,Alirajpur,Jobat APMC,Bengal Gram(Gram)(Whole),Gram,FAQ,2026-03-07,4700.0,4900.0,4800.0,31.560000000000002,Rs./Quintal,Metric Tonnes
Madhya Pradesh,Alirajpur,Jobat APMC,Bengal Gram(Gram)(Whole),Gram,Non-FAQ,2026-03-07,5000.0,5000.0,5000.0,2.0,Rs./Quintal,Metric Tonnes
Madhya Pradesh,Alirajpur,Jobat APMC,Cotton,Without Ginned Cotton,FAQ,2026-03-07,7000.0,7011.0,7011.0,4.7,Rs./Quintal,Metric Tonnes
Madhya Pradesh,Alirajpur,Jobat APMC,Wheat,Mill Quality,FAQ,2026-03-07,2080.0,2115.0,2115.0,22.5,Rs./Quintal,Metric Tonnes
Madhya Pradesh,Alirajpur,Jobat APMC,Wheat,Wheat,FAQ,2026-03-07,2100.0,2150.0,2100.0,70.58,Rs./Quintal,Metric Tonnes
Madhya Pradesh,Morena,Kailaras APMC,Bajra(Pearl Millet/Cumbu),Millet,FAQ,2026-03-07,1710.0,1748.0,1740.0,58.062000000000005,Rs./Quintal,Metric Tonnes
Madhya Pradesh,Morena,Kailaras APMC,Mustard,Mustard,FAQ,2026-03-07,5360.0,6387.0,6100.0,104.65,Rs./Quintal,Metric Tonnes
Madhya Pradesh,Morena,Kailaras APMC,Mustard,Mustard,Non-FAQ,2026-03-07,5105.0,5105.0,5105.0,0.7000000000000001,Rs./Quintal,Metric Tonnes
Madhya Pradesh,Morena,Kailaras APMC,Wheat,Wheat,FAQ,2026-03-07,2285.0,2300.0,2300.0,1.4180000000000001,Rs./Quintal,Metric Tonnes
Madhya Pradesh,Shajapur,Kalapipal APMC,Bengal Gram(Gram)(Whole),Gram,FAQ,2026-03-07,3800.0,5253.0,5253.0,3.158,Rs./Quintal,Metric Tonnes
Madhya Pradesh,Shajapur,Kalapipal APMC,Coriander(Leaves),Coriander,FAQ,2026-03-07,7500.0,10700.0,8500.0,1.3390000000000002,Rs./Bundle,Bundle
Madhya Pradesh,Shajapur,Kalapipal APMC,Garlic,Garlic,FAQ,2026-03-07,1000.0,7000.0,6201.0,56.394000000000005,Rs./Quintal,Metric Tonnes
Madhya Pradesh,Shajapur,Kalapipal APMC,Lentil(Masur)(Whole),Masur Dal,FAQ,2026-03-07,5626.0,5952.0,5952.0,1.3330000000000002,Rs./Quintal,Metric Tonnes
Madhya Pradesh,Shajapur,Kalapipal APMC,Mustard,Mustard,Non-FAQ,2026-03-07,6091.0,6091.0,6091.0,3.25,Rs./Quintal,Metric Tonnes
Madhya Pradesh,Shajapur,Kalapipal APMC,Mustard,Mustard,FAQ,2026-03-07,5000.0,5977.0,5700.0,94.608,Rs./Quintal,Metric Tonnes
Madhya Pradesh,Shajapur,Kalapipal APMC,Onion,Onion,FAQ,2026-03-07,200.0,1301.0,1301.0,6.5,Rs./Quintal,Metric Tonnes
Madhya Pradesh,Shajapur,Kalapipal APMC,Soyabean,Yellow,FAQ,2026-03-07,3400.0,5496.0,5496.0,17.434,Rs./Quintal,Metric Tonnes
Madhya Pradesh,Shajapur,Kalapipal APMC,Wheat,Wheat,FAQ,2026-03-07,2000.0,2450.0,2226.0,155.782,Rs./Quintal,Metric Tonnes
Madhya Pradesh,Shajapur,Kalapipal(F&V) APMC,Garlic,Garlic,FAQ,2026-03-07,3000.0,7000.0,5500.0,56.39,Rs./Quintal,Metric Tonnes
Madhya Pradesh,Shajapur,Kalapipal(F&V) APMC,Onion,Onion,FAQ,2026-03-07,300.0,1301.0,1000.0,6.5,Rs./Quintal,Metric Tonnes
Madhya Pradesh,Dewas,Kannod APMC,Bengal Gram(Gram)(Whole),Chana Kabuli,FAQ,2026-03-07,5100.0,5100.0,5100.0,0.968,Rs./Quintal,Metric Tonnes
Madhya Pradesh,Dewas,Kannod APMC,Bengal Gram(Gram)(Whole),Gram,FAQ,2026-03-07,4400.0,5181.0,5171.0,27.945999999999998,Rs./Quintal,Metric Tonnes
Madhya Pradesh,Dewas,Kannod APMC,Maize,Local,FAQ,2026-03-07,1571.0,1571.0,1571.0,0.28700000000000003,Rs./Quintal,Metric Tonnes
Madhya Pradesh,Dewas,Kannod APMC,Mustard,Mustard,FAQ,2026-03-07,5000.0,5796.0,5700.0,27.175,Rs./Quintal,Metric Tonnes
Madhya Pradesh,Dewas,Kannod APMC,Red gram/Arhar/Tur(whole),Arhar Dal(Tur),FAQ,2026-03-07,6851.0,6851.0,6851.0,0.15400000000000003,Rs./Quintal,Metric Tonnes
Madhya Pradesh,Dewas,Kannod APMC,Soyabean,Soyabeen,FAQ,2026-03-07,4795.0,5310.0,5310.0,10.665000000000001,Rs./Quintal,Metric Tonnes
Madhya Pradesh,Dewas,Kannod APMC,Wheat,Wheat,FAQ,2026-03-07,2121.0,2411.0,2262.0,57.92100000000001,Rs./Quintal,Metric Tonnes
Madhya Pradesh,Narsinghpur,Kareli APMC,Bengal Gram(Gram)(Whole),Gram,FAQ,2026-03-07,4700.0,5221.0,5221.0,8.81,Rs./Quintal,Metric Tonnes
Madhya Pradesh,Narsinghpur,Kareli APMC,Black Gram(Urd Beans)(Whole),Urda/Urd,FAQ,2026-03-07,5800.0,6901.0,6901.0,0.65,Rs./Quintal,Metric Tonnes
Madhya Pradesh,Narsinghpur,Kareli APMC,Gur(Jaggery),Jaggery,FAQ,2026-03-07,3000.0,3550.0,3550.0,17.1,Rs./Quintal,Metric Tonnes
Madhya Pradesh,Narsinghpur,Kareli APMC,Lentil(Masur)(Whole),Masur Dal,FAQ,2026-03-07,5200.0,6066.0,5300.0,12.365000000000002,Rs./Quintal,Metric Tonnes
Madhya Pradesh,Narsinghpur,Kareli APMC,Maize,Local,FAQ,2026-03-07,1400.0,1400.0,1400.0,0.6000000000000001,Rs./Quintal,Metric Tonnes
Madhya Pradesh,Narsinghpur,Kareli APMC,Red gram/Arhar/Tur(whole),Arhar Dal(Tur),FAQ,2026-03-07,6800.0,7590.0,7200.0,6.859999999999999,Rs./Quintal,Metric Tonnes
Madhya Pradesh,Narsinghpur,Kareli APMC,Soyabean,Soyabeen,FAQ,2026-03-07,4500.0,5266.0,5266.0,5.025,Rs./Quintal,Metric Tonnes
Madhya Pradesh,Narsinghpur,Kareli APMC,Wheat,Wheat,FAQ,2026-03-07,2000.0,2150.0,2150.0,9.485,Rs./Quintal,Metric Tonnes
Madhya Pradesh,Narsinghpur,Kareli APMC,buttery,Buttery,FAQ,2026-03-07,3800.0,4201.0,4201.0,14.76,Rs./Quintal,Metric Tonnes
Madhya Pradesh,Shivpuri,Karera APMC,Mustard,Mustard,Non-FAQ,2026-03-07,6000.0,6000.0,6000.0,1.074,Rs./Quintal,Metric Tonnes
Madhya Pradesh,Shivpuri,Karera APMC,Wheat,Mill Quality,FAQ,2026-03-07,2006.0,2220.0,2210.0,77.152,Rs./Quintal,Metric Tonnes
Madhya Pradesh,Shivpuri,Karera APMC,Wheat,Wheat,Non-FAQ,2026-03-07,2000.0,2100.0,2100.0,9.735,Rs./Quintal,Metric Tonnes
Madhya Pradesh,Khargone,Karhi APMC,Maize,Local,FAQ,2026-03-07,700.0,1690.0,1690.0,73.59500000000001,Rs./Quintal,Metric Tonnes
Madhya Pradesh,Khargone,Karhi APMC,Soyabean,Yellow,FAQ,2026-03-07,6000.0,6200.0,6200.0,3.95,Rs./Quintal,Metric Tonnes
Madhya Pradesh,Khargone,Karhi APMC,Wheat,Wheat,FAQ,2026-03-07,2170.0,2170.0,2170.0,6.155,Rs./Quintal,Metric Tonnes
Madhya Pradesh,Khargone,Kasrawad APMC,Wheat,Wheat,FAQ,2026-03-07,2100.0,2300.0,2250.0,151.72,Rs./Quintal,Metric Tonnes
Madhya Pradesh,Khargone,Kasrawad APMC,Wheat,Other,Non-FAQ,2026-03-07,2130.0,2200.0,2200.0,8.81,Rs./Quintal,Metric Tonnes
Madhya Pradesh,Khargone,Kasrawad APMC,Wheat,Wheat,Non-FAQ,2026-03-07,2170.0,2215.0,2215.0,3.95,Rs./Quintal,Metric Tonnes
Madhya Pradesh,Khargone,Kasrawad APMC,Wheat,Other,FAQ,2026-03-07,2175.0,2200.0,2200.0,5.545000000000001,Rs./Quintal,Metric Tonnes
Madhya Pradesh,Balaghat,Katangi APMC,Paddy(Common),Paddy,Non-FAQ,2026-03-07,1889.0,1889.0,1889.0,1.9370000000000003,Rs./Quintal,Metric Tonnes
Madhya Pradesh,Balaghat,Katangi APMC,Paddy(Common),Common,Non-FAQ,2026-03-07,1882.0,1892.0,1890.0,25.99,Rs./Quintal,Metric Tonnes
Madhya Pradesh,Katni,Katni APMC,Barley(Jau),Barley,Non-FAQ,2026-03-07,2100.0,2231.0,2231.0,1.04,Rs./Quintal,Metric Tonnes
Madhya Pradesh,Katni,Katni APMC,Bengal Gram(Gram)(Whole),Gram,Non-FAQ,2026-03-07,4300.0,5288.0,4500.0,37.718,Rs./Quintal,Metric Tonnes
Madhya Pradesh,Katni,Katni APMC,Bengal Gram(Gram)(Whole),Gram,FAQ,2026-03-07,5190.0,5190.0,5190.0,36.21,Rs./Quintal,Metric Tonnes
Madhya Pradesh,Katni,Katni APMC,Cummin Seed(Jeera),Cummin Seed(Jeera),FAQ,2026-03-07,18500.0,20960.0,20960.0,6.0,Rs./Quintal,Metric Tonnes
Madhya Pradesh,Katni,Katni APMC,Lentil(Masur)(Whole),Masur Dal,Non-FAQ,2026-03-07,4501.0,6550.0,5400.0,12.962000000000002,Rs./Quintal,Metric Tonnes
Madhya Pradesh,Katni,Katni APMC,Mustard,Mustard,Non-FAQ,2026-03-07,4700.0,6640.0,5900.0,257.606,Rs./Quintal,Metric Tonnes
Madhya Pradesh,Katni,Katni APMC,Paddy(Common),Dhan,Non-FAQ,2026-03-07,1600.0,2000.0,1975.0,60.92400000000001,Rs./Quintal,Metric Tonnes
Madhya Pradesh,Katni,Katni APMC,Red gram/Arhar/Tur(whole),Arhar Dal(Tur),FAQ,2026-03-07,7482.57,8270.07,7915.49,856.801,Rs./Quintal,Metric Tonnes
Madhya Pradesh,Katni,Katni APMC,Red gram/Arhar/Tur(whole),Arhar Dal(Tur),Non-FAQ,2026-03-07,4500.0,6400.0,6400.0,0.341,Rs./Quintal,Metric Tonnes
Madhya Pradesh,Katni,Katni APMC,"Sesamum(Sesame,Gingelly,Til)",Sesame,Non-FAQ,2026-03-07,6100.0,6100.0,6100.0,0.7000000000000001,Rs./Quintal,Metric Tonnes
Madhya Pradesh,Katni,Katni APMC,Wheat,Mill Quality,FAQ,2026-03-07,2250.0,2250.0,2250.0,15.0,Rs./Quintal,Metric Tonnes
Madhya Pradesh,Katni,Katni APMC,Wheat,Wheat,Non-FAQ,2026-03-07,2050.0,2328.0,2300.0,69.611,Rs./Quintal,Metric Tonnes
Madhya Pradesh,Seoni,Keolari APMC,Maize,Local,FAQ,2026-03-07,1600.0,1600.0,1600.0,40.0,Rs./Quintal,Metric Tonnes
Madhya Pradesh,Ujjain,Khachrod APMC,Soyabean,Soyabeen,FAQ,2026-03-07,4747.0,5435.0,5366.0,22.926000000000002,Rs./Quintal,Metric Tonnes
Madhya Pradesh,Ujjain,Khachrod APMC,Wheat,Wheat,FAQ,2026-03-07,1931.0,2500.0,2250.0,116.05000000000001,Rs./Quintal,Metric Tonnes
Madhya Pradesh,Khandwa,Khandwa APMC,Bengal Gram(Gram)(Whole),Gram,FAQ,2026-03-07,4425.0,5210.0,5084.0,91.519,Rs./Quintal,Metric Tonnes
Madhya Pradesh,Khandwa,Khandwa APMC,Cotton,Without Ginned Cotton,FAQ,2026-03-07,6311.0,7517.0,7517.0,11.798000000000002,Rs./Quintal,Metric Tonnes
Madhya Pradesh,Khandwa,Khandwa APMC,Maize,Local,FAQ,2026-03-07,1350.0,1675.0,1601.0,116.60300000000001,Rs./Quintal,Metric Tonnes
Madhya Pradesh,Khandwa,Khandwa APMC,Potato,Local,FAQ,2026-03-07,1000.0,1000.0,1000.0,10.0,Rs./Quintal,Metric Tonnes
Madhya Pradesh,Khandwa,Khandwa APMC,Red gram/Arhar/Tur(whole),Arhar Dal(Tur),FAQ,2026-03-07,3000.0,8050.0,8050.0,64.554,Rs./Quintal,Metric Tonnes
Madhya Pradesh,Khandwa,Khandwa APMC,Soyabean,Soyabeen,FAQ,2026-03-07,4800.0,5311.0,5100.0,21.594,Rs./Quintal,Metric Tonnes
Madhya Pradesh,Khandwa,Khandwa APMC,Soyabean,Yellow,FAQ,2026-03-07,3750.0,5491.0,5300.0,44.661,Rs./Quintal,Metric Tonnes
Madhya Pradesh,Khandwa,Khandwa APMC,Wheat,Wheat,FAQ,2026-03-07,2080.0,2895.0,2351.0,388.19000000000005,Rs./Quintal,Metric Tonnes
Madhya Pradesh,Khandwa,Khandwa APMC,Wheat,Wheat-Organic,FAQ,2026-03-07,2100.0,2100.0,2100.0,9.4,Rs./Quintal,Metric Tonnes
Madhya Pradesh,Khandwa,Khandwa APMC,Wheat,Mill Quality,FAQ,2026-03-07,1455.0,2480.0,2280.0,1103.471,Rs./Quintal,Metric Tonnes
Madhya Pradesh,Shivpuri,Khanyadhana APMC,Barley(Jau),Barley,FAQ,2026-03-07,1600.0,1935.0,1915.0,220.60000000000002,Rs./Quintal,Metric Tonnes
Madhya Pradesh,Shivpuri,Khanyadhana APMC,Mustard,Mustard,FAQ,2026-03-07,5615.0,6122.0,6015.0,66.10000000000001,Rs./Quintal,Metric Tonnes
Madhya Pradesh,Shivpuri,Khanyadhana APMC,Wheat,Mill Quality,Non-FAQ,2026-03-07,2150.0,2175.0,2175.0,30.200000000000003,Rs./Quintal,Metric Tonnes
Madhya Pradesh,Tikamgarh,Khargapur APMC,Mustard,Mustard,FAQ,2026-03-07,5760.0,6005.0,6005.0,26.330000000000002,Rs./Quintal,Metric Tonnes
Madhya Pradesh,Tikamgarh,Khargapur APMC,Wheat,Mill Quality,FAQ,2026-03-07,2200.0,2250.0,2250.0,35.15,Rs./Quintal,Metric Tonnes
Madhya Pradesh,Khargone,Khargone APMC,Bengal Gram(Gram)(Whole),Gram,FAQ,2026-03-07,5001.0,6357.0,5501.0,42.117000000000004,Rs./Quintal,Metric Tonnes
Madhya Pradesh,Khargone,Khargone APMC,Cotton,Without Ginned Cotton,FAQ,2026-03-07,7450.0,7450.0,7450.0,10.645000000000001,Rs./Quintal,Metric Tonnes
Madhya Pradesh,Khargone,Khargone APMC,Maize,Local,FAQ,2026-03-07,1156.0,1707.0,1430.0,111.875,Rs./Quintal,Metric Tonnes
Madhya Pradesh,Khargone,Khargone APMC,Red gram/Arhar/Tur(whole),Arhar Dal(Tur),FAQ,2026-03-07,5300.0,7650.0,7650.0,5.476,Rs./Quintal,Metric Tonnes
Madhya Pradesh,Khargone,Khargone APMC,Soyabean,Soyabeen,Non-FAQ,2026-03-07,4501.0,4811.0,4811.0,12.435,Rs./Quintal,Metric Tonnes
Madhya Pradesh,Khargone,Khargone APMC,Soyabean,Soyabeen,FAQ,2026-03-07,5291.0,5465.0,5425.0,26.995,Rs./Quintal,Metric Tonnes
Madhya Pradesh,Khargone,Khargone APMC,Wheat,Wheat,FAQ,2026-03-07,1950.0,2601.0,2280.0,364.471,Rs./Quintal,Metric Tonnes
Madhya Pradesh,Khargone,Khargone APMC,Wheat,Wheat,Non-FAQ,2026-03-07,2050.0,2370.0,2225.0,73.44500000000001,Rs./Quintal,Metric Tonnes
Madhya Pradesh,Dewas,Khategaon APMC,Bengal Gram(Gram)(Whole),Gram,FAQ,2026-03-07,4401.0,5145.0,5120.0,54.037000000000006,Rs./Quintal,Metric Tonnes
Madhya Pradesh,Dewas,Khategaon APMC,Green Gram(Moong)(Whole),Green (Whole),FAQ,2026-03-07,6000.0,6300.0,6300.0,0.797,Rs./Quintal,Metric Tonnes
Madhya Pradesh,Dewas,Khategaon APMC,Kabuli Chana(Chickpeas-White),Dollar Gram,FAQ,2026-03-07,3900.0,7751.0,7751.0,25.064,Rs./Quintal,Metric Tonnes
Madhya Pradesh,Dewas,Khategaon APMC,Maize,Local,FAQ,2026-03-07,1368.0,1599.0,1575.0,159.30100000000002,Rs./Quintal,Metric Tonnes
Madhya Pradesh,Dewas,Khategaon APMC,Mustard,Mustard,FAQ,2026-03-07,4500.0,6600.0,5681.0,174.407,Rs./Quintal,Metric Tonnes
Madhya Pradesh,Dewas,Khategaon APMC,Soyabean,Soyabeen,FAQ,2026-03-07,4100.0,5010.0,5010.0,5.016,Rs./Quintal,Metric Tonnes
Madhya Pradesh,Dewas,Khategaon APMC,Wheat,Wheat,FAQ,2026-03-07,2000.0,2360.0,2237.0,173.459,Rs./Quintal,Metric Tonnes
Madhya Pradesh,Shivpuri,Khatora APMC,Bengal Gram(Gram)(Whole),Gram,Non-FAQ,2026-03-07,4651.0,4651.0,4651.0,0.7000000000000001,Rs./Quintal,Metric Tonnes
Madhya Pradesh,Shivpuri,Khatora APMC,Lentil(Masur)(Whole),Masur Dal,Non-FAQ,2026-03-07,5641.0,5691.0,5691.0,3.103,Rs./Quintal,Metric Tonnes
Madhya Pradesh,Shivpuri,Khatora APMC,Maize,Local,FAQ,2026-03-07,1450.0,1450.0,1450.0,2.5,Rs./Quintal,Metric Tonnes
Madhya Pradesh,Shivpuri,Khatora APMC,Mustard,Mustard,FAQ,2026-03-07,6050.0,6100.0,6100.0,5.9,Rs./Quintal,Metric Tonnes
Madhya Pradesh,Shivpuri,Khatora APMC,Mustard,Mustard,Non-FAQ,2026-03-07,6231.0,6231.0,6231.0,2.217,Rs./Quintal,Metric Tonnes
Madhya Pradesh,Shivpuri,Khatora APMC,Wheat,Wheat,Non-FAQ,2026-03-07,2476.0,2476.0,2476.0,0.7000000000000001,Rs./Quintal,Metric Tonnes
Madhya Pradesh,Shivpuri,Khatora APMC,Wheat,Wheat,FAQ,2026-03-07,2300.0,2300.0,2300.0,2.0,Rs./Quintal,Metric Tonnes
Madhya Pradesh,Badwani,Khetia APMC,Cotton,Without Ginned Cotton,FAQ,2026-03-07,6455.0,8385.0,7750.0,68.377,Rs./Quintal,Metric Tonnes
Madhya Pradesh,Badwani,Khetia APMC,Maize,Yellow,FAQ,2026-03-07,1580.0,1580.0,1580.0,1.4800000000000002,Rs./Quintal,Metric Tonnes
Madhya Pradesh,Badwani,Khetia APMC,Soyabean,Soyabeen,FAQ,2026-03-07,4750.0,4900.0,4850.0,27.925,Rs./Quintal,Metric Tonnes
Madhya Pradesh,Badwani,Khetia APMC,Wheat,Lokwan,FAQ,2026-03-07,2170.0,2180.0,2180.0,7.359999999999999,Rs./Quintal,Metric Tonnes
Madhya Pradesh,Badwani,Khetia APMC,Wheat,Wheat,FAQ,2026-03-07,2140.0,2265.0,2265.0,10.915000000000001,Rs./Quintal,Metric Tonnes
Madhya Pradesh,Rajgarh,Khilchipur APMC,Bengal Gram(Gram)(Whole),Gram,FAQ,2026-03-07,4505.0,4940.0,4940.0,1.176,Rs./Quintal,Metric Tonnes
Madhya Pradesh,Rajgarh,Khilchipur APMC,Coriander(Leaves),Coriander,FAQ,2026-03-07,8500.0,12950.0,10325.0,7.362000000000001,Rs./Bundle,Bundle
Madhya Pradesh,Rajgarh,Khilchipur APMC,Lentil(Masur)(Whole),Masur Dal,FAQ,2026-03-07,6110.0,6500.0,6305.0,7.577,Rs./Quintal,Metric Tonnes
Madhya Pradesh,Rajgarh,Khilchipur APMC,Mustard,Mustard,FAQ,2026-03-07,5390.0,6000.0,5950.0,88.14,Rs./Quintal,Metric Tonnes
Madhya Pradesh,Rajgarh,Khilchipur APMC,Soyabean,Soyabeen,FAQ,2026-03-07,5095.0,5225.0,5225.0,0.121,Rs./Quintal,Metric Tonnes
Madhya Pradesh,Rajgarh,Khilchipur APMC,Wheat,Mill Quality,FAQ,2026-03-07,2010.0,2238.0,2218.0,335.06500000000005,Rs./Quintal,Metric Tonnes
Madhya Pradesh,Rajgarh,Khilchipur APMC,Wheat,Mill Quality,Non-FAQ,2026-03-07,2100.0,2200.0,2100.0,36.17,Rs./Quintal,Metric Tonnes
Madhya Pradesh,Harda,Khirakiya APMC,Bengal Gram(Gram)(Whole),Desi (F.A.Q. Split),Non-FAQ,2026-03-07,4000.0,5200.0,5150.0,29.523000000000003,Rs./Quintal,Metric Tonnes
Madhya Pradesh,Harda,Khirakiya APMC,Bengal Gram(Gram)(Whole),Gram,Non-FAQ,2026-03-07,4901.0,5191.0,5100.0,27.264,Rs./Quintal,Metric Tonnes
Madhya Pradesh,Harda,Khirakiya APMC,Green Gram(Moong)(Whole),Green (Whole),Non-FAQ,2026-03-07,2350.0,7400.0,7400.0,0.301,Rs./Quintal,Metric Tonnes
Madhya Pradesh,Harda,Khirakiya APMC,Maize,Local,Non-FAQ,2026-03-07,901.0,1639.0,1639.0,50.488,Rs./Quintal,Metric Tonnes
Madhya Pradesh,Harda,Khirakiya APMC,Mustard,Mustard,Non-FAQ,2026-03-07,4890.0,5495.0,5495.0,12.257,Rs./Quintal,Metric Tonnes
Madhya Pradesh,Harda,Khirakiya APMC,Red gram/Arhar/Tur(whole),Arhar Dal(Tur),Non-FAQ,2026-03-07,6150.0,7322.0,7101.0,7.808,Rs./Quintal,Metric Tonnes
Madhya Pradesh,Harda,Khirakiya APMC,Soyabean,Soyabeen,Non-FAQ,2026-03-07,2850.0,5299.0,5004.0,16.279,Rs./Quintal,Metric Tonnes
Madhya Pradesh,Harda,Khirakiya APMC,Soyabean,Yellow,Non-FAQ,2026-03-07,3400.0,5301.0,5081.0,44.111000000000004,Rs./Quintal,Metric Tonnes
Madhya Pradesh,Harda,Khirakiya APMC,Wheat,Mill Quality,Non-FAQ,2026-03-07,2115.0,2401.0,2260.0,381.166,Rs./Quintal,Metric Tonnes
Madhya Pradesh,Harda,Khirakiya APMC,Wheat,Mill Quality,FAQ,2026-03-07,2261.0,2261.0,2261.0,3.5540000000000003,Rs./Quintal,Metric Tonnes
Madhya Pradesh,Harda,Khirakiya APMC,Wheat,Lokwan,Non-FAQ,2026-03-07,2270.0,2270.0,2270.0,2.402,Rs./Quintal,Metric Tonnes
Madhya Pradesh,Rajgarh,Khujner APMC,Bengal Gram(Gram)(Whole),Gram,FAQ,2026-03-07,4200.0,4495.0,4495.0,0.15500000000000003,Rs./Quintal,Metric Tonnes
Madhya Pradesh,Rajgarh,Khujner APMC,Lentil(Masur)(Whole),Masur Dal,FAQ,2026-03-07,5305.0,6495.0,6335.0,16.757,Rs./Quintal,Metric Tonnes
Madhya Pradesh,Rajgarh,Khujner APMC,Mustard,Mustard,FAQ,2026-03-07,5400.0,5980.0,5835.0,106.92500000000001,Rs./Quintal,Metric Tonnes
Madhya Pradesh,Rajgarh,Khujner APMC,Soyabean,Soyabeen,FAQ,2026-03-07,1400.0,5365.0,5195.0,14.306000000000001,Rs./Quintal,Metric Tonnes
Madhya Pradesh,Rajgarh,Khujner APMC,Wheat,Mill Quality,FAQ,2026-03-07,2005.0,2085.0,2085.0,4.744,Rs./Quintal,Metric Tonnes
Madhya Pradesh,Rajgarh,Khujner APMC,Wheat,Wheat,FAQ,2026-03-07,1800.0,2223.0,2195.0,64.48700000000001,Rs./Quintal,Metric Tonnes
Madhya Pradesh,Sagar,Khurai APMC,Bengal Gram(Gram)(Whole),Gram,FAQ,2026-03-07,5210.0,5320.0,5320.0,9.35,Rs./Quintal,Metric Tonnes
Madhya Pradesh,Sagar,Khurai APMC,Wheat,Wheat,FAQ,2026-03-07,2325.0,2400.0,2400.0,58.150000000000006,Rs./Quintal,Metric Tonnes
Madhya Pradesh,Shivpuri,Kolaras APMC,Barley(Jau),Barley,Non-FAQ,2026-03-07,1610.0,1705.0,1705.0,1.178,Rs./Quintal,Metric Tonnes
Madhya Pradesh,Shivpuri,Kolaras APMC,Bengal Gram(Gram)(Whole),Gram,Non-FAQ,2026-03-07,4500.0,5275.0,5275.0,12.941,Rs./Quintal,Metric Tonnes
Madhya Pradesh,Shivpuri,Kolaras APMC,Bengal Gram(Gram)(Whole),Gram,FAQ,2026-03-07,4805.0,4805.0,4805.0,0.426,Rs./Quintal,Metric Tonnes
Madhya Pradesh,Shivpuri,Kolaras APMC,Green Gram(Moong)(Whole),Green (Whole),Non-FAQ,2026-03-07,5905.0,5905.0,5905.0,0.08700000000000001,Rs./Quintal,Metric Tonnes
Madhya Pradesh,Shivpuri,Kolaras APMC,Groundnut,Big (With Shell),FAQ,2026-03-07,5900.0,5900.0,5900.0,0.5710000000000001,Rs./Quintal,Metric Tonnes
Madhya Pradesh,Shivpuri,Kolaras APMC,Lentil(Masur)(Whole),Masur Dal,Non-FAQ,2026-03-07,5195.0,5760.0,5685.0,52.088,Rs./Quintal,Metric Tonnes
Madhya Pradesh,Shivpuri,Kolaras APMC,Lentil(Masur)(Whole),Masur Dal,FAQ,2026-03-07,5205.0,5665.0,5665.0,7.649,Rs./Quintal,Metric Tonnes
Madhya Pradesh,Shivpuri,Kolaras APMC,Maize,Local,Non-FAQ,2026-03-07,1320.0,1680.0,1400.0,26.357,Rs./Quintal,Metric Tonnes
Madhya Pradesh,Shivpuri,Kolaras APMC,Mustard,Mustard,FAQ,2026-03-07,5005.0,6400.0,6200.0,589.658,Rs./Quintal,Metric Tonnes
Madhya Pradesh,Shivpuri,Kolaras APMC,Mustard,Mustard,Non-FAQ,2026-03-07,5320.0,6235.0,5940.0,139.783,Rs./Quintal,Metric Tonnes
Madhya Pradesh,Shivpuri,Kolaras APMC,Soyabean,Soyabeen,Non-FAQ,2026-03-07,4400.0,4400.0,4400.0,0.215,Rs./Quintal,Metric Tonnes
Madhya Pradesh,Shivpuri,Kolaras APMC,Wheat,Wheat,Non-FAQ,2026-03-07,2000.0,2000.0,2000.0,3.138,Rs./Quintal,Metric Tonnes
Madhya Pradesh,Mandla,Krishi Upaj Mandi Samiti Bichhiya,Paddy(Common),Common,Non-FAQ,2026-03-07,1900.0,1900.0,1900.0,40.0,Rs./Quintal,Metric Tonnes
Madhya Pradesh,Dhar,Kukshi APMC,Bengal Gram(Gram)(Whole),Desi (F.A.Q. Split),FAQ,2026-03-07,4795.0,5150.0,5150.0,11.755,Rs./Quintal,Metric Tonnes
Madhya Pradesh,Dhar,Kukshi APMC,Bengal Gram(Gram)(Whole),Gram,FAQ,2026-03-07,4900.0,5260.0,5260.0,18.163999999999998,Rs./Quintal,Metric Tonnes
Madhya Pradesh,Dhar,Kukshi APMC,Cotton,Without Ginned Cotton,FAQ,2026-03-07,6005.0,7500.0,7500.0,11.895000000000001,Rs./Quintal,Metric Tonnes
Madhya Pradesh,Dhar,Kukshi APMC,Kabuli Chana(Chickpeas-White),Dollar Gram,FAQ,2026-03-07,6780.0,8500.0,8200.0,94.417,Rs./Quintal,Metric Tonnes
Madhya Pradesh,Dhar,Kukshi APMC,Maize,Local,FAQ,2026-03-07,1200.0,1630.0,1630.0,38.15,Rs./Quintal,Metric Tonnes
Madhya Pradesh,Dhar,Kukshi APMC,Wheat,Wheat,FAQ,2026-03-07,2000.0,2475.0,2010.0,209.349,Rs./Quintal,Metric Tonnes
Madhya Pradesh,Dhar,Kukshi APMC,Wheat,Wheat,Non-FAQ,2026-03-07,1875.0,1900.0,1900.0,11.350000000000001,Rs./Quintal,Metric Tonnes
Madhya Pradesh,Dhar,Kukshi(F&V) APMC,Bhindi(Ladies Finger),Bhindi,Grade A,2026-03-07,800.0,1400.0,1100.0,1.1,Rs./Quintal,Metric Tonnes
Madhya Pradesh,Dhar,Kukshi(F&V) APMC,Bitter gourd,Bitter Gourd,Grade A,2026-03-07,1800.0,3600.0,2700.0,0.30000000000000004,Rs./Quintal,Metric Tonnes
Madhya Pradesh,Dhar,Kukshi(F&V) APMC,Bottle gourd,Bottle Gourd,Grade A,2026-03-07,400.0,600.0,500.0,1.5,Rs./Quintal,Metric Tonnes
Madhya Pradesh,Dhar,Kukshi(F&V) APMC,Brinjal,Brinjal,Grade A,2026-03-07,500.0,800.0,600.0,1.6,Rs./Quintal,Metric Tonnes
Madhya Pradesh,Dhar,Kukshi(F&V) APMC,Cabbage,Cabbage,Grade A,2026-03-07,400.0,600.0,500.0,1.6,Rs./Quintal,Metric Tonnes
Madhya Pradesh,Dhar,Kukshi(F&V) APMC,Cauliflower,Cauliflower,Grade A,2026-03-07,600.0,1300.0,900.0,0.9,Rs./Quintal,Metric Tonnes
Madhya Pradesh,Dhar,Kukshi(F&V) APMC,Ginger(Green),Green Ginger,Grade A,2026-03-07,4500.0,5000.0,4700.0,0.2,Rs./Quintal,Metric Tonnes
Madhya Pradesh,Dhar,Kukshi(F&V) APMC,Green Chilli,Green Chilly,Grade A,2026-03-07,3000.0,4800.0,3900.0,0.5,Rs./Quintal,Metric Tonnes
Madhya Pradesh,Dhar,Kukshi(F&V) APMC,Onion,Onion,Grade A,2026-03-07,700.0,1400.0,1000.0,1.8,Rs./Quintal,Metric Tonnes
Madhya Pradesh,Dhar,Kukshi(F&V) APMC,Potato,Potato,Grade A,2026-03-07,700.0,1200.0,900.0,1.2000000000000002,Rs./Quintal,Metric Tonnes
Madhya Pradesh,Dhar,Kukshi(F&V) APMC,Spinach,Spinach,Grade A,2026-03-07,700.0,1000.0,800.0,0.9,Rs./Quintal,Metric Tonnes
Madhya Pradesh,Dhar,Kukshi(F&V) APMC,Tomato,Tomato,Grade A,2026-03-07,400.0,700.0,500.0,2.0,Rs./Quintal,Metric Tonnes
Madhya Pradesh,Rajgarh,Kurawar APMC,Bengal Gram(Gram)(Whole),Gram,FAQ,2026-03-07,4355.0,5080.0,4705.0,8.941,Rs./Quintal,Metric Tonnes
Madhya Pradesh,Rajgarh,Kurawar APMC,Coriander(Leaves),Coriander,FAQ,2026-03-07,8200.0,8200.0,8200.0,0.054000000000000006,Rs./Bundle,Bundle
Madhya Pradesh,Rajgarh,Kurawar APMC,Lentil(Masur)(Whole),Masur Dal,FAQ,2026-03-07,5130.0,5960.0,5805.0,5.219,Rs./Quintal,Metric Tonnes
Madhya Pradesh,Rajgarh,Kurawar APMC,Mustard,Mustard,FAQ,2026-03-07,2880.0,6545.0,5825.0,155.067,Rs./Quintal,Metric Tonnes
Madhya Pradesh,Rajgarh,Kurawar APMC,Soyabean,Soyabeen,FAQ,2026-03-07,2405.0,5500.0,5385.0,94.78500000000001,Rs./Quintal,Metric Tonnes
Madhya Pradesh,Rajgarh,Kurawar APMC,Wheat,Wheat,FAQ,2026-03-07,2005.0,2430.0,2230.0,180.122,Rs./Quintal,Metric Tonnes
Madhya Pradesh,Rajgarh,Kurawar APMC,Wheat,Local,FAQ,2026-03-07,2195.0,2195.0,2195.0,0.191,Rs./Quintal,Metric Tonnes
Madhya Pradesh,Vidisha,Kurwai APMC,Lentil(Masur)(Whole),Masur Dal,Non-FAQ,2026-03-07,5941.0,5992.0,5992.0,1.2000000000000002,Rs./Quintal,Metric Tonnes
Madhya Pradesh,Vidisha,Kurwai APMC,Mustard,Mustard,Non-FAQ,2026-03-07,5247.0,5896.0,5896.0,13.89,Rs./Quintal,Metric Tonnes
Madhya Pradesh,Bhind,Lahar APMC,Mustard,Mustard,FAQ,2026-03-07,6250.0,6430.0,6430.0,3.0,Rs./Quintal,Metric Tonnes
Madhya Pradesh,Bhind,Lahar APMC,Wheat,Wheat,FAQ,2026-03-07,2289.0,2310.0,2308.0,94.80000000000001,Rs./Quintal,Metric Tonnes
Madhya Pradesh,Seoni,Lakhnadon APMC,Maize,Local,FAQ,2026-03-07,1600.0,1600.0,1600.0,37.4,Rs./Quintal,Metric Tonnes
Madhya Pradesh,Seoni,Lakhnadon APMC,Maize,Local,Non-FAQ,2026-03-07,1500.0,1525.0,1500.0,30.0,Rs./Quintal,Metric Tonnes
Madhya Pradesh,Seoni,Lakhnadon APMC,Wheat,Wheat,FAQ,2026-03-07,2200.0,2250.0,2250.0,17.8,Rs./Quintal,Metric Tonnes
Madhya Pradesh,Gwalior,Lashkar APMC,Mustard,Mustard,Non-FAQ,2026-03-07,4140.0,6265.0,6195.0,32.003,Rs./Quintal,Metric Tonnes
Madhya Pradesh,Gwalior,Lashkar APMC,Mustard,Mustard,FAQ,2026-03-07,5300.0,6635.0,6200.0,202.501,Rs./Quintal,Metric Tonnes
Madhya Pradesh,Gwalior,Lashkar APMC,Wheat,Wheat,FAQ,2026-03-07,2305.0,2385.0,2385.0,5.390000000000001,Rs./Quintal,Metric Tonnes
Madhya Pradesh,Gwalior,Lashkar(F&V) APMC,Banana,Other,Grade B,2026-03-07,850.0,1300.0,1100.0,12.0,Rs./Quintal,Metric Tonnes
Madhya Pradesh,Gwalior,Lashkar(F&V) APMC,Grapes,Green,Grade B,2026-03-07,2000.0,3000.0,2500.0,3.8,Rs./Quintal,Metric Tonnes
Madhya Pradesh,Gwalior,Lashkar(F&V) APMC,Orange,Orange,Grade B,2026-03-07,2500.0,3500.0,3000.0,3.0,Rs./Quintal,Metric Tonnes
Madhya Pradesh,Gwalior,Lashkar(F&V) APMC,Papaya,Papaya,Grade B,2026-03-07,900.0,1300.0,1200.0,23.0,Rs./Quintal,Metric Tonnes
Madhya Pradesh,Vidisha,Lateri APMC,Bengal Gram(Gram)(Whole),Desi (F.A.Q. Split),FAQ,2026-03-07,4920.0,4920.0,4920.0,0.16000000000000003,Rs./Quintal,Metric Tonnes
Madhya Pradesh,Vidisha,Lateri APMC,Bengal Gram(Gram)(Whole),Gram,FAQ,2026-03-07,4600.0,4950.0,4950.0,4.1850000000000005,Rs./Quintal,Metric Tonnes
Madhya Pradesh,Vidisha,Lateri APMC,Coriander(Leaves),Coriander,FAQ,2026-03-07,9500.0,9500.0,9500.0,0.131,Rs./Bundle,Bundle
Madhya Pradesh,Vidisha,Lateri APMC,Maize,Local,Non-FAQ,2026-03-07,1420.0,1525.0,1460.0,80.63,Rs./Quintal,Metric Tonnes
Madhya Pradesh,Vidisha,Lateri APMC,Maize,Local,FAQ,2026-03-07,800.0,1610.0,1500.0,10.535,Rs./Quintal,Metric Tonnes
Madhya Pradesh,Vidisha,Lateri APMC,Mustard,Mustard,FAQ,2026-03-07,5150.0,5900.0,5870.0,16.668000000000003,Rs./Quintal,Metric Tonnes
Madhya Pradesh,Chhatarpur,LavKush Nagar(Laundi) APMC,Mustard,Mustard,Non-FAQ,2026-03-07,5900.0,5900.0,5900.0,0.5,Rs./Quintal,Metric Tonnes
Madhya Pradesh,Chhatarpur,LavKush Nagar(Laundi) APMC,Wheat,Mill Quality,FAQ,2026-03-07,2200.0,2200.0,2200.0,1.5,Rs./Quintal,Metric Tonnes
Madhya Pradesh,Dewas,Loharda APMC,Bengal Gram(Gram)(Whole),Gram,FAQ,2026-03-07,5113.0,5311.0,5311.0,7.73,Rs./Quintal,Metric Tonnes
Madhya Pradesh,Dewas,Loharda APMC,Kabuli Chana(Chickpeas-White),Dollar Gram,FAQ,2026-03-07,5250.0,5480.0,5480.0,7.490000000000001,Rs./Quintal,Metric Tonnes
Madhya Pradesh,Dewas,Loharda APMC,Maize,Local,FAQ,2026-03-07,1411.0,1500.0,1450.0,46.7,Rs./Quintal,Metric Tonnes
Madhya Pradesh,Dewas,Loharda APMC,Wheat,Wheat,FAQ,2026-03-07,2025.0,2700.0,2250.0,308.574,Rs./Quintal,Metric Tonnes
Madhya Pradesh,Rajgarh,Machalpur APMC,Coriander(Leaves),Coriander,FAQ,2026-03-07,7650.0,10850.0,10225.0,16.174000000000003,Rs./Bundle,Bundle
Madhya Pradesh,Rajgarh,Machalpur APMC,Lentil(Masur)(Whole),Masur Dal,FAQ,2026-03-07,6335.0,6490.0,6490.0,3.4290000000000003,Rs./Quintal,Metric Tonnes
Madhya Pradesh,Rajgarh,Machalpur APMC,Mustard,Mustard,Non-FAQ,2026-03-07,5740.0,5740.0,5740.0,0.2,Rs./Quintal,Metric Tonnes
Madhya Pradesh,Rajgarh,Machalpur APMC,Mustard,Mustard,FAQ,2026-03-07,5650.0,5995.0,5900.0,64.89,Rs./Quintal,Metric Tonnes
Madhya Pradesh,Rajgarh,Machalpur APMC,Wheat,Wheat,FAQ,2026-03-07,2045.0,2180.0,2175.0,22.896,Rs./Quintal,Metric Tonnes
Madhya Pradesh,Rajgarh,Machalpur APMC,Wheat,Wheat,Non-FAQ,2026-03-07,1900.0,2100.0,2100.0,2.7010000000000005,Rs./Quintal,Metric Tonnes
Madhya Pradesh,Shivpuri,Magroni APMC,Mustard,Mustard,FAQ,2026-03-07,5000.0,6331.0,6285.0,135.20000000000002,Rs./Quintal,Metric Tonnes
Madhya Pradesh,Shivpuri,Magroni APMC,Paddy(Common),Paddy,FAQ,2026-03-07,3978.0,4000.0,4000.0,20.0,Rs./Quintal,Metric Tonnes
Madhya Pradesh,Shivpuri,Magroni APMC,Wheat,Wheat,FAQ,2026-03-07,2175.0,2175.0,2175.0,3.5,Rs./Quintal,Metric Tonnes
Madhya Pradesh,Shivpuri,Magroni(F&V) APMC,Brinjal,Brinjal,Grade A,2026-03-07,900.0,1600.0,1400.0,0.2,Rs./Quintal,Metric Tonnes
Madhya Pradesh,Shivpuri,Magroni(F&V) APMC,Cauliflower,Cauliflower,Grade A,2026-03-07,900.0,1500.0,1200.0,0.2,Rs./Quintal,Metric Tonnes
Madhya Pradesh,Shivpuri,Magroni(F&V) APMC,Raddish,Raddish,Grade A,2026-03-07,300.0,900.0,400.0,0.2,Rs./Quintal,Metric Tonnes
Madhya Pradesh,Shivpuri,Magroni(F&V) APMC,Tomato,Deshi,Grade A,2026-03-07,1200.0,2000.0,1800.0,0.2,Rs./Quintal,Metric Tonnes
Madhya Pradesh,Ujjain,Mahidpur APMC,Bengal Gram(Gram)(Whole),Gram,FAQ,2026-03-07,4900.0,4950.0,4950.0,3.472,Rs./Quintal,Metric Tonnes
Madhya Pradesh,Ujjain,Mahidpur APMC,Mustard,Mustard,FAQ,2026-03-07,4200.0,5756.0,5756.0,1.462,Rs./Quintal,Metric Tonnes
Madhya Pradesh,Ujjain,Mahidpur APMC,Soyabean,Soyabeen,Non-FAQ,2026-03-07,2205.0,4480.0,4480.0,2.774,Rs./Quintal,Metric Tonnes
Madhya Pradesh,Ujjain,Mahidpur APMC,Soyabean,Soyabeen,FAQ,2026-03-07,2185.0,5423.0,5315.0,36.031,Rs./Quintal,Metric Tonnes
Madhya Pradesh,Ujjain,Mahidpur APMC,Wheat,Mill Quality,FAQ,2026-03-07,2267.0,2360.0,2360.0,8.473,Rs./Quintal,Metric Tonnes
Madhya Pradesh,Ujjain,Mahidpur APMC,Wheat,Wheat,FAQ,2026-03-07,1800.0,2451.0,2200.0,317.338,Rs./Quintal,Metric Tonnes
Madhya Pradesh,Ujjain,Mahidpur APMC,Wheat,Wheat,Non-FAQ,2026-03-07,1601.0,2051.0,2051.0,2.3649999999999998,Rs./Quintal,Metric Tonnes
Madhya Pradesh,Ujjain,Mahidpur APMC,Wheat,Local,FAQ,2026-03-07,2001.0,2351.0,2351.0,2.843,Rs./Quintal,Metric Tonnes
Madhya Pradesh,Satna,Maihar(F&V) APMC,Cabbage,Cabbage,Local,2026-03-07,1200.0,1200.0,1200.0,1.0,Rs./Quintal,Metric Tonnes
Madhya Pradesh,Satna,Maihar(F&V) APMC,Cauliflower,Cauliflower,Local,2026-03-07,1000.0,1000.0,1000.0,1.1,Rs./Quintal,Metric Tonnes
Madhya Pradesh,Satna,Maihar(F&V) APMC,Ginger(Green),Green Ginger,Local,2026-03-07,5000.0,5000.0,5000.0,0.2,Rs./Quintal,Metric Tonnes
Madhya Pradesh,Satna,Maihar(F&V) APMC,Onion,Local,Local,2026-03-07,1000.0,1000.0,1000.0,1.2,Rs./Quintal,Metric Tonnes
Madhya Pradesh,Satna,Maihar(F&V) APMC,Peas Wet,Peas Wet,Local,2026-03-07,1100.0,1100.0,1100.0,1.4,Rs./Quintal,Metric Tonnes
Madhya Pradesh,Satna,Maihar(F&V) APMC,Potato,Potato,Local,2026-03-07,700.0,700.0,700.0,6.5,Rs./Quintal,Metric Tonnes
Madhya Pradesh,Satna,Maihar(F&V) APMC,Spinach,Spinach,Local,2026-03-07,700.0,700.0,700.0,2.0,Rs./Quintal,Metric Tonnes
Madhya Pradesh,Satna,Maihar(F&V) APMC,Tomato,Tomato,Local,2026-03-07,700.0,700.0,700.0,1.3,Rs./Quintal,Metric Tonnes
Madhya Pradesh,Shajapur,Maksi APMC,Soyabean,Yellow,FAQ,2026-03-07,5225.0,5225.0,5225.0,3.443,Rs./Quintal,Metric Tonnes
Madhya Pradesh,Neemuch,Manasa APMC,Barley(Jau),Barley,Non-FAQ,2026-03-07,1800.0,1922.0,1920.0,11.826,Rs./Quintal,Metric Tonnes
Madhya Pradesh,Neemuch,Manasa APMC,Bengal Gram(Gram)(Whole),Gram,Non-FAQ,2026-03-07,4600.0,5151.0,5100.0,82.577,Rs./Quintal,Metric Tonnes
Madhya Pradesh,Neemuch,Manasa APMC,Bengal Gram(Gram)(Whole),Gram,FAQ,2026-03-07,4010.0,5102.0,4850.0,57.583000000000006,Rs./Quintal,Metric Tonnes
Madhya Pradesh,Neemuch,Manasa APMC,Black Gram(Urd Beans)(Whole),Urda/Urd,Non-FAQ,2026-03-07,4100.0,5500.0,5500.0,0.33,Rs./Quintal,Metric Tonnes
Madhya Pradesh,Neemuch,Manasa APMC,Coriander(Leaves),Coriander,FAQ,2026-03-07,8870.0,9660.0,9660.0,2.086,Rs./Bundle,Bundle
Madhya Pradesh,Neemuch,Manasa APMC,Garlic,Garlic,FAQ,2026-03-07,400.0,7791.0,5550.0,46.598000000000006,Rs./Quintal,Metric Tonnes
Madhya Pradesh,Neemuch,Manasa APMC,Lentil(Masur)(Whole),Masur Dal,FAQ,2026-03-07,5301.0,6001.0,6001.0,1.133,Rs./Quintal,Metric Tonnes
Madhya Pradesh,Neemuch,Manasa APMC,Linseed,Flaxseed,FAQ,2026-03-07,6970.0,7770.0,7400.0,18.836000000000002,Rs./Quintal,Metric Tonnes
Madhya Pradesh,Neemuch,Manasa APMC,Maize,Local,Non-FAQ,2026-03-07,1250.0,1350.0,1350.0,3.088,Rs./Quintal,Metric Tonnes
Madhya Pradesh,Neemuch,Manasa APMC,Maize,Local,FAQ,2026-03-07,1360.0,1651.0,1638.0,32.596,Rs./Quintal,Metric Tonnes
Madhya Pradesh,Neemuch,Manasa APMC,Methi Seeds,Methiseeds,FAQ,2026-03-07,5500.0,6700.0,6001.0,6.7860000000000005,Rs./Quintal,Metric Tonnes
Madhya Pradesh,Neemuch,Manasa APMC,Mustard,Mustard,Non-FAQ,2026-03-07,6026.0,6080.0,6080.0,0.7040000000000001,Rs./Quintal,Metric Tonnes
Madhya Pradesh,Neemuch,Manasa APMC,Mustard,Mustard,FAQ,2026-03-07,5000.0,6280.0,5870.0,58.958000000000006,Rs./Quintal,Metric Tonnes
Madhya Pradesh,Neemuch,Manasa APMC,Soyabean,Soyabeen,FAQ,2026-03-07,4501.0,5475.0,5290.0,75.205,Rs./Quintal,Metric Tonnes
Madhya Pradesh,Neemuch,Manasa APMC,Wheat,Lokwan,FAQ,2026-03-07,2186.0,2245.0,2190.0,13.491999999999999,Rs./Quintal,Metric Tonnes
Madhya Pradesh,Neemuch,Manasa APMC,Wheat,Wheat,Non-FAQ,2026-03-07,2081.0,2372.0,2231.0,41.044000000000004,Rs./Quintal,Metric Tonnes
Madhya Pradesh,Neemuch,Manasa APMC,Wheat,Wheat,FAQ,2026-03-07,1940.0,2761.0,2240.0,235.00700000000003,Rs./Quintal,Metric Tonnes
Madhya Pradesh,Dhar,Manawar APMC,Bengal Gram(Gram)(Whole),Gram,FAQ,2026-03-07,4800.0,4800.0,4800.0,2.16,Rs./Quintal,Metric Tonnes
Madhya Pradesh,Dhar,Manawar APMC,Kabuli Chana(Chickpeas-White),Dollar Gram,FAQ,2026-03-07,6700.0,10000.0,7200.0,175.433,Rs./Quintal,Metric Tonnes
Madhya Pradesh,Dhar,Manawar APMC,Maize,Local,FAQ,2026-03-07,1200.0,1890.0,1850.0,166.31500000000003,Rs./Quintal,Metric Tonnes
Madhya Pradesh,Dhar,Manawar APMC,Soanf,Other,FAQ,2026-03-07,15000.0,15000.0,15000.0,0.87,Rs./Quintal,Metric Tonnes
Madhya Pradesh,Dhar,Manawar APMC,Soanf,Soanf,FAQ,2026-03-07,7000.0,18000.0,16000.0,43.005,Rs./Quintal,Metric Tonnes
Madhya Pradesh,Dhar,Manawar APMC,Wheat,Wheat,FAQ,2026-03-07,2100.0,2760.0,2720.0,84.081,Rs./Quintal,Metric Tonnes
Madhya Pradesh,Dhar,Manawar APMC,Wheat,Wheat,Non-FAQ,2026-03-07,2200.0,2200.0,2200.0,18.180000000000003,Rs./Quintal,Metric Tonnes
Madhya Pradesh,Mandla,Mandla APMC,Paddy(Common),Common,FAQ,2026-03-07,1925.0,1930.0,1930.0,17.2,Rs./Quintal,Metric Tonnes
Madhya Pradesh,Mandla,Mandla APMC,Paddy(Common),Common,Non-FAQ,2026-03-07,1875.0,1905.0,1905.0,26.0,Rs./Quintal,Metric Tonnes
Madhya Pradesh,Mandsaur,Mandsaur APMC,Asalia,Asalia,FAQ,2026-03-07,4991.0,5841.0,5841.0,5.256,Rs./Quintal,Metric Tonnes
Madhya Pradesh,Mandsaur,Mandsaur APMC,Barley(Jau),Barley,Non-FAQ,2026-03-07,1960.0,2056.0,2056.0,6.170000000000001,Rs./Quintal,Metric Tonnes
Madhya Pradesh,Mandsaur,Mandsaur APMC,Bengal Gram(Gram)(Whole),Gram,Non-FAQ,2026-03-07,3400.0,6301.0,4960.0,43.553,Rs./Quintal,Metric Tonnes
Madhya Pradesh,Mandsaur,Mandsaur APMC,Bengal Gram(Gram)(Whole),Chana Kabuli,Non-FAQ,2026-03-07,3652.0,6060.0,6060.0,1.8820000000000001,Rs./Quintal,Metric Tonnes
Madhya Pradesh,Mandsaur,Mandsaur APMC,Black Gram(Urd Beans)(Whole),Urda/Urd,Non-FAQ,2026-03-07,3600.0,7050.0,7050.0,2.818,Rs./Quintal,Metric Tonnes
Madhya Pradesh,Mandsaur,Mandsaur APMC,Garlic,Garlic-Organic,FAQ,2026-03-07,6301.0,10400.0,10400.0,3.9960000000000004,Rs./Quintal,Metric Tonnes
Madhya Pradesh,Mandsaur,Mandsaur APMC,Garlic,Garlic,FAQ,2026-03-07,800.0,15001.0,7400.0,331.71700000000004,Rs./Quintal,Metric Tonnes
Madhya Pradesh,Mandsaur,Mandsaur APMC,Groundnut,Big (With Shell),Non-FAQ,2026-03-07,4000.0,8550.0,7231.0,14.713000000000001,Rs./Quintal,Metric Tonnes
Madhya Pradesh,Mandsaur,Mandsaur APMC,Lentil(Masur)(Whole),Masur Dal,Non-FAQ,2026-03-07,1500.0,6290.0,6290.0,13.064,Rs./Quintal,Metric Tonnes
Madhya Pradesh,Mandsaur,Mandsaur APMC,Linseed,Flaxseed,FAQ,2026-03-07,6000.0,7740.0,7501.0,13.355000000000002,Rs./Quintal,Metric Tonnes
Madhya Pradesh,Mandsaur,Mandsaur APMC,Maize,Local,Non-FAQ,2026-03-07,1198.0,1701.0,1651.0,23.268,Rs./Quintal,Metric Tonnes
Madhya Pradesh,Mandsaur,Mandsaur APMC,Maize,Local,FAQ,2026-03-07,801.0,1781.0,1541.0,15.57,Rs./Quintal,Metric Tonnes
Madhya Pradesh,Mandsaur,Mandsaur APMC,Mustard,Mustard,FAQ,2026-03-07,7101.0,7601.0,7601.0,0.334,Rs./Quintal,Metric Tonnes
Madhya Pradesh,Mandsaur,Mandsaur APMC,Mustard,Mustard,Non-FAQ,2026-03-07,4299.0,7801.0,6000.0,89.60000000000001,Rs./Quintal,Metric Tonnes
Madhya Pradesh,Mandsaur,Mandsaur APMC,Onion,Onion,Non-FAQ,2026-03-07,799.0,1281.0,1281.0,16.153000000000002,Rs./Quintal,Metric Tonnes
Madhya Pradesh,Mandsaur,Mandsaur APMC,Onion,Onion,FAQ,2026-03-07,211.0,2502.0,701.0,16.389,Rs./Quintal,Metric Tonnes
Madhya Pradesh,Mandsaur,Mandsaur APMC,"Sesamum(Sesame,Gingelly,Til)",Sesame,Non-FAQ,2026-03-07,5000.0,5000.0,5000.0,0.03900000000000001,Rs./Quintal,Metric Tonnes
Madhya Pradesh,Mandsaur,Mandsaur APMC,"Sesamum(Sesame,Gingelly,Til)",Sesame,FAQ,2026-03-07,9081.0,9081.0,9081.0,0.073,Rs./Quintal,Metric Tonnes
Madhya Pradesh,Mandsaur,Mandsaur APMC,Soyabean,Soyabeen,Non-FAQ,2026-03-07,1300.0,6061.0,5000.0,232.974,Rs./Quintal,Metric Tonnes
Madhya Pradesh,Mandsaur,Mandsaur APMC,Wheat,Lokwan,FAQ,2026-03-07,2131.0,2300.0,2300.0,2.154,Rs./Quintal,Metric Tonnes
Madhya Pradesh,Mandsaur,Mandsaur APMC,Wheat,Mill Quality,Non-FAQ,2026-03-07,2153.0,2320.0,2320.0,9.741,Rs./Quintal,Metric Tonnes
Madhya Pradesh,Mandsaur,Mandsaur APMC,Wheat,Mill Quality,FAQ,2026-03-07,2100.0,2306.0,2306.0,10.122,Rs./Quintal,Metric Tonnes
Madhya Pradesh,Mandsaur,Mandsaur APMC,Wheat,Lokwan,Non-FAQ,2026-03-07,2285.0,2418.0,2418.0,15.875,Rs./Quintal,Metric Tonnes
Madhya Pradesh,Mandsaur,Mandsaur APMC,Wheat,Wheat,Non-FAQ,2026-03-07,1500.0,2741.0,2370.0,196.746,Rs./Quintal,Metric Tonnes
Madhya Pradesh,Mandsaur,Mandsaur APMC,Wheat,Wheat,FAQ,2026-03-07,1876.0,2661.0,2491.0,130.24300000000002,Rs./Quintal,Metric Tonnes
Madhya Pradesh,Satna,Mehar APMC,Wheat,Local,FAQ,2026-03-07,2200.0,2210.0,2210.0,16.03,Rs./Quintal,Metric Tonnes
Madhya Pradesh,Indore,Mhow APMC,Bengal Gram(Gram)(Whole),Chana mausami,FAQ,2026-03-07,5031.0,5031.0,5031.0,0.8800000000000001,Rs./Quintal,Metric Tonnes
Madhya Pradesh,Indore,Mhow APMC,Bengal Gram(Gram)(Whole),Gram,FAQ,2026-03-07,3900.0,5681.0,5681.0,4.264,Rs./Quintal,Metric Tonnes
Madhya Pradesh,Indore,Mhow APMC,Kabuli Chana(Chickpeas-White),Bitkey,FAQ,2026-03-07,3500.0,4976.0,4976.0,1.697,Rs./Quintal,Metric Tonnes
Madhya Pradesh,Indore,Mhow APMC,Kabuli Chana(Chickpeas-White),Dollar Gram,FAQ,2026-03-07,7200.0,7200.0,7200.0,0.06,Rs./Quintal,Metric Tonnes
Madhya Pradesh,Indore,Mhow APMC,Maize,Local,FAQ,2026-03-07,1500.0,1500.0,1500.0,2.152,Rs./Quintal,Metric Tonnes
Madhya Pradesh,Indore,Mhow APMC,Soyabean,Soyabeen,Non-FAQ,2026-03-07,2900.0,4851.0,4851.0,1.3310000000000002,Rs./Quintal,Metric Tonnes
Madhya Pradesh,Indore,Mhow APMC,Soyabean,Soyabeen,FAQ,2026-03-07,2900.0,5588.0,5550.0,111.397,Rs./Quintal,Metric Tonnes
Madhya Pradesh,Indore,Mhow APMC,Wheat,Wheat,FAQ,2026-03-07,1460.0,2801.0,2300.0,217.045,Rs./Quintal,Metric Tonnes
Madhya Pradesh,Indore,Mhow APMC,Wheat,Wheat Mix,FAQ,2026-03-07,2100.0,2200.0,2200.0,5.5,Rs./Quintal,Metric Tonnes
Madhya Pradesh,Shajapur,Momanbadodiya APMC,Bengal Gram(Gram)(Whole),Gram,FAQ,2026-03-07,4785.0,4785.0,4785.0,0.618,Rs./Quintal,Metric Tonnes
Madhya Pradesh,Shajapur,Momanbadodiya APMC,Lentil(Masur)(Whole),Masur Dal,FAQ,2026-03-07,6080.0,6431.0,6290.0,7.28,Rs./Quintal,Metric Tonnes
Madhya Pradesh,Shajapur,Momanbadodiya APMC,Mustard,Mustard,FAQ,2026-03-07,5181.0,5787.0,5760.0,18.953,Rs./Quintal,Metric Tonnes
Madhya Pradesh,Shajapur,Momanbadodiya APMC,Soyabean,Soyabeen,FAQ,2026-03-07,4351.0,4351.0,4351.0,0.5,Rs./Quintal,Metric Tonnes
Madhya Pradesh,Shajapur,Momanbadodiya APMC,Wheat,Wheat,FAQ,2026-03-07,2045.0,2215.0,2215.0,7.470000000000001,Rs./Quintal,Metric Tonnes
Madhya Pradesh,Morena,Morena APMC,Bajra(Pearl Millet/Cumbu),Millet,Non-FAQ,2026-03-07,1689.0,1726.0,1726.0,6.965000000000001,Rs./Quintal,Metric Tonnes
Madhya Pradesh,Morena,Morena APMC,Mustard,Mustard,Non-FAQ,2026-03-07,2655.0,6295.0,6165.0,124.229,Rs./Quintal,Metric Tonnes
Madhya Pradesh,Morena,Morena APMC,Potato,Potato,Non-FAQ,2026-03-07,400.0,500.0,400.0,97.5,Rs./Quintal,Metric Tonnes
Madhya Pradesh,Morena,Morena APMC,Wheat,Wheat,Non-FAQ,2026-03-07,2236.0,2320.0,2305.0,22.263,Rs./Quintal,Metric Tonnes
Madhya Pradesh,Morena,Morena(F&V) APMC,Potato,Potato,Non-FAQ,2026-03-07,400.0,500.0,500.0,137.5,Rs./Quintal,Metric Tonnes
Madhya Pradesh,Morena,Morena(F&V) APMC,Pumpkin,Pumpkin,Grade C,2026-03-07,1000.0,1000.0,1000.0,4.0,Rs./Quintal,Metric Tonnes
Madhya Pradesh,Bhind,Mow APMC,Wheat,Wheat,FAQ,2026-03-07,2185.0,2185.0,2185.0,2.92,Rs./Quintal,Metric Tonnes
Madhya Pradesh,Betul,Multai APMC,Maize,Local,Non-FAQ,2026-03-07,1450.0,1701.0,1685.0,691.7,Rs./Quintal,Metric Tonnes
Madhya Pradesh,Betul,Multai APMC,Maize,Other,FAQ,2026-03-07,1420.0,1420.0,1420.0,25.0,Rs./Quintal,Metric Tonnes
Madhya Pradesh,Betul,Multai APMC,Maize,Local,FAQ,2026-03-07,1400.0,1600.0,1570.0,164.5,Rs./Quintal,Metric Tonnes
Madhya Pradesh,Khandwa,Mundi APMC,Bengal Gram(Gram)(Whole),Gram,FAQ,2026-03-07,4895.0,4906.0,4895.0,2.59,Rs./Quintal,Metric Tonnes
Madhya Pradesh,Khandwa,Mundi APMC,Cotton,Without Ginned Cotton,FAQ,2026-03-07,5911.0,7111.0,7111.0,31.785000000000004,Rs./Quintal,Metric Tonnes
Madhya Pradesh,Khandwa,Mundi APMC,Soyabean,Soyabeen,FAQ,2026-03-07,4425.0,4950.0,4950.0,2.72,Rs./Quintal,Metric Tonnes
Madhya Pradesh,Khandwa,Mundi APMC,Wheat,Mill Quality,FAQ,2026-03-07,2125.0,2150.0,2150.0,13.365000000000002,Rs./Quintal,Metric Tonnes
Madhya Pradesh,Khandwa,Mundi APMC,Wheat,Wheat,Non-FAQ,2026-03-07,2075.0,2150.0,2125.0,12.555,Rs./Quintal,Metric Tonnes
Madhya Pradesh,Khandwa,Mundi APMC,Wheat,Wheat,FAQ,2026-03-07,1645.0,2295.0,2120.0,522.8760000000001,Rs./Quintal,Metric Tonnes
Madhya Pradesh,Khandwa,Mundi APMC,Wheat,Local,FAQ,2026-03-07,2100.0,2205.0,2200.0,26.045,Rs./Quintal,Metric Tonnes
Madhya Pradesh,Ashoknagar,Mungawali APMC,Mustard,Mustard,Non-FAQ,2026-03-07,5000.0,5900.0,5900.0,9.175,Rs./Quintal,Metric Tonnes
Madhya Pradesh,Ujjain,Nagda APMC,Bengal Gram(Gram)(Whole),Gram,Non-FAQ,2026-03-07,4999.0,4999.0,4999.0,1.295,Rs./Quintal,Metric Tonnes
Madhya Pradesh,Ujjain,Nagda APMC,Soyabean,Soyabeen,Non-FAQ,2026-03-07,5000.0,5381.0,5381.0,1.3250000000000002,Rs./Quintal,Metric Tonnes
Madhya Pradesh,Ujjain,Nagda APMC,Soyabean,Soyabeen,FAQ,2026-03-07,4191.0,5401.0,5401.0,2.5,Rs./Quintal,Metric Tonnes
Madhya Pradesh,Ujjain,Nagda APMC,Wheat,Wheat,Non-FAQ,2026-03-07,1851.0,2275.0,2181.0,78.03500000000001,Rs./Quintal,Metric Tonnes
Madhya Pradesh,Satna,Nagod APMC,Barley(Jau),Barley,FAQ,2026-03-07,2000.0,2100.0,2100.0,21.900000000000002,Rs./Quintal,Metric Tonnes
Madhya Pradesh,Satna,Nagod APMC,Green Peas,Pea,FAQ,2026-03-07,3471.0,3471.0,3471.0,5.5,Rs./Quintal,Metric Tonnes
Madhya Pradesh,Satna,Nagod APMC,Lentil(Masur)(Whole),Masur Dal,FAQ,2026-03-07,5771.0,5771.0,5771.0,1.2000000000000002,Rs./Quintal,Metric Tonnes
Madhya Pradesh,Satna,Nagod APMC,Mustard,Mustard,Non-FAQ,2026-03-07,5650.0,5950.0,5900.0,23.5,Rs./Quintal,Metric Tonnes
Madhya Pradesh,Satna,Nagod APMC,Paddy(Common),Common,Non-FAQ,2026-03-07,1775.0,1775.0,1775.0,12.350000000000001,Rs./Quintal,Metric Tonnes
Madhya Pradesh,Satna,Nagod APMC,Wheat,Wheat,FAQ,2026-03-07,2200.0,2350.0,2250.0,110.54500000000002,Rs./Quintal,Metric Tonnes
Madhya Pradesh,Satna,Nagod APMC,Wheat,Wheat,Non-FAQ,2026-03-07,2240.0,2260.0,2260.0,21.0,Rs./Quintal,Metric Tonnes
Madhya Pradesh,Satna,Nagod APMC,buttery,Buttery,FAQ,2026-03-07,3488.0,3488.0,3488.0,3.1,Rs./Quintal,Metric Tonnes
Madhya Pradesh,Mandla,Nainpur APMC,Maize,Yellow,FAQ,2026-03-07,1600.0,1650.0,1600.0,34.9,Rs./Quintal,Metric Tonnes
Madhya Pradesh,Mandla,Nainpur APMC,Maize,Yellow,Non-FAQ,2026-03-07,1550.0,1550.0,1550.0,7.5,Rs./Quintal,Metric Tonnes
Madhya Pradesh,Mandla,Nainpur APMC,Maize,Hybrid Red (Cattle Feed),Non-FAQ,2026-03-07,1600.0,1610.0,1610.0,23.05,Rs./Quintal,Metric Tonnes
Madhya Pradesh,Mandla,Nainpur APMC,Paddy(Common),Paddy,FAQ,2026-03-07,1825.0,1855.0,1855.0,42.495000000000005,Rs./Quintal,Metric Tonnes
Madhya Pradesh,Mandla,Nainpur APMC,Paddy(Common),Paddy,Non-FAQ,2026-03-07,1925.0,1935.0,1935.0,18.1,Rs./Quintal,Metric Tonnes
Madhya Pradesh,Rajgarh,Narsinghgarh APMC,Bengal Gram(Gram)(Whole),Gram,FAQ,2026-03-07,4450.0,5110.0,5000.0,6.017,Rs./Quintal,Metric Tonnes
Madhya Pradesh,Rajgarh,Narsinghgarh APMC,Coriander(Leaves),Coriander,FAQ,2026-03-07,7000.0,10600.0,9550.0,13.892,Rs./Bundle,Bundle
Madhya Pradesh,Rajgarh,Narsinghgarh APMC,Garlic,Garlic,FAQ,2026-03-07,500.0,7800.0,4800.0,26.549000000000003,Rs./Quintal,Metric Tonnes
Madhya Pradesh,Rajgarh,Narsinghgarh APMC,Lentil(Masur)(Whole),Masur Dal,FAQ,2026-03-07,5000.0,6450.0,6000.0,14.937000000000001,Rs./Quintal,Metric Tonnes
Madhya Pradesh,Rajgarh,Narsinghgarh APMC,Mustard,Mustard,FAQ,2026-03-07,3300.0,6015.0,5700.0,267.23400000000004,Rs./Quintal,Metric Tonnes
Madhya Pradesh,Rajgarh,Narsinghgarh APMC,Onion,Onion,FAQ,2026-03-07,190.0,900.0,900.0,4.263000000000001,Rs./Quintal,Metric Tonnes
Madhya Pradesh,Rajgarh,Narsinghgarh APMC,Soyabean,Soyabeen,FAQ,2026-03-07,1800.0,5475.0,5400.0,58.788000000000004,Rs./Quintal,Metric Tonnes
Madhya Pradesh,Rajgarh,Narsinghgarh APMC,Wheat,Wheat,FAQ,2026-03-07,1860.0,2415.0,2220.0,123.20100000000001,Rs./Quintal,Metric Tonnes
Madhya Pradesh,Rajgarh,Narsinghgarh APMC,Wheat,Mill Quality,FAQ,2026-03-07,1968.0,1968.0,1968.0,0.6190000000000001,Rs./Quintal,Metric Tonnes
Madhya Pradesh,Rajgarh,Narsinghgarh APMC,Wheat,Mill Quality,Non-FAQ,2026-03-07,2200.0,2210.0,2210.0,6.043,Rs./Quintal,Metric Tonnes
Madhya Pradesh,Narsinghpur,Narsinghpur APMC,Bengal Gram(Gram)(Whole),Desi (F.A.Q. Split),Non-FAQ,2026-03-07,5050.0,5251.0,5251.0,2.1100000000000003,Rs./Quintal,Metric Tonnes
Madhya Pradesh,Narsinghpur,Narsinghpur APMC,Bengal Gram(Gram)(Whole),Desi (F.A.Q. Split),FAQ,2026-03-07,4900.0,5271.0,5271.0,2.535,Rs./Quintal,Metric Tonnes
Madhya Pradesh,Narsinghpur,Narsinghpur APMC,Black Gram(Urd Beans)(Whole),Urda/Urd,FAQ,2026-03-07,7300.0,7840.0,7300.0,1.345,Rs./Quintal,Metric Tonnes
Madhya Pradesh,Narsinghpur,Narsinghpur APMC,Black Gram(Urd Beans)(Whole),Urda/Urd,Non-FAQ,2026-03-07,7401.0,7880.0,7880.0,0.49000000000000005,Rs./Quintal,Metric Tonnes
Madhya Pradesh,Narsinghpur,Narsinghpur APMC,Green Gram(Moong)(Whole),Green (Whole),FAQ,2026-03-07,6601.0,7501.0,7501.0,0.6200000000000001,Rs./Quintal,Metric Tonnes
Madhya Pradesh,Narsinghpur,Narsinghpur APMC,Green Peas,Pea,FAQ,2026-03-07,2750.0,2750.0,2750.0,0.06999999999999999,Rs./Quintal,Metric Tonnes
Madhya Pradesh,Narsinghpur,Narsinghpur APMC,Gur(Jaggery),Jaggery,FAQ,2026-03-07,3650.0,3800.0,3800.0,91.4,Rs./Quintal,Metric Tonnes
Madhya Pradesh,Narsinghpur,Narsinghpur APMC,Lentil(Masur)(Whole),Local,FAQ,2026-03-07,5702.0,7004.0,6711.0,14.55,Rs./Quintal,Metric Tonnes
Madhya Pradesh,Narsinghpur,Narsinghpur APMC,Lentil(Masur)(Whole),Masur Dal,FAQ,2026-03-07,6711.0,6711.0,6711.0,4.18,Rs./Quintal,Metric Tonnes
Madhya Pradesh,Narsinghpur,Narsinghpur APMC,Maize,Yellow,Non-FAQ,2026-03-07,1500.0,1700.0,1700.0,24.880000000000003,Rs./Quintal,Metric Tonnes
Madhya Pradesh,Narsinghpur,Narsinghpur APMC,Maize,Yellow,FAQ,2026-03-07,1500.0,1700.0,1599.0,145.725,Rs./Quintal,Metric Tonnes
Madhya Pradesh,Narsinghpur,Narsinghpur APMC,Red gram/Arhar/Tur(whole),Arhar Dal(Tur),FAQ,2026-03-07,6181.0,7840.0,7400.0,5.275,Rs./Quintal,Metric Tonnes
Madhya Pradesh,Narsinghpur,Narsinghpur APMC,Soyabean,Yellow,FAQ,2026-03-07,5050.0,5401.0,5401.0,4.095000000000001,Rs./Quintal,Metric Tonnes
Madhya Pradesh,Narsinghpur,Narsinghpur APMC,Soyabean,Yellow,Non-FAQ,2026-03-07,4700.0,4800.0,4800.0,2.225,Rs./Quintal,Metric Tonnes
Madhya Pradesh,Narsinghpur,Narsinghpur APMC,Wheat,Mill Quality,Non-FAQ,2026-03-07,2040.0,2214.0,2214.0,1.79,Rs./Quintal,Metric Tonnes
Madhya Pradesh,Narsinghpur,Narsinghpur APMC,Wheat,Mill Quality,FAQ,2026-03-07,2161.0,2181.0,2181.0,3.12,Rs./Quintal,Metric Tonnes
Madhya Pradesh,Sehore,Nasrullaganj APMC,Bengal Gram(Gram)(Whole),Gram,Non-FAQ,2026-03-07,3501.0,5176.0,5059.0,50.955000000000005,Rs./Quintal,Metric Tonnes
Madhya Pradesh,Sehore,Nasrullaganj APMC,Bengal Gram(Gram)(Whole),Gram,FAQ,2026-03-07,4651.0,5148.0,5148.0,9.359,Rs./Quintal,Metric Tonnes
Madhya Pradesh,Sehore,Nasrullaganj APMC,Green Gram(Moong)(Whole),Green (Whole),Non-FAQ,2026-03-07,5720.0,6326.0,6326.0,37.917,Rs./Quintal,Metric Tonnes
Madhya Pradesh,Sehore,Nasrullaganj APMC,Green Gram(Moong)(Whole),Green (Whole),FAQ,2026-03-07,5870.0,6320.0,6320.0,48.333,Rs./Quintal,Metric Tonnes
Madhya Pradesh,Sehore,Nasrullaganj APMC,Maize,Local,FAQ,2026-03-07,1300.0,1620.0,1540.0,421.82500000000005,Rs./Quintal,Metric Tonnes
Madhya Pradesh,Sehore,Nasrullaganj APMC,Maize,Local,Non-FAQ,2026-03-07,1331.0,1600.0,1600.0,199.48900000000003,Rs./Quintal,Metric Tonnes
Madhya Pradesh,Sehore,Nasrullaganj APMC,Mustard,Mustard,FAQ,2026-03-07,4800.0,5667.0,5667.0,11.31,Rs./Quintal,Metric Tonnes
Madhya Pradesh,Sehore,Nasrullaganj APMC,Mustard,Sarson(Black),Non-FAQ,2026-03-07,5600.0,5600.0,5600.0,2.6100000000000003,Rs./Quintal,Metric Tonnes
Madhya Pradesh,Sehore,Nasrullaganj APMC,Red gram/Arhar/Tur(whole),Arhar Dal(Tur),Non-FAQ,2026-03-07,8010.0,8010.0,8010.0,2.44,Rs./Quintal,Metric Tonnes
Madhya Pradesh,Sehore,Nasrullaganj APMC,Soyabean,Soyabeen,FAQ,2026-03-07,5230.0,5230.0,5230.0,1.576,Rs./Quintal,Metric Tonnes
Madhya Pradesh,Sehore,Nasrullaganj APMC,Soyabean,Soyabeen,Non-FAQ,2026-03-07,2501.0,5210.0,5210.0,20.675,Rs./Quintal,Metric Tonnes
Madhya Pradesh,Sehore,Nasrullaganj APMC,Wheat,Wheat,FAQ,2026-03-07,1751.0,2764.0,2229.0,30.150000000000002,Rs./Quintal,Metric Tonnes
Madhya Pradesh,Sehore,Nasrullaganj APMC,Wheat,Wheat,Non-FAQ,2026-03-07,2000.0,2794.0,2299.0,172.21400000000003,Rs./Quintal,Metric Tonnes
Madhya Pradesh,Neemuch,Neemuch APMC,Asgand,Asafoetida leaf,FAQ,2026-03-07,539.0,815.0,681.0,27.733,Rs./Quintal,Metric Tonnes
Madhya Pradesh,Neemuch,Neemuch APMC,Asgand,Asgand,FAQ,2026-03-07,6000.0,25000.0,19001.0,14.029,Rs./Quintal,Metric Tonnes
Madhya Pradesh,Neemuch,Neemuch APMC,Asgand,Asafoetida seeds,FAQ,2026-03-07,900.0,1940.0,1940.0,0.405,Rs./Quintal,Metric Tonnes
Madhya Pradesh,Neemuch,Neemuch APMC,Ashwagandha,Ashwagandha,FAQ,2026-03-07,6000.0,21710.0,14200.0,20.474000000000004,Rs./Quintal,Metric Tonnes
Madhya Pradesh,Neemuch,Neemuch APMC,Asparagus,Asparagus,FAQ,2026-03-07,5000.0,30000.0,30000.0,0.512,Rs./Quintal,Metric Tonnes
Madhya Pradesh,Neemuch,Neemuch APMC,Barley(Jau),Barley,FAQ,2026-03-07,1620.0,2182.0,2000.0,113.72300000000001,Rs./Quintal,Metric Tonnes
Madhya Pradesh,Neemuch,Neemuch APMC,Behada,Behada,FAQ,2026-03-07,650.0,3800.0,3800.0,1.6280000000000001,Rs./Quintal,Metric Tonnes
Madhya Pradesh,Neemuch,Neemuch APMC,Bengal Gram(Gram)(Whole),Gram,FAQ,2026-03-07,2050.0,5165.0,5000.0,153.057,Rs./Quintal,Metric Tonnes
Madhya Pradesh,Neemuch,Neemuch APMC,Bengal Gram(Gram)(Whole),Chana Kabuli,FAQ,2026-03-07,5400.0,7680.0,7200.0,1.139,Rs./Quintal,Metric Tonnes
Madhya Pradesh,Neemuch,Neemuch APMC,Coriander(Leaves),Coriander,FAQ,2026-03-07,6000.0,10951.0,9700.0,12.494,Rs./Bundle,Bundle
Madhya Pradesh,Neemuch,Neemuch APMC,Garlic,Garlic,FAQ,2026-03-07,2670.0,12401.0,9500.0,438.344,Rs./Quintal,Metric Tonnes
Madhya Pradesh,Neemuch,Neemuch APMC,Garlic,Average,FAQ,2026-03-07,1200.0,11901.0,6000.0,116.081,Rs./Quintal,Metric Tonnes
Madhya Pradesh,Neemuch,Neemuch APMC,Giloy,Giloy,FAQ,2026-03-07,666.0,2971.0,2971.0,0.229,Rs./Quintal,Metric Tonnes
Madhya Pradesh,Neemuch,Neemuch APMC,Groundnut,Big (With Shell),FAQ,2026-03-07,4650.0,6150.0,5270.0,46.409,Rs./Quintal,Metric Tonnes
Madhya Pradesh,Neemuch,Neemuch APMC,Groundnut,Big (With Shell),Non-FAQ,2026-03-07,5494.0,5801.0,5801.0,4.438000000000001,Rs./Quintal,Metric Tonnes
Madhya Pradesh,Neemuch,Neemuch APMC,Harrah,Harrah,FAQ,2026-03-07,2000.0,2502.0,2502.0,1.5110000000000001,Rs./Quintal,Metric Tonnes
Madhya Pradesh,Neemuch,Neemuch APMC,Isabgul(Psyllium),Isabgol,FAQ,2026-03-07,10700.0,12660.0,12660.0,0.539,Rs./Quintal,Metric Tonnes
Madhya Pradesh,Neemuch,Neemuch APMC,Kalmegh,Kalmegh,FAQ,2026-03-07,9211.0,12000.0,12000.0,1.9030000000000002,Rs./Quintal,Metric Tonnes
Madhya Pradesh,Neemuch,Neemuch APMC,Lentil(Masur)(Whole),Masur Dal,FAQ,2026-03-07,4900.0,6581.0,6581.0,2.783,Rs./Quintal,Metric Tonnes
Madhya Pradesh,Neemuch,Neemuch APMC,Linseed,Flaxseed,FAQ,2026-03-07,7525.0,7752.0,7752.0,4.139,Rs./Quintal,Metric Tonnes
Madhya Pradesh,Neemuch,Neemuch APMC,Maize,Local,FAQ,2026-03-07,1260.0,1681.0,1655.0,737.075,Rs./Quintal,Metric Tonnes
Madhya Pradesh,Neemuch,Neemuch APMC,Methi Seeds,Methiseeds,FAQ,2026-03-07,4001.0,6235.0,5400.0,17.655,Rs./Quintal,Metric Tonnes
Madhya Pradesh,Neemuch,Neemuch APMC,Muesli,Muesli,FAQ,2026-03-07,101500.0,101800.0,101800.0,0.20600000000000002,Rs./Quintal,Metric Tonnes
Madhya Pradesh,Neemuch,Neemuch APMC,Mustard,Yellow (Black),FAQ,2026-03-07,6651.0,7700.0,7700.0,5.197,Rs./Quintal,Metric Tonnes
Madhya Pradesh,Neemuch,Neemuch APMC,Mustard,Mustard,FAQ,2026-03-07,3300.0,7532.0,6050.0,197.781,Rs./Quintal,Metric Tonnes
Madhya Pradesh,Neemuch,Neemuch APMC,Neem Seed,Neem leaves,FAQ,2026-03-07,1301.0,2000.0,2000.0,0.5630000000000001,Rs./Quintal,Metric Tonnes
Madhya Pradesh,Neemuch,Neemuch APMC,Onion,Red,FAQ,2026-03-07,200.0,1532.0,1135.0,72.279,Rs./Quintal,Metric Tonnes
Madhya Pradesh,Neemuch,Neemuch APMC,Snakeguard,Sarpagandha,FAQ,2026-03-07,35000.0,75000.0,75000.0,0.13799999999999998,Rs./Quintal,Metric Tonnes
Madhya Pradesh,Neemuch,Neemuch APMC,Soyabean,Soyabeen,FAQ,2026-03-07,1400.0,5522.0,5360.0,704.681,Rs./Quintal,Metric Tonnes
Madhya Pradesh,Neemuch,Neemuch APMC,Soyabean,Soyabeen,Non-FAQ,2026-03-07,1670.0,5522.0,5522.0,1.765,Rs./Quintal,Metric Tonnes
Madhya Pradesh,Neemuch,Neemuch APMC,Wheat,Wheat,FAQ,2026-03-07,2053.0,2960.0,2280.0,745.883,Rs./Quintal,Metric Tonnes
Madhya Pradesh,Neemuch,Neemuch APMC,karanja seeds,Karanja Seeds,FAQ,2026-03-07,4300.0,4300.0,4300.0,0.497,Rs./Quintal,Metric Tonnes
Madhya Pradesh,Neemuch,Neemuch APMC,nigella seeds,Kalonji/Nigella,FAQ,2026-03-07,21561.0,21561.0,21561.0,0.666,Rs./Quintal,Metric Tonnes
Madhya Pradesh,Neemuch,Neemuch APMC,poppy seeds,Poppy seed,FAQ,2026-03-07,77000.0,137000.0,109000.0,7.021,Rs./Quintal,Metric Tonnes
Madhya Pradesh,Tikamgarh,Niwadi APMC,Barley(Jau),Deshi,Non-FAQ,2026-03-07,1611.0,1611.0,1611.0,1.0250000000000001,Rs./Quintal,Metric Tonnes
Madhya Pradesh,Tikamgarh,Niwadi APMC,Soyabean,Yellow,FAQ,2026-03-07,5075.0,5075.0,5075.0,4.510000000000001,Rs./Quintal,Metric Tonnes
Madhya Pradesh,Tikamgarh,Niwadi APMC,Wheat,Mill Quality,Non-FAQ,2026-03-07,2150.0,2278.0,2250.0,195.38,Rs./Quintal,Metric Tonnes
Madhya Pradesh,Raisen,Obedullaganj APMC,Bengal Gram(Gram)(Whole),Gram,FAQ,2026-03-07,5163.0,5255.0,5255.0,4.195,Rs./Quintal,Metric Tonnes
Madhya Pradesh,Raisen,Obedullaganj APMC,Maize,Local,FAQ,2026-03-07,1450.0,1450.0,1450.0,1.8100000000000003,Rs./Quintal,Metric Tonnes
Madhya Pradesh,Raisen,Obedullaganj APMC,Mustard,Mustard,FAQ,2026-03-07,5421.0,5500.0,5500.0,2.6300000000000003,Rs./Quintal,Metric Tonnes
Madhya Pradesh,Raisen,Obedullaganj APMC,Paddy(Common),Puspa (MR 301),FAQ,2026-03-07,3825.0,3900.0,3900.0,10.481000000000002,Rs./Quintal,Metric Tonnes
Madhya Pradesh,Raisen,Obedullaganj APMC,Red gram/Arhar/Tur(whole),Arhar Dal(Tur),FAQ,2026-03-07,5500.0,5500.0,5500.0,0.146,Rs./Quintal,Metric Tonnes
Madhya Pradesh,Raisen,Obedullaganj APMC,Wheat,Malwa Shakti,FAQ,2026-03-07,2185.0,2245.0,2245.0,1.99,Rs./Quintal,Metric Tonnes
Madhya Pradesh,Raisen,Obedullaganj APMC,Wheat,Local,FAQ,2026-03-07,2221.0,2425.0,2425.0,19.843000000000004,Rs./Quintal,Metric Tonnes
Madhya Pradesh,Raisen,Obedullaganj APMC,buttery,Buttery,FAQ,2026-03-07,3000.0,3000.0,3000.0,0.45,Rs./Quintal,Metric Tonnes
Madhya Pradesh,Jabalpur,Paatan APMC,Maize,Local,FAQ,2026-03-07,1550.0,1625.0,1625.0,34.0,Rs./Quintal,Metric Tonnes
Madhya Pradesh,Rajgarh,Pachaur APMC,Bengal Gram(Gram)(Whole),Gram,FAQ,2026-03-07,4300.0,5255.0,5255.0,6.3420000000000005,Rs./Quintal,Metric Tonnes
Madhya Pradesh,Rajgarh,Pachaur APMC,Bengal Gram(Gram)(Whole),Chana Kanta,FAQ,2026-03-07,4465.0,4465.0,4465.0,0.513,Rs./Quintal,Metric Tonnes
Madhya Pradesh,Rajgarh,Pachaur APMC,Lentil(Masur)(Whole),Masur Dal,FAQ,2026-03-07,5665.0,6605.0,6605.0,16.879,Rs./Quintal,Metric Tonnes
Madhya Pradesh,Rajgarh,Pachaur APMC,Mustard,Mustard,FAQ,2026-03-07,5100.0,5870.0,5600.0,326.543,Rs./Quintal,Metric Tonnes
Madhya Pradesh,Rajgarh,Pachaur APMC,Soyabean,Soyabeen,FAQ,2026-03-07,2610.0,5370.0,5000.0,47.408,Rs./Quintal,Metric Tonnes
Madhya Pradesh,Rajgarh,Pachaur APMC,Wheat,Mill Quality,FAQ,2026-03-07,2050.0,2325.0,2100.0,40.662000000000006,Rs./Quintal,Metric Tonnes
Madhya Pradesh,Rajgarh,Pachaur APMC,Wheat,Wheat,FAQ,2026-03-07,1718.0,2460.0,2240.0,327.821,Rs./Quintal,Metric Tonnes
Madhya Pradesh,Rajgarh,Pachaur APMC,Wheat,Wheat,Non-FAQ,2026-03-07,2000.0,2310.0,2200.0,58.660000000000004,Rs./Quintal,Metric Tonnes
Madhya Pradesh,Seoni,Palari APMC,Maize,Local,Non-FAQ,2026-03-07,1600.0,1600.0,1600.0,15.0,Rs./Quintal,Metric Tonnes
Madhya Pradesh,Tikamgarh,Palera APMC,Wheat,Mill Quality,Non-FAQ,2026-03-07,2220.0,2240.0,2232.0,113.0,Rs./Quintal,Metric Tonnes
Madhya Pradesh,Khandwa,Pandhana APMC,Bengal Gram(Gram)(Whole),Gram,FAQ,2026-03-07,4950.0,5186.0,5100.0,21.731,Rs./Quintal,Metric Tonnes
Madhya Pradesh,Khandwa,Pandhana APMC,Maize,Local,FAQ,2026-03-07,1385.0,1525.0,1385.0,61.18,Rs./Quintal,Metric Tonnes
Madhya Pradesh,Khandwa,Pandhana APMC,Soyabean,Yellow,FAQ,2026-03-07,5095.0,5095.0,5095.0,0.995,Rs./Quintal,Metric Tonnes
Madhya Pradesh,Khandwa,Pandhana APMC,Soyabean,Soyabeen,FAQ,2026-03-07,4985.0,4985.0,4985.0,0.12,Rs./Quintal,Metric Tonnes
Madhya Pradesh,Khandwa,Pandhana APMC,Wheat,Wheat,FAQ,2026-03-07,2125.0,2478.0,2250.0,408.664,Rs./Quintal,Metric Tonnes
Madhya Pradesh,Chhindwara,Pandhurna APMC,Maize,Local,Non-FAQ,2026-03-07,1600.0,1650.0,1650.0,55.489000000000004,Rs./Quintal,Metric Tonnes
Madhya Pradesh,Chhindwara,Pandhurna APMC,Soyabean,Soyabeen,Non-FAQ,2026-03-07,5075.0,5200.0,5200.0,12.909,Rs./Quintal,Metric Tonnes
Madhya Pradesh,Chhindwara,Pandhurna APMC,Soyabean,Soyabeen,FAQ,2026-03-07,5000.0,5050.0,5050.0,9.590000000000002,Rs./Quintal,Metric Tonnes
Madhya Pradesh,Panna,Panna APMC,Lentil(Masur)(Whole),Masur Dal,FAQ,2026-03-07,6500.0,6500.0,6500.0,9.0,Rs./Quintal,Metric Tonnes
Madhya Pradesh,Panna,Panna APMC,buttery,Buttery,FAQ,2026-03-07,3350.0,3350.0,3350.0,4.0,Rs./Quintal,Metric Tonnes
Madhya Pradesh,Damoh,Patharia APMC,Maize,Local,FAQ,2026-03-07,1705.0,1745.0,1745.0,22.0,Rs./Quintal,Metric Tonnes
Madhya Pradesh,Damoh,Patharia APMC,Mustard,Mustard,FAQ,2026-03-07,5670.0,5670.0,5670.0,1.8,Rs./Quintal,Metric Tonnes
Madhya Pradesh,Damoh,Patharia APMC,Wheat,Wheat,Non-FAQ,2026-03-07,2100.0,2150.0,2150.0,22.8,Rs./Quintal,Metric Tonnes
Madhya Pradesh,Jhabua,Petlawad APMC,Cotton,Without Ginned Cotton,FAQ,2026-03-07,7000.0,7020.0,7000.0,10.485,Rs./Quintal,Metric Tonnes
Madhya Pradesh,Jhabua,Petlawad APMC,Soyabean,Soyabeen,FAQ,2026-03-07,4501.0,5235.0,5235.0,10.206000000000001,Rs./Quintal,Metric Tonnes
Madhya Pradesh,Jhabua,Petlawad APMC,Wheat,Wheat Mix,Non-FAQ,2026-03-07,2130.0,2300.0,2130.0,11.224,Rs./Quintal,Metric Tonnes
Madhya Pradesh,Jhabua,Petlawad APMC,Wheat,Mill Quality,FAQ,2026-03-07,2100.0,2195.0,2195.0,18.62,Rs./Quintal,Metric Tonnes
Madhya Pradesh,Jhabua,Petlawad APMC,Wheat,Wheat Mix,FAQ,2026-03-07,2130.0,2300.0,2300.0,32.705000000000005,Rs./Quintal,Metric Tonnes
Madhya Pradesh,Jhabua,Petlawad APMC,Wheat,Wheat,FAQ,2026-03-07,1971.0,2400.0,2200.0,434.61400000000003,Rs./Quintal,Metric Tonnes
Madhya Pradesh,Jhabua,Petlawad APMC,Wheat,Wheat,Non-FAQ,2026-03-07,2150.0,2200.0,2200.0,14.269,Rs./Quintal,Metric Tonnes
Madhya Pradesh,Jhabua,Petlawad APMC,Wheat,Lokwan,FAQ,2026-03-07,2150.0,2300.0,2300.0,89.87,Rs./Quintal,Metric Tonnes
Madhya Pradesh,Jhabua,Petlawad(F&V) APMC,Bhindi(Ladies Finger),Bhindi,Grade A,2026-03-07,1500.0,2000.0,1724.0,0.34,Rs./Quintal,Metric Tonnes
Madhya Pradesh,Jhabua,Petlawad(F&V) APMC,Bottle gourd,Bottle Gourd,Grade A,2026-03-07,600.0,900.0,805.0,0.693,Rs./Quintal,Metric Tonnes
Madhya Pradesh,Jhabua,Petlawad(F&V) APMC,Brinjal,Brinjal,Grade A,2026-03-07,800.0,1000.0,909.0,0.855,Rs./Quintal,Metric Tonnes
Madhya Pradesh,Jhabua,Petlawad(F&V) APMC,Cabbage,Cabbage,Grade A,2026-03-07,800.0,1000.0,906.0,0.734,Rs./Quintal,Metric Tonnes
Madhya Pradesh,Jhabua,Petlawad(F&V) APMC,Cauliflower,Cauliflower,Grade A,2026-03-07,700.0,1000.0,859.0,0.787,Rs./Quintal,Metric Tonnes
Madhya Pradesh,Jhabua,Petlawad(F&V) APMC,Cucumbar(Kheera),Cucumbar,Grade A,2026-03-07,700.0,1000.0,868.0,1.061,Rs./Quintal,Metric Tonnes
Madhya Pradesh,Jhabua,Petlawad(F&V) APMC,Methi(Leaves),Methi,Grade A,2026-03-07,600.0,1400.0,1008.0,0.745,Rs./Quintal,Metric Tonnes
Madhya Pradesh,Jhabua,Petlawad(F&V) APMC,Onion,Hybrid,Grade A,2026-03-07,800.0,1000.0,944.0,1.11,Rs./Quintal,Metric Tonnes
Madhya Pradesh,Jhabua,Petlawad(F&V) APMC,Potato,Desi,Grade A,2026-03-07,600.0,800.0,659.0,0.935,Rs./Quintal,Metric Tonnes
Madhya Pradesh,Jhabua,Petlawad(F&V) APMC,Pumpkin,Pumpkin,Grade A,2026-03-07,500.0,1000.0,756.0,0.315,Rs./Quintal,Metric Tonnes
Madhya Pradesh,Jhabua,Petlawad(F&V) APMC,Raddish,Raddish,Grade A,2026-03-07,400.0,600.0,537.0,0.465,Rs./Quintal,Metric Tonnes
Madhya Pradesh,Jhabua,Petlawad(F&V) APMC,Spinach,Spinach,Grade A,2026-03-07,500.0,1000.0,674.0,0.839,Rs./Quintal,Metric Tonnes
Madhya Pradesh,Jhabua,Petlawad(F&V) APMC,Tomato,Hybrid,Grade A,2026-03-07,600.0,1000.0,902.0,0.718,Rs./Quintal,Metric Tonnes
Madhya Pradesh,Shivpuri,Pichhour APMC,Barley(Jau),Barley,Non-FAQ,2026-03-07,1705.0,1900.0,1870.0,359.6,Rs./Quintal,Metric Tonnes
Madhya Pradesh,Shivpuri,Pichhour APMC,Mustard,Mustard,Non-FAQ,2026-03-07,5750.0,5920.0,5850.0,59.1,Rs./Quintal,Metric Tonnes
Madhya Pradesh,Shivpuri,Pichhour APMC,Wheat,Mill Quality,Non-FAQ,2026-03-07,2025.0,2180.0,2150.0,164.3,Rs./Quintal,Metric Tonnes
Madhya Pradesh,Shivpuri,Pichhour APMC,Wheat,Wheat,Non-FAQ,2026-03-07,2220.0,2220.0,2220.0,7.2,Rs./Quintal,Metric Tonnes
Madhya Pradesh,Hoshangabad,Pipariya APMC,Bengal Gram(Gram)(Whole),Gram,FAQ,2026-03-07,4200.0,5323.0,5300.0,46.0,Rs./Quintal,Metric Tonnes
Madhya Pradesh,Hoshangabad,Pipariya APMC,Green Gram(Moong)(Whole),Green (Whole),FAQ,2026-03-07,1100.0,6700.0,6700.0,8.1,Rs./Quintal,Metric Tonnes
Madhya Pradesh,Hoshangabad,Pipariya APMC,Mustard,Mustard,FAQ,2026-03-07,5450.0,5450.0,5450.0,0.1,Rs./Quintal,Metric Tonnes
Madhya Pradesh,Hoshangabad,Pipariya APMC,Paddy(Common),Puspa (MR 301),FAQ,2026-03-07,3670.0,4050.0,4000.0,609.788,Rs./Quintal,Metric Tonnes
Madhya Pradesh,Hoshangabad,Pipariya APMC,Red gram/Arhar/Tur(whole),Arhar Dal(Tur),FAQ,2026-03-07,3200.0,7600.0,7600.0,14.0,Rs./Quintal,Metric Tonnes
Madhya Pradesh,Hoshangabad,Pipariya APMC,Wheat,Wheat,FAQ,2026-03-07,2193.0,2281.0,2200.0,39.870000000000005,Rs./Quintal,Metric Tonnes
Madhya Pradesh,Hoshangabad,Pipariya(F&V) APMC,Bhindi(Ladies Finger),Bhindi,Local,2026-03-07,2200.0,2800.0,2800.0,0.4,Rs./Quintal,Metric Tonnes
Madhya Pradesh,Hoshangabad,Pipariya(F&V) APMC,Bottle gourd,Bottle Gourd,Local,2026-03-07,350.0,1000.0,700.0,2.2,Rs./Quintal,Metric Tonnes
Madhya Pradesh,Hoshangabad,Pipariya(F&V) APMC,Brinjal,Brinjal,Local,2026-03-07,350.0,1200.0,700.0,2.5,Rs./Quintal,Metric Tonnes
Madhya Pradesh,Hoshangabad,Pipariya(F&V) APMC,Cabbage,Cabbage,Local,2026-03-07,300.0,1000.0,700.0,3.0,Rs./Quintal,Metric Tonnes
Madhya Pradesh,Hoshangabad,Pipariya(F&V) APMC,Cauliflower,Cauliflower,Local,2026-03-07,550.0,1500.0,1000.0,2.5,Rs./Quintal,Metric Tonnes
Madhya Pradesh,Hoshangabad,Pipariya(F&V) APMC,Onion,Onion,Local,2026-03-07,800.0,2000.0,1400.0,3.0,Rs./Quintal,Metric Tonnes
Madhya Pradesh,Hoshangabad,Pipariya(F&V) APMC,Pea Pod/Pea Cod/हरी मटर,Peas cod,Local,2026-03-07,1400.0,2800.0,2200.0,1.0,Rs./Quintal,Metric Tonnes
Madhya Pradesh,Hoshangabad,Pipariya(F&V) APMC,Potato,Potato,Local,2026-03-07,650.0,1400.0,1100.0,7.0,Rs./Quintal,Metric Tonnes
Madhya Pradesh,Hoshangabad,Pipariya(F&V) APMC,Pumpkin,Pumpkin,Local,2026-03-07,400.0,1250.0,800.0,1.5,Rs./Quintal,Metric Tonnes
Madhya Pradesh,Hoshangabad,Pipariya(F&V) APMC,Sponge gourd,Sponge gourd,Local,2026-03-07,2100.0,3000.0,2500.0,0.4,Rs./Quintal,Metric Tonnes
Madhya Pradesh,Hoshangabad,Pipariya(F&V) APMC,Tomato,Tomato,Local,2026-03-07,300.0,1200.0,700.0,4.0,Rs./Quintal,Metric Tonnes
Madhya Pradesh,Mandsaur,Piplya APMC,Barley(Jau),Barley,FAQ,2026-03-07,1756.0,1937.0,1900.0,11.314,Rs./Quintal,Metric Tonnes
Madhya Pradesh,Mandsaur,Piplya APMC,Bengal Gram(Gram)(Whole),Gram,FAQ,2026-03-07,3653.0,4900.0,4651.0,10.200000000000001,Rs./Quintal,Metric Tonnes
Madhya Pradesh,Mandsaur,Piplya APMC,Garlic,Garlic,FAQ,2026-03-07,1300.0,12000.0,5611.0,185.29000000000002,Rs./Quintal,Metric Tonnes
Madhya Pradesh,Mandsaur,Piplya APMC,Lentil(Masur)(Whole),Masur Dal,FAQ,2026-03-07,5961.0,6101.0,6101.0,0.7230000000000001,Rs./Quintal,Metric Tonnes
Madhya Pradesh,Mandsaur,Piplya APMC,Mustard,Mustard,Non-FAQ,2026-03-07,5720.0,5959.0,5959.0,5.920000000000001,Rs./Quintal,Metric Tonnes
Madhya Pradesh,Mandsaur,Piplya APMC,Soyabean,Soyabeen,FAQ,2026-03-07,666.0,5425.0,5199.0,20.0,Rs./Quintal,Metric Tonnes
Madhya Pradesh,Mandsaur,Piplya APMC,Wheat,Lokwan,FAQ,2026-03-07,2199.0,2332.0,2311.0,4.471,Rs./Quintal,Metric Tonnes
Madhya Pradesh,Mandsaur,Piplya APMC,Wheat,Wheat,FAQ,2026-03-07,2180.0,2401.0,2269.0,55.988,Rs./Quintal,Metric Tonnes
Madhya Pradesh,Mandsaur,Piplya APMC,Wheat,Wheat,Non-FAQ,2026-03-07,2255.0,2263.0,2263.0,4.203,Rs./Quintal,Metric Tonnes
Madhya Pradesh,Ashoknagar,Piprai APMC,Lak(Teora),Tiwada,FAQ,2026-03-07,2986.0,2986.0,2986.0,0.66,Rs./Quintal,Metric Tonnes
Madhya Pradesh,Ashoknagar,Piprai APMC,Lentil(Masur)(Whole),Masur Dal,FAQ,2026-03-07,5735.0,5735.0,5735.0,1.0,Rs./Quintal,Metric Tonnes
Madhya Pradesh,Ashoknagar,Piprai APMC,Mustard,Mustard,FAQ,2026-03-07,5876.0,5876.0,5876.0,0.6000000000000001,Rs./Quintal,Metric Tonnes
Madhya Pradesh,Ashoknagar,Piprai APMC,Wheat,Wheat,FAQ,2026-03-07,2126.0,2126.0,2126.0,0.1,Rs./Quintal,Metric Tonnes
Madhya Pradesh,Shivpuri,Pohari APMC,Bengal Gram(Gram)(Whole),Gram,Non-FAQ,2026-03-07,4700.0,5200.0,5200.0,5.399000000000001,Rs./Quintal,Metric Tonnes
Madhya Pradesh,Shivpuri,Pohari APMC,Mustard,Mustard,FAQ,2026-03-07,6005.0,6275.0,6150.0,23.251,Rs./Quintal,Metric Tonnes
Madhya Pradesh,Shivpuri,Pohari APMC,Mustard,Mustard,Non-FAQ,2026-03-07,5900.0,6550.0,6370.0,203.26800000000003,Rs./Quintal,Metric Tonnes
Madhya Pradesh,Shivpuri,Pohari APMC,Mustard,Sarson(Black),Non-FAQ,2026-03-07,6200.0,6250.0,6250.0,4.406000000000001,Rs./Quintal,Metric Tonnes
Madhya Pradesh,Shivpuri,Pohari APMC,Soyabean,Soyabeen,Non-FAQ,2026-03-07,5285.0,5395.0,5395.0,1.6600000000000001,Rs./Quintal,Metric Tonnes
Madhya Pradesh,Shivpuri,Pohari APMC,Wheat,Mill Quality,Non-FAQ,2026-03-07,2150.0,2150.0,2150.0,4.096,Rs./Quintal,Metric Tonnes
Madhya Pradesh,Shivpuri,Pohari APMC,Wheat,Wheat,Non-FAQ,2026-03-07,2100.0,2120.0,2120.0,6.013000000000001,Rs./Quintal,Metric Tonnes
Madhya Pradesh,Guna,Raghogarh APMC,Maize,Local,FAQ,2026-03-07,1545.0,1600.0,1600.0,8.209999999999999,Rs./Quintal,Metric Tonnes
Madhya Pradesh,Guna,Raghogarh APMC,Mustard,Mustard,FAQ,2026-03-07,5455.0,5815.0,5815.0,1.783,Rs./Quintal,Metric Tonnes
Madhya Pradesh,Guna,Raghogarh APMC,Wheat,Wheat,FAQ,2026-03-07,2145.0,2415.0,2415.0,46.017,Rs./Quintal,Metric Tonnes
Madhya Pradesh,Sagar,Rahatgarh APMC,Bengal Gram(Gram)(Whole),Desi (F.A.Q. Split),Non-FAQ,2026-03-07,4750.0,4900.0,4900.0,1.4320000000000002,Rs./Quintal,Metric Tonnes
Madhya Pradesh,Sagar,Rahatgarh APMC,Lentil(Masur)(Whole),Local,Non-FAQ,2026-03-07,5801.0,6855.0,6000.0,29.329000000000004,Rs./Quintal,Metric Tonnes
Madhya Pradesh,Sagar,Rahatgarh APMC,Maize,Local,Non-FAQ,2026-03-07,1300.0,1550.0,1550.0,84.80900000000001,Rs./Quintal,Metric Tonnes
Madhya Pradesh,Sagar,Rahatgarh APMC,Mustard,Mustard,Non-FAQ,2026-03-07,5280.0,5950.0,5600.0,9.475,Rs./Quintal,Metric Tonnes
Madhya Pradesh,Sagar,Rahatgarh APMC,Soyabean,Yellow,Non-FAQ,2026-03-07,4720.0,5085.0,4720.0,1.578,Rs./Quintal,Metric Tonnes
Madhya Pradesh,Sagar,Rahatgarh APMC,Soyabean,Yellow,FAQ,2026-03-07,4795.0,4795.0,4795.0,0.30800000000000005,Rs./Quintal,Metric Tonnes
Madhya Pradesh,Sagar,Rahatgarh APMC,Wheat,Mill Quality,Non-FAQ,2026-03-07,2000.0,2389.0,2197.0,36.909,Rs./Quintal,Metric Tonnes
Madhya Pradesh,Raisen,Raisen APMC,Paddy(Common),Dhan,FAQ,2026-03-07,3580.0,4060.0,3850.0,97.95,Rs./Quintal,Metric Tonnes
Madhya Pradesh,Raisen,Raisen APMC,Paddy(Common),Paddy,FAQ,2026-03-07,3610.0,4030.0,3830.0,17.75,Rs./Quintal,Metric Tonnes
Madhya Pradesh,Raisen,Raisen APMC,Paddy(Common),Basmati,FAQ,2026-03-07,3410.0,4101.0,3940.0,225.36,Rs./Quintal,Metric Tonnes
Madhya Pradesh,Raisen,Raisen APMC,Wheat,Wheat,FAQ,2026-03-07,2300.0,2400.0,2400.0,12.36,Rs./Quintal,Metric Tonnes
Madhya Pradesh,Dhar,Rajgarh APMC,Bengal Gram(Gram)(Whole),Gram,FAQ,2026-03-07,4699.0,5169.0,5000.0,3.8930000000000002,Rs./Quintal,Metric Tonnes
Madhya Pradesh,Dhar,Rajgarh APMC,Cotton,Without Ginned Cotton,FAQ,2026-03-07,8400.0,8500.0,8500.0,2.5,Rs./Quintal,Metric Tonnes
Madhya Pradesh,Dhar,Rajgarh APMC,Kabuli Chana(Chickpeas-White),Dollar Gram,FAQ,2026-03-07,6401.0,6401.0,6401.0,0.08600000000000001,Rs./Quintal,Metric Tonnes
Madhya Pradesh,Dhar,Rajgarh APMC,Maize,Yellow,Non-FAQ,2026-03-07,1450.0,1450.0,1450.0,11.0,Rs./Quintal,Metric Tonnes
Madhya Pradesh,Dhar,Rajgarh APMC,Maize,Local,FAQ,2026-03-07,1400.0,1510.0,1510.0,5.24,Rs./Quintal,Metric Tonnes
Madhya Pradesh,Dhar,Rajgarh APMC,Soyabean,Yellow,Non-FAQ,2026-03-07,5150.0,5150.0,5150.0,3.4000000000000004,Rs./Quintal,Metric Tonnes
Madhya Pradesh,Dhar,Rajgarh APMC,Soyabean,Yellow,FAQ,2026-03-07,4699.0,5351.0,4699.0,10.769,Rs./Quintal,Metric Tonnes
Madhya Pradesh,Dhar,Rajgarh APMC,Soyabean,Soyabeen,Non-FAQ,2026-03-07,5100.0,5100.0,5100.0,3.5,Rs./Quintal,Metric Tonnes
Madhya Pradesh,Dhar,Rajgarh APMC,Wheat,Wheat,FAQ,2026-03-07,1975.0,3005.0,2100.0,774.739,Rs./Quintal,Metric Tonnes
Madhya Pradesh,Dhar,Rajgarh APMC,Wheat,Mill Quality,FAQ,2026-03-07,2000.0,2000.0,2000.0,1.7600000000000002,Rs./Quintal,Metric Tonnes
Madhya Pradesh,Dhar,Rajgarh APMC,Wheat,Wheat,Non-FAQ,2026-03-07,2120.0,2200.0,2200.0,18.7,Rs./Quintal,Metric Tonnes
Madhya Pradesh,Dhar,Rajgarh APMC,Wheat,Lokwan,FAQ,2026-03-07,2095.0,2250.0,2250.0,237.68000000000004,Rs./Quintal,Metric Tonnes
Madhya Pradesh,Chhatarpur,Rajnagar APMC,Mustard,Sarson(Black),FAQ,2026-03-07,5500.0,5500.0,5500.0,40.0,Rs./Quintal,Metric Tonnes
Madhya Pradesh,Chhatarpur,Rajnagar APMC,Mustard,Mustard,Non-FAQ,2026-03-07,5750.0,5900.0,5830.0,32.4,Rs./Quintal,Metric Tonnes
Madhya Pradesh,Chhatarpur,Rajnagar APMC,Wheat,Mill Quality,FAQ,2026-03-07,2250.0,2300.0,2300.0,33.5,Rs./Quintal,Metric Tonnes
Madhya Pradesh,Chhatarpur,Rajnagar APMC,Wheat,Wheat Mix,Non-FAQ,2026-03-07,2250.0,2300.0,2285.0,528.4,Rs./Quintal,Metric Tonnes
Madhya Pradesh,Ratlam,Ratlam APMC,Bengal Gram(Gram)(Whole),Gram,FAQ,2026-03-07,4250.0,5100.0,4895.0,10.141,Rs./Quintal,Metric Tonnes
Madhya Pradesh,Ratlam,Ratlam APMC,Garlic,Garlic,FAQ,2026-03-07,500.0,9500.0,3700.0,390.318,Rs./Quintal,Metric Tonnes
Madhya Pradesh,Ratlam,Ratlam APMC,Green Peas,Pea,FAQ,2026-03-07,1825.0,3800.0,3020.0,29.79,Rs./Quintal,Metric Tonnes
Madhya Pradesh,Ratlam,Ratlam APMC,Kabuli Chana(Chickpeas-White),Dollar Gram,FAQ,2026-03-07,3500.0,7660.0,7660.0,12.159,Rs./Quintal,Metric Tonnes
Madhya Pradesh,Ratlam,Ratlam APMC,Maize,Local,FAQ,2026-03-07,1515.0,1580.0,1580.0,17.666999999999998,Rs./Quintal,Metric Tonnes
Madhya Pradesh,Ratlam,Ratlam APMC,Onion,Onion,Non-FAQ,2026-03-07,300.0,1182.0,1182.0,12.718000000000002,Rs./Quintal,Metric Tonnes
Madhya Pradesh,Ratlam,Ratlam APMC,Onion,Onion,FAQ,2026-03-07,421.0,1345.0,1345.0,30.243000000000002,Rs./Quintal,Metric Tonnes
Madhya Pradesh,Ratlam,Ratlam APMC,Soyabean,Soyabeen,FAQ,2026-03-07,2399.0,5786.0,5400.0,161.383,Rs./Quintal,Metric Tonnes
Madhya Pradesh,Ratlam,Ratlam APMC,Wheat,Lokwan,FAQ,2026-03-07,2271.0,3200.0,2311.0,34.78,Rs./Quintal,Metric Tonnes
Madhya Pradesh,Ratlam,Ratlam APMC,Wheat,Wheat,FAQ,2026-03-07,1700.0,3467.0,2290.0,1121.073,Rs./Quintal,Metric Tonnes
Madhya Pradesh,Sehore,Rehati APMC,Maize,Local,FAQ,2026-03-07,1300.0,1575.0,1533.0,117.687,Rs./Quintal,Metric Tonnes
Madhya Pradesh,Sehore,Rehati APMC,Wheat,Wheat,FAQ,2026-03-07,2200.0,2200.0,2200.0,7.065000000000001,Rs./Quintal,Metric Tonnes
Madhya Pradesh,Sagar,Rehli(F&V) APMC,Brinjal,Brinjal,Grade C,2026-03-07,1300.0,1500.0,1400.0,0.5,Rs./Quintal,Metric Tonnes
Madhya Pradesh,Sagar,Rehli(F&V) APMC,Onion,Onion,Grade C,2026-03-07,1000.0,1200.0,1100.0,1.0,Rs./Quintal,Metric Tonnes
Madhya Pradesh,Sagar,Rehli(F&V) APMC,Potato,Potato,Grade C,2026-03-07,1000.0,1200.0,1100.0,1.0,Rs./Quintal,Metric Tonnes
Madhya Pradesh,Sagar,Rehli(F&V) APMC,Tomato,Tomato,Grade Range-3,2026-03-07,700.0,900.0,800.0,0.5,Rs./Quintal,Metric Tonnes
Madhya Pradesh,Rewa,Rewa APMC,Gur(Jaggery),Jaggery,FAQ,2026-03-07,4010.01,4070.0,4070.0,23.065,Rs./Quintal,Metric Tonnes
Madhya Pradesh,Rewa,Rewa APMC,Kodo Millet(Varagu),Kondo,FAQ,2026-03-07,2200.0,2260.0,2260.0,48.0,Rs./Quintal,Metric Tonnes
Madhya Pradesh,Rewa,Rewa APMC,Wheat,Mill Quality,Non-FAQ,2026-03-07,2120.0,2140.0,2140.0,25.5,Rs./Quintal,Metric Tonnes
Madhya Pradesh,Rewa,Rewa APMC,Wheat,Wheat,FAQ,2026-03-07,2200.0,2260.0,2210.0,45.5,Rs./Quintal,Metric Tonnes
Madhya Pradesh,Rewa,Rewa(F&V) APMC,Apple,Apple,Grade B,2026-03-07,4400.0,4400.0,4400.0,2.15,Rs./Quintal,Metric Tonnes
Madhya Pradesh,Rewa,Rewa(F&V) APMC,Brinjal,Brinjal,Grade B,2026-03-07,1000.0,1000.0,1000.0,12.0,Rs./Quintal,Metric Tonnes
Madhya Pradesh,Rewa,Rewa(F&V) APMC,Cauliflower,Cauliflower,Grade B,2026-03-07,800.0,800.0,800.0,52.5,Rs./Quintal,Metric Tonnes
Madhya Pradesh,Rewa,Rewa(F&V) APMC,Grapes,Green,Grade B,2026-03-07,5000.0,5000.0,5000.0,3.7,Rs./Quintal,Metric Tonnes
Madhya Pradesh,Rewa,Rewa(F&V) APMC,Tomato,Deshi,Grade B,2026-03-07,800.0,800.0,800.0,2.5,Rs./Quintal,Metric Tonnes
Madhya Pradesh,Morena,Sabalgarh APMC,Mustard,Sarson(Black),FAQ,2026-03-07,4975.0,6145.0,6135.0,45.727000000000004,Rs./Quintal,Metric Tonnes
Madhya Pradesh,Morena,Sabalgarh APMC,Mustard,Sarson(Black),Non-FAQ,2026-03-07,4950.0,6165.0,5850.0,134.417,Rs./Quintal,Metric Tonnes
Madhya Pradesh,Morena,Sabalgarh APMC,Mustard,Mustard,FAQ,2026-03-07,5905.0,6145.0,6140.0,5.09,Rs./Quintal,Metric Tonnes
Madhya Pradesh,Morena,Sabalgarh APMC,Mustard,Mustard,Non-FAQ,2026-03-07,5630.0,6150.0,6050.0,34.539,Rs./Quintal,Metric Tonnes
Madhya Pradesh,Morena,Sabalgarh APMC,Red gram/Arhar/Tur(whole),Arhar Dal(Tur),Non-FAQ,2026-03-07,5150.0,5250.0,5250.0,8.3,Rs./Quintal,Metric Tonnes
Madhya Pradesh,Morena,Sabalgarh(F&V) APMC,Cabbage,Cabbage,FAQ,2026-03-07,500.0,500.0,500.0,1.0,Rs./Quintal,Metric Tonnes
Madhya Pradesh,Morena,Sabalgarh(F&V) APMC,Cauliflower,Local,FAQ,2026-03-07,1200.0,1200.0,1200.0,0.5,Rs./Quintal,Metric Tonnes
Madhya Pradesh,Morena,Sabalgarh(F&V) APMC,Potato,Jyoti,FAQ,2026-03-07,300.0,500.0,400.0,12.5,Rs./Quintal,Metric Tonnes
Madhya Pradesh,Morena,Sabalgarh(F&V) APMC,Tomato,Deshi,FAQ,2026-03-07,500.0,500.0,500.0,1.0,Rs./Quintal,Metric Tonnes
Madhya Pradesh,Sagar,Sagar APMC,Bengal Gram(Gram)(Whole),Gram,FAQ,2026-03-07,2700.0,5110.0,5055.0,22.493000000000002,Rs./Quintal,Metric Tonnes
Madhya Pradesh,Sagar,Sagar APMC,Green Peas,Pea,FAQ,2026-03-07,3100.0,4070.0,4070.0,7.655,Rs./Quintal,Metric Tonnes
Madhya Pradesh,Sagar,Sagar APMC,Lak(Teora),Tiwada,FAQ,2026-03-07,2950.0,3185.0,3065.0,16.436000000000003,Rs./Quintal,Metric Tonnes
Madhya Pradesh,Sagar,Sagar APMC,Lentil(Masur)(Whole),Masur Dal,FAQ,2026-03-07,5205.0,6930.0,6790.0,82.924,Rs./Quintal,Metric Tonnes
Madhya Pradesh,Sagar,Sagar APMC,Maize,Local,FAQ,2026-03-07,1250.0,1645.0,1535.0,79.27300000000001,Rs./Quintal,Metric Tonnes
Madhya Pradesh,Sagar,Sagar APMC,Mustard,Mustard,FAQ,2026-03-07,4605.0,6500.0,5485.0,24.081000000000003,Rs./Quintal,Metric Tonnes
Madhya Pradesh,Sagar,Sagar APMC,Soyabean,Soyabeen,FAQ,2026-03-07,3800.0,5340.0,5330.0,175.52200000000002,Rs./Quintal,Metric Tonnes
Madhya Pradesh,Sagar,Sagar APMC,Wheat,PISSI,FAQ,2026-03-07,2080.0,2265.0,2265.0,4.7860000000000005,Rs./Quintal,Metric Tonnes
Madhya Pradesh,Sagar,Sagar APMC,Wheat,Wheat,FAQ,2026-03-07,2170.0,2455.0,2250.0,179.44600000000003,Rs./Quintal,Metric Tonnes
Madhya Pradesh,Sagar,Sagar APMC,buttery,Buttery,FAQ,2026-03-07,3080.0,4505.0,3700.0,17.812,Rs./Quintal,Metric Tonnes
Madhya Pradesh,Sagar,Sagar(F&V) APMC,Bottle gourd,Bottle Gourd,Local,2026-03-07,600.0,1000.0,800.0,0.5,Rs./Quintal,Metric Tonnes
Madhya Pradesh,Sagar,Sagar(F&V) APMC,Brinjal,Brinjal,Local,2026-03-07,1000.0,1200.0,1100.0,1.5,Rs./Quintal,Metric Tonnes
Madhya Pradesh,Sagar,Sagar(F&V) APMC,Carrot,Carrot,Local,2026-03-07,700.0,900.0,800.0,0.6000000000000001,Rs./Quintal,Metric Tonnes
Madhya Pradesh,Sagar,Sagar(F&V) APMC,Cauliflower,Cauliflower,Local,2026-03-07,300.0,500.0,400.0,1.0,Rs./Quintal,Metric Tonnes
Madhya Pradesh,Sagar,Sagar(F&V) APMC,Ginger(Green),Green Ginger,Local,2026-03-07,1000.0,3000.0,2000.0,4.0,Rs./Quintal,Metric Tonnes
Madhya Pradesh,Sagar,Sagar(F&V) APMC,Grapes,Green,Local,2026-03-07,2000.0,4000.0,3000.0,1.0,Rs./Quintal,Metric Tonnes
Madhya Pradesh,Sagar,Sagar(F&V) APMC,Green Chilli,Green Chilly,Local,2026-03-07,1000.0,2000.0,1500.0,4.0,Rs./Quintal,Metric Tonnes
Madhya Pradesh,Sagar,Sagar(F&V) APMC,Other green and fresh vegetables,Other green and fresh vegetables,Local,2026-03-07,600.0,800.0,700.0,2.0,Rs./Quintal,Metric Tonnes
Madhya Pradesh,Sagar,Sagar(F&V) APMC,Potato,Local,Local,2026-03-07,700.0,900.0,800.0,2.0,Rs./Quintal,Metric Tonnes
Madhya Pradesh,Sagar,Sagar(F&V) APMC,Raddish,Raddish,Local,2026-03-07,300.0,500.0,400.0,0.6000000000000001,Rs./Quintal,Metric Tonnes
Madhya Pradesh,Sagar,Sagar(F&V) APMC,Spinach,Spinach,Local,2026-03-07,300.0,500.0,400.0,0.5,Rs./Quintal,Metric Tonnes
Madhya Pradesh,Sagar,Sagar(F&V) APMC,Tomato,Deshi,Local,2026-03-07,300.0,500.0,400.0,13.0,Rs./Quintal,Metric Tonnes
Madhya Pradesh,Sagar,Sagar(F&V) APMC,Water Melon,Water Melon,Local,2026-03-07,1000.0,2000.0,1500.0,4.0,Rs./Quintal,Metric Tonnes
Madhya Pradesh,Ratlam,Sailana APMC,Bengal Gram(Gram)(Whole),Gram,FAQ,2026-03-07,4975.0,5050.0,5050.0,15.0,Rs./Quintal,Metric Tonnes
Madhya Pradesh,Ratlam,Sailana APMC,Cotton,Without Ginned Cotton,FAQ,2026-03-07,7122.0,8450.0,8380.0,45.953,Rs./Quintal,Metric Tonnes
Madhya Pradesh,Ratlam,Sailana APMC,Garlic,Garlic,FAQ,2026-03-07,350.0,10581.0,3800.0,77.56200000000001,Rs./Quintal,Metric Tonnes
Madhya Pradesh,Ratlam,Sailana APMC,Green Peas,Pea,FAQ,2026-03-07,1800.0,3514.0,3514.0,1.587,Rs./Quintal,Metric Tonnes
Madhya Pradesh,Ratlam,Sailana APMC,Maize,Yellow,FAQ,2026-03-07,2300.0,2400.0,2400.0,20.930000000000003,Rs./Quintal,Metric Tonnes
Madhya Pradesh,Ratlam,Sailana APMC,Maize,Local,FAQ,2026-03-07,1460.0,1460.0,1460.0,0.979,Rs./Quintal,Metric Tonnes
Madhya Pradesh,Ratlam,Sailana APMC,Mustard,Mustard,FAQ,2026-03-07,5299.0,5980.0,5980.0,2.1170000000000004,Rs./Quintal,Metric Tonnes
Madhya Pradesh,Ratlam,Sailana APMC,Onion,Onion,FAQ,2026-03-07,391.0,1300.0,900.0,19.282,Rs./Quintal,Metric Tonnes
Madhya Pradesh,Ratlam,Sailana APMC,Soyabean,Soyabeen,FAQ,2026-03-07,3930.0,6300.0,5450.0,40.125,Rs./Quintal,Metric Tonnes
Madhya Pradesh,Ratlam,Sailana APMC,Wheat,Local,FAQ,2026-03-07,2150.0,2150.0,2150.0,4.0,Rs./Quintal,Metric Tonnes
Madhya Pradesh,Ratlam,Sailana APMC,Wheat,Wheat,FAQ,2026-03-07,2000.0,2891.0,2200.0,407.645,Rs./Quintal,Metric Tonnes
Madhya Pradesh,Ratlam,Sailana APMC,Wheat,Lokwan,FAQ,2026-03-07,2100.0,2900.0,2820.0,207.717,Rs./Quintal,Metric Tonnes
Madhya Pradesh,Ratlam,Sailana APMC,Wheat,Mohan Mondal,FAQ,2026-03-07,2055.0,2055.0,2055.0,2.7,Rs./Quintal,Metric Tonnes
Madhya Pradesh,Ratlam,Sailana(F&V) APMC,Garlic,Garlic,Local,2026-03-07,1500.0,10581.0,3800.0,87.3,Rs./Quintal,Metric Tonnes
Madhya Pradesh,Ratlam,Sailana(F&V) APMC,Onion,Local,Local,2026-03-07,391.0,1300.0,900.0,22.5,Rs./Quintal,Metric Tonnes
Madhya Pradesh,Khargone,Sanawad APMC,Bengal Gram(Gram)(Whole),Gram,FAQ,2026-03-07,4890.0,6650.0,5300.0,43.105000000000004,Rs./Quintal,Metric Tonnes
Madhya Pradesh,Khargone,Sanawad APMC,Cotton,Without Ginned Cotton,FAQ,2026-03-07,6800.0,6800.0,6800.0,0.385,Rs./Quintal,Metric Tonnes
Madhya Pradesh,Khargone,Sanawad APMC,Kabuli Chana(Chickpeas-White),Dollar Gram,FAQ,2026-03-07,3105.0,8050.0,7550.0,87.421,Rs./Quintal,Metric Tonnes
Madhya Pradesh,Khargone,Sanawad APMC,Kabuli Chana(Chickpeas-White),Bitkey,FAQ,2026-03-07,4900.0,4900.0,4900.0,0.298,Rs./Quintal,Metric Tonnes
Madhya Pradesh,Khargone,Sanawad APMC,Red gram/Arhar/Tur(whole),Arhar Dal(Tur),FAQ,2026-03-07,6100.0,6100.0,6100.0,0.121,Rs./Quintal,Metric Tonnes
Madhya Pradesh,Khargone,Sanawad APMC,Soyabean,Soyabeen,FAQ,2026-03-07,3900.0,3900.0,3900.0,0.099,Rs./Quintal,Metric Tonnes
Madhya Pradesh,Khargone,Sanawad APMC,Wheat,Mill Quality,FAQ,2026-03-07,2200.0,2200.0,2200.0,1.4900000000000002,Rs./Quintal,Metric Tonnes
Madhya Pradesh,Khargone,Sanawad APMC,Wheat,Wheat,FAQ,2026-03-07,1990.0,2280.0,2249.0,94.61000000000001,Rs./Quintal,Metric Tonnes
Madhya Pradesh,Indore,Sanwer APMC,Soyabean,Soyabeen,FAQ,2026-03-07,4300.0,5455.0,5318.0,136.84,Rs./Quintal,Metric Tonnes
Madhya Pradesh,Indore,Sanwer APMC,Wheat,Wheat,FAQ,2026-03-07,2100.0,2350.0,2350.0,44.934,Rs./Quintal,Metric Tonnes
Madhya Pradesh,Indore,Sanwer APMC,Wheat,Wheat,Non-FAQ,2026-03-07,2100.0,2425.0,2200.0,77.59,Rs./Quintal,Metric Tonnes
Madhya Pradesh,Rajgarh,Sarangpur APMC,Bengal Gram(Gram)(Whole),Gram,FAQ,2026-03-07,5007.0,5100.0,5100.0,0.908,Rs./Quintal,Metric Tonnes
Madhya Pradesh,Rajgarh,Sarangpur APMC,Lentil(Masur)(Whole),Masur Dal,Non-FAQ,2026-03-07,5515.0,6005.0,6005.0,0.466,Rs./Quintal,Metric Tonnes
Madhya Pradesh,Rajgarh,Sarangpur APMC,Lentil(Masur)(Whole),Masur Dal,FAQ,2026-03-07,5770.0,6375.0,6375.0,3.9810000000000003,Rs./Quintal,Metric Tonnes
Madhya Pradesh,Rajgarh,Sarangpur APMC,Mustard,Mustard,Non-FAQ,2026-03-07,4700.0,6126.0,5800.0,66.412,Rs./Quintal,Metric Tonnes
Madhya Pradesh,Rajgarh,Sarangpur APMC,Mustard,Mustard,FAQ,2026-03-07,5350.0,6051.0,6051.0,18.225,Rs./Quintal,Metric Tonnes
Madhya Pradesh,Rajgarh,Sarangpur APMC,Mustard,Sarson(Black),FAQ,2026-03-07,5700.0,5700.0,5700.0,1.0650000000000002,Rs./Quintal,Metric Tonnes
Madhya Pradesh,Rajgarh,Sarangpur APMC,Onion,Local,Non-FAQ,2026-03-07,260.0,500.0,500.0,21.1,Rs./Quintal,Metric Tonnes
Madhya Pradesh,Rajgarh,Sarangpur APMC,Soyabean,Yellow,FAQ,2026-03-07,5215.0,5215.0,5215.0,2.288,Rs./Quintal,Metric Tonnes
Madhya Pradesh,Rajgarh,Sarangpur APMC,Soyabean,Yellow,Non-FAQ,2026-03-07,5336.0,5336.0,5336.0,1.083,Rs./Quintal,Metric Tonnes
Madhya Pradesh,Rajgarh,Sarangpur APMC,Soyabean,Soyabeen,FAQ,2026-03-07,4800.0,4800.0,4800.0,0.9550000000000001,Rs./Quintal,Metric Tonnes
Madhya Pradesh,Rajgarh,Sarangpur APMC,Wheat,Wheat,FAQ,2026-03-07,2126.0,2251.0,2251.0,11.124,Rs./Quintal,Metric Tonnes
Madhya Pradesh,Rajgarh,Sarangpur APMC,Wheat,Mill Quality,FAQ,2026-03-07,2110.0,2190.0,2140.0,13.081000000000001,Rs./Quintal,Metric Tonnes
Madhya Pradesh,Rajgarh,Sarangpur APMC,Wheat,Wheat,Non-FAQ,2026-03-07,2081.0,2301.0,2301.0,14.05,Rs./Quintal,Metric Tonnes
Madhya Pradesh,Rajgarh,Sarangpur(F&V) APMC,Bhindi(Ladies Finger),Bhindi,Grade B,2026-03-07,1200.0,1200.0,1200.0,0.7,Rs./Quintal,Metric Tonnes
Madhya Pradesh,Rajgarh,Sarangpur(F&V) APMC,Bottle gourd,Bottle Gourd,Grade B,2026-03-07,1100.0,1100.0,1100.0,0.8,Rs./Quintal,Metric Tonnes
Madhya Pradesh,Rajgarh,Sarangpur(F&V) APMC,Brinjal,Brinjal,Grade B,2026-03-07,900.0,900.0,900.0,0.6,Rs./Quintal,Metric Tonnes
Madhya Pradesh,Rajgarh,Sarangpur(F&V) APMC,Cabbage,Cabbage,Grade B,2026-03-07,900.0,900.0,900.0,0.7,Rs./Quintal,Metric Tonnes
Madhya Pradesh,Rajgarh,Sarangpur(F&V) APMC,Cauliflower,Cauliflower,Grade B,2026-03-07,1000.0,1000.0,1000.0,0.9,Rs./Quintal,Metric Tonnes
Madhya Pradesh,Rajgarh,Sarangpur(F&V) APMC,Green Chilli,Green Chilly,Grade B,2026-03-07,1400.0,1400.0,1400.0,0.7,Rs./Quintal,Metric Tonnes
Madhya Pradesh,Rajgarh,Sarangpur(F&V) APMC,Tomato,Tomato,Grade B,2026-03-07,1200.0,1200.0,1200.0,0.6,Rs./Quintal,Metric Tonnes
Madhya Pradesh,Satna,Satna APMC,Barley(Jau),Barley,FAQ,2026-03-07,2061.0,2076.0,2076.0,2.4480000000000004,Rs./Quintal,Metric Tonnes
Madhya Pradesh,Satna,Satna APMC,Bengal Gram(Gram)(Whole),Gram,FAQ,2026-03-07,4100.0,4995.0,4995.0,10.168000000000001,Rs./Quintal,Metric Tonnes
Madhya Pradesh,Satna,Satna APMC,Black Gram(Urd Beans)(Whole),Urda/Urd,FAQ,2026-03-07,6705.0,6705.0,6705.0,0.05600000000000001,Rs./Quintal,Metric Tonnes
Madhya Pradesh,Satna,Satna APMC,Green Peas,Pea,FAQ,2026-03-07,2900.0,3305.0,3305.0,1.806,Rs./Quintal,Metric Tonnes
Madhya Pradesh,Satna,Satna APMC,Kodo Millet(Varagu),Kondo,FAQ,2026-03-07,2110.0,2110.0,2110.0,8.0,Rs./Quintal,Metric Tonnes
Madhya Pradesh,Satna,Satna APMC,Lak(Teora),Tiwada,FAQ,2026-03-07,2605.0,2605.0,2605.0,1.783,Rs./Quintal,Metric Tonnes
Madhya Pradesh,Satna,Satna APMC,Lentil(Masur)(Whole),Masur Dal,FAQ,2026-03-07,4945.0,5805.0,5805.0,11.018,Rs./Quintal,Metric Tonnes
Madhya Pradesh,Satna,Satna APMC,Linseed,Flaxseed,FAQ,2026-03-07,7005.0,7005.0,7005.0,0.057999999999999996,Rs./Quintal,Metric Tonnes
Madhya Pradesh,Satna,Satna APMC,Mustard,Mustard,FAQ,2026-03-07,5330.0,7350.0,6000.0,175.086,Rs./Quintal,Metric Tonnes
Madhya Pradesh,Satna,Satna APMC,Mustard,Mustard,Non-FAQ,2026-03-07,5698.0,6000.0,6000.0,15.205000000000002,Rs./Quintal,Metric Tonnes
Madhya Pradesh,Satna,Satna APMC,Wheat,Wheat,FAQ,2026-03-07,2080.0,2496.0,2345.0,78.86500000000001,Rs./Quintal,Metric Tonnes
Madhya Pradesh,Satna,Satna APMC,Wheat,Wheat,Non-FAQ,2026-03-07,2346.0,2360.0,2360.0,13.888,Rs./Quintal,Metric Tonnes
Madhya Pradesh,Satna,Satna APMC,buttery,Buttery,FAQ,2026-03-07,3075.0,3430.0,3095.0,8.651000000000002,Rs./Quintal,Metric Tonnes
Madhya Pradesh,Satna,Satna(F&V) APMC,Grapes,Green,Grade A,2026-03-07,4500.0,5000.0,4750.0,2.2,Rs./Quintal,Metric Tonnes
Madhya Pradesh,Satna,Satna(F&V) APMC,Orange,Other,Grade A,2026-03-07,2600.0,2600.0,2600.0,1.0,Rs./Quintal,Metric Tonnes
Madhya Pradesh,Satna,Satna(F&V) APMC,Papaya,Papaya,Grade A,2026-03-07,1400.0,1400.0,1400.0,1.2000000000000002,Rs./Quintal,Metric Tonnes
Madhya Pradesh,Satna,Satna(F&V) APMC,Potato,Potato,Grade A,2026-03-07,1000.0,1000.0,1000.0,1.0,Rs./Quintal,Metric Tonnes
Madhya Pradesh,Satna,Satna(F&V) APMC,Water Melon,Water Melon,Grade A,2026-03-07,2200.0,2200.0,2200.0,0.8,Rs./Quintal,Metric Tonnes
Madhya Pradesh,Khargone,Segaon APMC,Bengal Gram(Gram)(Whole),Gram,FAQ,2026-03-07,4900.0,4950.0,4950.0,4.625,Rs./Quintal,Metric Tonnes
Madhya Pradesh,Khargone,Segaon APMC,Maize,Local,FAQ,2026-03-07,1500.0,1500.0,1500.0,1.5300000000000002,Rs./Quintal,Metric Tonnes
Madhya Pradesh,Khargone,Segaon APMC,Wheat,Wheat,FAQ,2026-03-07,2150.0,2225.0,2200.0,61.595000000000006,Rs./Quintal,Metric Tonnes
Madhya Pradesh,Jabalpur,Sehora APMC,Wheat,Mill Quality,FAQ,2026-03-07,2250.0,2400.0,2250.0,31.512,Rs./Quintal,Metric Tonnes
Madhya Pradesh,Sehore,Sehore APMC,Bengal Gram(Gram)(Whole),Chana Kabuli,FAQ,2026-03-07,4600.0,5300.0,5300.0,0.7290000000000001,Rs./Quintal,Metric Tonnes
Madhya Pradesh,Sehore,Sehore APMC,Bengal Gram(Gram)(Whole),Gram,FAQ,2026-03-07,4411.0,5102.0,5102.0,5.333,Rs./Quintal,Metric Tonnes
Madhya Pradesh,Sehore,Sehore APMC,Bengal Gram(Gram)(Whole),Chana Kanta,FAQ,2026-03-07,4401.0,5041.0,5041.0,7.335,Rs./Quintal,Metric Tonnes
Madhya Pradesh,Sehore,Sehore APMC,Coriander(Leaves),Coriander,FAQ,2026-03-07,8800.0,10001.0,9000.0,0.602,Rs./Bundle,Bundle
Madhya Pradesh,Sehore,Sehore APMC,Garlic,Garlic,FAQ,2026-03-07,1000.0,8200.0,3000.0,67.408,Rs./Quintal,Metric Tonnes
Madhya Pradesh,Sehore,Sehore APMC,Green Gram(Moong)(Whole),Green (Whole),FAQ,2026-03-07,7005.0,7005.0,7005.0,0.28300000000000003,Rs./Quintal,Metric Tonnes
Madhya Pradesh,Sehore,Sehore APMC,Lentil(Masur)(Whole),Masur Dal,FAQ,2026-03-07,5770.0,6085.0,6085.0,2.572,Rs./Quintal,Metric Tonnes
Madhya Pradesh,Sehore,Sehore APMC,Maize,Local,FAQ,2026-03-07,1420.0,1546.0,1500.0,20.227000000000004,Rs./Quintal,Metric Tonnes
Madhya Pradesh,Sehore,Sehore APMC,Mustard,Mustard,FAQ,2026-03-07,4550.0,6230.0,6230.0,8.372,Rs./Quintal,Metric Tonnes
Madhya Pradesh,Sehore,Sehore APMC,Onion,Onion,FAQ,2026-03-07,1250.0,1250.0,1250.0,0.171,Rs./Quintal,Metric Tonnes
Madhya Pradesh,Sehore,Sehore APMC,Red gram/Arhar/Tur(whole),Arhar Dal(Tur),FAQ,2026-03-07,7011.0,7011.0,7011.0,0.062,Rs./Quintal,Metric Tonnes
Madhya Pradesh,Sehore,Sehore APMC,Soyabean,Yellow,FAQ,2026-03-07,1900.0,5490.0,5290.0,105.94500000000001,Rs./Quintal,Metric Tonnes
Madhya Pradesh,Sehore,Sehore APMC,Soyabean,Yellow,Non-FAQ,2026-03-07,4300.0,5472.0,5300.0,18.552000000000003,Rs./Quintal,Metric Tonnes
Madhya Pradesh,Sehore,Sehore APMC,Wheat,Lokwan,FAQ,2026-03-07,2081.0,2635.0,2600.0,124.18800000000002,Rs./Quintal,Metric Tonnes
Madhya Pradesh,Sehore,Sehore APMC,Wheat,Wheat Mix,FAQ,2026-03-07,2150.0,2150.0,2150.0,1.7149999999999999,Rs./Quintal,Metric Tonnes
Madhya Pradesh,Sehore,Sehore APMC,Wheat,Sharbati,FAQ,2026-03-07,2415.0,3101.0,3101.0,10.366,Rs./Quintal,Metric Tonnes
Madhya Pradesh,Sehore,Sehore APMC,Wheat,Mill Quality,FAQ,2026-03-07,2100.0,2381.0,2300.0,23.824,Rs./Quintal,Metric Tonnes
Madhya Pradesh,Sehore,Sehore APMC,Wheat,Malwa Shakti,FAQ,2026-03-07,2100.0,2220.0,2220.0,13.286000000000001,Rs./Quintal,Metric Tonnes
Madhya Pradesh,Sehore,Sehore APMC,Wheat,Wheat,FAQ,2026-03-07,2086.0,2910.0,2361.0,152.412,Rs./Quintal,Metric Tonnes
Madhya Pradesh,Sehore,Sehore(F&V) APMC,Beetroot,Beetroot,Grade Range-1,2026-03-07,2000.0,2500.0,2200.0,0.2,Rs./Quintal,Metric Tonnes
Madhya Pradesh,Sehore,Sehore(F&V) APMC,Bhindi(Ladies Finger),Bhindi,Grade Range-1,2026-03-07,2000.0,2500.0,2200.0,0.5,Rs./Quintal,Metric Tonnes
Madhya Pradesh,Sehore,Sehore(F&V) APMC,Bitter gourd,Bitter Gourd,Grade Range-1,2026-03-07,2200.0,3000.0,2500.0,0.5,Rs./Quintal,Metric Tonnes
Madhya Pradesh,Sehore,Sehore(F&V) APMC,Brinjal,Brinjal,Grade Range-1,2026-03-07,1000.0,1500.0,1200.0,1.4000000000000001,Rs./Quintal,Metric Tonnes
Madhya Pradesh,Sehore,Sehore(F&V) APMC,Cabbage,Cabbage,Grade Range-1,2026-03-07,800.0,1200.0,1000.0,1.2000000000000002,Rs./Quintal,Metric Tonnes
Madhya Pradesh,Sehore,Sehore(F&V) APMC,Capsicum,Capsicum,Grade Range-1,2026-03-07,3000.0,3500.0,3200.0,0.6000000000000001,Rs./Quintal,Metric Tonnes
Madhya Pradesh,Sehore,Sehore(F&V) APMC,Carrot,Carrot,Grade Range-1,2026-03-07,1000.0,1500.0,1200.0,1.0,Rs./Quintal,Metric Tonnes
Madhya Pradesh,Sehore,Sehore(F&V) APMC,Cauliflower,African Sarson,Grade Range-1,2026-03-07,1500.0,2500.0,2000.0,1.0,Rs./Quintal,Metric Tonnes
Madhya Pradesh,Sehore,Sehore(F&V) APMC,Cucumbar(Kheera),Cucumbar,Grade Range-1,2026-03-07,800.0,1500.0,1200.0,1.4000000000000001,Rs./Quintal,Metric Tonnes
Madhya Pradesh,Sehore,Sehore(F&V) APMC,Ginger(Green),Green Ginger,Grade Range-1,2026-03-07,5000.0,6000.0,5500.0,1.0,Rs./Quintal,Metric Tonnes
Madhya Pradesh,Sehore,Sehore(F&V) APMC,Green Chilli,Green Chilly,Grade Range-1,2026-03-07,4000.0,6000.0,5000.0,1.0,Rs./Quintal,Metric Tonnes
Madhya Pradesh,Sehore,Sehore(F&V) APMC,Jack Fruit(Ripe),Jack Fruit,Grade Range-1,2026-03-07,4000.0,5000.0,4500.0,0.2,Rs./Quintal,Metric Tonnes
Madhya Pradesh,Sehore,Sehore(F&V) APMC,Lemon,Lemon,Grade Range-1,2026-03-07,10000.0,13000.0,12000.0,0.30000000000000004,Rs./Quintal,Metric Tonnes
Madhya Pradesh,Sehore,Sehore(F&V) APMC,Mango(Raw-Ripe),Mango - Raw-Ripe,Grade Range-1,2026-03-07,7000.0,9000.0,8000.0,0.2,Rs./Quintal,Metric Tonnes
Madhya Pradesh,Sehore,Sehore(F&V) APMC,Methi(Leaves),Fenugreek-Organic,Grade Range-1,2026-03-07,1000.0,1500.0,1200.0,1.5,Rs./Quintal,Metric Tonnes
Madhya Pradesh,Sehore,Sehore(F&V) APMC,Pumpkin,Other,Grade Range-1,2026-03-07,1200.0,2500.0,2000.0,0.8,Rs./Quintal,Metric Tonnes
Madhya Pradesh,Sehore,Sehore(F&V) APMC,Spinach,Other,Grade Range-1,2026-03-07,1000.0,1500.0,1200.0,1.5,Rs./Quintal,Metric Tonnes
Madhya Pradesh,Sehore,Sehore(F&V) APMC,Sponge gourd,Sponge gourd,Grade Range-1,2026-03-07,2500.0,3500.0,3000.0,0.6000000000000001,Rs./Quintal,Metric Tonnes
Madhya Pradesh,Sehore,Sehore(F&V) APMC,Tomato,Deshi,Grade Range-1,2026-03-07,800.0,1200.0,1000.0,2.2,Rs./Quintal,Metric Tonnes
Madhya Pradesh,Hoshangabad,Semriharchand APMC,Paddy(Common),Basmati,FAQ,2026-03-07,1500.0,4150.0,3950.0,129.07000000000002,Rs./Quintal,Metric Tonnes
Madhya Pradesh,Hoshangabad,Semriharchand APMC,Paddy(Common),Puspa (MR 301),FAQ,2026-03-07,3455.0,4250.0,3905.0,650.2090000000001,Rs./Quintal,Metric Tonnes
Madhya Pradesh,Hoshangabad,Semriharchand APMC,Wheat,Mill Quality,FAQ,2026-03-07,2400.0,2420.0,2420.0,34.5,Rs./Quintal,Metric Tonnes
Madhya Pradesh,Badwani,Sendhwa APMC,Bengal Gram(Gram)(Whole),Gram,FAQ,2026-03-07,5090.0,5090.0,5090.0,0.43,Rs./Quintal,Metric Tonnes
Madhya Pradesh,Badwani,Sendhwa APMC,Cotton,Without Ginned Cotton,FAQ,2026-03-07,6500.0,8501.0,6600.0,24.97,Rs./Quintal,Metric Tonnes
Madhya Pradesh,Badwani,Sendhwa APMC,Maize,Local,FAQ,2026-03-07,1150.0,2295.0,1465.0,169.46500000000003,Rs./Quintal,Metric Tonnes
Madhya Pradesh,Badwani,Sendhwa APMC,Soyabean,Soyabeen,FAQ,2026-03-07,5435.0,5450.0,5450.0,0.675,Rs./Quintal,Metric Tonnes
Madhya Pradesh,Badwani,Sendhwa APMC,Wheat,Lokwan,FAQ,2026-03-07,2250.0,2250.0,2250.0,3.5600000000000005,Rs./Quintal,Metric Tonnes
Madhya Pradesh,Badwani,Sendhwa APMC,Wheat,Wheat,FAQ,2026-03-07,2200.0,2500.0,2500.0,119.81500000000001,Rs./Quintal,Metric Tonnes
Madhya Pradesh,Seoni,Seoni APMC,Maize,Local,Non-FAQ,2026-03-07,1610.0,1650.0,1650.0,24.3,Rs./Quintal,Metric Tonnes
Madhya Pradesh,Seoni,Seoni APMC,Maize,Local,FAQ,2026-03-07,1500.0,1620.0,1600.0,146.0,Rs./Quintal,Metric Tonnes
Madhya Pradesh,Seoni,Seoni APMC,Mustard,Mustard,Non-FAQ,2026-03-07,5250.0,5350.0,5350.0,11.200000000000001,Rs./Quintal,Metric Tonnes
Madhya Pradesh,Seoni,Seoni APMC,Wheat,Mill Quality,FAQ,2026-03-07,2250.0,2260.0,2260.0,16.5,Rs./Quintal,Metric Tonnes
Madhya Pradesh,Seoni,Seoni(F&V) APMC,Apple,Apple-Organic,Grade C,2026-03-07,5333.0,5333.0,5333.0,1.5,Rs./Quintal,Metric Tonnes
Madhya Pradesh,Seoni,Seoni(F&V) APMC,Bhindi(Ladies Finger),Bhindi,Grade C,2026-03-07,1100.0,1100.0,1100.0,1.18,Rs./Quintal,Metric Tonnes
Madhya Pradesh,Seoni,Seoni(F&V) APMC,Bottle gourd,Bottle Gourd,Grade C,2026-03-07,950.0,950.0,950.0,1.22,Rs./Quintal,Metric Tonnes
Madhya Pradesh,Seoni,Seoni(F&V) APMC,Brinjal,Brinjal,Grade C,2026-03-07,900.0,900.0,900.0,1.44,Rs./Quintal,Metric Tonnes
Madhya Pradesh,Seoni,Seoni(F&V) APMC,Capsicum,Capsicum,Grade C,2026-03-07,920.0,920.0,920.0,0.99,Rs./Quintal,Metric Tonnes
Madhya Pradesh,Seoni,Seoni(F&V) APMC,Carrot,Carrot,Grade C,2026-03-07,900.0,900.0,900.0,0.62,Rs./Quintal,Metric Tonnes
Madhya Pradesh,Seoni,Seoni(F&V) APMC,Cauliflower,Cauliflower,Grade C,2026-03-07,1020.0,1020.0,1020.0,2.16,Rs./Quintal,Metric Tonnes
Madhya Pradesh,Seoni,Seoni(F&V) APMC,Cucumbar(Kheera),Cucumbar,Grade C,2026-03-07,960.0,960.0,960.0,1.04,Rs./Quintal,Metric Tonnes
Madhya Pradesh,Seoni,Seoni(F&V) APMC,Garlic,Desi,Local,2026-03-07,7200.0,7200.0,7200.0,0.32,Rs./Quintal,Metric Tonnes
Madhya Pradesh,Seoni,Seoni(F&V) APMC,Ginger(Green),Green Ginger,Grade C,2026-03-07,3200.0,3200.0,3200.0,0.32,Rs./Quintal,Metric Tonnes
Madhya Pradesh,Seoni,Seoni(F&V) APMC,Green Chilli,Green Chilly,Grade C,2026-03-07,2800.0,2800.0,2800.0,1.04,Rs./Quintal,Metric Tonnes
Madhya Pradesh,Seoni,Seoni(F&V) APMC,Onion,Local,Grade C,2026-03-07,1012.0,1012.0,1012.0,8.05,Rs./Quintal,Metric Tonnes
Madhya Pradesh,Seoni,Seoni(F&V) APMC,Potato,Desi,Grade C,2026-03-07,960.0,960.0,960.0,9.55,Rs./Quintal,Metric Tonnes
Madhya Pradesh,Seoni,Seoni(F&V) APMC,Raddish,Raddish,Grade C,2026-03-07,850.0,850.0,850.0,1.1,Rs./Quintal,Metric Tonnes
Madhya Pradesh,Seoni,Seoni(F&V) APMC,Spinach,Spinach,Grade C,2026-03-07,850.0,850.0,850.0,1.56,Rs./Quintal,Metric Tonnes
Madhya Pradesh,Seoni,Seoni(F&V) APMC,Tomato,Deshi,Grade C,2026-03-07,780.0,780.0,780.0,4.475,Rs./Quintal,Metric Tonnes
Madhya Pradesh,Datia,Sevda APMC,"Sesamum(Sesame,Gingelly,Til)",Sesame,FAQ,2026-03-07,7400.0,7800.0,7800.0,4.9,Rs./Quintal,Metric Tonnes
Madhya Pradesh,Datia,Sevda APMC,Wheat,Mill Quality,FAQ,2026-03-07,2200.0,2265.0,2200.0,63.7,Rs./Quintal,Metric Tonnes
Madhya Pradesh,Datia,Sevda APMC,Wheat,Mill Quality,Non-FAQ,2026-03-07,2118.0,2226.0,2226.0,8.8,Rs./Quintal,Metric Tonnes
Madhya Pradesh,Ashoknagar,Shadora APMC,Bengal Gram(Gram)(Whole),Gram,Non-FAQ,2026-03-07,4870.0,4870.0,4870.0,0.672,Rs./Quintal,Metric Tonnes
Madhya Pradesh,Ashoknagar,Shadora APMC,Lentil(Masur)(Whole),Masur Dal,FAQ,2026-03-07,5785.0,5850.0,5850.0,2.23,Rs./Quintal,Metric Tonnes
Madhya Pradesh,Ashoknagar,Shadora APMC,Lentil(Masur)(Whole),Masur Dal,Non-FAQ,2026-03-07,5850.0,5850.0,5850.0,0.6110000000000001,Rs./Quintal,Metric Tonnes
Madhya Pradesh,Ashoknagar,Shadora APMC,Maize,Local,Non-FAQ,2026-03-07,1475.0,1475.0,1475.0,1.117,Rs./Quintal,Metric Tonnes
Madhya Pradesh,Ashoknagar,Shadora APMC,Maize,Local,FAQ,2026-03-07,1475.0,1475.0,1475.0,1.167,Rs./Quintal,Metric Tonnes
Madhya Pradesh,Ashoknagar,Shadora APMC,Mustard,Mustard,FAQ,2026-03-07,5575.0,5855.0,5855.0,5.9430000000000005,Rs./Quintal,Metric Tonnes
Madhya Pradesh,Ashoknagar,Shadora APMC,Mustard,Mustard,Non-FAQ,2026-03-07,5385.0,5600.0,5600.0,1.0810000000000002,Rs./Quintal,Metric Tonnes
Madhya Pradesh,Sagar,Shahagarh APMC,Mustard,Mustard,Non-FAQ,2026-03-07,5732.0,5812.0,5812.0,13.4,Rs./Quintal,Metric Tonnes
Madhya Pradesh,Sagar,Shahagarh APMC,Soyabean,Yellow,Non-FAQ,2026-03-07,4750.0,4750.0,4750.0,4.0,Rs./Quintal,Metric Tonnes
Madhya Pradesh,Sagar,Shahagarh APMC,Soyabean,Soyabeen,Non-FAQ,2026-03-07,4720.0,5100.0,5100.0,55.7,Rs./Quintal,Metric Tonnes
Madhya Pradesh,Sagar,Shahagarh APMC,Soyabean,Soyabeen,FAQ,2026-03-07,4700.0,5020.0,4750.0,36.6,Rs./Quintal,Metric Tonnes
Madhya Pradesh,Sagar,Shahagarh APMC,Wheat,Mill Quality,Non-FAQ,2026-03-07,2200.0,2216.0,2216.0,18.0,Rs./Quintal,Metric Tonnes
Madhya Pradesh,Shehdol,Shahdol APMC,Soyabean,Soyabeen,Non-FAQ,2026-03-07,4900.0,4900.0,4900.0,10.0,Rs./Quintal,Metric Tonnes
Madhya Pradesh,Jabalpur,Shahpura Bhitoni (F&V) APMC,Maize,Local,FAQ,2026-03-07,1300.0,1325.0,1325.0,44.731,Rs./Quintal,Metric Tonnes
Madhya Pradesh,Jabalpur,Shahpura(Jabalpur) APMC,Paddy(Common),Paddy,FAQ,2026-03-07,2465.71,2875.0,2875.0,26.466000000000005,Rs./Quintal,Metric Tonnes
Madhya Pradesh,Shajapur,Shajapur APMC,Bengal Gram(Gram)(Whole),Gram,FAQ,2026-03-07,4575.0,5100.0,4800.0,5.997,Rs./Quintal,Metric Tonnes
Madhya Pradesh,Shajapur,Shajapur APMC,Coriander(Leaves),Coriander,FAQ,2026-03-07,9000.0,9000.0,9000.0,0.067,Rs./Bundle,Bundle
Madhya Pradesh,Shajapur,Shajapur APMC,Garlic,Desi,FAQ,2026-03-07,1743.83,4875.0,4875.0,4.047,Rs./Quintal,Metric Tonnes
Madhya Pradesh,Shajapur,Shajapur APMC,Garlic,Garlic,FAQ,2026-03-07,1356.0,6550.0,5637.27,102.678,Rs./Quintal,Metric Tonnes
Madhya Pradesh,Shajapur,Shajapur APMC,Lentil(Masur)(Whole),Masur Dal,FAQ,2026-03-07,5655.0,6000.0,6000.0,0.5750000000000001,Rs./Quintal,Metric Tonnes
Madhya Pradesh,Shajapur,Shajapur APMC,Mustard,Mustard,FAQ,2026-03-07,4200.0,5945.0,5580.0,60.179,Rs./Quintal,Metric Tonnes
Madhya Pradesh,Shajapur,Shajapur APMC,Onion,Onion,FAQ,2026-03-07,1100.46,1100.46,1100.46,3.2750000000000004,Rs./Quintal,Metric Tonnes
Madhya Pradesh,Shajapur,Shajapur APMC,Onion,Medium,Non-FAQ,2026-03-07,208.8,864.0,864.0,28.977,Rs./Quintal,Metric Tonnes
Madhya Pradesh,Shajapur,Shajapur APMC,Onion,Medium,FAQ,2026-03-07,322.0,818.3,818.3,34.253,Rs./Quintal,Metric Tonnes
Madhya Pradesh,Shajapur,Shajapur APMC,Potato,Potato,FAQ,2026-03-07,200.0,552.0,495.0,165.76,Rs./Quintal,Metric Tonnes
Madhya Pradesh,Shajapur,Shajapur APMC,Potato,Potato,Non-FAQ,2026-03-07,192.06,551.0,400.0,95.45800000000001,Rs./Quintal,Metric Tonnes
Madhya Pradesh,Shajapur,Shajapur APMC,Soyabean,Soyabeen,FAQ,2026-03-07,3500.0,5364.0,5315.0,25.993000000000002,Rs./Quintal,Metric Tonnes
Madhya Pradesh,Shajapur,Shajapur APMC,Wheat,Wheat,FAQ,2026-03-07,2096.0,2381.0,2291.0,40.897000000000006,Rs./Quintal,Metric Tonnes
Madhya Pradesh,Mandsaur,Shamgarh APMC,Bengal Gram(Gram)(Whole),Gram,Non-FAQ,2026-03-07,4610.0,4930.0,4930.0,6.246,Rs./Quintal,Metric Tonnes
Madhya Pradesh,Mandsaur,Shamgarh APMC,Coriander(Leaves),Coriander,FAQ,2026-03-07,8000.0,10400.0,10400.0,0.34700000000000003,Rs./Bundle,Bundle
Madhya Pradesh,Mandsaur,Shamgarh APMC,Garlic,Garlic,FAQ,2026-03-07,400.0,6225.0,6225.0,1.585,Rs./Quintal,Metric Tonnes
Madhya Pradesh,Mandsaur,Shamgarh APMC,Groundnut,Big (With Shell),Non-FAQ,2026-03-07,5000.0,6910.0,6910.0,0.286,Rs./Quintal,Metric Tonnes
Madhya Pradesh,Mandsaur,Shamgarh APMC,Lentil(Masur)(Whole),Masur Dal,Non-FAQ,2026-03-07,5500.0,6560.0,6400.0,10.331000000000001,Rs./Quintal,Metric Tonnes
Madhya Pradesh,Mandsaur,Shamgarh APMC,Maize,Local,Non-FAQ,2026-03-07,1200.0,1531.0,1526.0,6.16,Rs./Quintal,Metric Tonnes
Madhya Pradesh,Mandsaur,Shamgarh APMC,Mustard,Mustard,Non-FAQ,2026-03-07,5100.0,6025.0,5880.0,32.102,Rs./Quintal,Metric Tonnes
Madhya Pradesh,Mandsaur,Shamgarh APMC,Onion,Other,FAQ,2026-03-07,310.0,815.0,815.0,4.639,Rs./Quintal,Metric Tonnes
Madhya Pradesh,Mandsaur,Shamgarh APMC,Onion,Onion,FAQ,2026-03-07,1011.0,1011.0,1011.0,2.523,Rs./Quintal,Metric Tonnes
Madhya Pradesh,Mandsaur,Shamgarh APMC,Soyabean,Soyabeen,Non-FAQ,2026-03-07,2912.0,5320.0,5320.0,4.9590000000000005,Rs./Quintal,Metric Tonnes
Madhya Pradesh,Mandsaur,Shamgarh APMC,Wheat,Wheat,Non-FAQ,2026-03-07,1791.0,2250.0,2200.0,93.31200000000001,Rs./Quintal,Metric Tonnes
Madhya Pradesh,Mandsaur,Shamgarh APMC,Wheat,Wheat,FAQ,2026-03-07,2196.0,2196.0,2196.0,0.777,Rs./Quintal,Metric Tonnes
Madhya Pradesh,Sheopur,Sheopurbadod APMC,Mustard,Mustard,FAQ,2026-03-07,5771.0,6206.0,6170.0,101.43200000000002,Rs./Quintal,Metric Tonnes
Madhya Pradesh,Sheopur,Sheopurbadod APMC,Paddy(Common),Dhan,FAQ,2026-03-07,1501.0,4100.0,4100.0,9.590000000000002,Rs./Quintal,Metric Tonnes
Madhya Pradesh,Sheopur,Sheopurbadod APMC,Wheat,Wheat,FAQ,2026-03-07,2223.0,2296.0,2250.0,76.046,Rs./Quintal,Metric Tonnes
Madhya Pradesh,Sheopur,Sheopurkalan APMC,Bengal Gram(Gram)(Whole),Gram,Non-FAQ,2026-03-07,2360.0,4885.0,4885.0,1.615,Rs./Quintal,Metric Tonnes
Madhya Pradesh,Sheopur,Sheopurkalan APMC,Bengal Gram(Gram)(Whole),Gram,FAQ,2026-03-07,5055.0,5055.0,5055.0,0.7000000000000001,Rs./Quintal,Metric Tonnes
Madhya Pradesh,Sheopur,Sheopurkalan APMC,Green Gram(Moong)(Whole),Green (Whole),Non-FAQ,2026-03-07,4450.0,4450.0,4450.0,0.6400000000000001,Rs./Quintal,Metric Tonnes
Madhya Pradesh,Sheopur,Sheopurkalan APMC,Mustard,Mustard,Non-FAQ,2026-03-07,5500.0,6225.0,6180.0,108.734,Rs./Quintal,Metric Tonnes
Madhya Pradesh,Sheopur,Sheopurkalan APMC,Mustard,Mustard,FAQ,2026-03-07,5600.0,6300.0,6200.0,580.725,Rs./Quintal,Metric Tonnes
Madhya Pradesh,Sheopur,Sheopurkalan APMC,Paddy(Common),Paddy,Non-FAQ,2026-03-07,3525.0,4240.0,4105.0,225.43000000000004,Rs./Quintal,Metric Tonnes
Madhya Pradesh,Sheopur,Sheopurkalan APMC,Paddy(Common),Paddy,FAQ,2026-03-07,2500.0,4235.0,4005.0,328.814,Rs./Quintal,Metric Tonnes
Madhya Pradesh,Sheopur,Sheopurkalan APMC,Paddy(Common),Dhan,FAQ,2026-03-07,2000.0,4215.0,4215.0,7.8420000000000005,Rs./Quintal,Metric Tonnes
Madhya Pradesh,Sheopur,Sheopurkalan APMC,Wheat,Wheat,FAQ,2026-03-07,1965.0,2271.0,2245.0,22.865000000000002,Rs./Quintal,Metric Tonnes
Madhya Pradesh,Sheopur,Sheopurkalan APMC,Wheat,Wheat,Non-FAQ,2026-03-07,2263.0,2299.0,2299.0,63.54400000000001,Rs./Quintal,Metric Tonnes
Madhya Pradesh,Sheopur,Sheopurkalan(F&V) APMC,Banana,Other,Medium,2026-03-07,3000.0,3000.0,3000.0,0.5,Rs./Quintal,Metric Tonnes
Madhya Pradesh,Sheopur,Sheopurkalan(F&V) APMC,Cabbage,Cabbage,Medium,2026-03-07,500.0,700.0,600.0,1.0,Rs./Quintal,Metric Tonnes
Madhya Pradesh,Sheopur,Sheopurkalan(F&V) APMC,Cauliflower,Cauliflower,Medium,2026-03-07,800.0,1000.0,900.0,1.0,Rs./Quintal,Metric Tonnes
Madhya Pradesh,Sheopur,Sheopurkalan(F&V) APMC,Cucumbar(Kheera),Cucumbar,Medium,2026-03-07,1000.0,1200.0,1100.0,1.5,Rs./Quintal,Metric Tonnes
Madhya Pradesh,Sheopur,Sheopurkalan(F&V) APMC,Ginger(Green),Green Ginger,Medium,2026-03-07,6000.0,6000.0,6000.0,0.30000000000000004,Rs./Quintal,Metric Tonnes
Madhya Pradesh,Sheopur,Sheopurkalan(F&V) APMC,Gram Raw(Chholia),Gram Raw(Chholia),Medium,2026-03-07,1500.0,1800.0,1600.0,0.5,Rs./Quintal,Metric Tonnes
Madhya Pradesh,Sheopur,Sheopurkalan(F&V) APMC,Papaya,Papaya,Medium,2026-03-07,3000.0,3200.0,3100.0,0.5,Rs./Quintal,Metric Tonnes
Madhya Pradesh,Shivpuri,Shivpuri APMC,Bengal Gram(Gram)(Whole),Gram,FAQ,2026-03-07,4700.0,5820.0,5820.0,14.487000000000002,Rs./Quintal,Metric Tonnes
Madhya Pradesh,Shivpuri,Shivpuri APMC,Coriander(Leaves),Coriander,FAQ,2026-03-07,6550.0,6550.0,6550.0,0.125,Rs./Bundle,Bundle
Madhya Pradesh,Shivpuri,Shivpuri APMC,Lentil(Masur)(Whole),Masur Dal,FAQ,2026-03-07,5605.0,5605.0,5605.0,0.1,Rs./Quintal,Metric Tonnes
Madhya Pradesh,Shivpuri,Shivpuri APMC,Maize,Local,FAQ,2026-03-07,1405.0,1425.0,1425.0,2.532,Rs./Quintal,Metric Tonnes
Madhya Pradesh,Shivpuri,Shivpuri APMC,Mustard,Mustard,FAQ,2026-03-07,5730.0,6380.0,6325.0,249.375,Rs./Quintal,Metric Tonnes
Madhya Pradesh,Shivpuri,Shivpuri APMC,Mustard,Mustard,Non-FAQ,2026-03-07,6205.0,6205.0,6205.0,3.0020000000000002,Rs./Quintal,Metric Tonnes
Madhya Pradesh,Shivpuri,Shivpuri APMC,Soyabean,Soyabeen,FAQ,2026-03-07,4905.0,4905.0,4905.0,0.497,Rs./Quintal,Metric Tonnes
Madhya Pradesh,Shivpuri,Shivpuri APMC,Wheat,Wheat,FAQ,2026-03-07,2130.0,2225.0,2225.0,4.797,Rs./Quintal,Metric Tonnes
Madhya Pradesh,Shajapur,Shujalpur APMC,Bengal Gram(Gram)(Whole),Gram,FAQ,2026-03-07,3600.0,5660.0,5217.0,17.716,Rs./Quintal,Metric Tonnes
Madhya Pradesh,Shajapur,Shujalpur APMC,Coriander(Leaves),Coriander,FAQ,2026-03-07,8281.0,10121.0,10121.0,0.877,Rs./Bundle,Bundle
Madhya Pradesh,Shajapur,Shujalpur APMC,Garlic,Desi,FAQ,2026-03-07,1000.0,8456.0,2000.0,228.40800000000002,Rs./Quintal,Metric Tonnes
Madhya Pradesh,Shajapur,Shujalpur APMC,Kabuli Chana(Chickpeas-White),Dollar Gram,FAQ,2026-03-07,3091.0,8000.0,5370.0,45.582,Rs./Quintal,Metric Tonnes
Madhya Pradesh,Shajapur,Shujalpur APMC,Lentil(Masur)(Whole),Masur Dal,FAQ,2026-03-07,3700.0,6520.0,5800.0,11.012,Rs./Quintal,Metric Tonnes
Madhya Pradesh,Shajapur,Shujalpur APMC,Mustard,Mustard,FAQ,2026-03-07,5092.0,5970.0,5700.0,128.64100000000002,Rs./Quintal,Metric Tonnes
Madhya Pradesh,Shajapur,Shujalpur APMC,Onion,Red,FAQ,2026-03-07,381.0,1101.0,1101.0,14.808000000000002,Rs./Quintal,Metric Tonnes
Madhya Pradesh,Shajapur,Shujalpur APMC,Soyabean,Soyabeen,FAQ,2026-03-07,1000.0,5371.0,5371.0,50.411,Rs./Quintal,Metric Tonnes
Madhya Pradesh,Shajapur,Shujalpur APMC,Wheat,Wheat,FAQ,2026-03-07,2121.0,2521.0,2261.0,50.103,Rs./Quintal,Metric Tonnes
Madhya Pradesh,Sehore,Shyampur APMC,Soyabean,Soyabeen,FAQ,2026-03-07,5260.0,5355.0,5305.0,21.056,Rs./Quintal,Metric Tonnes
Madhya Pradesh,Sehore,Shyampur APMC,Wheat,Mill Quality,FAQ,2026-03-07,2200.0,2265.0,2265.0,10.791,Rs./Quintal,Metric Tonnes
Madhya Pradesh,Raisen,Silvani APMC,Bengal Gram(Gram)(Whole),Gram,FAQ,2026-03-07,4730.0,5055.0,5055.0,0.25,Rs./Quintal,Metric Tonnes
Madhya Pradesh,Raisen,Silvani APMC,Green Gram(Moong)(Whole),Green (Whole),FAQ,2026-03-07,6185.0,6185.0,6185.0,0.15000000000000002,Rs./Quintal,Metric Tonnes
Madhya Pradesh,Raisen,Silvani APMC,Lak(Teora),Tiwada,FAQ,2026-03-07,2990.0,3205.0,3150.0,11.590000000000002,Rs./Quintal,Metric Tonnes
Madhya Pradesh,Raisen,Silvani APMC,Lentil(Masur)(Whole),Masur Dal,FAQ,2026-03-07,5300.0,6225.0,6225.0,1.62,Rs./Quintal,Metric Tonnes
Madhya Pradesh,Raisen,Silvani APMC,Paddy(Common),Basmati,FAQ,2026-03-07,3900.0,4550.0,3900.0,67.83,Rs./Quintal,Metric Tonnes
Madhya Pradesh,Raisen,Silvani APMC,Wheat,Wheat,FAQ,2026-03-07,2081.0,2341.0,2341.0,3.1,Rs./Quintal,Metric Tonnes
Madhya Pradesh,Singroli,Singroli APMC,Ambady/Mesta/Patson,Ambadi/Mesta,FAQ,2026-03-07,7500.0,7500.0,7500.0,12.600000000000001,Rs./Quintal,Metric Tonnes
Madhya Pradesh,Harda,Sirali APMC,Bengal Gram(Gram)(Whole),Gram,FAQ,2026-03-07,4400.0,5171.0,5171.0,1.9030000000000002,Rs./Quintal,Metric Tonnes
Madhya Pradesh,Harda,Sirali APMC,Bengal Gram(Gram)(Whole),Desi (F.A.Q. Split),FAQ,2026-03-07,4000.0,5150.0,5150.0,0.517,Rs./Quintal,Metric Tonnes
Madhya Pradesh,Harda,Sirali APMC,Maize,Local,FAQ,2026-03-07,1300.0,1536.0,1536.0,26.957,Rs./Quintal,Metric Tonnes
Madhya Pradesh,Harda,Sirali APMC,Soyabean,Soyabeen,FAQ,2026-03-07,4890.0,5371.0,5371.0,17.919999999999998,Rs./Quintal,Metric Tonnes
Madhya Pradesh,Harda,Sirali APMC,Wheat,Mill Quality,FAQ,2026-03-07,2000.0,2325.0,2325.0,43.026,Rs./Quintal,Metric Tonnes
Madhya Pradesh,Harda,Sirali APMC,Wheat,Wheat,FAQ,2026-03-07,2325.0,2325.0,2325.0,1.478,Rs./Quintal,Metric Tonnes
Madhya Pradesh,Harda,Sirali(F&V) APMC,Brinjal,Brinjal,Grade A,2026-03-07,1000.0,1000.0,1000.0,0.1,Rs./Quintal,Metric Tonnes
Madhya Pradesh,Harda,Sirali(F&V) APMC,Cauliflower,Cauliflower,Grade A,2026-03-07,1000.0,1000.0,1000.0,0.1,Rs./Quintal,Metric Tonnes
Madhya Pradesh,Harda,Sirali(F&V) APMC,Tomato,Tomato,Grade A,2026-03-07,1000.0,1000.0,1000.0,0.1,Rs./Quintal,Metric Tonnes
Madhya Pradesh,Vidisha,Sironj APMC,Bengal Gram(Gram)(Whole),Gram,FAQ,2026-03-07,4200.0,5470.0,5390.0,79.53500000000001,Rs./Quintal,Metric Tonnes
Madhya Pradesh,Vidisha,Sironj APMC,Black Gram(Urd Beans)(Whole),Urda/Urd,FAQ,2026-03-07,5365.0,5365.0,5365.0,0.8150000000000001,Rs./Quintal,Metric Tonnes
Madhya Pradesh,Vidisha,Sironj APMC,Green Peas,Pea,FAQ,2026-03-07,3510.0,3700.0,3700.0,9.14,Rs./Quintal,Metric Tonnes
Madhya Pradesh,Vidisha,Sironj APMC,Lak(Teora),Tiwada,FAQ,2026-03-07,2855.0,3197.0,3195.0,56.15700000000001,Rs./Quintal,Metric Tonnes
Madhya Pradesh,Vidisha,Sironj APMC,Lentil(Masur)(Whole),Masur Dal,FAQ,2026-03-07,5000.0,6905.0,6905.0,28.592000000000002,Rs./Quintal,Metric Tonnes
Madhya Pradesh,Vidisha,Sironj APMC,Maize,Local,FAQ,2026-03-07,1436.0,1600.0,1490.0,60.70700000000001,Rs./Quintal,Metric Tonnes
Madhya Pradesh,Vidisha,Sironj APMC,Mustard,Mustard,FAQ,2026-03-07,5000.0,6185.0,5800.0,177.44400000000002,Rs./Quintal,Metric Tonnes
Madhya Pradesh,Vidisha,Sironj APMC,Soyabean,Soyabeen,FAQ,2026-03-07,4400.0,5410.0,5100.0,15.693000000000001,Rs./Quintal,Metric Tonnes
Madhya Pradesh,Vidisha,Sironj APMC,Wheat,Wheat,FAQ,2026-03-07,2080.0,3005.0,2100.0,51.885000000000005,Rs./Quintal,Metric Tonnes
Madhya Pradesh,Vidisha,Sironj APMC,buttery,Buttery,FAQ,2026-03-07,3000.0,4525.0,3400.0,34.621,Rs./Quintal,Metric Tonnes
Madhya Pradesh,Mandsaur,Sitmau APMC,Bengal Gram(Gram)(Whole),Gram,FAQ,2026-03-07,4720.0,4899.0,4871.0,11.781,Rs./Quintal,Metric Tonnes
Madhya Pradesh,Mandsaur,Sitmau APMC,Coriander(Leaves),Coriander,FAQ,2026-03-07,8300.0,9393.0,8900.0,1.095,Rs./Bundle,Bundle
Madhya Pradesh,Mandsaur,Sitmau APMC,Garlic,Garlic,FAQ,2026-03-07,1800.0,10200.0,6700.0,10.986,Rs./Quintal,Metric Tonnes
Madhya Pradesh,Mandsaur,Sitmau APMC,Lentil(Masur)(Whole),Masur Dal,FAQ,2026-03-07,6000.0,6297.0,6297.0,6.825,Rs./Quintal,Metric Tonnes
Madhya Pradesh,Mandsaur,Sitmau APMC,Linseed,Flaxseed,FAQ,2026-03-07,7150.0,7620.0,7620.0,4.582,Rs./Quintal,Metric Tonnes
Madhya Pradesh,Mandsaur,Sitmau APMC,Methi Seeds,Methiseeds,FAQ,2026-03-07,4901.0,5151.0,5151.0,2.012,Rs./Quintal,Metric Tonnes
Madhya Pradesh,Mandsaur,Sitmau APMC,Mustard,Mustard,FAQ,2026-03-07,5721.0,7570.0,7570.0,2.9570000000000003,Rs./Quintal,Metric Tonnes
Madhya Pradesh,Mandsaur,Sitmau APMC,Soyabean,Yellow,FAQ,2026-03-07,4501.0,5276.0,5276.0,5.533,Rs./Quintal,Metric Tonnes
Madhya Pradesh,Mandsaur,Sitmau APMC,Soyabean,Soyabeen,FAQ,2026-03-07,5758.0,5758.0,5758.0,0.257,Rs./Quintal,Metric Tonnes
Madhya Pradesh,Mandsaur,Sitmau APMC,Wheat,Mill Quality,FAQ,2026-03-07,2151.0,2204.0,2204.0,10.280000000000001,Rs./Quintal,Metric Tonnes
Madhya Pradesh,Mandsaur,Sitmau APMC,Wheat,Wheat,FAQ,2026-03-07,1663.0,3301.0,2203.0,64.056,Rs./Quintal,Metric Tonnes
Madhya Pradesh,Mandsaur,Sitmau APMC,Wheat,Lokwan,FAQ,2026-03-07,1930.0,2382.0,2200.0,105.78,Rs./Quintal,Metric Tonnes
Madhya Pradesh,Dewas,Sonkatch APMC,Bengal Gram(Gram)(Whole),Gram,FAQ,2026-03-07,3300.0,4300.0,4300.0,0.073,Rs./Quintal,Metric Tonnes
Madhya Pradesh,Dewas,Sonkatch APMC,Lentil(Masur)(Whole),Masur Dal,FAQ,2026-03-07,5900.0,5900.0,5900.0,0.063,Rs./Quintal,Metric Tonnes
Madhya Pradesh,Dewas,Sonkatch APMC,Maize,Local,FAQ,2026-03-07,1451.0,1489.0,1489.0,1.201,Rs./Quintal,Metric Tonnes
Madhya Pradesh,Dewas,Sonkatch APMC,Mustard,Mustard,FAQ,2026-03-07,4700.0,5781.0,5600.0,29.236000000000004,Rs./Quintal,Metric Tonnes
Madhya Pradesh,Dewas,Sonkatch APMC,Soyabean,Soyabeen,FAQ,2026-03-07,4221.0,5401.0,5270.0,16.412000000000003,Rs./Quintal,Metric Tonnes
Madhya Pradesh,Dewas,Sonkatch APMC,Wheat,Wheat,FAQ,2026-03-07,2071.0,2375.0,2200.0,78.64600000000002,Rs./Quintal,Metric Tonnes
Madhya Pradesh,Shajapur,Soyatkalan APMC,Coriander(Leaves),Coriander,FAQ,2026-03-07,8005.0,9800.0,9700.0,3.7700000000000005,Rs./Bundle,Bundle
Madhya Pradesh,Shajapur,Soyatkalan APMC,Garlic,Garlic,FAQ,2026-03-07,2311.0,2515.0,2515.0,0.34800000000000003,Rs./Quintal,Metric Tonnes
Madhya Pradesh,Shajapur,Soyatkalan APMC,Lentil(Masur)(Whole),Masur Dal,FAQ,2026-03-07,6335.0,6700.0,6600.0,15.831000000000001,Rs./Quintal,Metric Tonnes
Madhya Pradesh,Shajapur,Soyatkalan APMC,Methi Seeds,Methiseeds,FAQ,2026-03-07,5005.0,5250.0,5250.0,0.233,Rs./Quintal,Metric Tonnes
Madhya Pradesh,Shajapur,Soyatkalan APMC,Mustard,Mustard,FAQ,2026-03-07,5560.0,5830.0,5780.0,17.543000000000003,Rs./Quintal,Metric Tonnes
Madhya Pradesh,Shajapur,Soyatkalan APMC,Onion,Onion,Non-FAQ,2026-03-07,355.0,615.0,615.0,0.301,Rs./Quintal,Metric Tonnes
Madhya Pradesh,Shajapur,Soyatkalan APMC,Onion,Onion,FAQ,2026-03-07,705.0,845.0,845.0,1.9500000000000002,Rs./Quintal,Metric Tonnes
Madhya Pradesh,Shajapur,Soyatkalan APMC,Wheat,Wheat,FAQ,2026-03-07,2165.0,2165.0,2165.0,0.301,Rs./Quintal,Metric Tonnes
Madhya Pradesh,Agar Malwa,Soyatkalan(F&V) APMC,Garlic,Garlic,Local,2026-03-07,2220.0,4011.0,4011.0,2.25,Rs./Quintal,Metric Tonnes
Madhya Pradesh,Agar Malwa,Soyatkalan(F&V) APMC,Onion,Other,Local,2026-03-07,355.0,845.0,500.0,2.25,Rs./Quintal,Metric Tonnes
Madhya Pradesh,Shajapur,Susner APMC,Barley(Jau),Barley,Non-FAQ,2026-03-07,1831.0,1831.0,1831.0,0.8650000000000001,Rs./Quintal,Metric Tonnes
Madhya Pradesh,Shajapur,Susner APMC,Bengal Gram(Gram)(Whole),Gram,Non-FAQ,2026-03-07,4410.0,4745.0,4745.0,2.5420000000000003,Rs./Quintal,Metric Tonnes
Madhya Pradesh,Shajapur,Susner APMC,Lentil(Masur)(Whole),Masur Dal,Non-FAQ,2026-03-07,5465.0,6609.0,6500.0,9.903,Rs./Quintal,Metric Tonnes
Madhya Pradesh,Shajapur,Susner APMC,Maize,Local,Non-FAQ,2026-03-07,1399.0,1500.0,1500.0,6.915000000000001,Rs./Quintal,Metric Tonnes
Madhya Pradesh,Shajapur,Susner APMC,Mustard,Mustard,Non-FAQ,2026-03-07,5300.0,5875.0,5700.0,48.768,Rs./Quintal,Metric Tonnes
Madhya Pradesh,Shajapur,Susner APMC,Soyabean,Soyabeen,Non-FAQ,2026-03-07,3600.0,5220.0,5220.0,0.7410000000000001,Rs./Quintal,Metric Tonnes
Madhya Pradesh,Shajapur,Susner APMC,Wheat,Wheat,Non-FAQ,2026-03-07,1195.0,2248.0,2205.0,135.721,Rs./Quintal,Metric Tonnes
Madhya Pradesh,Rajgarh,Suthalia APMC,Mustard,Mustard,FAQ,2026-03-07,5450.0,5685.0,5575.0,25.037000000000003,Rs./Quintal,Metric Tonnes
Madhya Pradesh,Rajgarh,Suthalia APMC,Soyabean,Soyabeen,FAQ,2026-03-07,4945.0,4945.0,4945.0,0.149,Rs./Quintal,Metric Tonnes
Madhya Pradesh,Rajgarh,Suthalia APMC,Wheat,Wheat,FAQ,2026-03-07,2084.0,2110.0,2110.0,1.5270000000000001,Rs./Quintal,Metric Tonnes
Madhya Pradesh,Mandsaur,Suvasra APMC,Soyabean,Soyabeen,FAQ,2026-03-07,4821.0,4821.0,4821.0,0.438,Rs./Quintal,Metric Tonnes
Madhya Pradesh,Mandsaur,Suvasra APMC,Wheat,Wheat,Non-FAQ,2026-03-07,1957.0,2212.0,2212.0,43.373000000000005,Rs./Quintal,Metric Tonnes
Madhya Pradesh,Mandsaur,Suvasra APMC,Wheat,Wheat,FAQ,2026-03-07,2000.0,2096.0,2096.0,4.534000000000001,Rs./Quintal,Metric Tonnes
Madhya Pradesh,Mandsaur,Suvasra APMC,Wheat,Mill Quality,Non-FAQ,2026-03-07,2000.0,2175.0,2175.0,33.897000000000006,Rs./Quintal,Metric Tonnes
Madhya Pradesh,Mandsaur,Suvasra APMC,Wheat,Mill Quality,FAQ,2026-03-07,1525.0,2050.0,2050.0,28.492000000000004,Rs./Quintal,Metric Tonnes
Madhya Pradesh,Ratlam,Taal APMC,Bengal Gram(Gram)(Whole),Gram,FAQ,2026-03-07,4880.0,4880.0,4880.0,0.42000000000000004,Rs./Quintal,Metric Tonnes
Madhya Pradesh,Ratlam,Taal APMC,Mustard,Mustard,FAQ,2026-03-07,5650.0,5799.0,5799.0,3.4909999999999997,Rs./Quintal,Metric Tonnes
Madhya Pradesh,Ratlam,Taal APMC,Soyabean,Soyabeen,FAQ,2026-03-07,5015.0,5700.0,5390.0,35.075,Rs./Quintal,Metric Tonnes
Madhya Pradesh,Ratlam,Taal APMC,Soyabean,Yellow,FAQ,2026-03-07,4951.0,5371.0,5171.0,27.585000000000004,Rs./Quintal,Metric Tonnes
Madhya Pradesh,Ratlam,Taal APMC,Wheat,Wheat,FAQ,2026-03-07,1811.0,2600.0,2200.0,309.40900000000005,Rs./Quintal,Metric Tonnes
Madhya Pradesh,Ratlam,Taal APMC,Wheat,Wheat,Non-FAQ,2026-03-07,2150.0,2200.0,2200.0,17.02,Rs./Quintal,Metric Tonnes
Madhya Pradesh,Ujjain,Tarana APMC,Bengal Gram(Gram)(Whole),Gram,FAQ,2026-03-07,4000.0,5251.0,4120.0,30.936000000000003,Rs./Quintal,Metric Tonnes
Madhya Pradesh,Ujjain,Tarana APMC,Kabuli Chana(Chickpeas-White),Bitkey,FAQ,2026-03-07,4000.0,4000.0,4000.0,2.27,Rs./Quintal,Metric Tonnes
Madhya Pradesh,Ujjain,Tarana APMC,Lentil(Masur)(Whole),Masur Dal,FAQ,2026-03-07,6348.0,6482.0,6482.0,0.44100000000000006,Rs./Quintal,Metric Tonnes
Madhya Pradesh,Ujjain,Tarana APMC,Mustard,Mustard,FAQ,2026-03-07,5100.0,5800.0,5800.0,3.257,Rs./Quintal,Metric Tonnes
Madhya Pradesh,Ujjain,Tarana APMC,Soyabean,Soyabeen,FAQ,2026-03-07,1100.0,5452.0,5300.0,43.525000000000006,Rs./Quintal,Metric Tonnes
Madhya Pradesh,Ujjain,Tarana APMC,Wheat,Lokwan,FAQ,2026-03-07,2211.0,2325.0,2325.0,7.971,Rs./Quintal,Metric Tonnes
Madhya Pradesh,Ujjain,Tarana APMC,Wheat,Wheat,FAQ,2026-03-07,1252.0,2420.0,2225.0,226.562,Rs./Quintal,Metric Tonnes
Madhya Pradesh,Ujjain,Tarana APMC,Wheat,Mill Quality,FAQ,2026-03-07,1975.0,1975.0,1975.0,3.1050000000000004,Rs./Quintal,Metric Tonnes
Madhya Pradesh,Narsinghpur,Tendukheda APMC,Black Gram(Urd Beans)(Whole),Urda/Urd,FAQ,2026-03-07,7025.0,7025.0,7025.0,0.04000000000000001,Rs./Quintal,Metric Tonnes
Madhya Pradesh,Narsinghpur,Tendukheda APMC,Lentil(Masur)(Whole),Masur Dal,Non-FAQ,2026-03-07,5800.0,5800.0,5800.0,3.0,Rs./Quintal,Metric Tonnes
Madhya Pradesh,Narsinghpur,Tendukheda APMC,Lentil(Masur)(Whole),Masur Dal,FAQ,2026-03-07,5425.0,5425.0,5425.0,0.18300000000000002,Rs./Quintal,Metric Tonnes
Madhya Pradesh,Narsinghpur,Tendukheda APMC,Paddy(Common),Dhan,FAQ,2026-03-07,3925.0,4100.0,4100.0,7.7,Rs./Quintal,Metric Tonnes
Madhya Pradesh,Jhabua,Thandla APMC,Bengal Gram(Gram)(Whole),Gram,FAQ,2026-03-07,5000.0,5000.0,5000.0,15.484000000000002,Rs./Quintal,Metric Tonnes
Madhya Pradesh,Jhabua,Thandla APMC,Cotton,Without Ginned Cotton,FAQ,2026-03-07,7400.0,7410.0,7400.0,24.290000000000003,Rs./Quintal,Metric Tonnes
Madhya Pradesh,Jhabua,Thandla APMC,Wheat,Mill Quality,FAQ,2026-03-07,2050.0,2305.0,2300.0,38.81,Rs./Quintal,Metric Tonnes
Madhya Pradesh,Jhabua,Thandla APMC,Wheat,Wheat,FAQ,2026-03-07,2100.0,2210.0,2200.0,25.123,Rs./Quintal,Metric Tonnes
Madhya Pradesh,Tikamgarh,Tikamgarh APMC,Barley(Jau),Barley,FAQ,2026-03-07,1875.0,2130.0,2100.0,47.139,Rs./Quintal,Metric Tonnes
Madhya Pradesh,Tikamgarh,Tikamgarh APMC,Black Gram(Urd Beans)(Whole),Urda/Urd,FAQ,2026-03-07,6300.0,7800.0,7800.0,19.572000000000003,Rs./Quintal,Metric Tonnes
Madhya Pradesh,Tikamgarh,Tikamgarh APMC,Mustard,Mustard,FAQ,2026-03-07,5800.0,6175.0,5950.0,110.67000000000002,Rs./Quintal,Metric Tonnes
Madhya Pradesh,Tikamgarh,Tikamgarh APMC,Soyabean,Soyabeen,FAQ,2026-03-07,4800.0,5305.0,5000.0,25.549000000000003,Rs./Quintal,Metric Tonnes
Madhya Pradesh,Tikamgarh,Tikamgarh APMC,Wheat,Wheat,FAQ,2026-03-07,2130.0,2325.0,2225.0,376.283,Rs./Quintal,Metric Tonnes
Madhya Pradesh,Harda,Timarni APMC,Bengal Gram(Gram)(Whole),Gram,FAQ,2026-03-07,4376.0,5141.0,5141.0,1.5070000000000001,Rs./Quintal,Metric Tonnes
Madhya Pradesh,Harda,Timarni APMC,Green Gram(Moong)(Whole),Green (Whole),FAQ,2026-03-07,6325.0,6750.0,6750.0,2.061,Rs./Quintal,Metric Tonnes
Madhya Pradesh,Harda,Timarni APMC,Maize,Local,FAQ,2026-03-07,1101.0,1638.0,1596.0,445.61400000000003,Rs./Quintal,Metric Tonnes
Madhya Pradesh,Harda,Timarni APMC,Mustard,Mustard,FAQ,2026-03-07,5191.0,5599.0,5599.0,18.624000000000002,Rs./Quintal,Metric Tonnes
Madhya Pradesh,Harda,Timarni APMC,Soyabean,Soyabeen,FAQ,2026-03-07,4201.0,5376.0,5376.0,6.134,Rs./Quintal,Metric Tonnes
Madhya Pradesh,Harda,Timarni APMC,Wheat,Wheat,FAQ,2026-03-07,2051.0,2239.0,2200.0,44.409,Rs./Quintal,Metric Tonnes
Madhya Pradesh,Harda,Timarni(F&V) APMC,Bottle gourd,Bottle Gourd,FAQ,2026-03-07,1000.0,1000.0,1000.0,0.023000000000000003,Rs./Quintal,Metric Tonnes
Madhya Pradesh,Harda,Timarni(F&V) APMC,Cabbage,Other,FAQ,2026-03-07,800.0,800.0,800.0,0.04000000000000001,Rs./Quintal,Metric Tonnes
Madhya Pradesh,Harda,Timarni(F&V) APMC,Cauliflower,Other,FAQ,2026-03-07,1500.0,2000.0,1750.0,0.067,Rs./Quintal,Metric Tonnes
Madhya Pradesh,Harda,Timarni(F&V) APMC,Cucumbar(Kheera),Cucumbar,FAQ,2026-03-07,1000.0,1000.0,1000.0,0.095,Rs./Quintal,Metric Tonnes
Madhya Pradesh,Harda,Timarni(F&V) APMC,Green Chilli,Green Chilly,FAQ,2026-03-07,5000.0,5000.0,5000.0,0.045000000000000005,Rs./Quintal,Metric Tonnes
Madhya Pradesh,Harda,Timarni(F&V) APMC,Peas Wet,Other,FAQ,2026-03-07,2500.0,2500.0,2500.0,0.034999999999999996,Rs./Quintal,Metric Tonnes
Madhya Pradesh,Harda,Timarni(F&V) APMC,Raddish,Raddish,FAQ,2026-03-07,500.0,500.0,500.0,0.015,Rs./Quintal,Metric Tonnes
Madhya Pradesh,Harda,Timarni(F&V) APMC,Spinach,Other,FAQ,2026-03-07,2000.0,2000.0,2000.0,0.038000000000000006,Rs./Quintal,Metric Tonnes
Madhya Pradesh,Harda,Timarni(F&V) APMC,Sponge gourd,Sponge gourd,FAQ,2026-03-07,2500.0,2500.0,2500.0,0.04000000000000001,Rs./Quintal,Metric Tonnes
Madhya Pradesh,Harda,Timarni(F&V) APMC,Tomato,Deshi,FAQ,2026-03-07,500.0,500.0,500.0,0.16000000000000003,Rs./Quintal,Metric Tonnes
Madhya Pradesh,Raisen,Udaipura APMC,Bengal Gram(Gram)(Whole),Desi (F.A.Q. Split),FAQ,2026-03-07,4400.0,5350.0,5350.0,29.735000000000003,Rs./Quintal,Metric Tonnes
Madhya Pradesh,Raisen,Udaipura APMC,Lak(Teora),Tiwada,FAQ,2026-03-07,3100.0,3190.0,3190.0,1.5,Rs./Quintal,Metric Tonnes
Madhya Pradesh,Raisen,Udaipura APMC,Lentil(Masur)(Whole),Masur Dal,FAQ,2026-03-07,5000.0,6205.0,6175.0,6.210000000000001,Rs./Quintal,Metric Tonnes
Madhya Pradesh,Raisen,Udaipura APMC,Paddy(Common),Paddy,FAQ,2026-03-07,3795.0,4160.0,3945.0,79.74000000000001,Rs./Quintal,Metric Tonnes
Madhya Pradesh,Raisen,Udaipura APMC,Red gram/Arhar/Tur(whole),Arhar Dal(Tur),FAQ,2026-03-07,6405.0,7800.0,7800.0,0.9,Rs./Quintal,Metric Tonnes
Madhya Pradesh,Raisen,Udaipura APMC,Wheat,Mill Quality,FAQ,2026-03-07,2120.0,2195.0,2195.0,5.545000000000001,Rs./Quintal,Metric Tonnes
Madhya Pradesh,Ujjain,Ujjain APMC,Bengal Gram(Gram)(Whole),Gram,FAQ,2026-03-07,4916.0,5894.0,5894.0,40.417,Rs./Quintal,Metric Tonnes
Madhya Pradesh,Ujjain,Ujjain APMC,Garlic,Garlic,FAQ,2026-03-07,800.0,6750.0,2500.0,44.913000000000004,Rs./Quintal,Metric Tonnes
Madhya Pradesh,Ujjain,Ujjain APMC,Green Peas,Pea,FAQ,2026-03-07,3641.0,3641.0,3641.0,0.343,Rs./Quintal,Metric Tonnes
Madhya Pradesh,Ujjain,Ujjain APMC,Kabuli Chana(Chickpeas-White),Dollar Gram,FAQ,2026-03-07,5500.0,8251.0,8251.0,3.035,Rs./Quintal,Metric Tonnes
Madhya Pradesh,Ujjain,Ujjain APMC,Lentil(Masur)(Whole),Masur Dal,FAQ,2026-03-07,5580.0,5670.0,5670.0,1.045,Rs./Quintal,Metric Tonnes
Madhya Pradesh,Ujjain,Ujjain APMC,Onion,Onion,Non-FAQ,2026-03-07,537.35,1331.0,1331.0,12.482,Rs./Quintal,Metric Tonnes
Madhya Pradesh,Ujjain,Ujjain APMC,Onion,Onion,FAQ,2026-03-07,500.0,1901.89,1901.89,8.167,Rs./Quintal,Metric Tonnes
Madhya Pradesh,Ujjain,Ujjain APMC,Potato,Potato,Non-FAQ,2026-03-07,135.41,690.01,300.0,230.32100000000003,Rs./Quintal,Metric Tonnes
Madhya Pradesh,Ujjain,Ujjain APMC,Potato,Potato,FAQ,2026-03-07,153.05,770.0,300.0,293.26300000000003,Rs./Quintal,Metric Tonnes
Madhya Pradesh,Ujjain,Ujjain APMC,Soyabean,Soyabeen,FAQ,2026-03-07,1220.0,5800.0,5500.0,195.80200000000002,Rs./Quintal,Metric Tonnes
Madhya Pradesh,Ujjain,Ujjain APMC,Wheat,Wheat,FAQ,2026-03-07,1810.0,2690.0,2275.0,630.214,Rs./Quintal,Metric Tonnes
Madhya Pradesh,Umariya,Umariya APMC,Soyabean,Soyabeen,FAQ,2026-03-07,4900.0,4900.0,4900.0,4.0,Rs./Quintal,Metric Tonnes
Madhya Pradesh,Umariya,Umariya APMC,Soyabean,Soyabeen,Non-FAQ,2026-03-07,4895.0,5005.0,5005.0,27.53,Rs./Quintal,Metric Tonnes
Madhya Pradesh,Umariya,Umariya APMC,Wheat,Wheat,Non-FAQ,2026-03-07,2275.0,2275.0,2275.0,3.225,Rs./Quintal,Metric Tonnes
Madhya Pradesh,Ujjain,Unhel APMC,Bengal Gram(Gram)(Whole),Gram,FAQ,2026-03-07,4750.0,4900.0,4900.0,1.167,Rs./Quintal,Metric Tonnes
Madhya Pradesh,Ujjain,Unhel APMC,Soyabean,Soyabeen,FAQ,2026-03-07,3930.0,5445.0,5445.0,19.662000000000003,Rs./Quintal,Metric Tonnes
Madhya Pradesh,Ujjain,Unhel APMC,Wheat,Wheat,FAQ,2026-03-07,1970.0,2480.0,2175.0,112.26500000000001,Rs./Quintal,Metric Tonnes
Madhya Pradesh,Vidisha,Vidisha APMC,Paddy(Common),Puspa (MR 301),FAQ,2026-03-07,4000.0,4000.0,4000.0,23.150000000000002,Rs./Quintal,Metric Tonnes
Madhya Pradesh,Sheopur,Vijaypur APMC,Mustard,Mustard,FAQ,2026-03-07,5605.0,6350.0,6200.0,470.736,Rs./Quintal,Metric Tonnes
Madhya Pradesh,Sheopur,Vijaypur APMC,Mustard,Mustard,Non-FAQ,2026-03-07,5900.0,6500.0,6100.0,275.1,Rs./Quintal,Metric Tonnes
Madhya Pradesh,Bhind,Alampur APMC,Wheat,Wheat,Non-FAQ,2026-03-08,2220.0,2240.0,2240.0,19.200000000000003,Rs./Quintal,Metric Tonnes
Madhya Pradesh,Bhind,Alampur APMC,Wheat,Mill Quality,Non-FAQ,2026-03-08,2500.0,2500.0,2500.0,11.5,Rs./Quintal,Metric Tonnes
Madhya Pradesh,Alirajpur,Alirajpur APMC,Bengal Gram(Gram)(Whole),Gram,FAQ,2026-03-08,5000.0,5050.0,5020.0,15.9,Rs./Quintal,Metric Tonnes
Madhya Pradesh,Alirajpur,Alirajpur APMC,Maize,Local,FAQ,2026-03-08,1500.0,1500.0,1500.0,5.0,Rs./Quintal,Metric Tonnes
Madhya Pradesh,Alirajpur,Alirajpur APMC,Soyabean,Soyabeen,FAQ,2026-03-08,4851.0,4851.0,4851.0,15.25,Rs./Quintal,Metric Tonnes
Madhya Pradesh,Alirajpur,Alirajpur APMC,Wheat,Local,FAQ,2026-03-08,2100.0,2100.0,2100.0,17.5,Rs./Quintal,Metric Tonnes
Madhya Pradesh,Satna,Amarpatan APMC,Wheat,Mill Quality,FAQ,2026-03-08,2200.0,2250.0,2200.0,27.89,Rs./Quintal,Metric Tonnes
Madhya Pradesh,Chhindwara,Amarwda APMC,Maize,Local,FAQ,2026-03-08,1480.0,1700.0,1650.0,377.82300000000004,Rs./Quintal,Metric Tonnes
Madhya Pradesh,Chhindwara,Amarwda APMC,Maize,Yellow,FAQ,2026-03-08,1500.0,1660.0,1541.0,342.0,Rs./Quintal,Metric Tonnes
Madhya Pradesh,Anupur,Anuppur(F&V) APMC,Onion,Onion,FAQ,2026-03-08,1200.0,1200.0,1200.0,4.0,Rs./Quintal,Metric Tonnes
Madhya Pradesh,Dhar,Badnawar(F&V) APMC,Garlic,Garlic,Local,2026-03-08,2600.0,2600.0,2600.0,0.1,Rs./Quintal,Metric Tonnes
Madhya Pradesh,Dhar,Badnawar(F&V) APMC,Onion,Onion,Local,2026-03-08,500.0,500.0,500.0,0.1,Rs./Quintal,Metric Tonnes
Madhya Pradesh,Shajapur,Badod APMC,Mustard,Mustard,FAQ,2026-03-08,5900.0,5900.0,5900.0,9.36,Rs./Quintal,Metric Tonnes
Madhya Pradesh,Khargone,Badwaha APMC,Maize,Local,Non-FAQ,2026-03-08,1340.0,1340.0,1340.0,9.075000000000001,Rs./Quintal,Metric Tonnes
Madhya Pradesh,Khargone,Badwaha APMC,Maize,Local,FAQ,2026-03-08,1300.0,1300.0,1300.0,10.165000000000001,Rs./Quintal,Metric Tonnes
Madhya Pradesh,Khargone,Badwaha APMC,Wheat,Wheat,FAQ,2026-03-08,2000.0,2260.0,2260.0,11.72,Rs./Quintal,Metric Tonnes
Madhya Pradesh,Chhatarpur,Bakswaha APMC,Bengal Gram(Gram)(Whole),Chana Kanta,FAQ,2026-03-08,4990.0,5000.0,5000.0,8.0,Rs./Quintal,Metric Tonnes
Madhya Pradesh,Chhatarpur,Bakswaha APMC,Soyabean,Soyabeen,Non-FAQ,2026-03-08,4000.0,4100.0,4100.0,19.6,Rs./Quintal,Metric Tonnes
Madhya Pradesh,Chhatarpur,Bakswaha APMC,Soyabean,Yellow,Non-FAQ,2026-03-08,4500.0,4700.0,4700.0,21.0,Rs./Quintal,Metric Tonnes
Madhya Pradesh,Sehore,Baktara APMC,Paddy(Common),Basmati,FAQ,2026-03-08,3900.0,4400.0,3901.0,64.67999999999999,Rs./Quintal,Metric Tonnes
Madhya Pradesh,Badwani,Balwadi APMC,Wheat,Wheat,FAQ,2026-03-08,2100.0,2350.0,2150.0,35.069,Rs./Quintal,Metric Tonnes
Madhya Pradesh,Shivpuri,Barad APMC,Mustard,Mustard,FAQ,2026-03-08,6150.0,6400.0,6210.0,29.122000000000003,Rs./Quintal,Metric Tonnes
Madhya Pradesh,Raisen,Bareli APMC,Paddy(Common),Dhan,FAQ,2026-03-08,3955.0,4021.0,4021.0,35.365,Rs./Quintal,Metric Tonnes
Madhya Pradesh,Raisen,Bareli APMC,Paddy(Common),Paddy,FAQ,2026-03-08,3941.0,3941.0,3941.0,179.859,Rs./Quintal,Metric Tonnes
Madhya Pradesh,Shehdol,Beohari APMC,Mahua,Mahua Flower,FAQ,2026-03-08,3900.0,3940.0,3940.0,6.2700000000000005,Rs./Quintal,Metric Tonnes
Madhya Pradesh,Shehdol,Beohari APMC,Paddy(Common),Common,FAQ,2026-03-08,1830.0,1850.0,1850.0,15.0,Rs./Quintal,Metric Tonnes
Madhya Pradesh,Shehdol,Beohari APMC,Wheat,Wheat,FAQ,2026-03-08,2201.0,2211.0,2211.0,17.900000000000002,Rs./Quintal,Metric Tonnes
Madhya Pradesh,Shehdol,Beohari APMC,Wheat,Mill Quality,FAQ,2026-03-08,2330.0,2350.0,2350.0,10.0,Rs./Quintal,Metric Tonnes
Madhya Pradesh,Betul,Betul APMC,Gur(Jaggery),Jaggery,FAQ,2026-03-08,3500.0,3500.0,3500.0,5.54,Rs./Quintal,Metric Tonnes
Madhya Pradesh,Betul,Betul APMC,Maize,Local,Non-FAQ,2026-03-08,1450.0,1450.0,1450.0,20.0,Rs./Quintal,Metric Tonnes
Madhya Pradesh,Khargone,Bhikangaon APMC,Wheat,Wheat,FAQ,2026-03-08,2200.0,2200.0,2200.0,6.0,Rs./Quintal,Metric Tonnes
Madhya Pradesh,Khargone,Bhikangaon APMC,Wheat,Mill Quality,FAQ,2026-03-08,2175.0,2211.0,2175.0,22.8,Rs./Quintal,Metric Tonnes
Madhya Pradesh,Bhind,Bhind APMC,Bajra(Pearl Millet/Cumbu),Millet,FAQ,2026-03-08,1800.0,1800.0,1800.0,20.0,Rs./Quintal,Metric Tonnes
Madhya Pradesh,Bhopal,Bhopal APMC,Bengal Gram(Gram)(Whole),Gram,FAQ,2026-03-08,7402.46,7402.46,7402.46,1.7100000000000002,Rs./Quintal,Metric Tonnes
Madhya Pradesh,Bhopal,Bhopal APMC,Cowpea(Lobia/Karamani),Lobia or Moth,FAQ,2026-03-08,9696.0,9696.0,9696.0,0.15000000000000002,Rs./Quintal,Metric Tonnes
Madhya Pradesh,Bhopal,Bhopal APMC,Cummin Seed(Jeera),Cummin Seed(Jeera),FAQ,2026-03-08,25529.27,25529.27,25529.27,2.1350000000000002,Rs./Quintal,Metric Tonnes
Madhya Pradesh,Rajgarh,Biaora APMC,Mustard,Mustard,FAQ,2026-03-08,5200.0,5200.0,5200.0,3.58,Rs./Quintal,Metric Tonnes
Madhya Pradesh,Rajgarh,Biaora APMC,Wheat,Wheat,FAQ,2026-03-08,2150.0,2150.0,2150.0,4.68,Rs./Quintal,Metric Tonnes
Madhya Pradesh,Chhatarpur,Bijawar APMC,Mustard,Mustard,FAQ,2026-03-08,6200.0,6200.0,6200.0,3.2,Rs./Quintal,Metric Tonnes
Madhya Pradesh,Chhatarpur,Bijawar APMC,Soyabean,Soyabeen,Non-FAQ,2026-03-08,4950.0,4950.0,4950.0,3.8000000000000003,Rs./Quintal,Metric Tonnes
Madhya Pradesh,Chhatarpur,Bijawar APMC,Soyabean,Yellow,FAQ,2026-03-08,5200.0,5300.0,5300.0,7.1000000000000005,Rs./Quintal,Metric Tonnes
Madhya Pradesh,Chhatarpur,Bijawar APMC,Wheat,Mill Quality,Non-FAQ,2026-03-08,2180.0,2198.0,2198.0,42.7,Rs./Quintal,Metric Tonnes
Madhya Pradesh,Chhatarpur,Bijawar APMC,Wheat,Mill Quality,FAQ,2026-03-08,2310.0,2326.0,2326.0,24.448,Rs./Quintal,Metric Tonnes
Madhya Pradesh,Burhanpur,Burhanpur APMC,Bengal Gram(Gram)(Whole),Gram,FAQ,2026-03-08,4900.0,5000.0,5000.0,19.525000000000002,Rs./Quintal,Metric Tonnes
Madhya Pradesh,Burhanpur,Burhanpur APMC,Cotton,Medium Fiber,FAQ,2026-03-08,7100.0,7250.0,7250.0,11.051000000000002,Rs./Quintal,Metric Tonnes
Madhya Pradesh,Burhanpur,Burhanpur APMC,Soyabean,Soyabeen,FAQ,2026-03-08,4500.0,4500.0,4500.0,3.0660000000000003,Rs./Quintal,Metric Tonnes
Madhya Pradesh,Burhanpur,Burhanpur(F&V) APMC,Banana,Khandesh,Grade A,2026-03-08,500.0,1000.0,800.0,3.7,Rs./Quintal,Metric Tonnes
Madhya Pradesh,Burhanpur,Burhanpur(F&V) APMC,Bhindi(Ladies Finger),Bhindi,Medium,2026-03-08,2000.0,3000.0,2500.0,0.4,Rs./Quintal,Metric Tonnes
Madhya Pradesh,Burhanpur,Burhanpur(F&V) APMC,Bitter gourd,Bitter Gourd,Local,2026-03-08,2500.0,3500.0,3000.0,0.2,Rs./Quintal,Metric Tonnes
Madhya Pradesh,Burhanpur,Burhanpur(F&V) APMC,Bottle gourd,Bottle Gourd,Medium,2026-03-08,1000.0,1500.0,1300.0,0.9,Rs./Quintal,Metric Tonnes
Madhya Pradesh,Burhanpur,Burhanpur(F&V) APMC,Brinjal,Brinjal,Medium,2026-03-08,1000.0,1500.0,1200.0,0.9,Rs./Quintal,Metric Tonnes
Madhya Pradesh,Burhanpur,Burhanpur(F&V) APMC,Cabbage,Cabbage,Medium,2026-03-08,500.0,800.0,600.0,2.7,Rs./Quintal,Metric Tonnes
Madhya Pradesh,Burhanpur,Burhanpur(F&V) APMC,Cauliflower,Local,Local,2026-03-08,1000.0,2000.0,1500.0,1.2000000000000002,Rs./Quintal,Metric Tonnes
Madhya Pradesh,Burhanpur,Burhanpur(F&V) APMC,Chikoos(Sapota),Other,Grade A,2026-03-08,2000.0,2800.0,2500.0,0.6000000000000001,Rs./Quintal,Metric Tonnes
Madhya Pradesh,Burhanpur,Burhanpur(F&V) APMC,Grapes,Other,Grade A,2026-03-08,5000.0,6500.0,6000.0,0.30000000000000004,Rs./Quintal,Metric Tonnes
Madhya Pradesh,Burhanpur,Burhanpur(F&V) APMC,Green Chilli,Green Chilly,Medium,2026-03-08,2500.0,5000.0,4500.0,2.2,Rs./Quintal,Metric Tonnes
Madhya Pradesh,Burhanpur,Burhanpur(F&V) APMC,Guar,Gwar,Local,2026-03-08,2500.0,4000.0,3500.0,0.30000000000000004,Rs./Quintal,Metric Tonnes
Madhya Pradesh,Burhanpur,Burhanpur(F&V) APMC,Karbuja(Musk Melon),Karbhuja,Grade A,2026-03-08,1000.0,1500.0,1200.0,3.3000000000000003,Rs./Quintal,Metric Tonnes
Madhya Pradesh,Burhanpur,Burhanpur(F&V) APMC,Lemon,Lemon,Medium,2026-03-08,4000.0,8000.0,6000.0,0.30000000000000004,Rs./Quintal,Metric Tonnes
Madhya Pradesh,Burhanpur,Burhanpur(F&V) APMC,Mousambi(Sweet Lime),Mousambi,Grade A,2026-03-08,1500.0,2500.0,2000.0,0.8,Rs./Quintal,Metric Tonnes
Madhya Pradesh,Burhanpur,Burhanpur(F&V) APMC,Onion,Local,Local,2026-03-08,500.0,1500.0,1200.0,7.4,Rs./Quintal,Metric Tonnes
Madhya Pradesh,Burhanpur,Burhanpur(F&V) APMC,Papaya,Other,Grade A,2026-03-08,1500.0,2500.0,2000.0,1.1,Rs./Quintal,Metric Tonnes
Madhya Pradesh,Burhanpur,Burhanpur(F&V) APMC,Potato,Local,Local,2026-03-08,700.0,1200.0,1000.0,7.4,Rs./Quintal,Metric Tonnes
Madhya Pradesh,Burhanpur,Burhanpur(F&V) APMC,Pumpkin,Other,Local,2026-03-08,1000.0,1500.0,1400.0,0.5,Rs./Quintal,Metric Tonnes
Madhya Pradesh,Burhanpur,Burhanpur(F&V) APMC,Tinda,Tinda,Local,2026-03-08,2000.0,3500.0,3000.0,0.30000000000000004,Rs./Quintal,Metric Tonnes
Madhya Pradesh,Burhanpur,Burhanpur(F&V) APMC,Tomato,Other,Medium,2026-03-08,500.0,1000.0,800.0,3.7,Rs./Quintal,Metric Tonnes
Madhya Pradesh,Rewa,Chaakghat APMC,Mustard,Mustard,FAQ,2026-03-08,5800.0,5875.0,5860.0,11.100000000000001,Rs./Quintal,Metric Tonnes
Madhya Pradesh,Rewa,Chaakghat APMC,Paddy(Common),Paddy fine,FAQ,2026-03-08,2200.0,2225.0,2225.0,2.9000000000000004,Rs./Quintal,Metric Tonnes
Madhya Pradesh,Rewa,Chaakghat APMC,Wheat,Mill Quality,FAQ,2026-03-08,2200.0,2250.0,2225.0,17.900000000000002,Rs./Quintal,Metric Tonnes
Madhya Pradesh,Ashoknagar,Chanderi APMC,Mustard,Mustard,Non-FAQ,2026-03-08,5630.0,5700.0,5700.0,6.5,Rs./Quintal,Metric Tonnes
Madhya Pradesh,Ashoknagar,Chanderi APMC,Mustard,Mustard,FAQ,2026-03-08,5800.0,5800.0,5800.0,2.5,Rs./Quintal,Metric Tonnes
Madhya Pradesh,Chhindwara,Chaurai APMC,Maize,Local,FAQ,2026-03-08,1500.0,1702.0,1580.0,130.3,Rs./Quintal,Metric Tonnes
Madhya Pradesh,Chhindwara,Chaurai APMC,Maize,Yellow,FAQ,2026-03-08,1600.0,1660.0,1660.0,39.7,Rs./Quintal,Metric Tonnes
Madhya Pradesh,Chhindwara,Chaurai APMC,Paddy(Common),Paddy,FAQ,2026-03-08,1401.0,1401.0,1401.0,14.0,Rs./Quintal,Metric Tonnes
Madhya Pradesh,Chhindwara,Chaurai APMC,Wheat,Wheat,FAQ,2026-03-08,2000.0,2000.0,2000.0,4.0,Rs./Quintal,Metric Tonnes
Madhya Pradesh,Chhatarpur,Chhatarpur APMC,Barley(Jau),Barley,FAQ,2026-03-08,1925.0,1930.0,1930.0,18.400000000000002,Rs./Quintal,Metric Tonnes
Madhya Pradesh,Chhatarpur,Chhatarpur APMC,Barley(Jau),Deshi,FAQ,2026-03-08,1990.0,1990.0,1990.0,9.600000000000001,Rs./Quintal,Metric Tonnes
Madhya Pradesh,Chhatarpur,Chhatarpur APMC,Mustard,Mustard,FAQ,2026-03-08,5500.0,5600.0,5600.0,6.3500000000000005,Rs./Quintal,Metric Tonnes
Madhya Pradesh,Chhatarpur,Chhatarpur APMC,Wheat,Mill Quality,FAQ,2026-03-08,2210.0,2270.0,2210.0,31.05,Rs./Quintal,Metric Tonnes
Madhya Pradesh,Chhindwara,Chhindwara APMC,Gur(Jaggery),Jaggery,FAQ,2026-03-08,3600.0,3600.0,3600.0,13.86,Rs./Quintal,Metric Tonnes
Madhya Pradesh,Seoni,Chhpara APMC,Maize,Yellow,FAQ,2026-03-08,1450.0,1750.0,1750.0,83.0,Rs./Quintal,Metric Tonnes
Madhya Pradesh,Chhindwara,Chindwara(F&V) APMC,Bottle gourd,Bottle Gourd,Local,2026-03-08,400.0,800.0,600.0,1.1,Rs./Quintal,Metric Tonnes
Madhya Pradesh,Chhindwara,Chindwara(F&V) APMC,Capsicum,Capsicum,Local,2026-03-08,1200.0,1600.0,1300.0,1.2000000000000002,Rs./Quintal,Metric Tonnes
Madhya Pradesh,Chhindwara,Chindwara(F&V) APMC,Carrot,Carrot,Local,2026-03-08,900.0,1400.0,1100.0,3.1,Rs./Quintal,Metric Tonnes
Madhya Pradesh,Chhindwara,Chindwara(F&V) APMC,Cucumbar(Kheera),Cucumbar,Local,2026-03-08,600.0,1000.0,700.0,5.2,Rs./Quintal,Metric Tonnes
Madhya Pradesh,Chhindwara,Chindwara(F&V) APMC,Garlic,Average,Local,2026-03-08,5000.0,7500.0,6800.0,20.3,Rs./Quintal,Metric Tonnes
Madhya Pradesh,Chhindwara,Chindwara(F&V) APMC,Ginger(Green),Green Ginger,Local,2026-03-08,3700.0,4600.0,4000.0,0.30000000000000004,Rs./Quintal,Metric Tonnes
Madhya Pradesh,Chhindwara,Chindwara(F&V) APMC,Green Chilli,Green Chilly,Local,2026-03-08,3600.0,4800.0,4000.0,1.7000000000000002,Rs./Quintal,Metric Tonnes
Madhya Pradesh,Chhindwara,Chindwara(F&V) APMC,Karbuja(Musk Melon),Karbhuja,Local,2026-03-08,1200.0,1800.0,1500.0,0.4,Rs./Quintal,Metric Tonnes
Madhya Pradesh,Chhindwara,Chindwara(F&V) APMC,Onion,Red,Local,2026-03-08,900.0,1400.0,1100.0,1.4000000000000001,Rs./Quintal,Metric Tonnes
Madhya Pradesh,Chhindwara,Chindwara(F&V) APMC,Potato,Desi,Local,2026-03-08,600.0,1000.0,800.0,19.200000000000003,Rs./Quintal,Metric Tonnes
Madhya Pradesh,Chhindwara,Chindwara(F&V) APMC,Spinach,Organic,Local,2026-03-08,1200.0,1200.0,1200.0,0.1,Rs./Quintal,Metric Tonnes
Madhya Pradesh,Chhindwara,Chindwara(F&V) APMC,Tomato,Deshi,Local,2026-03-08,600.0,1000.0,800.0,0.5,Rs./Quintal,Metric Tonnes
Madhya Pradesh,Mandsaur,Daloda APMC,Garlic,Garlic,FAQ,2026-03-08,4150.99,4234.0,4234.0,31.730000000000004,Rs./Quintal,Metric Tonnes
Madhya Pradesh,Datia,Datia APMC,Mustard,Mustard,FAQ,2026-03-08,5350.0,6075.0,5350.0,24.0,Rs./Quintal,Metric Tonnes
Madhya Pradesh,Dewas,Dewas APMC,Soyabean,Soyabeen,FAQ,2026-03-08,5755.55,5755.55,5755.55,25.605000000000004,Rs./Quintal,Metric Tonnes
Madhya Pradesh,Dhar,Dhar APMC,Maize,Local,FAQ,2026-03-08,1510.0,1510.0,1510.0,8.0,Rs./Quintal,Metric Tonnes
Madhya Pradesh,Raisen,Gairatganj APMC,Bengal Gram(Gram)(Whole),Gram,FAQ,2026-03-08,4950.0,5000.0,5000.0,10.5,Rs./Quintal,Metric Tonnes
Madhya Pradesh,Dhar,Gandhwani APMC,Bengal Gram(Gram)(Whole),Desi (F.A.Q. Split),FAQ,2026-03-08,5000.0,5000.0,5000.0,0.8800000000000001,Rs./Quintal,Metric Tonnes
Madhya Pradesh,Dhar,Gandhwani APMC,Soyabean,Soyabeen,FAQ,2026-03-08,5050.0,5050.0,5050.0,16.378,Rs./Quintal,Metric Tonnes
Madhya Pradesh,Dhar,Gandhwani APMC,Wheat,Wheat,FAQ,2026-03-08,2150.0,2200.0,2175.0,7.481999999999999,Rs./Quintal,Metric Tonnes
Madhya Pradesh,Sagar,Garhakota APMC,Maize,Local,Non-FAQ,2026-03-08,1355.0,1380.0,1380.0,28.018,Rs./Quintal,Metric Tonnes
Madhya Pradesh,Sagar,Garhakota APMC,Maize,Local,FAQ,2026-03-08,1555.0,1575.0,1555.0,31.1,Rs./Quintal,Metric Tonnes
Madhya Pradesh,Mandsaur,Garoth APMC,Maize,Local,Non-FAQ,2026-03-08,1500.0,1500.0,1500.0,4.846,Rs./Quintal,Metric Tonnes
Madhya Pradesh,Mandsaur,Garoth APMC,Wheat,Wheat,Non-FAQ,2026-03-08,2200.0,2200.0,2200.0,5.5,Rs./Quintal,Metric Tonnes
Madhya Pradesh,Indore,Gautampura APMC,Wheat,Wheat,Non-FAQ,2026-03-08,1987.0,2007.0,2007.0,10.297,Rs./Quintal,Metric Tonnes
Madhya Pradesh,Indore,Gautampura APMC,Wheat,Wheat,FAQ,2026-03-08,2200.0,2250.0,2250.0,14.846000000000002,Rs./Quintal,Metric Tonnes
Madhya Pradesh,Seoni,Ghansour APMC,Maize,Local,FAQ,2026-03-08,1350.0,1400.0,1400.0,104.0,Rs./Quintal,Metric Tonnes
Madhya Pradesh,Dindori,Gorakhpur APMC,Soyabean,Yellow,FAQ,2026-03-08,4900.0,4910.0,4900.0,21.1,Rs./Quintal,Metric Tonnes
Madhya Pradesh,Narsinghpur,Gotegaon APMC,Maize,Local,Non-FAQ,2026-03-08,1575.0,1575.0,1575.0,8.6,Rs./Quintal,Metric Tonnes
Madhya Pradesh,Khandwa,Harsood APMC,Bengal Gram(Gram)(Whole),Gram,FAQ,2026-03-08,5100.0,5100.0,5100.0,1.2000000000000002,Rs./Quintal,Metric Tonnes
Madhya Pradesh,Damoh,Hata APMC,Wheat,Wheat,Non-FAQ,2026-03-08,2100.0,2100.0,2100.0,7.5,Rs./Quintal,Metric Tonnes
Madhya Pradesh,Dewas,Hatpiplya(F&V) APMC,Bhindi(Ladies Finger),Bhindi,Medium,2026-03-08,2000.0,3000.0,2500.0,0.08000000000000002,Rs./Quintal,Metric Tonnes
Madhya Pradesh,Dewas,Hatpiplya(F&V) APMC,Brinjal,Brinjal,Medium,2026-03-08,1000.0,1400.0,1200.0,0.166,Rs./Quintal,Metric Tonnes
Madhya Pradesh,Dewas,Hatpiplya(F&V) APMC,Cabbage,Cabbage,Medium,2026-03-08,1300.0,1700.0,1500.0,0.266,Rs./Quintal,Metric Tonnes
Madhya Pradesh,Dewas,Hatpiplya(F&V) APMC,Cauliflower,Cauliflower,Medium,2026-03-08,1200.0,1600.0,1400.0,0.21400000000000002,Rs./Quintal,Metric Tonnes
Madhya Pradesh,Dewas,Hatpiplya(F&V) APMC,Ginger(Green),Green Ginger,Medium,2026-03-08,5000.0,6000.0,5500.0,0.054000000000000006,Rs./Quintal,Metric Tonnes
Madhya Pradesh,Dewas,Hatpiplya(F&V) APMC,Green Chilli,Green Chilly,Medium,2026-03-08,4000.0,6000.0,5000.0,0.06,Rs./Quintal,Metric Tonnes
Madhya Pradesh,Dewas,Hatpiplya(F&V) APMC,Potato,Potato,Medium,2026-03-08,600.0,1000.0,800.0,0.625,Rs./Quintal,Metric Tonnes
Madhya Pradesh,Dewas,Hatpiplya(F&V) APMC,Tomato,Tomato,Medium,2026-03-08,800.0,1200.0,1000.0,0.5,Rs./Quintal,Metric Tonnes
Madhya Pradesh,Indore,Indore APMC,Bengal Gram(Gram)(Whole),Gram,FAQ,2026-03-08,4969.02,4969.02,4969.02,24.853,Rs./Quintal,Metric Tonnes
Madhya Pradesh,Indore,Indore APMC,Black Gram(Urd Beans)(Whole),Urda/Urd,FAQ,2026-03-08,7050.1,7050.1,7050.1,30.3,Rs./Quintal,Metric Tonnes
Madhya Pradesh,Ashoknagar,Isagarh APMC,Mustard,Mustard,FAQ,2026-03-08,5800.0,5800.0,5800.0,3.0,Rs./Quintal,Metric Tonnes
Madhya Pradesh,Jabalpur,Jabalpur APMC,Maize,Local,Non-FAQ,2026-03-08,1599.0,1601.0,1601.0,36.0,Rs./Quintal,Metric Tonnes
Madhya Pradesh,Jabalpur,Jabalpur APMC,Paddy(Common),Dhan,Non-FAQ,2026-03-08,1700.0,1700.0,1700.0,22.614,Rs./Quintal,Metric Tonnes
Madhya Pradesh,Anupur,Jaithari APMC,Wheat,Mill Quality,Non-FAQ,2026-03-08,2200.0,2200.0,2200.0,2.15,Rs./Quintal,Metric Tonnes
Madhya Pradesh,Anupur,Jaithari APMC,Wheat,Mill Quality,FAQ,2026-03-08,2250.0,2250.0,2250.0,5.11,Rs./Quintal,Metric Tonnes
Madhya Pradesh,Anupur,Jaithari APMC,buttery,Buttery,FAQ,2026-03-08,2800.0,2800.0,2800.0,3.0100000000000002,Rs./Quintal,Metric Tonnes
Madhya Pradesh,Tikamgarh,Jatara APMC,Wheat,Local,Non-FAQ,2026-03-08,2326.0,2340.0,2340.0,33.44,Rs./Quintal,Metric Tonnes
Madhya Pradesh,Damoh,Javera APMC,Bengal Gram(Gram)(Whole),Gram,Non-FAQ,2026-03-08,4800.0,4950.0,4950.0,7.0,Rs./Quintal,Metric Tonnes
Madhya Pradesh,Damoh,Javera APMC,Maize,Local,Non-FAQ,2026-03-08,1450.0,1450.0,1450.0,5.300000000000001,Rs./Quintal,Metric Tonnes
Madhya Pradesh,Damoh,Javera APMC,Wheat,Wheat,FAQ,2026-03-08,2305.0,2305.0,2305.0,7.300000000000001,Rs./Quintal,Metric Tonnes
Madhya Pradesh,Damoh,Javera APMC,Wheat,Mill Quality,Non-FAQ,2026-03-08,2165.0,2200.0,2175.0,29.1,Rs./Quintal,Metric Tonnes
Madhya Pradesh,Ratlam,Jawra(F&V) APMC,Bhindi(Ladies Finger),Bhindi,FAQ,2026-03-08,3000.0,4200.0,3500.0,0.4,Rs./Quintal,Metric Tonnes
Madhya Pradesh,Ratlam,Jawra(F&V) APMC,Bottle gourd,Bottle Gourd,FAQ,2026-03-08,1000.0,2500.0,1600.0,0.5,Rs./Quintal,Metric Tonnes
Madhya Pradesh,Ratlam,Jawra(F&V) APMC,Brinjal,Brinjal,FAQ,2026-03-08,1400.0,3000.0,1800.0,0.4,Rs./Quintal,Metric Tonnes
Madhya Pradesh,Ratlam,Jawra(F&V) APMC,Cabbage,Cabbage,FAQ,2026-03-08,1100.0,2200.0,1500.0,0.5,Rs./Quintal,Metric Tonnes
Madhya Pradesh,Ratlam,Jawra(F&V) APMC,Cauliflower,Cauliflower,FAQ,2026-03-08,1300.0,3200.0,2000.0,0.30000000000000004,Rs./Quintal,Metric Tonnes
Madhya Pradesh,Ratlam,Jawra(F&V) APMC,Cucumbar(Kheera),Cucumbar,FAQ,2026-03-08,1200.0,3000.0,2200.0,0.2,Rs./Quintal,Metric Tonnes
Madhya Pradesh,Ratlam,Jawra(F&V) APMC,Ginger(Green),Green Ginger,FAQ,2026-03-08,3400.0,5500.0,4000.0,0.30000000000000004,Rs./Quintal,Metric Tonnes
Madhya Pradesh,Ratlam,Jawra(F&V) APMC,Green Chilli,Green Chilly,FAQ,2026-03-08,3200.0,5500.0,3800.0,0.30000000000000004,Rs./Quintal,Metric Tonnes
Madhya Pradesh,Ratlam,Jawra(F&V) APMC,Methi(Leaves),Methi,FAQ,2026-03-08,1000.0,1500.0,1200.0,0.4,Rs./Quintal,Metric Tonnes
Madhya Pradesh,Ratlam,Jawra(F&V) APMC,Other green and fresh vegetables,Other,FAQ,2026-03-08,1200.0,2000.0,1400.0,0.4,Rs./Quintal,Metric Tonnes
Madhya Pradesh,Ratlam,Jawra(F&V) APMC,Raddish,Raddish,FAQ,2026-03-08,1200.0,2200.0,1500.0,0.4,Rs./Quintal,Metric Tonnes
Madhya Pradesh,Ratlam,Jawra(F&V) APMC,Ridgeguard(Tori),Ridgeguard(Tori),FAQ,2026-03-08,4000.0,5200.0,4500.0,0.2,Rs./Quintal,Metric Tonnes
Madhya Pradesh,Ratlam,Jawra(F&V) APMC,Spinach,Spinach,FAQ,2026-03-08,1000.0,1500.0,1200.0,0.4,Rs./Quintal,Metric Tonnes
Madhya Pradesh,Ratlam,Jawra(F&V) APMC,Sponge gourd,Sponge gourd,FAQ,2026-03-08,3500.0,5000.0,3800.0,0.2,Rs./Quintal,Metric Tonnes
Madhya Pradesh,Ratlam,Jawra(F&V) APMC,Tomato,Tomato,FAQ,2026-03-08,1000.0,1500.0,1200.0,0.30000000000000004,Rs./Quintal,Metric Tonnes
Madhya Pradesh,Jhabua,Jhabua APMC,Bengal Gram(Gram)(Whole),Gram,FAQ,2026-03-08,4725.0,5225.0,5225.0,38.75,Rs./Quintal,Metric Tonnes
Madhya Pradesh,Jhabua,Jhabua APMC,Cotton,Without Ginned Cotton,Non-FAQ,2026-03-08,8375.0,8400.0,8400.0,13.854,Rs./Quintal,Metric Tonnes
Madhya Pradesh,Jhabua,Jhabua APMC,Cotton,Without Ginned Cotton,FAQ,2026-03-08,6500.0,8071.0,8000.0,39.457,Rs./Quintal,Metric Tonnes
Madhya Pradesh,Jhabua,Jhabua APMC,Wheat,Wheat,Non-FAQ,2026-03-08,2250.0,2250.0,2250.0,2.47,Rs./Quintal,Metric Tonnes
Madhya Pradesh,Jhabua,Jhabua APMC,Wheat,Wheat,FAQ,2026-03-08,2100.0,2400.0,2200.0,165.19000000000003,Rs./Quintal,Metric Tonnes
Madhya Pradesh,Jhabua,Jhabua(F&V) APMC,Cotton,DCH-32(Unginned),Local,2026-03-08,6500.0,8400.0,7450.0,53.31100000000001,Rs./Quintal,Metric Tonnes
Madhya Pradesh,Jhabua,Jhabua(F&V) APMC,Wheat,Wheat,Local,2026-03-08,2100.0,2400.0,2250.0,167.66,Rs./Quintal,Metric Tonnes
Madhya Pradesh,Alirajpur,Jobat APMC,Bengal Gram(Gram)(Whole),Chana Kanta,FAQ,2026-03-08,5000.0,5075.0,5000.0,16.5,Rs./Quintal,Metric Tonnes
Madhya Pradesh,Alirajpur,Jobat APMC,Bengal Gram(Gram)(Whole),Desi (F.A.Q. Split),FAQ,2026-03-08,4950.0,5100.0,5100.0,24.27,Rs./Quintal,Metric Tonnes
Madhya Pradesh,Alirajpur,Jobat APMC,Bengal Gram(Gram)(Whole),Gram,Non-FAQ,2026-03-08,4900.0,5000.0,5000.0,14.850000000000001,Rs./Quintal,Metric Tonnes
Madhya Pradesh,Alirajpur,Jobat APMC,Bengal Gram(Gram)(Whole),Gram,FAQ,2026-03-08,4950.0,4950.0,4950.0,5.6000000000000005,Rs./Quintal,Metric Tonnes
Madhya Pradesh,Alirajpur,Jobat APMC,Maize,Local,FAQ,2026-03-08,1400.0,1400.0,1400.0,4.0,Rs./Quintal,Metric Tonnes
Madhya Pradesh,Alirajpur,Jobat APMC,Wheat,Wheat,FAQ,2026-03-08,2100.0,2200.0,2200.0,39.900000000000006,Rs./Quintal,Metric Tonnes
Madhya Pradesh,Shivpuri,Karera APMC,Barley(Jau),Barley,FAQ,2026-03-08,1800.0,1820.0,1800.0,25.5,Rs./Quintal,Metric Tonnes
Madhya Pradesh,Shivpuri,Karera APMC,Groundnut,Big (With Shell),FAQ,2026-03-08,5500.0,5500.0,5500.0,0.5900000000000001,Rs./Quintal,Metric Tonnes
Madhya Pradesh,Shivpuri,Karera APMC,Wheat,Wheat,Non-FAQ,2026-03-08,2200.0,2200.0,2200.0,1.143,Rs./Quintal,Metric Tonnes
Madhya Pradesh,Shivpuri,Karera APMC,Wheat,Wheat,FAQ,2026-03-08,2100.0,2100.0,2100.0,6.5,Rs./Quintal,Metric Tonnes
Madhya Pradesh,Shivpuri,Karera(F&V) APMC,Banana,Banana-Organic,Local,2026-03-08,1500.0,2000.0,1700.0,3.25,Rs./Quintal,Metric Tonnes
Madhya Pradesh,Shivpuri,Karera(F&V) APMC,Bottle gourd,Bottle Gourd,Local,2026-03-08,1000.0,1900.0,1500.0,0.1,Rs./Quintal,Metric Tonnes
Madhya Pradesh,Shivpuri,Karera(F&V) APMC,Brinjal,Brinjal,Local,2026-03-08,800.0,2000.0,1200.0,0.1,Rs./Quintal,Metric Tonnes
Madhya Pradesh,Shivpuri,Karera(F&V) APMC,Cabbage,Cabbage,Local,2026-03-08,800.0,2000.0,1200.0,0.1,Rs./Quintal,Metric Tonnes
Madhya Pradesh,Shivpuri,Karera(F&V) APMC,Cauliflower,Cauliflower,Local,2026-03-08,1000.0,2000.0,1200.0,0.08,Rs./Quintal,Metric Tonnes
Madhya Pradesh,Shivpuri,Karera(F&V) APMC,Onion,Onion,Local,2026-03-08,1200.0,2000.0,1600.0,0.2,Rs./Quintal,Metric Tonnes
Madhya Pradesh,Shivpuri,Karera(F&V) APMC,Orange,Orange,Local,2026-03-08,2200.0,3000.0,2800.0,0.15,Rs./Quintal,Metric Tonnes
Madhya Pradesh,Shivpuri,Karera(F&V) APMC,Potato,Potato,Local,2026-03-08,400.0,1200.0,600.0,6.4,Rs./Quintal,Metric Tonnes
Madhya Pradesh,Shivpuri,Karera(F&V) APMC,Raddish,Raddish,Local,2026-03-08,600.0,1100.0,800.0,0.08,Rs./Quintal,Metric Tonnes
Madhya Pradesh,Shivpuri,Karera(F&V) APMC,Tomato,Tomato,Local,2026-03-08,200.0,1000.0,600.0,3.6,Rs./Quintal,Metric Tonnes
Madhya Pradesh,Khargone,Karhi APMC,Wheat,Wheat,FAQ,2026-03-08,2400.0,2400.0,2400.0,22.060000000000002,Rs./Quintal,Metric Tonnes
Madhya Pradesh,Khargone,Kasrawad APMC,Wheat,Wheat,FAQ,2026-03-08,2220.0,2220.0,2220.0,15.56,Rs./Quintal,Metric Tonnes
Madhya Pradesh,Balaghat,Katangi APMC,Paddy(Common),Common,Non-FAQ,2026-03-08,1870.0,1897.0,1897.0,20.16,Rs./Quintal,Metric Tonnes
Madhya Pradesh,Katni,Katni APMC,Bengal Gram(Gram)(Whole),Gram,FAQ,2026-03-08,5165.0,5165.0,5165.0,35.050000000000004,Rs./Quintal,Metric Tonnes
Madhya Pradesh,Katni,Katni APMC,Mustard,Mustard,FAQ,2026-03-08,5900.0,5900.0,5900.0,3.2,Rs./Quintal,Metric Tonnes
Madhya Pradesh,Katni,Katni APMC,Red gram/Arhar/Tur(whole),Arhar Dal(Tur),FAQ,2026-03-08,7451.3,8104.0,7835.94,571.6750000000001,Rs./Quintal,Metric Tonnes
Madhya Pradesh,Katni,Katni APMC,Wheat,Wheat,FAQ,2026-03-08,2225.0,2300.0,2225.0,24.55,Rs./Quintal,Metric Tonnes
Madhya Pradesh,Katni,Katni APMC,Wheat,Mill Quality,FAQ,2026-03-08,2235.0,2260.0,2250.0,56.800000000000004,Rs./Quintal,Metric Tonnes
Madhya Pradesh,Tikamgarh,Khargapur APMC,Groundnut,Big (With Shell),FAQ,2026-03-08,5660.0,5980.0,5980.0,4.397,Rs./Quintal,Metric Tonnes
Madhya Pradesh,Tikamgarh,Khargapur APMC,Mustard,Mustard,FAQ,2026-03-08,5890.0,6200.0,6100.0,34.118,Rs./Quintal,Metric Tonnes
Madhya Pradesh,Tikamgarh,Khargapur APMC,Soyabean,Soyabeen,FAQ,2026-03-08,4877.0,4950.0,4950.0,6.449,Rs./Quintal,Metric Tonnes
Madhya Pradesh,Tikamgarh,Khargapur APMC,Wheat,Mill Quality,FAQ,2026-03-08,2200.0,2250.0,2230.0,128.82000000000002,Rs./Quintal,Metric Tonnes
Madhya Pradesh,Khargone,Khargone APMC,Soyabean,Soyabeen,FAQ,2026-03-08,4749.0,4749.0,4749.0,4.0200000000000005,Rs./Quintal,Metric Tonnes
Madhya Pradesh,Shivpuri,Khatora APMC,Maize,Local,FAQ,2026-03-08,1298.0,1306.0,1306.0,29.8,Rs./Quintal,Metric Tonnes
Madhya Pradesh,Shivpuri,Khatora APMC,Mustard,Mustard,FAQ,2026-03-08,6050.0,6125.0,6125.0,4.5,Rs./Quintal,Metric Tonnes
Madhya Pradesh,Shivpuri,Khatora APMC,Wheat,Wheat,FAQ,2026-03-08,2110.0,2120.0,2120.0,25.5,Rs./Quintal,Metric Tonnes
Madhya Pradesh,Rajgarh,Khilchipur APMC,Wheat,Mill Quality,Non-FAQ,2026-03-08,2005.0,2010.0,2010.0,8.620000000000001,Rs./Quintal,Metric Tonnes
Madhya Pradesh,Shivpuri,Kolaras APMC,Mustard,Mustard,FAQ,2026-03-08,6250.0,6325.0,6325.0,15.17,Rs./Quintal,Metric Tonnes
Madhya Pradesh,Mandla,Krishi Upaj Mandi Samiti Bichhiya,Wheat,Mill Quality,Non-FAQ,2026-03-08,2300.0,2400.0,2400.0,14.0,Rs./Quintal,Metric Tonnes
Madhya Pradesh,Dhar,Kukshi APMC,Bengal Gram(Gram)(Whole),Gram,FAQ,2026-03-08,4915.0,5001.0,5001.0,11.25,Rs./Quintal,Metric Tonnes
Madhya Pradesh,Dhar,Kukshi APMC,Wheat,Wheat,Non-FAQ,2026-03-08,2100.0,2100.0,2100.0,9.0,Rs./Quintal,Metric Tonnes
Madhya Pradesh,Dhar,Kukshi APMC,Wheat,Wheat,FAQ,2026-03-08,2080.0,2200.0,2200.0,40.185,Rs./Quintal,Metric Tonnes
Madhya Pradesh,Bhind,Lahar APMC,Mustard,Mustard,FAQ,2026-03-08,6150.0,6378.0,6378.0,5.9,Rs./Quintal,Metric Tonnes
Madhya Pradesh,Bhind,Lahar APMC,Red gram/Arhar/Tur(whole),Arhar Dal(Tur),FAQ,2026-03-08,6050.0,6070.0,6070.0,2.7,Rs./Quintal,Metric Tonnes
Madhya Pradesh,Bhind,Lahar APMC,"Sesamum(Sesame,Gingelly,Til)",Sesame,FAQ,2026-03-08,7800.0,7800.0,7800.0,1.6,Rs./Quintal,Metric Tonnes
Madhya Pradesh,Bhind,Lahar APMC,Wheat,Wheat,FAQ,2026-03-08,2307.0,2320.0,2320.0,2.3000000000000003,Rs./Quintal,Metric Tonnes
Madhya Pradesh,Seoni,Lakhnadon APMC,Maize,Local,FAQ,2026-03-08,1501.0,1600.0,1600.0,86.10000000000001,Rs./Quintal,Metric Tonnes
Madhya Pradesh,Gwalior,Lashkar APMC,Mustard,Mustard,Non-FAQ,2026-03-08,5525.0,5850.0,5850.0,25.474000000000004,Rs./Quintal,Metric Tonnes
Madhya Pradesh,Gwalior,Lashkar APMC,Mustard,Mustard,FAQ,2026-03-08,5965.0,6685.0,6355.0,143.34900000000002,Rs./Quintal,Metric Tonnes
Madhya Pradesh,Gwalior,Lashkar APMC,Wheat,Wheat,FAQ,2026-03-08,2245.0,2370.0,2370.0,15.75,Rs./Quintal,Metric Tonnes
Madhya Pradesh,Gwalior,Lashkar(F&V) APMC,Apple,Apple,Grade B,2026-03-08,5000.0,7000.0,6000.0,10.0,Rs./Quintal,Metric Tonnes
Madhya Pradesh,Gwalior,Lashkar(F&V) APMC,Ginger(Green),Green Ginger,Grade B,2026-03-08,4000.0,6000.0,5000.0,4.8,Rs./Quintal,Metric Tonnes
Madhya Pradesh,Gwalior,Lashkar(F&V) APMC,Orange,Orange,Grade B,2026-03-08,2500.0,3500.0,3000.0,6.0,Rs./Quintal,Metric Tonnes
Madhya Pradesh,Gwalior,Lashkar(F&V) APMC,Papaya,Papaya,Grade B,2026-03-08,1000.0,1200.0,1100.0,30.0,Rs./Quintal,Metric Tonnes
Madhya Pradesh,Gwalior,Lashkar(F&V) APMC,Potato,Other,Grade B,2026-03-08,400.0,600.0,500.0,89.5,Rs./Quintal,Metric Tonnes
Madhya Pradesh,Chhatarpur,LavKush Nagar(Laundi) APMC,Wheat,Mill Quality,FAQ,2026-03-08,2200.0,2200.0,2200.0,5.0,Rs./Quintal,Metric Tonnes
Madhya Pradesh,Dewas,Loharda APMC,Bengal Gram(Gram)(Whole),Gram,FAQ,2026-03-08,5025.0,5025.0,5025.0,7.765000000000001,Rs./Quintal,Metric Tonnes
Madhya Pradesh,Rajgarh,Machalpur APMC,Wheat,Wheat,FAQ,2026-03-08,2150.0,2160.0,2160.0,7.422000000000001,Rs./Quintal,Metric Tonnes
Madhya Pradesh,Satna,Maihar(F&V) APMC,Cauliflower,Cauliflower,Local,2026-03-08,1200.0,1200.0,1200.0,1.5,Rs./Quintal,Metric Tonnes
Madhya Pradesh,Satna,Maihar(F&V) APMC,Potato,Potato,Local,2026-03-08,600.0,600.0,600.0,2.5,Rs./Quintal,Metric Tonnes
Madhya Pradesh,Satna,Maihar(F&V) APMC,Spinach,Spinach,Local,2026-03-08,700.0,700.0,700.0,2.0,Rs./Quintal,Metric Tonnes
Madhya Pradesh,Satna,Maihar(F&V) APMC,Tomato,Tomato,Local,2026-03-08,600.0,600.0,600.0,2.0,Rs./Quintal,Metric Tonnes
Madhya Pradesh,Dhar,Manawar APMC,Kabuli Chana(Chickpeas-White),Dollar Gram,FAQ,2026-03-08,6500.0,7900.0,7700.0,42.685,Rs./Quintal,Metric Tonnes
Madhya Pradesh,Mandla,Mandla APMC,Paddy(Common),Common,Non-FAQ,2026-03-08,1895.0,1905.0,1905.0,22.0,Rs./Quintal,Metric Tonnes
Madhya Pradesh,Mandla,Mandla APMC,Paddy(Common),Common,FAQ,2026-03-08,1900.0,1900.0,1900.0,9.5,Rs./Quintal,Metric Tonnes
Madhya Pradesh,Mandla,Mandla APMC,Paddy(Common),Dhan,FAQ,2026-03-08,1910.0,1910.0,1910.0,9.0,Rs./Quintal,Metric Tonnes
Madhya Pradesh,Mandsaur,Mandsaur APMC,Chili Red,Red,FAQ,2026-03-08,14693.08,17850.0,17850.0,15.163,Rs./Quintal,Metric Tonnes
Madhya Pradesh,Satna,Mehar APMC,Bengal Gram(Gram)(Whole),Desi (F.A.Q. Split),FAQ,2026-03-08,4515.0,4552.0,4552.0,5.050000000000001,Rs./Quintal,Metric Tonnes
Madhya Pradesh,Satna,Mehar APMC,Wheat,Local,Non-FAQ,2026-03-08,2205.0,2210.0,2210.0,9.1,Rs./Quintal,Metric Tonnes
Madhya Pradesh,Satna,Mehar APMC,buttery,Buttery,FAQ,2026-03-08,3100.0,3100.0,3100.0,6.089,Rs./Quintal,Metric Tonnes
Madhya Pradesh,Balaghat,Mohgaon APMC,Wheat,Wheat Mix,FAQ,2026-03-08,2580.0,2585.0,2580.0,14.5,Rs./Quintal,Metric Tonnes
Madhya Pradesh,Morena,Morena APMC,Onion,Onion,Non-FAQ,2026-03-08,1000.0,1000.0,1000.0,5.0,Rs./Quintal,Metric Tonnes
Madhya Pradesh,Morena,Morena APMC,Potato,Potato,Non-FAQ,2026-03-08,400.0,500.0,400.0,75.0,Rs./Quintal,Metric Tonnes
Madhya Pradesh,Betul,Multai APMC,Maize,Local,Non-FAQ,2026-03-08,1510.0,1510.0,1510.0,12.700000000000001,Rs./Quintal,Metric Tonnes
Madhya Pradesh,Khandwa,Mundi APMC,Wheat,Local,FAQ,2026-03-08,2150.0,2175.0,2175.0,7.940000000000001,Rs./Quintal,Metric Tonnes
Madhya Pradesh,Khandwa,Mundi APMC,Wheat,Wheat,Non-FAQ,2026-03-08,2140.0,2200.0,2200.0,13.045,Rs./Quintal,Metric Tonnes
Madhya Pradesh,Khandwa,Mundi APMC,Wheat,Wheat,FAQ,2026-03-08,1950.0,2300.0,2195.0,216.135,Rs./Quintal,Metric Tonnes
Madhya Pradesh,Ashoknagar,Mungawali APMC,Mustard,Mustard,Non-FAQ,2026-03-08,5950.0,5950.0,5950.0,1.645,Rs./Quintal,Metric Tonnes
Madhya Pradesh,Satna,Nagod APMC,Barley(Jau),Barley,FAQ,2026-03-08,1900.0,1990.0,1990.0,40.0,Rs./Quintal,Metric Tonnes
Madhya Pradesh,Satna,Nagod APMC,Wheat,Wheat,FAQ,2026-03-08,2245.0,2260.0,2260.0,41.2,Rs./Quintal,Metric Tonnes
Madhya Pradesh,Neemuch,Neemuch APMC,Bhui Amlaya,Bhuai Amlai,FAQ,2026-03-08,2000.0,2000.0,2000.0,8.0,Rs./Quintal,Metric Tonnes
Madhya Pradesh,Neemuch,Neemuch APMC,Garlic,Average,FAQ,2026-03-08,5201.0,5201.0,5201.0,0.027000000000000003,Rs./Quintal,Metric Tonnes
Madhya Pradesh,Neemuch,Neemuch APMC,Soyabean,Soyabeen,FAQ,2026-03-08,5068.0,5068.0,5068.0,7.31,Rs./Quintal,Metric Tonnes
Madhya Pradesh,Tikamgarh,Niwadi APMC,Barley(Jau),Barley,Non-FAQ,2026-03-08,1900.0,1950.0,1950.0,4.1000000000000005,Rs./Quintal,Metric Tonnes
Madhya Pradesh,Tikamgarh,Niwadi APMC,Mustard,Sarson(Black),Non-FAQ,2026-03-08,5745.0,5775.0,5775.0,1.5,Rs./Quintal,Metric Tonnes
Madhya Pradesh,Tikamgarh,Niwadi APMC,Soyabean,Yellow,FAQ,2026-03-08,5075.0,5075.0,5075.0,5.382000000000001,Rs./Quintal,Metric Tonnes
Madhya Pradesh,Tikamgarh,Niwadi APMC,Wheat,Lokwan,Non-FAQ,2026-03-08,2300.0,2300.0,2300.0,7.2,Rs./Quintal,Metric Tonnes
Madhya Pradesh,Tikamgarh,Niwadi APMC,Wheat,Mill Quality,Non-FAQ,2026-03-08,2199.0,2331.0,2250.0,423.83000000000004,Rs./Quintal,Metric Tonnes
Madhya Pradesh,Raisen,Obedullaganj APMC,Paddy(Common),Dhan,FAQ,2026-03-08,3750.0,3750.0,3750.0,21.3,Rs./Quintal,Metric Tonnes
Madhya Pradesh,Rajgarh,Pachaur APMC,Wheat,Mill Quality,FAQ,2026-03-08,2000.0,2275.0,2270.0,17.745,Rs./Quintal,Metric Tonnes
Madhya Pradesh,Seoni,Palari APMC,Maize,Local,Non-FAQ,2026-03-08,1700.0,1700.0,1700.0,35.32,Rs./Quintal,Metric Tonnes
Madhya Pradesh,Seoni,Palari APMC,Maize,Local,FAQ,2026-03-08,1550.0,1600.0,1600.0,52.0,Rs./Quintal,Metric Tonnes
Madhya Pradesh,Chhindwara,Pandhurna APMC,Maize,Local,Non-FAQ,2026-03-08,1480.0,1490.0,1490.0,36.0,Rs./Quintal,Metric Tonnes
Madhya Pradesh,Chhindwara,Pandhurna APMC,Soyabean,Soyabeen,Non-FAQ,2026-03-08,5100.0,5100.0,5100.0,3.2630000000000003,Rs./Quintal,Metric Tonnes
Madhya Pradesh,Panna,Panna APMC,Green Peas,Pea,FAQ,2026-03-08,3400.0,3800.0,3800.0,28.0,Rs./Quintal,Metric Tonnes
Madhya Pradesh,Damoh,Patharia APMC,Wheat,Wheat,Non-FAQ,2026-03-08,2100.0,2150.0,2150.0,22.5,Rs./Quintal,Metric Tonnes
Madhya Pradesh,Jhabua,Petlawad APMC,Wheat,Lokwan,FAQ,2026-03-08,2175.0,2225.0,2225.0,14.165000000000001,Rs./Quintal,Metric Tonnes
Madhya Pradesh,Jhabua,Petlawad APMC,Wheat,Wheat,FAQ,2026-03-08,1950.0,1950.0,1950.0,1.0230000000000001,Rs./Quintal,Metric Tonnes
Madhya Pradesh,Jhabua,Petlawad(F&V) APMC,Bhindi(Ladies Finger),Bhindi,Grade A,2026-03-08,1500.0,2000.0,1762.0,0.29,Rs./Quintal,Metric Tonnes
Madhya Pradesh,Jhabua,Petlawad(F&V) APMC,Bottle gourd,Bottle Gourd,Grade A,2026-03-08,600.0,900.0,805.0,0.693,Rs./Quintal,Metric Tonnes
Madhya Pradesh,Jhabua,Petlawad(F&V) APMC,Brinjal,Brinjal,Grade A,2026-03-08,800.0,1000.0,916.0,0.929,Rs./Quintal,Metric Tonnes
Madhya Pradesh,Jhabua,Petlawad(F&V) APMC,Cabbage,Cabbage,Grade A,2026-03-08,800.0,1000.0,912.0,0.782,Rs./Quintal,Metric Tonnes
Madhya Pradesh,Jhabua,Petlawad(F&V) APMC,Cauliflower,Cauliflower,Grade A,2026-03-08,700.0,1000.0,855.0,0.809,Rs./Quintal,Metric Tonnes
Madhya Pradesh,Jhabua,Petlawad(F&V) APMC,Cucumbar(Kheera),Cucumbar,Grade A,2026-03-08,700.0,1000.0,878.0,1.003,Rs./Quintal,Metric Tonnes
Madhya Pradesh,Jhabua,Petlawad(F&V) APMC,Methi(Leaves),Methi,Grade A,2026-03-08,600.0,1400.0,945.0,0.642,Rs./Quintal,Metric Tonnes
Madhya Pradesh,Jhabua,Petlawad(F&V) APMC,Onion,Hybrid,Grade A,2026-03-08,800.0,1000.0,946.0,1.142,Rs./Quintal,Metric Tonnes
Madhya Pradesh,Jhabua,Petlawad(F&V) APMC,Potato,Desi,Grade A,2026-03-08,600.0,800.0,666.0,0.983,Rs./Quintal,Metric Tonnes
Madhya Pradesh,Jhabua,Petlawad(F&V) APMC,Pumpkin,Pumpkin,Grade A,2026-03-08,500.0,1000.0,782.0,0.285,Rs./Quintal,Metric Tonnes
Madhya Pradesh,Jhabua,Petlawad(F&V) APMC,Raddish,Raddish,Grade A,2026-03-08,400.0,600.0,527.0,0.4,Rs./Quintal,Metric Tonnes
Madhya Pradesh,Jhabua,Petlawad(F&V) APMC,Spinach,Spinach,Grade A,2026-03-08,500.0,1000.0,659.0,0.917,Rs./Quintal,Metric Tonnes
Madhya Pradesh,Jhabua,Petlawad(F&V) APMC,Tomato,Hybrid,Grade A,2026-03-08,600.0,1000.0,910.0,0.783,Rs./Quintal,Metric Tonnes
Madhya Pradesh,Mandsaur,Piplya APMC,Groundnut,Big (With Shell),FAQ,2026-03-08,5500.0,5500.0,5500.0,3.6,Rs./Quintal,Metric Tonnes
Madhya Pradesh,Shivpuri,Pohari APMC,Mustard,Mustard,Non-FAQ,2026-03-08,6015.0,6015.0,6015.0,2.2260000000000004,Rs./Quintal,Metric Tonnes
Madhya Pradesh,Shivpuri,Pohari APMC,Mustard,Mustard,FAQ,2026-03-08,6110.0,6300.0,6300.0,13.785,Rs./Quintal,Metric Tonnes
Madhya Pradesh,Dhar,Rajgarh APMC,Cotton,Without Ginned Cotton,FAQ,2026-03-08,7600.0,7600.0,7600.0,2.5,Rs./Quintal,Metric Tonnes
Madhya Pradesh,Dhar,Rajgarh APMC,Maize,Local,FAQ,2026-03-08,1400.0,2170.0,1400.0,9.774000000000001,Rs./Quintal,Metric Tonnes
Madhya Pradesh,Dhar,Rajgarh APMC,Soyabean,Soyabeen,Non-FAQ,2026-03-08,5000.0,5200.0,5200.0,9.5,Rs./Quintal,Metric Tonnes
Madhya Pradesh,Dhar,Rajgarh APMC,Soyabean,Yellow,FAQ,2026-03-08,4575.0,4900.0,4800.0,54.7,Rs./Quintal,Metric Tonnes
Madhya Pradesh,Dhar,Rajgarh APMC,Wheat,Wheat,FAQ,2026-03-08,2000.0,2000.0,2000.0,1.099,Rs./Quintal,Metric Tonnes
Madhya Pradesh,Dhar,Rajgarh APMC,Wheat,Lokwan,FAQ,2026-03-08,2125.0,2153.0,2153.0,26.384,Rs./Quintal,Metric Tonnes
Madhya Pradesh,Dhar,Rajgarh APMC,Wheat,Malwa Shakti,FAQ,2026-03-08,2099.0,2100.0,2100.0,17.499000000000002,Rs./Quintal,Metric Tonnes
Madhya Pradesh,Dhar,Rajgarh APMC,Wheat,Wheat,Non-FAQ,2026-03-08,2100.0,2200.0,2200.0,25.497,Rs./Quintal,Metric Tonnes
Madhya Pradesh,Sagar,Rehli(F&V) APMC,Brinjal,Brinjal,Grade C,2026-03-08,1400.0,1600.0,1500.0,1.0,Rs./Quintal,Metric Tonnes
Madhya Pradesh,Sagar,Rehli(F&V) APMC,Onion,Onion,Grade C,2026-03-08,1000.0,1200.0,1100.0,0.8,Rs./Quintal,Metric Tonnes
Madhya Pradesh,Sagar,Rehli(F&V) APMC,Potato,Potato,Grade C,2026-03-08,800.0,1000.0,900.0,1.0,Rs./Quintal,Metric Tonnes
Madhya Pradesh,Sagar,Rehli(F&V) APMC,Tomato,Tomato,Grade C,2026-03-08,800.0,1000.0,900.0,1.0,Rs./Quintal,Metric Tonnes
Madhya Pradesh,Sagar,Sagar(F&V) APMC,Bottle gourd,Bottle Gourd,Local,2026-03-08,600.0,800.0,700.0,1.0,Rs./Quintal,Metric Tonnes
Madhya Pradesh,Sagar,Sagar(F&V) APMC,Brinjal,Brinjal,Local,2026-03-08,600.0,800.0,700.0,1.5,Rs./Quintal,Metric Tonnes
Madhya Pradesh,Sagar,Sagar(F&V) APMC,Carrot,Carrot,Local,2026-03-08,1000.0,1200.0,1100.0,0.5,Rs./Quintal,Metric Tonnes
Madhya Pradesh,Sagar,Sagar(F&V) APMC,Cauliflower,Cauliflower,Local,2026-03-08,300.0,500.0,400.0,1.5,Rs./Quintal,Metric Tonnes
Madhya Pradesh,Sagar,Sagar(F&V) APMC,Chikoos(Sapota),Sapota,Local,2026-03-08,1200.0,3000.0,2000.0,1.5,Rs./Quintal,Metric Tonnes
Madhya Pradesh,Sagar,Sagar(F&V) APMC,Grapes,Green,Local,2026-03-08,3000.0,7000.0,5000.0,0.8,Rs./Quintal,Metric Tonnes
Madhya Pradesh,Sagar,Sagar(F&V) APMC,Green Chilli,Green Chilly,Local,2026-03-08,1000.0,2000.0,1500.0,8.5,Rs./Quintal,Metric Tonnes
Madhya Pradesh,Sagar,Sagar(F&V) APMC,Onion,Onion,Local,2026-03-08,700.0,900.0,800.0,6.800000000000001,Rs./Quintal,Metric Tonnes
Madhya Pradesh,Sagar,Sagar(F&V) APMC,Other green and fresh vegetables,Other green and fresh vegetables,Local,2026-03-08,600.0,800.0,700.0,2.2,Rs./Quintal,Metric Tonnes
Madhya Pradesh,Sagar,Sagar(F&V) APMC,Papaya,Papaya,Local,2026-03-08,1000.0,2000.0,1500.0,6.0,Rs./Quintal,Metric Tonnes
Madhya Pradesh,Sagar,Sagar(F&V) APMC,Pomegranate,Pomogranate,Local,2026-03-08,6000.0,8000.0,7000.0,0.5,Rs./Quintal,Metric Tonnes
Madhya Pradesh,Sagar,Sagar(F&V) APMC,Potato,Desi,Local,2026-03-08,600.0,800.0,700.0,8.0,Rs./Quintal,Metric Tonnes
Madhya Pradesh,Sagar,Sagar(F&V) APMC,Raddish,Raddish,Local,2026-03-08,300.0,500.0,400.0,0.8,Rs./Quintal,Metric Tonnes
Madhya Pradesh,Sagar,Sagar(F&V) APMC,Sem,Sem,Grade C,2026-03-08,600.0,1000.0,800.0,0.5,Rs./Quintal,Metric Tonnes
Madhya Pradesh,Sagar,Sagar(F&V) APMC,Spinach,Spinach,Local,2026-03-08,300.0,500.0,400.0,0.5,Rs./Quintal,Metric Tonnes
Madhya Pradesh,Sagar,Sagar(F&V) APMC,Tomato,Deshi,Local,2026-03-08,300.0,500.0,400.0,7.5,Rs./Quintal,Metric Tonnes
Madhya Pradesh,Sagar,Sagar(F&V) APMC,Water Melon,Water Melon,Local,2026-03-08,1000.0,2000.0,1500.0,5.0,Rs./Quintal,Metric Tonnes
Madhya Pradesh,Ratlam,Sailana APMC,Cotton,Without Ginned Cotton,Non-FAQ,2026-03-08,7250.0,7300.0,7300.0,3.0,Rs./Quintal,Metric Tonnes
Madhya Pradesh,Ratlam,Sailana APMC,Wheat,Wheat,FAQ,2026-03-08,2250.0,2250.0,2250.0,12.0,Rs./Quintal,Metric Tonnes
Madhya Pradesh,Khargone,Sanawad APMC,Cotton,Without Ginned Cotton,Non-FAQ,2026-03-08,4630.0,4630.0,4630.0,3.5600000000000005,Rs./Quintal,Metric Tonnes
Madhya Pradesh,Rajgarh,Sarangpur APMC,Mustard,Mustard,FAQ,2026-03-08,5725.0,5850.0,5850.0,2.716,Rs./Quintal,Metric Tonnes
Madhya Pradesh,Rajgarh,Sarangpur APMC,Onion,Local,Non-FAQ,2026-03-08,608.0,608.0,608.0,1.0,Rs./Quintal,Metric Tonnes
Madhya Pradesh,Rajgarh,Sarangpur APMC,Wheat,Mill Quality,FAQ,2026-03-08,2000.0,2125.0,2125.0,29.147000000000006,Rs./Quintal,Metric Tonnes
Madhya Pradesh,Satna,Satna APMC,Mustard,Mustard,Non-FAQ,2026-03-08,6000.0,6000.0,6000.0,6.2,Rs./Quintal,Metric Tonnes
Madhya Pradesh,Satna,Satna APMC,Mustard,Mustard,FAQ,2026-03-08,5810.0,6300.0,6000.0,180.025,Rs./Quintal,Metric Tonnes
Madhya Pradesh,Satna,Satna APMC,Wheat,Wheat,Non-FAQ,2026-03-08,2323.0,2362.0,2362.0,49.762,Rs./Quintal,Metric Tonnes
Madhya Pradesh,Satna,Satna APMC,Wheat,Wheat,FAQ,2026-03-08,2400.0,2400.0,2400.0,16.0,Rs./Quintal,Metric Tonnes
Madhya Pradesh,Satna,Satna(F&V) APMC,Kinnow,Kinnow,Grade A,2026-03-08,2500.0,2500.0,2500.0,2.5,Rs./Quintal,Metric Tonnes
Madhya Pradesh,Satna,Satna(F&V) APMC,Mousambi(Sweet Lime),Mousambi,Grade A,2026-03-08,3000.0,3000.0,3000.0,0.6000000000000001,Rs./Quintal,Metric Tonnes
Madhya Pradesh,Satna,Satna(F&V) APMC,Onion,Nasik,Grade A,2026-03-08,1500.0,1500.0,1500.0,0.8,Rs./Quintal,Metric Tonnes
Madhya Pradesh,Satna,Satna(F&V) APMC,Papaya,Papaya,Grade A,2026-03-08,1400.0,1500.0,1450.0,2.5,Rs./Quintal,Metric Tonnes
Madhya Pradesh,Satna,Satna(F&V) APMC,Pomegranate,Pomogranate,Grade A,2026-03-08,8000.0,8000.0,8000.0,0.30000000000000004,Rs./Quintal,Metric Tonnes
Madhya Pradesh,Satna,Satna(F&V) APMC,Potato,Potato,Grade A,2026-03-08,1000.0,1000.0,1000.0,1.5,Rs./Quintal,Metric Tonnes
Madhya Pradesh,Satna,Satna(F&V) APMC,Water Melon,Water Melon,Grade A,2026-03-08,1400.0,1500.0,1450.0,3.5,Rs./Quintal,Metric Tonnes
Madhya Pradesh,Sehore,Sehore APMC,Soyabean,Yellow,FAQ,2026-03-08,5100.0,5100.0,5100.0,1.82,Rs./Quintal,Metric Tonnes
Madhya Pradesh,Sehore,Sehore(F&V) APMC,Beetroot,Beetroot,Grade Range-1,2026-03-08,1000.0,2000.0,1500.0,0.4,Rs./Quintal,Metric Tonnes
Madhya Pradesh,Sehore,Sehore(F&V) APMC,Bhindi(Ladies Finger),Bhindi,Grade Range-1,2026-03-08,2000.0,2500.0,2200.0,0.30000000000000004,Rs./Quintal,Metric Tonnes
Madhya Pradesh,Sehore,Sehore(F&V) APMC,Bottle gourd,Bottle Gourd,Grade Range-1,2026-03-08,1000.0,1500.0,1200.0,1.0,Rs./Quintal,Metric Tonnes
Madhya Pradesh,Sehore,Sehore(F&V) APMC,Brinjal,Brinjal,Grade Range-1,2026-03-08,1000.0,1500.0,1200.0,0.8,Rs./Quintal,Metric Tonnes
Madhya Pradesh,Sehore,Sehore(F&V) APMC,Cabbage,Cabbage,Grade Range-1,2026-03-08,1000.0,1500.0,1200.0,0.8,Rs./Quintal,Metric Tonnes
Madhya Pradesh,Sehore,Sehore(F&V) APMC,Capsicum,Capsicum,Grade Range-1,2026-03-08,2800.0,3500.0,3000.0,0.30000000000000004,Rs./Quintal,Metric Tonnes
Madhya Pradesh,Sehore,Sehore(F&V) APMC,Carrot,Carrot,Grade Range-1,2026-03-08,1000.0,1500.0,1200.0,0.6000000000000001,Rs./Quintal,Metric Tonnes
Madhya Pradesh,Sehore,Sehore(F&V) APMC,Cauliflower,African Sarson,Grade Range-1,2026-03-08,1500.0,2500.0,2000.0,0.6000000000000001,Rs./Quintal,Metric Tonnes
Madhya Pradesh,Sehore,Sehore(F&V) APMC,Cucumbar(Kheera),Cucumbar,Grade Range-1,2026-03-08,1000.0,1500.0,1200.0,0.8,Rs./Quintal,Metric Tonnes
Madhya Pradesh,Sehore,Sehore(F&V) APMC,Ginger(Green),Green Ginger,Grade Range-1,2026-03-08,5000.0,6000.0,5500.0,0.6000000000000001,Rs./Quintal,Metric Tonnes
Madhya Pradesh,Sehore,Sehore(F&V) APMC,Green Chilli,Green Chilly,Grade Range-1,2026-03-08,4000.0,6000.0,5000.0,0.6000000000000001,Rs./Quintal,Metric Tonnes
Madhya Pradesh,Sehore,Sehore(F&V) APMC,Lemon,Lemon,Grade Range-1,2026-03-08,10000.0,13000.0,12000.0,0.30000000000000004,Rs./Quintal,Metric Tonnes
Madhya Pradesh,Sehore,Sehore(F&V) APMC,Pumpkin,Other,Grade Range-1,2026-03-08,1200.0,2000.0,1800.0,0.5,Rs./Quintal,Metric Tonnes
Madhya Pradesh,Sehore,Sehore(F&V) APMC,Spinach,Other,Grade Range-1,2026-03-08,1000.0,1500.0,1200.0,1.0,Rs./Quintal,Metric Tonnes
Madhya Pradesh,Sehore,Sehore(F&V) APMC,Sponge gourd,Sponge gourd,Grade Range-1,2026-03-08,2200.0,3500.0,3000.0,0.4,Rs./Quintal,Metric Tonnes
Madhya Pradesh,Sehore,Sehore(F&V) APMC,Tomato,Deshi,Grade Range-1,2026-03-08,800.0,1200.0,1000.0,1.5,Rs./Quintal,Metric Tonnes
Madhya Pradesh,Hoshangabad,Semriharchand APMC,Bengal Gram(Gram)(Whole),Desi (F.A.Q. Split),FAQ,2026-03-08,6472.0,6501.0,6501.0,17.790000000000003,Rs./Quintal,Metric Tonnes
Madhya Pradesh,Hoshangabad,Semriharchand APMC,Bengal Gram(Gram)(Whole),Gram,FAQ,2026-03-08,6502.0,6502.0,6502.0,2.2100000000000004,Rs./Quintal,Metric Tonnes
Madhya Pradesh,Badwani,Sendhwa APMC,Wheat,Wheat,FAQ,2026-03-08,2230.0,2250.0,2250.0,9.850000000000001,Rs./Quintal,Metric Tonnes
Madhya Pradesh,Badwani,Sendhwa(F&V) APMC,Bhindi(Ladies Finger),Bhindi,Local,2026-03-08,1500.0,2200.0,1700.0,0.30000000000000004,Rs./Quintal,Metric Tonnes
Madhya Pradesh,Badwani,Sendhwa(F&V) APMC,Bottle gourd,Bottle Gourd,Medium,2026-03-08,1000.0,1600.0,1300.0,0.30000000000000004,Rs./Quintal,Metric Tonnes
Madhya Pradesh,Badwani,Sendhwa(F&V) APMC,Brinjal,Round,Medium,2026-03-08,1600.0,2500.0,1900.0,0.9,Rs./Quintal,Metric Tonnes
Madhya Pradesh,Badwani,Sendhwa(F&V) APMC,Carrot,Carrot,Medium,2026-03-08,1200.0,1500.0,1400.0,0.2,Rs./Quintal,Metric Tonnes
Madhya Pradesh,Badwani,Sendhwa(F&V) APMC,Cauliflower,Cauliflower,Medium,2026-03-08,1200.0,2200.0,1700.0,0.30000000000000004,Rs./Quintal,Metric Tonnes
Madhya Pradesh,Badwani,Sendhwa(F&V) APMC,Green Chilli,Green Chilly,Medium,2026-03-08,1200.0,1700.0,1500.0,0.5,Rs./Quintal,Metric Tonnes
Madhya Pradesh,Badwani,Sendhwa(F&V) APMC,Methi(Leaves),Methi,Local,2026-03-08,1000.0,1400.0,1200.0,0.4,Rs./Quintal,Metric Tonnes
Madhya Pradesh,Badwani,Sendhwa(F&V) APMC,Onion,Red,Medium,2026-03-08,900.0,1400.0,1100.0,1.0,Rs./Quintal,Metric Tonnes
Madhya Pradesh,Badwani,Sendhwa(F&V) APMC,Peas Wet,Peas Wet,Medium,2026-03-08,1500.0,2300.0,1800.0,0.2,Rs./Quintal,Metric Tonnes
Madhya Pradesh,Badwani,Sendhwa(F&V) APMC,Pumpkin,Pumpkin,Medium,2026-03-08,1200.0,1500.0,1300.0,0.1,Rs./Quintal,Metric Tonnes
Madhya Pradesh,Badwani,Sendhwa(F&V) APMC,Spinach,Spinach,Local,2026-03-08,1200.0,1500.0,1300.0,0.1,Rs./Quintal,Metric Tonnes
Madhya Pradesh,Badwani,Sendhwa(F&V) APMC,Tomato,Hybrid,Medium,2026-03-08,1400.0,1900.0,1600.0,1.0,Rs./Quintal,Metric Tonnes
Madhya Pradesh,Seoni,Seoni APMC,Maize,Local,Non-FAQ,2026-03-08,1560.0,1605.0,1605.0,84.18,Rs./Quintal,Metric Tonnes
Madhya Pradesh,Seoni,Seoni APMC,Maize,Local,FAQ,2026-03-08,1475.0,1600.0,1600.0,80.37,Rs./Quintal,Metric Tonnes
Madhya Pradesh,Seoni,Seoni APMC,Maize,Yellow,Non-FAQ,2026-03-08,1601.0,1625.0,1625.0,61.0,Rs./Quintal,Metric Tonnes
Madhya Pradesh,Seoni,Seoni APMC,Maize,Yellow,FAQ,2026-03-08,1500.0,1685.0,1500.0,116.76300000000002,Rs./Quintal,Metric Tonnes
Madhya Pradesh,Seoni,Seoni APMC,Mustard,Mustard,Non-FAQ,2026-03-08,5250.0,5250.0,5250.0,3.8000000000000003,Rs./Quintal,Metric Tonnes
Madhya Pradesh,Sagar,Shahagarh APMC,Barley(Jau),Barley,Non-FAQ,2026-03-08,1950.0,2005.0,2005.0,29.5,Rs./Quintal,Metric Tonnes
Madhya Pradesh,Sagar,Shahagarh APMC,Soyabean,Soyabeen,Non-FAQ,2026-03-08,4988.0,5200.0,5200.0,26.400000000000002,Rs./Quintal,Metric Tonnes
Madhya Pradesh,Sagar,Shahagarh APMC,Soyabean,Soyabeen,FAQ,2026-03-08,4700.0,4720.0,4710.0,29.3,Rs./Quintal,Metric Tonnes
Madhya Pradesh,Sagar,Shahagarh APMC,Wheat,Mill Quality,Non-FAQ,2026-03-08,2200.0,2226.0,2226.0,45.800000000000004,Rs./Quintal,Metric Tonnes
Madhya Pradesh,Sheopur,Sheopurkalan APMC,Mustard,Mustard,Non-FAQ,2026-03-08,5900.0,6050.0,6050.0,6.5,Rs./Quintal,Metric Tonnes
Madhya Pradesh,Sheopur,Sheopurkalan APMC,Mustard,Mustard,FAQ,2026-03-08,5300.0,6150.0,5500.0,16.663,Rs./Quintal,Metric Tonnes
Madhya Pradesh,Sheopur,Sheopurkalan APMC,Paddy(Common),Dhan,FAQ,2026-03-08,3000.0,4400.0,4000.0,93.968,Rs./Quintal,Metric Tonnes
Madhya Pradesh,Sheopur,Sheopurkalan(F&V) APMC,Bhindi(Ladies Finger),Bhindi,Medium,2026-03-08,2500.0,3000.0,2800.0,0.2,Rs./Quintal,Metric Tonnes
Madhya Pradesh,Sheopur,Sheopurkalan(F&V) APMC,Bottle gourd,Bottle Gourd,Medium,2026-03-08,1000.0,1300.0,1200.0,1.0,Rs./Quintal,Metric Tonnes
Madhya Pradesh,Sheopur,Sheopurkalan(F&V) APMC,Cauliflower,Cauliflower,Medium,2026-03-08,800.0,1000.0,900.0,0.5,Rs./Quintal,Metric Tonnes
Madhya Pradesh,Sheopur,Sheopurkalan(F&V) APMC,Ginger(Green),Green Ginger,Medium,2026-03-08,6000.0,6000.0,6000.0,0.2,Rs./Quintal,Metric Tonnes
Madhya Pradesh,Sheopur,Sheopurkalan(F&V) APMC,Orange,Orange,Medium,2026-03-08,3000.0,3400.0,3200.0,1.0,Rs./Quintal,Metric Tonnes
Madhya Pradesh,Sheopur,Sheopurkalan(F&V) APMC,Papaya,Papaya,Medium,2026-03-08,3000.0,3300.0,3200.0,0.5,Rs./Quintal,Metric Tonnes
Madhya Pradesh,Sheopur,Sheopurkalan(F&V) APMC,Potato,Potato,Medium,2026-03-08,500.0,600.0,550.0,6.0,Rs./Quintal,Metric Tonnes
Madhya Pradesh,Sehore,Shyampur APMC,Wheat,Mill Quality,FAQ,2026-03-08,2150.0,2150.0,2150.0,8.06,Rs./Quintal,Metric Tonnes
Madhya Pradesh,Sidhi,Sidhi APMC,Paddy(Common),Paddy,Non-FAQ,2026-03-08,2000.0,2000.0,2000.0,6.0,Rs./Quintal,Metric Tonnes
Madhya Pradesh,Sidhi,Sidhi APMC,Wheat,Mill Quality,Non-FAQ,2026-03-08,2200.0,2250.0,2240.0,46.300000000000004,Rs./Quintal,Metric Tonnes
Madhya Pradesh,Raisen,Silvani APMC,Bengal Gram(Gram)(Whole),Desi (F.A.Q. Split),FAQ,2026-03-08,5155.0,5158.0,5158.0,20.5,Rs./Quintal,Metric Tonnes
Madhya Pradesh,Raisen,Silvani APMC,Paddy(Common),Basmati,FAQ,2026-03-08,3895.0,3910.0,3900.0,19.25,Rs./Quintal,Metric Tonnes
Madhya Pradesh,Singroli,Singroli APMC,Same/Savi,Saanva/Sama,FAQ,2026-03-08,2800.0,2800.0,2800.0,12.5,Rs./Quintal,Metric Tonnes
Madhya Pradesh,Singroli,Singroli(F&V) APMC,Brinjal,Other,Medium,2026-03-08,1200.0,1200.0,1200.0,4.0,Rs./Quintal,Metric Tonnes
Madhya Pradesh,Singroli,Singroli(F&V) APMC,Capsicum,Capsicum,Medium,2026-03-08,2500.0,2500.0,2500.0,1.0,Rs./Quintal,Metric Tonnes
Madhya Pradesh,Singroli,Singroli(F&V) APMC,Peas Wet,Peas Wet,Medium,2026-03-08,2000.0,2000.0,2000.0,1.0,Rs./Quintal,Metric Tonnes
Madhya Pradesh,Mandsaur,Sitmau APMC,Wheat,Wheat,FAQ,2026-03-08,2200.0,2200.0,2200.0,8.0,Rs./Quintal,Metric Tonnes
Madhya Pradesh,Ratlam,Taal APMC,Wheat,Wheat,Non-FAQ,2026-03-08,2175.0,2175.0,2175.0,3.88,Rs./Quintal,Metric Tonnes
Madhya Pradesh,Ujjain,Tarana APMC,Wheat,Wheat,FAQ,2026-03-08,2100.0,2100.0,2100.0,9.088,Rs./Quintal,Metric Tonnes
Madhya Pradesh,Jhabua,Thandla APMC,Wheat,Wheat,FAQ,2026-03-08,2225.0,2400.0,2400.0,52.346000000000004,Rs./Quintal,Metric Tonnes
Madhya Pradesh,Harda,Timarni(F&V) APMC,Bhindi(Ladies Finger),Bhindi,FAQ,2026-03-08,3000.0,3000.0,3000.0,0.005000000000000001,Rs./Quintal,Metric Tonnes
Madhya Pradesh,Harda,Timarni(F&V) APMC,Bottle gourd,Bottle Gourd,FAQ,2026-03-08,1000.0,1000.0,1000.0,0.038000000000000006,Rs./Quintal,Metric Tonnes
Madhya Pradesh,Harda,Timarni(F&V) APMC,Brinjal,Other,FAQ,2026-03-08,1000.0,1000.0,1000.0,0.063,Rs./Quintal,Metric Tonnes
Madhya Pradesh,Harda,Timarni(F&V) APMC,Cabbage,Other,FAQ,2026-03-08,500.0,500.0,500.0,0.066,Rs./Quintal,Metric Tonnes
Madhya Pradesh,Harda,Timarni(F&V) APMC,Cauliflower,Other,FAQ,2026-03-08,1500.0,2000.0,1750.0,0.056999999999999995,Rs./Quintal,Metric Tonnes
Madhya Pradesh,Harda,Timarni(F&V) APMC,Cucumbar(Kheera),Cucumbar,FAQ,2026-03-08,1000.0,2000.0,1500.0,0.085,Rs./Quintal,Metric Tonnes
Madhya Pradesh,Harda,Timarni(F&V) APMC,Green Chilli,Green Chilly,FAQ,2026-03-08,5000.0,5000.0,5000.0,0.05,Rs./Quintal,Metric Tonnes
Madhya Pradesh,Harda,Timarni(F&V) APMC,Raddish,Raddish,FAQ,2026-03-08,500.0,500.0,500.0,0.013000000000000001,Rs./Quintal,Metric Tonnes
Madhya Pradesh,Harda,Timarni(F&V) APMC,Spinach,Other,FAQ,2026-03-08,1500.0,1500.0,1500.0,0.005000000000000001,Rs./Quintal,Metric Tonnes
Madhya Pradesh,Harda,Timarni(F&V) APMC,Sponge gourd,Sponge gourd,FAQ,2026-03-08,3000.0,3500.0,3250.0,0.08000000000000002,Rs./Quintal,Metric Tonnes
Madhya Pradesh,Harda,Timarni(F&V) APMC,Tinda,Other,FAQ,2026-03-08,2000.0,2000.0,2000.0,0.015,Rs./Quintal,Metric Tonnes
Madhya Pradesh,Harda,Timarni(F&V) APMC,Tomato,Deshi,FAQ,2026-03-08,500.0,500.0,500.0,0.22999999999999998,Rs./Quintal,Metric Tonnes
Madhya Pradesh,Umariya,Umariya APMC,Bengal Gram(Gram)(Whole),Gram,Non-FAQ,2026-03-08,5100.0,5100.0,5100.0,2.535,Rs./Quintal,Metric Tonnes
Madhya Pradesh,Umariya,Umariya APMC,Paddy(Common),Dhan,Non-FAQ,2026-03-08,1800.0,1800.0,1800.0,5.065,Rs./Quintal,Metric Tonnes
Madhya Pradesh,Umariya,Umariya APMC,Paddy(Common),Dhan,FAQ,2026-03-08,1800.0,1807.0,1800.0,61.1,Rs./Quintal,Metric Tonnes
Madhya Pradesh,Umariya,Umariya APMC,Red gram/Arhar/Tur(whole),Arhar Dal(Tur),Non-FAQ,2026-03-08,6600.0,6600.0,6600.0,2.095,Rs./Quintal,Metric Tonnes
Madhya Pradesh,Umariya,Umariya APMC,Soyabean,Soyabeen,Non-FAQ,2026-03-08,4895.0,5000.0,5000.0,12.055,Rs./Quintal,Metric Tonnes
Madhya Pradesh,Umariya,Umariya APMC,Wheat,Wheat,Non-FAQ,2026-03-08,2220.0,2220.0,2220.0,5.550000000000001,Rs./Quintal,Metric Tonnes
Madhya Pradesh,Umariya,Umariya APMC,Wheat,Wheat,FAQ,2026-03-08,2250.0,2280.0,2280.0,31.99,Rs./Quintal,Metric Tonnes
Madhya Pradesh,Balaghat,Varaseoni APMC,Paddy(Common),Paddy,FAQ,2026-03-08,1770.0,3250.0,2900.0,30.986000000000004,Rs./Quintal,Metric Tonnes
Madhya Pradesh,Vidisha,Vidisha APMC,Paddy(Common),Puspa (MR 301),FAQ,2026-03-08,4000.0,4000.0,4000.0,25.0,Rs./Quintal,Metric Tonnes
Madhya Pradesh,Sheopur,Vijaypur APMC,Mustard,Mustard,Non-FAQ,2026-03-08,5900.0,6160.0,6150.0,92.105,Rs./Quintal,Metric Tonnes
Madhya Pradesh,Sheopur,Vijaypur APMC,Mustard,Mustard,FAQ,2026-03-08,5650.0,6150.0,6020.0,41.27,Rs./Quintal,Metric Tonnes
Madhya Pradesh,Sheopur,Vijaypur APMC,Wheat,Mill Quality,Non-FAQ,2026-03-08,2200.0,2210.0,2210.0,17.55,Rs./Quintal,Metric Tonnes
Madhya Pradesh,Ratlam,A lot APMC,Bengal Gram(Gram)(Whole),Gram,FAQ,2026-03-09,4550.0,4951.0,4867.0,11.018,Rs./Quintal,Metric Tonnes
Madhya Pradesh,Ratlam,A lot APMC,Coriander(Leaves),Coriander,FAQ,2026-03-09,8921.0,9000.0,9000.0,0.331,Rs./Bundle,Bundle
Madhya Pradesh,Ratlam,A lot APMC,Garlic,Garlic,FAQ,2026-03-09,300.0,10000.0,4000.0,78.111,Rs./Quintal,Metric Tonnes
Madhya Pradesh,Ratlam,A lot APMC,Maize,Local,FAQ,2026-03-09,1453.0,1453.0,1453.0,0.04000000000000001,Rs./Quintal,Metric Tonnes
Madhya Pradesh,Ratlam,A lot APMC,Methi Seeds,Methiseeds,FAQ,2026-03-09,4654.0,5401.0,5401.0,0.6280000000000001,Rs./Quintal,Metric Tonnes
Madhya Pradesh,Ratlam,A lot APMC,Mustard,Mustard,FAQ,2026-03-09,5451.0,5951.0,5651.0,3.2770000000000006,Rs./Quintal,Metric Tonnes
Madhya Pradesh,Ratlam,A lot APMC,Onion,Onion,FAQ,2026-03-09,201.0,570.0,570.0,5.322,Rs./Quintal,Metric Tonnes
Madhya Pradesh,Ratlam,A lot APMC,Soyabean,Soyabeen,FAQ,2026-03-09,2525.0,5500.0,5341.0,13.482,Rs./Quintal,Metric Tonnes
Madhya Pradesh,Ratlam,A lot APMC,Wheat,Wheat,Non-FAQ,2026-03-09,2132.0,2132.0,2132.0,7.665000000000001,Rs./Quintal,Metric Tonnes
Madhya Pradesh,Ratlam,A lot APMC,Wheat,Wheat,FAQ,2026-03-09,2051.0,2370.0,2100.0,257.814,Rs./Quintal,Metric Tonnes
Madhya Pradesh,Ratlam,A lot APMC,Wheat,Wheat Mix,FAQ,2026-03-09,2170.0,2170.0,2170.0,3.316,Rs./Quintal,Metric Tonnes
Madhya Pradesh,Chhindwara,APMC Sausar,Cotton,H4,Local,2026-03-09,7300.0,7980.0,7620.0,110.254,Rs./Quintal,Metric Tonnes
Madhya Pradesh,Chhindwara,APMC Sausar,Maize,Yellow,Local,2026-03-09,1480.0,1710.0,1675.0,221.835,Rs./Quintal,Metric Tonnes
Madhya Pradesh,Chhindwara,APMC Sausar,Red gram/Arhar/Tur(whole),Arhar (Whole),Local,2026-03-09,7100.0,7200.0,7150.0,31.035000000000004,Rs./Quintal,Metric Tonnes
Madhya Pradesh,Shajapur,Agar APMC,Asalia,Asalia,FAQ,2026-03-09,4081.0,6000.0,4900.0,12.975999999999999,Rs./Quintal,Metric Tonnes
Madhya Pradesh,Shajapur,Agar APMC,Bengal Gram(Gram)(Whole),Gram,FAQ,2026-03-09,3600.0,5280.0,5051.0,36.722,Rs./Quintal,Metric Tonnes
Madhya Pradesh,Shajapur,Agar APMC,Coriander(Leaves),Coriander,FAQ,2026-03-09,4000.0,10700.0,9600.0,31.754000000000005,Rs./Bundle,Bundle
Madhya Pradesh,Shajapur,Agar APMC,Kabuli Chana(Chickpeas-White),Dollar Gram,FAQ,2026-03-09,5153.0,7401.0,7401.0,6.063000000000001,Rs./Quintal,Metric Tonnes
Madhya Pradesh,Shajapur,Agar APMC,Lentil(Masur)(Whole),Masur Dal,FAQ,2026-03-09,5231.0,7060.0,6600.0,109.286,Rs./Quintal,Metric Tonnes
Madhya Pradesh,Shajapur,Agar APMC,Linseed,Flaxseed,FAQ,2026-03-09,7299.0,7500.0,7500.0,2.545,Rs./Quintal,Metric Tonnes
Madhya Pradesh,Shajapur,Agar APMC,Mustard,Mustard,FAQ,2026-03-09,5100.0,6171.0,5850.0,356.26300000000003,Rs./Quintal,Metric Tonnes
Madhya Pradesh,Shajapur,Agar APMC,Soyabean,Soyabeen,FAQ,2026-03-09,2071.0,5650.0,5611.0,80.911,Rs./Quintal,Metric Tonnes
Madhya Pradesh,Shajapur,Agar APMC,Wheat,Wheat,FAQ,2026-03-09,1780.0,2441.0,2231.0,896.5,Rs./Quintal,Metric Tonnes
Madhya Pradesh,Panna,Ajaygarh APMC,Green Peas,Pea,FAQ,2026-03-09,3600.0,3800.0,3600.0,30.254000000000005,Rs./Quintal,Metric Tonnes
Madhya Pradesh,Panna,Ajaygarh APMC,Mustard,Mustard,FAQ,2026-03-09,6000.0,6015.0,6000.0,13.55,Rs./Quintal,Metric Tonnes
Madhya Pradesh,Panna,Ajaygarh APMC,Wheat,Mill Quality,FAQ,2026-03-09,2300.0,2300.0,2300.0,8.696,Rs./Quintal,Metric Tonnes
Madhya Pradesh,Bhind,Alampur APMC,Wheat,Wheat,Non-FAQ,2026-03-09,2240.0,2300.0,2240.0,15.700000000000001,Rs./Quintal,Metric Tonnes
Madhya Pradesh,Alirajpur,Alirajpur APMC,Black Gram(Urd Beans)(Whole),Urda/Urd,FAQ,2026-03-09,7000.0,7000.0,7000.0,4.0,Rs./Quintal,Metric Tonnes
Madhya Pradesh,Alirajpur,Alirajpur APMC,Cotton,Without Ginned Cotton,FAQ,2026-03-09,6500.0,6500.0,6500.0,2.0,Rs./Quintal,Metric Tonnes
Madhya Pradesh,Alirajpur,Alirajpur APMC,Groundnut,Big (With Shell),FAQ,2026-03-09,4300.0,4300.0,4300.0,6.1000000000000005,Rs./Quintal,Metric Tonnes
Madhya Pradesh,Alirajpur,Alirajpur APMC,Soyabean,Soyabeen,FAQ,2026-03-09,4500.0,4500.0,4500.0,12.700000000000001,Rs./Quintal,Metric Tonnes
Madhya Pradesh,Alirajpur,Alirajpur APMC,Wheat,Wheat,FAQ,2026-03-09,1700.0,2010.0,2010.0,60.0,Rs./Quintal,Metric Tonnes
Madhya Pradesh,Chhindwara,Amarwda APMC,Maize,Local,Non-FAQ,2026-03-09,1505.0,1525.0,1520.0,50.300000000000004,Rs./Quintal,Metric Tonnes
Madhya Pradesh,Chhindwara,Amarwda APMC,Maize,Local,FAQ,2026-03-09,1500.0,1725.0,1700.0,807.2640000000001,Rs./Quintal,Metric Tonnes
Madhya Pradesh,Chhindwara,Amarwda APMC,Maize,Yellow,FAQ,2026-03-09,1500.0,1675.0,1600.0,400.70000000000005,Rs./Quintal,Metric Tonnes
Madhya Pradesh,Chhindwara,Amarwda APMC,Paddy(Common),Red,FAQ,2026-03-09,1500.0,1500.0,1500.0,12.5,Rs./Quintal,Metric Tonnes
Madhya Pradesh,Chhindwara,Amarwda APMC,Paddy(Common),Dhan,FAQ,2026-03-09,1500.0,1500.0,1500.0,13.0,Rs./Quintal,Metric Tonnes
Madhya Pradesh,Badwani,Anjad APMC,Bengal Gram(Gram)(Whole),Chana mausami,FAQ,2026-03-09,4911.0,4911.0,4911.0,0.8,Rs./Quintal,Metric Tonnes
Madhya Pradesh,Badwani,Anjad APMC,Kabuli Chana(Chickpeas-White),Dollar Gram,FAQ,2026-03-09,6500.0,7870.0,7350.0,74.155,Rs./Quintal,Metric Tonnes
Madhya Pradesh,Badwani,Anjad APMC,Kabuli Chana(Chickpeas-White),Double Dollar Chana,FAQ,2026-03-09,6600.0,6600.0,6600.0,2.99,Rs./Quintal,Metric Tonnes
Madhya Pradesh,Badwani,Anjad APMC,Maize,Yellow,FAQ,2026-03-09,1300.0,1450.0,1450.0,42.0,Rs./Quintal,Metric Tonnes
Madhya Pradesh,Badwani,Anjad APMC,Maize,Local,Non-FAQ,2026-03-09,1425.0,1425.0,1425.0,7.550000000000001,Rs./Quintal,Metric Tonnes
Madhya Pradesh,Badwani,Anjad APMC,Maize,Local,FAQ,2026-03-09,1300.0,1525.0,1500.0,76.69,Rs./Quintal,Metric Tonnes
Madhya Pradesh,Badwani,Anjad APMC,Wheat,Wheat,FAQ,2026-03-09,2000.0,2240.0,2200.0,78.42000000000002,Rs./Quintal,Metric Tonnes
Madhya Pradesh,Badwani,Anjad APMC,Wheat,Lokwan,FAQ,2026-03-09,2240.0,2250.0,2250.0,8.459999999999999,Rs./Quintal,Metric Tonnes
Madhya Pradesh,Badwani,Anjad APMC,Wheat,Wheat,Non-FAQ,2026-03-09,2200.0,2225.0,2200.0,5.985,Rs./Quintal,Metric Tonnes
Madhya Pradesh,Anupur,Anuppur APMC,Soyabean,Soyabeen,Non-FAQ,2026-03-09,4900.0,4900.0,4900.0,2.6,Rs./Quintal,Metric Tonnes
Madhya Pradesh,Anupur,Anuppur APMC,Wheat,Wheat,Non-FAQ,2026-03-09,2200.0,2200.0,2200.0,9.5,Rs./Quintal,Metric Tonnes
Madhya Pradesh,Anupur,Anuppur(F&V) APMC,Onion,Onion,FAQ,2026-03-09,900.0,900.0,900.0,3.0,Rs./Quintal,Metric Tonnes
Madhya Pradesh,Guna,Aron APMC,Bengal Gram(Gram)(Whole),Gram,FAQ,2026-03-09,4645.0,5680.0,4900.0,43.965,Rs./Quintal,Metric Tonnes
Madhya Pradesh,Guna,Aron APMC,Coriander(Leaves),Coriander,FAQ,2026-03-09,6270.0,10120.0,9650.0,15.773,Rs./Bundle,Bundle
Madhya Pradesh,Guna,Aron APMC,Lak(Teora),Tiwada,FAQ,2026-03-09,2850.0,3080.0,3080.0,16.027,Rs./Quintal,Metric Tonnes
Madhya Pradesh,Guna,Aron APMC,Lentil(Masur)(Whole),Masur Dal,FAQ,2026-03-09,5530.0,5841.0,5705.0,130.43,Rs./Quintal,Metric Tonnes
Madhya Pradesh,Guna,Aron APMC,Maize,Local,FAQ,2026-03-09,1201.0,1695.0,1599.0,458.61899999999997,Rs./Quintal,Metric Tonnes
Madhya Pradesh,Guna,Aron APMC,Mustard,Mustard,FAQ,2026-03-09,5400.0,6175.0,5900.0,91.709,Rs./Quintal,Metric Tonnes
Madhya Pradesh,Guna,Aron APMC,Wheat,Wheat,FAQ,2026-03-09,2071.0,2401.0,2401.0,15.149000000000001,Rs./Quintal,Metric Tonnes
Madhya Pradesh,Guna,Aron APMC,buttery,Buttery,FAQ,2026-03-09,3800.0,3800.0,3800.0,0.6910000000000001,Rs./Quintal,Metric Tonnes
Madhya Pradesh,Ashoknagar,Ashoknagar APMC,Bengal Gram(Gram)(Whole),Gram,FAQ,2026-03-09,4790.0,5180.0,5050.0,15.533000000000001,Rs./Quintal,Metric Tonnes
Madhya Pradesh,Ashoknagar,Ashoknagar APMC,Coriander(Leaves),Coriander,FAQ,2026-03-09,8100.0,10060.0,9900.0,34.964,Rs./Bundle,Bundle
Madhya Pradesh,Ashoknagar,Ashoknagar APMC,Green Peas,Pea,FAQ,2026-03-09,3200.0,4470.0,3726.0,36.391000000000005,Rs./Quintal,Metric Tonnes
Madhya Pradesh,Ashoknagar,Ashoknagar APMC,Lak(Teora),Tiwada,FAQ,2026-03-09,2850.0,3220.0,3190.0,69.973,Rs./Quintal,Metric Tonnes
Madhya Pradesh,Ashoknagar,Ashoknagar APMC,Lentil(Masur)(Whole),Masur Dal,FAQ,2026-03-09,5295.0,5955.0,5800.0,136.928,Rs./Quintal,Metric Tonnes
Madhya Pradesh,Ashoknagar,Ashoknagar APMC,Maize,Local,FAQ,2026-03-09,1350.0,1650.0,1565.0,236.918,Rs./Quintal,Metric Tonnes
Madhya Pradesh,Ashoknagar,Ashoknagar APMC,Mustard,Mustard,FAQ,2026-03-09,5456.0,6262.0,6000.0,754.898,Rs./Quintal,Metric Tonnes
Madhya Pradesh,Ashoknagar,Ashoknagar APMC,Paddy(Common),Dhan,FAQ,2026-03-09,1105.0,4090.0,4090.0,18.294,Rs./Quintal,Metric Tonnes
Madhya Pradesh,Ashoknagar,Ashoknagar APMC,Soyabean,Soyabeen,FAQ,2026-03-09,3400.0,5560.0,5200.0,149.66500000000002,Rs./Quintal,Metric Tonnes
Madhya Pradesh,Ashoknagar,Ashoknagar APMC,Wheat,Wheat,FAQ,2026-03-09,1550.0,3300.0,2500.0,245.67,Rs./Quintal,Metric Tonnes
Madhya Pradesh,Ashoknagar,Ashoknagar APMC,Wheat,Sharbati,FAQ,2026-03-09,2691.0,2801.0,2801.0,99.075,Rs./Quintal,Metric Tonnes
Madhya Pradesh,Ashoknagar,Ashoknagar APMC,buttery,Buttery,FAQ,2026-03-09,3300.0,4750.0,4400.0,184.608,Rs./Quintal,Metric Tonnes
Madhya Pradesh,Sehore,Ashta APMC,Bengal Gram(Gram)(Whole),Chana Kabuli,FAQ,2026-03-09,5200.0,5461.0,5461.0,2.3440000000000003,Rs./Quintal,Metric Tonnes
Madhya Pradesh,Sehore,Ashta APMC,Bengal Gram(Gram)(Whole),Gram,FAQ,2026-03-09,3088.0,7401.0,5180.0,186.71400000000003,Rs./Quintal,Metric Tonnes
Madhya Pradesh,Sehore,Ashta APMC,Coriander(Leaves),Coriander,FAQ,2026-03-09,8101.0,8751.0,8751.0,0.246,Rs./Bundle,Bundle
Madhya Pradesh,Sehore,Ashta APMC,Kabuli Chana(Chickpeas-White),Russian,FAQ,2026-03-09,5350.0,5350.0,5350.0,2.62,Rs./Quintal,Metric Tonnes
Madhya Pradesh,Sehore,Ashta APMC,Kabuli Chana(Chickpeas-White),Dollar Gram,FAQ,2026-03-09,5270.0,7581.0,7581.0,10.735,Rs./Quintal,Metric Tonnes
Madhya Pradesh,Sehore,Ashta APMC,Lentil(Masur)(Whole),Masur Dal,FAQ,2026-03-09,5553.0,6415.0,6001.0,12.952000000000002,Rs./Quintal,Metric Tonnes
Madhya Pradesh,Sehore,Ashta APMC,Mustard,Mustard,FAQ,2026-03-09,5470.0,6031.0,5803.0,63.07300000000001,Rs./Quintal,Metric Tonnes
Madhya Pradesh,Sehore,Ashta APMC,Onion,Local,FAQ,2026-03-09,1355.0,1355.0,1355.0,1.109,Rs./Quintal,Metric Tonnes
Madhya Pradesh,Sehore,Ashta APMC,Soyabean,Soyabeen,FAQ,2026-03-09,2491.0,6427.95,5151.0,353.624,Rs./Quintal,Metric Tonnes
Madhya Pradesh,Sehore,Ashta APMC,Wheat,Wheat,FAQ,2026-03-09,2061.0,3652.0,2291.0,888.6440000000001,Rs./Quintal,Metric Tonnes
Madhya Pradesh,Sehore,Ashta APMC,Wheat,Lokwan,FAQ,2026-03-09,2265.0,2311.0,2311.0,2.406,Rs./Quintal,Metric Tonnes
Madhya Pradesh,Chhatarpur,Badamalhera APMC,Soyabean,Soyabeen,FAQ,2026-03-09,4390.0,5305.0,5250.0,141.39000000000001,Rs./Quintal,Metric Tonnes
Madhya Pradesh,Chhatarpur,Badamalhera APMC,Wheat,Mill Quality,Non-FAQ,2026-03-09,2195.0,2260.0,2260.0,66.98,Rs./Quintal,Metric Tonnes
Madhya Pradesh,Shivpuri,Badarwas APMC,Bengal Gram(Gram)(Whole),Gram,FAQ,2026-03-09,5120.0,5120.0,5120.0,3.375,Rs./Quintal,Metric Tonnes
Madhya Pradesh,Shivpuri,Badarwas APMC,Bengal Gram(Gram)(Whole),Gram,Non-FAQ,2026-03-09,4120.0,5100.0,4915.0,24.768,Rs./Quintal,Metric Tonnes
Madhya Pradesh,Shivpuri,Badarwas APMC,Lentil(Masur)(Whole),Masur Dal,Non-FAQ,2026-03-09,5000.0,5920.0,5700.0,282.632,Rs./Quintal,Metric Tonnes
Madhya Pradesh,Shivpuri,Badarwas APMC,Lentil(Masur)(Whole),Masur Dal,FAQ,2026-03-09,5205.0,5930.0,5745.0,148.43,Rs./Quintal,Metric Tonnes
Madhya Pradesh,Shivpuri,Badarwas APMC,Maize,Local,FAQ,2026-03-09,1425.0,1610.0,1450.0,14.14,Rs./Quintal,Metric Tonnes
Madhya Pradesh,Shivpuri,Badarwas APMC,Maize,Local,Non-FAQ,2026-03-09,1425.0,5745.0,1555.0,60.21900000000001,Rs./Quintal,Metric Tonnes
Madhya Pradesh,Shivpuri,Badarwas APMC,Mustard,Mustard,FAQ,2026-03-09,5600.0,6390.0,6260.0,99.15,Rs./Quintal,Metric Tonnes
Madhya Pradesh,Shivpuri,Badarwas APMC,Mustard,Mustard,Non-FAQ,2026-03-09,5800.0,6390.0,6130.0,614.214,Rs./Quintal,Metric Tonnes
Madhya Pradesh,Shivpuri,Badarwas APMC,Soyabean,Soyabeen,Non-FAQ,2026-03-09,5095.0,5095.0,5095.0,2.793,Rs./Quintal,Metric Tonnes
Madhya Pradesh,Shivpuri,Badarwas APMC,Wheat,Wheat,Non-FAQ,2026-03-09,2000.0,2405.0,2160.0,9.437000000000001,Rs./Quintal,Metric Tonnes
Madhya Pradesh,Ujjain,Badnagar APMC,Bengal Gram(Gram)(Whole),Chana Kabuli,FAQ,2026-03-09,5200.0,5200.0,5200.0,25.0,Rs./Quintal,Metric Tonnes
Madhya Pradesh,Ujjain,Badnagar APMC,Bengal Gram(Gram)(Whole),Gram,FAQ,2026-03-09,3500.0,6281.0,4800.0,17.569,Rs./Quintal,Metric Tonnes
Madhya Pradesh,Ujjain,Badnagar APMC,Garlic,Garlic,FAQ,2026-03-09,1500.0,7000.0,4600.0,10.017000000000001,Rs./Quintal,Metric Tonnes
Madhya Pradesh,Ujjain,Badnagar APMC,Green Peas,Pea,FAQ,2026-03-09,1600.0,4950.0,3300.0,124.94000000000001,Rs./Quintal,Metric Tonnes
Madhya Pradesh,Ujjain,Badnagar APMC,Kabuli Chana(Chickpeas-White),Dollar Gram,FAQ,2026-03-09,3101.0,7601.0,7000.0,21.524,Rs./Quintal,Metric Tonnes
Madhya Pradesh,Ujjain,Badnagar APMC,Lentil(Masur)(Whole),Masur Dal,FAQ,2026-03-09,5480.0,5876.0,5601.0,7.881,Rs./Quintal,Metric Tonnes
Madhya Pradesh,Ujjain,Badnagar APMC,Soyabean,Yellow,FAQ,2026-03-09,2005.0,6781.0,5500.0,723.366,Rs./Quintal,Metric Tonnes
Madhya Pradesh,Ujjain,Badnagar APMC,Soyabean,Soyabeen,FAQ,2026-03-09,5512.0,5512.0,5512.0,3.808,Rs./Quintal,Metric Tonnes
Madhya Pradesh,Ujjain,Badnagar APMC,Wheat,Wheat,FAQ,2026-03-09,2040.0,2643.0,2220.0,236.439,Rs./Quintal,Metric Tonnes
Madhya Pradesh,Ujjain,Badnagar APMC,Wheat,Wheat,Non-FAQ,2026-03-09,2291.0,2291.0,2291.0,3.1,Rs./Quintal,Metric Tonnes
Madhya Pradesh,Dhar,Badnawar APMC,Bengal Gram(Gram)(Whole),Desi (F.A.Q. Split),FAQ,2026-03-09,4470.0,5055.0,5055.0,3.568,Rs./Quintal,Metric Tonnes
Madhya Pradesh,Dhar,Badnawar APMC,Cotton,Without Ginned Cotton,FAQ,2026-03-09,7100.0,7400.0,7400.0,0.886,Rs./Quintal,Metric Tonnes
Madhya Pradesh,Dhar,Badnawar APMC,Garlic,Garlic,FAQ,2026-03-09,1500.0,6000.0,4000.0,489.742,Rs./Quintal,Metric Tonnes
Madhya Pradesh,Dhar,Badnawar APMC,Garlic,Other,FAQ,2026-03-09,2351.0,2710.0,2710.0,15.413,Rs./Quintal,Metric Tonnes
Madhya Pradesh,Dhar,Badnawar APMC,Green Peas,Pea,FAQ,2026-03-09,2800.0,3000.0,3000.0,1.0890000000000002,Rs./Quintal,Metric Tonnes
Madhya Pradesh,Dhar,Badnawar APMC,Kabuli Chana(Chickpeas-White),Dollar Gram,FAQ,2026-03-09,6555.0,7105.0,7105.0,0.652,Rs./Quintal,Metric Tonnes
Madhya Pradesh,Dhar,Badnawar APMC,Maize,Local,FAQ,2026-03-09,1355.0,1740.0,1655.0,18.458000000000002,Rs./Quintal,Metric Tonnes
Madhya Pradesh,Dhar,Badnawar APMC,Soyabean,Soyabeen,FAQ,2026-03-09,5388.0,5388.0,5388.0,2.774,Rs./Quintal,Metric Tonnes
Madhya Pradesh,Dhar,Badnawar APMC,Soyabean,Yellow,FAQ,2026-03-09,2905.0,5680.0,5550.0,534.882,Rs./Quintal,Metric Tonnes
Madhya Pradesh,Dhar,Badnawar APMC,Soyabean,Soyabeen,Non-FAQ,2026-03-09,5050.0,5050.0,5050.0,11.076,Rs./Quintal,Metric Tonnes
Madhya Pradesh,Dhar,Badnawar APMC,Wheat,Wheat,Non-FAQ,2026-03-09,2150.0,2300.0,2200.0,29.200000000000003,Rs./Quintal,Metric Tonnes
Madhya Pradesh,Dhar,Badnawar APMC,Wheat,Wheat,FAQ,2026-03-09,1500.0,2805.0,2275.0,1112.8500000000001,Rs./Quintal,Metric Tonnes
Madhya Pradesh,Dhar,Badnawar(F&V) APMC,Garlic,Garlic,Local,2026-03-09,2500.0,2500.0,2500.0,1190.7,Rs./Quintal,Metric Tonnes
Madhya Pradesh,Dhar,Badnawar(F&V) APMC,Onion,Onion,Local,2026-03-09,500.0,500.0,500.0,0.1,Rs./Quintal,Metric Tonnes
Madhya Pradesh,Shajapur,Badod APMC,Asalia,Asalia,FAQ,2026-03-09,5270.0,5651.0,5651.0,0.217,Rs./Quintal,Metric Tonnes
Madhya Pradesh,Shajapur,Badod APMC,Bengal Gram(Gram)(Whole),Gram,Non-FAQ,2026-03-09,4800.0,4891.0,4891.0,0.7450000000000001,Rs./Quintal,Metric Tonnes
Madhya Pradesh,Shajapur,Badod APMC,Maize,Local,FAQ,2026-03-09,1750.0,1750.0,1750.0,31.12,Rs./Quintal,Metric Tonnes
Madhya Pradesh,Shajapur,Badod APMC,Mustard,Mustard,FAQ,2026-03-09,5699.0,5925.0,5900.0,13.438,Rs./Quintal,Metric Tonnes
Madhya Pradesh,Shajapur,Badod APMC,Mustard,Mustard,Non-FAQ,2026-03-09,5571.0,5911.0,5891.0,14.636000000000003,Rs./Quintal,Metric Tonnes
Madhya Pradesh,Shajapur,Badod APMC,Wheat,Wheat,Non-FAQ,2026-03-09,1800.0,2346.0,2231.0,241.718,Rs./Quintal,Metric Tonnes
Madhya Pradesh,Shajapur,Badod APMC,Wheat,Wheat,FAQ,2026-03-09,2050.0,2260.0,2240.0,109.881,Rs./Quintal,Metric Tonnes
Madhya Pradesh,Khandwa,Badwah(F&V) APMC,Bhindi(Ladies Finger),Bhindi,Grade A,2026-03-09,800.0,2000.0,2000.0,0.4,Rs./Quintal,Metric Tonnes
Madhya Pradesh,Khandwa,Badwah(F&V) APMC,Bitter gourd,Bitter Gourd,Grade A,2026-03-09,2500.0,4000.0,3000.0,0.2,Rs./Quintal,Metric Tonnes
Madhya Pradesh,Khandwa,Badwah(F&V) APMC,Bottle gourd,Bottle Gourd,Grade A,2026-03-09,700.0,1200.0,1000.0,3.5,Rs./Quintal,Metric Tonnes
Madhya Pradesh,Khandwa,Badwah(F&V) APMC,Brinjal,Other,Grade A,2026-03-09,700.0,1200.0,1000.0,0.30000000000000004,Rs./Quintal,Metric Tonnes
Madhya Pradesh,Khandwa,Badwah(F&V) APMC,Cabbage,Cabbage,Grade A,2026-03-09,500.0,1200.0,1000.0,0.30000000000000004,Rs./Quintal,Metric Tonnes
Madhya Pradesh,Khandwa,Badwah(F&V) APMC,Cauliflower,Cauliflower,Grade A,2026-03-09,600.0,2000.0,1500.0,0.1,Rs./Quintal,Metric Tonnes
Madhya Pradesh,Khandwa,Badwah(F&V) APMC,Cucumbar(Kheera),Cucumbar,Grade A,2026-03-09,1200.0,2000.0,1500.0,0.2,Rs./Quintal,Metric Tonnes
Madhya Pradesh,Khandwa,Badwah(F&V) APMC,Garlic,Average,FAQ,2026-03-09,9000.0,12000.0,10000.0,0.1,Rs./Quintal,Metric Tonnes
Madhya Pradesh,Khandwa,Badwah(F&V) APMC,Ginger(Green),Green Ginger,Grade A,2026-03-09,4500.0,7000.0,6000.0,0.1,Rs./Quintal,Metric Tonnes
Madhya Pradesh,Khandwa,Badwah(F&V) APMC,Green Chilli,Green Chilly,Grade A,2026-03-09,3500.0,6000.0,4000.0,0.1,Rs./Quintal,Metric Tonnes
Madhya Pradesh,Khandwa,Badwah(F&V) APMC,Onion,1st Sort,Grade A,2026-03-09,1200.0,1800.0,1500.0,0.6000000000000001,Rs./Quintal,Metric Tonnes
Madhya Pradesh,Khandwa,Badwah(F&V) APMC,Spinach,Organic,Grade A,2026-03-09,900.0,1500.0,1000.0,0.35000000000000003,Rs./Quintal,Metric Tonnes
Madhya Pradesh,Khandwa,Badwah(F&V) APMC,Sponge gourd,Sponge gourd,Grade A,2026-03-09,1600.0,2500.0,2000.0,0.30000000000000004,Rs./Quintal,Metric Tonnes
Madhya Pradesh,Khargone,Badwaha APMC,Bengal Gram(Gram)(Whole),Gram,FAQ,2026-03-09,4800.0,6000.0,5070.0,11.907,Rs./Quintal,Metric Tonnes
Madhya Pradesh,Khargone,Badwaha APMC,Cotton,Without Ginned Cotton,FAQ,2026-03-09,5800.0,6980.0,6980.0,0.927,Rs./Quintal,Metric Tonnes
Madhya Pradesh,Khargone,Badwaha APMC,Cotton,Without Ginned Cotton,Non-FAQ,2026-03-09,4475.0,4650.0,4500.0,24.461000000000002,Rs./Quintal,Metric Tonnes
Madhya Pradesh,Khargone,Badwaha APMC,Kabuli Chana(Chickpeas-White),Dollar Gram,FAQ,2026-03-09,6615.0,7305.0,7305.0,1.088,Rs./Quintal,Metric Tonnes
Madhya Pradesh,Khargone,Badwaha APMC,Maize,Local,Non-FAQ,2026-03-09,1425.0,1425.0,1425.0,7.58,Rs./Quintal,Metric Tonnes
Madhya Pradesh,Khargone,Badwaha APMC,Red gram/Arhar/Tur(whole),Arhar Dal(Tur),FAQ,2026-03-09,6400.0,6400.0,6400.0,0.1,Rs./Quintal,Metric Tonnes
Madhya Pradesh,Khargone,Badwaha APMC,Wheat,Wheat,Non-FAQ,2026-03-09,1950.0,2114.0,2114.0,13.635,Rs./Quintal,Metric Tonnes
Madhya Pradesh,Khargone,Badwaha APMC,Wheat,Wheat,FAQ,2026-03-09,2000.0,2441.0,2324.0,284.572,Rs./Quintal,Metric Tonnes
Madhya Pradesh,Badwani,Badwani APMC,Kabuli Chana(Chickpeas-White),Dollar Gram,FAQ,2026-03-09,7200.0,7700.0,7350.0,13.840000000000002,Rs./Quintal,Metric Tonnes
Madhya Pradesh,Badwani,Badwani APMC,Wheat,Lokwan,FAQ,2026-03-09,2050.0,2050.0,2050.0,3.015,Rs./Quintal,Metric Tonnes
Madhya Pradesh,Dewas,Bagli APMC,Bengal Gram(Gram)(Whole),Gram,Non-FAQ,2026-03-09,4980.0,5075.0,5075.0,2.9120000000000004,Rs./Quintal,Metric Tonnes
Madhya Pradesh,Dewas,Bagli APMC,Maize,Yellow,Non-FAQ,2026-03-09,1401.0,1455.0,1455.0,103.0,Rs./Quintal,Metric Tonnes
Madhya Pradesh,Dewas,Bagli APMC,Wheat,Mill Quality,Non-FAQ,2026-03-09,2250.0,2793.0,2300.0,60.925000000000004,Rs./Quintal,Metric Tonnes
Madhya Pradesh,Rewa,Baikunthpur APMC,Kodo Millet(Varagu),Kondo,FAQ,2026-03-09,2150.0,2180.0,2180.0,14.0,Rs./Quintal,Metric Tonnes
Madhya Pradesh,Rewa,Baikunthpur APMC,Lentil(Masur)(Whole),Masur Dal,FAQ,2026-03-09,5400.0,5450.0,5450.0,5.0,Rs./Quintal,Metric Tonnes
Madhya Pradesh,Rewa,Baikunthpur APMC,Mustard,Mustard,FAQ,2026-03-09,5570.0,5610.0,5610.0,11.995000000000001,Rs./Quintal,Metric Tonnes
Madhya Pradesh,Rewa,Baikunthpur APMC,Wheat,Mill Quality,Non-FAQ,2026-03-09,2220.0,2250.0,2250.0,128.13,Rs./Quintal,Metric Tonnes
Madhya Pradesh,Chhatarpur,Bakswaha APMC,Soyabean,Soyabeen,Non-FAQ,2026-03-09,4050.0,4200.0,4200.0,17.400000000000002,Rs./Quintal,Metric Tonnes
Madhya Pradesh,Sehore,Baktara APMC,Paddy(Common),Basmati,FAQ,2026-03-09,3851.0,4500.0,3900.0,321.75,Rs./Quintal,Metric Tonnes
Madhya Pradesh,Balaghat,Balaghat APMC,Paddy(Common),Paddy,Non-FAQ,2026-03-09,1900.0,1900.0,1900.0,5.0,Rs./Quintal,Metric Tonnes
Madhya Pradesh,Balaghat,Balaghat APMC,Wheat,Wheat,FAQ,2026-03-09,2100.0,2180.0,2180.0,5.0,Rs./Quintal,Metric Tonnes
Madhya Pradesh,Badwani,Balwadi APMC,Cotton,Without Ginned Cotton,FAQ,2026-03-09,6100.0,6250.0,6250.0,5.0,Rs./Quintal,Metric Tonnes
Madhya Pradesh,Badwani,Balwadi APMC,Wheat,Wheat,Non-FAQ,2026-03-09,2200.0,2200.0,2200.0,0.885,Rs./Quintal,Metric Tonnes
Madhya Pradesh,Sagar,Bamora APMC,Bengal Gram(Gram)(Whole),Desi (F.A.Q. Split),FAQ,2026-03-09,3880.0,4800.0,4800.0,3.379,Rs./Quintal,Metric Tonnes
Madhya Pradesh,Sagar,Bamora APMC,Lak(Teora),Tiwada,FAQ,2026-03-09,3150.0,3272.0,3272.0,2.1260000000000003,Rs./Quintal,Metric Tonnes
Madhya Pradesh,Sagar,Bamora APMC,Lentil(Masur)(Whole),Local,FAQ,2026-03-09,5531.0,6960.0,5970.0,15.197000000000001,Rs./Quintal,Metric Tonnes
Madhya Pradesh,Sagar,Bamora APMC,Maize,Local,FAQ,2026-03-09,1211.0,1211.0,1211.0,2.09,Rs./Quintal,Metric Tonnes
Madhya Pradesh,Sagar,Bamora APMC,Mustard,Mustard,FAQ,2026-03-09,4615.0,6200.0,5400.0,14.051,Rs./Quintal,Metric Tonnes
Madhya Pradesh,Sagar,Bamora APMC,Wheat,Mill Quality,FAQ,2026-03-09,1601.0,2220.0,2220.0,4.501,Rs./Quintal,Metric Tonnes
Madhya Pradesh,Sagar,Bamora APMC,buttery,Buttery,FAQ,2026-03-09,3445.0,3850.0,3850.0,3.583,Rs./Quintal,Metric Tonnes
Madhya Pradesh,Hoshangabad,Banapura APMC,Bengal Gram(Gram)(Whole),Desi (F.A.Q. Split),FAQ,2026-03-09,4590.0,5251.0,5251.0,16.64,Rs./Quintal,Metric Tonnes
Madhya Pradesh,Hoshangabad,Banapura APMC,Green Gram(Moong)(Whole),Green (Whole),FAQ,2026-03-09,3334.0,6500.0,6500.0,1.5650000000000002,Rs./Quintal,Metric Tonnes
Madhya Pradesh,Hoshangabad,Banapura APMC,Maize,Yellow,FAQ,2026-03-09,952.0,1679.0,1600.0,1888.67,Rs./Quintal,Metric Tonnes
Madhya Pradesh,Hoshangabad,Banapura APMC,Mustard,Mustard,FAQ,2026-03-09,5500.0,5900.0,5900.0,1.9000000000000001,Rs./Quintal,Metric Tonnes
Madhya Pradesh,Hoshangabad,Banapura APMC,Soyabean,Yellow,FAQ,2026-03-09,2250.0,5724.0,5724.0,11.88,Rs./Quintal,Metric Tonnes
Madhya Pradesh,Hoshangabad,Banapura APMC,Wheat,Local,FAQ,2026-03-09,2100.0,2324.0,2293.0,116.155,Rs./Quintal,Metric Tonnes
Madhya Pradesh,Sagar,Banda APMC,Bengal Gram(Gram)(Whole),Gram,FAQ,2026-03-09,4995.0,4995.0,4995.0,0.1,Rs./Quintal,Metric Tonnes
Madhya Pradesh,Sagar,Banda APMC,Lak(Teora),Tiwada,FAQ,2026-03-09,3050.0,3105.0,3105.0,3.6180000000000003,Rs./Quintal,Metric Tonnes
Madhya Pradesh,Sagar,Banda APMC,Lentil(Masur)(Whole),Masur Dal,FAQ,2026-03-09,5590.0,6605.0,6605.0,3.4200000000000004,Rs./Quintal,Metric Tonnes
Madhya Pradesh,Sagar,Banda APMC,Mustard,Mustard,FAQ,2026-03-09,5300.0,5505.0,5505.0,0.787,Rs./Quintal,Metric Tonnes
Madhya Pradesh,Sagar,Banda APMC,Soyabean,Soyabeen,Non-FAQ,2026-03-09,5230.0,5500.0,5500.0,31.833,Rs./Quintal,Metric Tonnes
Madhya Pradesh,Sagar,Banda APMC,Soyabean,Soyabeen,FAQ,2026-03-09,5070.0,5405.0,5405.0,9.14,Rs./Quintal,Metric Tonnes
Madhya Pradesh,Sagar,Banda APMC,Wheat,Local,FAQ,2026-03-09,2150.0,2150.0,2150.0,0.6000000000000001,Rs./Quintal,Metric Tonnes
Madhya Pradesh,Sagar,Banda APMC,Wheat,Wheat,FAQ,2026-03-09,2150.0,2231.0,2231.0,7.4,Rs./Quintal,Metric Tonnes
Madhya Pradesh,Hoshangabad,Bankhedi APMC,Paddy(Common),Puspa (MR 301),FAQ,2026-03-09,3500.0,3500.0,3500.0,28.450000000000003,Rs./Quintal,Metric Tonnes
Madhya Pradesh,Hoshangabad,Bankhedi APMC,Wheat,Mill Quality,FAQ,2026-03-09,2160.0,2160.0,2160.0,0.355,Rs./Quintal,Metric Tonnes
Madhya Pradesh,Hoshangabad,Bankhedi APMC,Wheat,Wheat,FAQ,2026-03-09,2112.0,2302.0,2302.0,5.210000000000001,Rs./Quintal,Metric Tonnes
Madhya Pradesh,Shivpuri,Barad APMC,Bengal Gram(Gram)(Whole),Gram,FAQ,2026-03-09,5260.0,5425.0,5425.0,1.7309999999999999,Rs./Quintal,Metric Tonnes
Madhya Pradesh,Shivpuri,Barad APMC,Groundnut,Big (With Shell),FAQ,2026-03-09,6900.0,6900.0,6900.0,0.118,Rs./Quintal,Metric Tonnes
Madhya Pradesh,Shivpuri,Barad APMC,Mustard,Mustard,FAQ,2026-03-09,5925.0,6561.0,6400.0,787.407,Rs./Quintal,Metric Tonnes
Madhya Pradesh,Shivpuri,Barad APMC,Soyabean,Soyabeen,FAQ,2026-03-09,5301.0,5485.0,5485.0,7.1129999999999995,Rs./Quintal,Metric Tonnes
Madhya Pradesh,Raisen,Bareli APMC,Bengal Gram(Gram)(Whole),Gram,FAQ,2026-03-09,3505.0,5333.0,5281.0,21.17,Rs./Quintal,Metric Tonnes
Madhya Pradesh,Raisen,Bareli APMC,Lak(Teora),Tiwada,FAQ,2026-03-09,2805.0,3150.0,3150.0,3.3600000000000003,Rs./Quintal,Metric Tonnes
Madhya Pradesh,Raisen,Bareli APMC,Lentil(Masur)(Whole),Masur Dal,FAQ,2026-03-09,5800.0,5800.0,5800.0,0.05,Rs./Quintal,Metric Tonnes
Madhya Pradesh,Raisen,Bareli APMC,Mustard,Mustard,FAQ,2026-03-09,5555.0,5720.0,5720.0,0.7000000000000001,Rs./Quintal,Metric Tonnes
Madhya Pradesh,Raisen,Bareli APMC,Paddy(Common),Puspa (MR 301),FAQ,2026-03-09,3750.0,4240.0,3901.0,168.198,Rs./Quintal,Metric Tonnes
Madhya Pradesh,Raisen,Bareli APMC,Paddy(Common),Paddy,FAQ,2026-03-09,2100.0,4200.0,4000.0,204.332,Rs./Quintal,Metric Tonnes
Madhya Pradesh,Raisen,Bareli APMC,Paddy(Common),Dhan,FAQ,2026-03-09,3915.0,3955.0,3955.0,83.82000000000001,Rs./Quintal,Metric Tonnes
Madhya Pradesh,Raisen,Bareli APMC,Paddy(Common),Basmati,FAQ,2026-03-09,3901.0,3901.0,3901.0,25.3,Rs./Quintal,Metric Tonnes
Madhya Pradesh,Raisen,Bareli APMC,Red gram/Arhar/Tur(whole),Arhar Dal(Tur),FAQ,2026-03-09,6500.0,7576.0,7576.0,5.305,Rs./Quintal,Metric Tonnes
Madhya Pradesh,Raisen,Bareli APMC,Wheat,Mill Quality,FAQ,2026-03-09,2221.0,2240.0,2240.0,3.565,Rs./Quintal,Metric Tonnes
Madhya Pradesh,Raisen,Bareli APMC,buttery,Buttery,FAQ,2026-03-09,3800.0,3800.0,3800.0,0.5,Rs./Quintal,Metric Tonnes
Madhya Pradesh,Seoni,Barghat APMC,Green Peas,Pea,FAQ,2026-03-09,2600.0,2800.0,2700.0,18.0,Rs./Quintal,Metric Tonnes
Madhya Pradesh,Khargone,Bedia APMC,Chili Red,Red,FAQ,2026-03-09,11675.01,11675.01,11675.01,10.503,Rs./Quintal,Metric Tonnes
Madhya Pradesh,Raisen,Begamganj APMC,Bengal Gram(Gram)(Whole),Gram,Non-FAQ,2026-03-09,4005.0,5165.0,5150.0,35.752,Rs./Quintal,Metric Tonnes
Madhya Pradesh,Raisen,Begamganj APMC,Lentil(Masur)(Whole),Masur Dal,Non-FAQ,2026-03-09,5200.0,6730.0,5950.0,45.565,Rs./Quintal,Metric Tonnes
Madhya Pradesh,Raisen,Begamganj APMC,Lentil(Masur)(Whole),Masur Dal,FAQ,2026-03-09,5700.0,5700.0,5700.0,0.193,Rs./Quintal,Metric Tonnes
Madhya Pradesh,Raisen,Begamganj APMC,Maize,Local,Non-FAQ,2026-03-09,1350.0,1885.0,1405.0,108.75200000000001,Rs./Quintal,Metric Tonnes
Madhya Pradesh,Raisen,Begamganj APMC,Maize,Local,FAQ,2026-03-09,1450.0,1450.0,1450.0,12.48,Rs./Quintal,Metric Tonnes
Madhya Pradesh,Raisen,Begamganj APMC,Mustard,Mustard,Non-FAQ,2026-03-09,5070.0,5950.0,5700.0,7.069,Rs./Quintal,Metric Tonnes
Madhya Pradesh,Raisen,Begamganj APMC,Mustard,Mustard,FAQ,2026-03-09,5995.0,5995.0,5995.0,1.5150000000000001,Rs./Quintal,Metric Tonnes
Madhya Pradesh,Raisen,Begamganj APMC,Paddy(Common),Dhan,Non-FAQ,2026-03-09,2550.0,4530.0,4530.0,12.503,Rs./Quintal,Metric Tonnes
Madhya Pradesh,Raisen,Begamganj APMC,Red gram/Arhar/Tur(whole),Arhar Dal(Tur),Non-FAQ,2026-03-09,6305.0,7155.0,7155.0,1.485,Rs./Quintal,Metric Tonnes
Madhya Pradesh,Raisen,Begamganj APMC,Soyabean,Soyabeen,Non-FAQ,2026-03-09,3900.0,5310.0,5100.0,4.638000000000001,Rs./Quintal,Metric Tonnes
Madhya Pradesh,Raisen,Begamganj APMC,Wheat,Wheat,FAQ,2026-03-09,2325.0,2325.0,2325.0,0.265,Rs./Quintal,Metric Tonnes
Madhya Pradesh,Raisen,Begamganj APMC,Wheat,Wheat,Non-FAQ,2026-03-09,2100.0,2360.0,2250.0,57.62100000000001,Rs./Quintal,Metric Tonnes
Madhya Pradesh,Shehdol,Beohari APMC,Mahua,Mahua Flower,FAQ,2026-03-09,3750.0,4050.0,3900.0,19.430000000000003,Rs./Quintal,Metric Tonnes
Madhya Pradesh,Shehdol,Beohari APMC,Mustard,Mustard,FAQ,2026-03-09,5501.0,5501.0,5501.0,3.5,Rs./Quintal,Metric Tonnes
Madhya Pradesh,Shajapur,Berachha APMC,Wheat,Wheat,FAQ,2026-03-09,2241.0,2350.0,2350.0,12.090000000000002,Rs./Quintal,Metric Tonnes
Madhya Pradesh,Bhopal,Berasia APMC,Bengal Gram(Gram)(Whole),Gram,FAQ,2026-03-09,4150.0,5280.0,5005.0,26.485000000000003,Rs./Quintal,Metric Tonnes
Madhya Pradesh,Bhopal,Berasia APMC,Lentil(Masur)(Whole),Masur Dal,FAQ,2026-03-09,5605.0,5850.0,5850.0,0.282,Rs./Quintal,Metric Tonnes
Madhya Pradesh,Bhopal,Berasia APMC,Mustard,Mustard,FAQ,2026-03-09,3900.0,6155.0,6005.0,51.39500000000001,Rs./Quintal,Metric Tonnes
Madhya Pradesh,Bhopal,Berasia APMC,Paddy(Common),Basmati,FAQ,2026-03-09,3000.0,3945.0,3945.0,13.623,Rs./Quintal,Metric Tonnes
Madhya Pradesh,Bhopal,Berasia APMC,Red gram/Arhar/Tur(whole),Arhar Dal(Tur),FAQ,2026-03-09,3250.0,6450.0,6450.0,0.30600000000000005,Rs./Quintal,Metric Tonnes
Madhya Pradesh,Bhopal,Berasia APMC,Soyabean,Soyabeen,FAQ,2026-03-09,3500.0,5585.0,5480.0,24.155,Rs./Quintal,Metric Tonnes
Madhya Pradesh,Bhopal,Berasia APMC,Soyabean,Yellow,FAQ,2026-03-09,4180.0,5605.0,5450.0,90.13900000000001,Rs./Quintal,Metric Tonnes
Madhya Pradesh,Bhopal,Berasia APMC,Wheat,Mill Quality,FAQ,2026-03-09,2150.0,2290.0,2290.0,11.697000000000001,Rs./Quintal,Metric Tonnes
Madhya Pradesh,Bhopal,Berasia APMC,Wheat,Wheat,FAQ,2026-03-09,1001.0,2576.0,2250.0,203.717,Rs./Quintal,Metric Tonnes
Madhya Pradesh,Betul,Betul APMC,Bengal Gram(Gram)(Whole),Gram,FAQ,2026-03-09,4100.0,4501.0,4501.0,0.58,Rs./Quintal,Metric Tonnes
Madhya Pradesh,Betul,Betul APMC,Bengal Gram(Gram)(Whole),Desi (F.A.Q. Split),Non-FAQ,2026-03-09,3000.0,5001.0,5001.0,0.49000000000000005,Rs./Quintal,Metric Tonnes
Madhya Pradesh,Betul,Betul APMC,Gur(Jaggery),Jaggery,FAQ,2026-03-09,3600.0,3600.0,3600.0,16.6,Rs./Quintal,Metric Tonnes
Madhya Pradesh,Betul,Betul APMC,Maize,Local,Non-FAQ,2026-03-09,1490.0,1500.0,1500.0,291.985,Rs./Quintal,Metric Tonnes
Madhya Pradesh,Betul,Betul APMC,Maize,Local,FAQ,2026-03-09,1599.0,1605.0,1605.0,37.0,Rs./Quintal,Metric Tonnes
Madhya Pradesh,Betul,Betul APMC,Maize,Yellow,FAQ,2026-03-09,1400.0,1400.0,1400.0,28.0,Rs./Quintal,Metric Tonnes
Madhya Pradesh,Betul,Betul APMC,Maize,Deshi Red,FAQ,2026-03-09,1266.0,1850.0,1620.0,1211.285,Rs./Quintal,Metric Tonnes
Madhya Pradesh,Betul,Betul APMC,Mustard,Mustard,FAQ,2026-03-09,5300.0,5390.0,5300.0,7.405,Rs./Quintal,Metric Tonnes
Madhya Pradesh,Betul,Betul APMC,Mustard,Mustard,Non-FAQ,2026-03-09,5150.0,5375.0,5375.0,4.555,Rs./Quintal,Metric Tonnes
Madhya Pradesh,Betul,Betul APMC,Red gram/Arhar/Tur(whole),Arhar Dal(Tur),FAQ,2026-03-09,6850.0,7701.0,7701.0,1.57,Rs./Quintal,Metric Tonnes
Madhya Pradesh,Betul,Betul APMC,Red gram/Arhar/Tur(whole),Arhar Dal(Tur),Non-FAQ,2026-03-09,7100.0,7750.0,7750.0,1.395,Rs./Quintal,Metric Tonnes
Madhya Pradesh,Betul,Betul APMC,Soyabean,Soyabeen,FAQ,2026-03-09,4700.0,5600.0,4850.0,79.11500000000001,Rs./Quintal,Metric Tonnes
Madhya Pradesh,Betul,Betul APMC,Soyabean,Yellow,Non-FAQ,2026-03-09,4425.0,5150.0,5150.0,32.7,Rs./Quintal,Metric Tonnes
Madhya Pradesh,Betul,Betul APMC,Wheat,Mill Quality,FAQ,2026-03-09,2000.0,2400.0,2335.0,266.646,Rs./Quintal,Metric Tonnes
Madhya Pradesh,Betul,Betul APMC,Wheat,Local,FAQ,2026-03-09,2400.0,2400.0,2400.0,22.0,Rs./Quintal,Metric Tonnes
Madhya Pradesh,Betul,Betul APMC,Wheat,Wheat,FAQ,2026-03-09,2395.0,2395.0,2395.0,36.0,Rs./Quintal,Metric Tonnes
Madhya Pradesh,Datia,Bhander APMC,Mustard,Mustard,FAQ,2026-03-09,6005.0,6005.0,6005.0,2.545,Rs./Quintal,Metric Tonnes
Madhya Pradesh,Datia,Bhander APMC,Wheat,Other,FAQ,2026-03-09,2235.0,2308.0,2254.0,292.395,Rs./Quintal,Metric Tonnes
Madhya Pradesh,Datia,Bhander APMC,Wheat,Mill Quality,FAQ,2026-03-09,2247.0,2360.0,2300.0,264.575,Rs./Quintal,Metric Tonnes
Madhya Pradesh,Betul,Bhensdehi APMC,Bengal Gram(Gram)(Whole),Gram,FAQ,2026-03-09,5190.0,5190.0,5190.0,0.734,Rs./Quintal,Metric Tonnes
Madhya Pradesh,Betul,Bhensdehi APMC,Maize,Local,FAQ,2026-03-09,1450.0,1631.0,1610.0,63.233000000000004,Rs./Quintal,Metric Tonnes
Madhya Pradesh,Betul,Bhensdehi APMC,Red gram/Arhar/Tur(whole),Arhar Dal(Tur),FAQ,2026-03-09,6500.0,6500.0,6500.0,0.43,Rs./Quintal,Metric Tonnes
Madhya Pradesh,Betul,Bhensdehi APMC,Wheat,Wheat,FAQ,2026-03-09,2150.0,2199.0,2199.0,8.907,Rs./Quintal,Metric Tonnes
Madhya Pradesh,Khargone,Bhikangaon APMC,Bengal Gram(Gram)(Whole),Gram,FAQ,2026-03-09,4945.0,6130.0,5085.0,113.91300000000001,Rs./Quintal,Metric Tonnes
Madhya Pradesh,Khargone,Bhikangaon APMC,Cotton,Without Ginned Cotton,FAQ,2026-03-09,5996.0,7400.0,7400.0,5.5920000000000005,Rs./Quintal,Metric Tonnes
Madhya Pradesh,Khargone,Bhikangaon APMC,Maize,Local,FAQ,2026-03-09,1100.0,1920.0,1585.0,192.333,Rs./Quintal,Metric Tonnes
Madhya Pradesh,Khargone,Bhikangaon APMC,Red gram/Arhar/Tur(whole),Arhar Dal(Tur),FAQ,2026-03-09,6100.0,7495.0,7495.0,13.565000000000001,Rs./Quintal,Metric Tonnes
Madhya Pradesh,Khargone,Bhikangaon APMC,Soyabean,Soyabeen,FAQ,2026-03-09,4295.0,5585.0,5585.0,20.564,Rs./Quintal,Metric Tonnes
Madhya Pradesh,Khargone,Bhikangaon APMC,Wheat,Wheat,FAQ,2026-03-09,1400.0,2580.0,2250.0,612.819,Rs./Quintal,Metric Tonnes
Madhya Pradesh,Khargone,Bhikangaon APMC,Wheat,Wheat Mix,FAQ,2026-03-09,2241.0,2311.0,2311.0,5.375,Rs./Quintal,Metric Tonnes
Madhya Pradesh,Bhind,Bhind APMC,Bajra(Pearl Millet/Cumbu),Millet,Non-FAQ,2026-03-09,1776.0,2391.0,2200.0,54.800000000000004,Rs./Quintal,Metric Tonnes
Madhya Pradesh,Bhind,Bhind APMC,Mustard,Mustard,Non-FAQ,2026-03-09,6100.0,6610.0,6435.0,29.064999999999998,Rs./Quintal,Metric Tonnes
Madhya Pradesh,Bhind,Bhind APMC,Wheat,Wheat,Non-FAQ,2026-03-09,2275.0,2360.0,2315.0,14.9,Rs./Quintal,Metric Tonnes
Madhya Pradesh,Gwalior,Bhitarwar APMC,Bengal Gram(Gram)(Whole),Gram,Non-FAQ,2026-03-09,4625.0,4625.0,4625.0,3.35,Rs./Quintal,Metric Tonnes
Madhya Pradesh,Gwalior,Bhitarwar APMC,Wheat,Mill Quality,Non-FAQ,2026-03-09,2100.0,2365.0,2340.0,104.94000000000001,Rs./Quintal,Metric Tonnes
Madhya Pradesh,Bhopal,Bhopal APMC,Bengal Gram(Gram)(Whole),Gram,FAQ,2026-03-09,4295.0,5000.0,5000.0,4.05,Rs./Quintal,Metric Tonnes
Madhya Pradesh,Bhopal,Bhopal APMC,Garlic,Desi,FAQ,2026-03-09,5300.0,6450.0,6450.0,2.1940000000000004,Rs./Quintal,Metric Tonnes
Madhya Pradesh,Bhopal,Bhopal APMC,Garlic,Garlic,FAQ,2026-03-09,200.0,10650.0,4000.0,212.46900000000002,Rs./Quintal,Metric Tonnes
Madhya Pradesh,Bhopal,Bhopal APMC,Garlic,China,FAQ,2026-03-09,3000.0,6100.0,6100.0,1.706,Rs./Quintal,Metric Tonnes
Madhya Pradesh,Bhopal,Bhopal APMC,Gur(Jaggery),Jaggery,FAQ,2026-03-09,6472.6,6472.6,6472.6,6.57,Rs./Quintal,Metric Tonnes
Madhya Pradesh,Bhopal,Bhopal APMC,Mustard,Mustard,FAQ,2026-03-09,5600.0,6400.0,6400.0,3.8640000000000003,Rs./Quintal,Metric Tonnes
Madhya Pradesh,Bhopal,Bhopal APMC,Paddy(Common),Paddy,FAQ,2026-03-09,3710.0,3850.0,3850.0,4.897,Rs./Quintal,Metric Tonnes
Madhya Pradesh,Bhopal,Bhopal APMC,Soyabean,Soyabeen,FAQ,2026-03-09,4700.0,5507.0,5507.0,9.716000000000001,Rs./Quintal,Metric Tonnes
Madhya Pradesh,Bhopal,Bhopal APMC,Wheat,Wheat,FAQ,2026-03-09,2100.0,2612.0,2361.0,171.584,Rs./Quintal,Metric Tonnes
Madhya Pradesh,Rajgarh,Biaora APMC,Mustard,Mustard,FAQ,2026-03-09,5200.0,5605.0,5605.0,6.8950000000000005,Rs./Quintal,Metric Tonnes
Madhya Pradesh,Rajgarh,Biaora APMC,Wheat,Wheat,FAQ,2026-03-09,2200.0,2200.0,2200.0,4.28,Rs./Quintal,Metric Tonnes
Madhya Pradesh,Chhatarpur,Bijawar APMC,Bengal Gram(Gram)(Whole),Gram,Non-FAQ,2026-03-09,4975.0,4975.0,4975.0,10.0,Rs./Quintal,Metric Tonnes
Madhya Pradesh,Chhatarpur,Bijawar APMC,Mustard,Mustard,FAQ,2026-03-09,5980.0,6200.0,6200.0,26.372000000000003,Rs./Quintal,Metric Tonnes
Madhya Pradesh,Chhatarpur,Bijawar APMC,Mustard,Sarson(Black),FAQ,2026-03-09,6000.0,6010.0,6000.0,12.8,Rs./Quintal,Metric Tonnes
Madhya Pradesh,Chhatarpur,Bijawar APMC,Wheat,Wheat,Non-FAQ,2026-03-09,2310.0,2310.0,2310.0,6.800000000000001,Rs./Quintal,Metric Tonnes
Madhya Pradesh,Chhatarpur,Bijawar APMC,Wheat,Mill Quality,Non-FAQ,2026-03-09,2266.0,2341.0,2341.0,36.0,Rs./Quintal,Metric Tonnes
Madhya Pradesh,Sagar,Bina APMC,Bengal Gram(Gram)(Whole),Gram,FAQ,2026-03-09,4400.0,5221.0,5060.0,40.195,Rs./Quintal,Metric Tonnes
Madhya Pradesh,Sagar,Bina APMC,Green Peas,Pea,FAQ,2026-03-09,2000.0,4678.0,4001.0,255.68000000000004,Rs./Quintal,Metric Tonnes
Madhya Pradesh,Sagar,Bina APMC,Lak(Teora),Tiwada,FAQ,2026-03-09,2700.0,3312.0,3200.0,55.34,Rs./Quintal,Metric Tonnes
Madhya Pradesh,Sagar,Bina APMC,Lentil(Masur)(Whole),Masur Dal,FAQ,2026-03-09,4951.0,6829.0,5700.0,228.08000000000004,Rs./Quintal,Metric Tonnes
Madhya Pradesh,Sagar,Bina APMC,Mustard,Mustard,FAQ,2026-03-09,4300.0,7300.0,6550.0,13.12,Rs./Quintal,Metric Tonnes
Madhya Pradesh,Sagar,Bina APMC,Mustard,Sarson(Black),FAQ,2026-03-09,3000.0,5885.0,5885.0,2.02,Rs./Quintal,Metric Tonnes
Madhya Pradesh,Sagar,Bina APMC,Soyabean,Soyabeen,FAQ,2026-03-09,3800.0,5394.0,5394.0,5.525,Rs./Quintal,Metric Tonnes
Madhya Pradesh,Sagar,Bina APMC,Wheat,Wheat,FAQ,2026-03-09,1800.0,2845.0,2308.0,88.855,Rs./Quintal,Metric Tonnes
Madhya Pradesh,Sagar,Bina APMC,buttery,Buttery,FAQ,2026-03-09,3000.0,4467.0,4000.0,105.805,Rs./Quintal,Metric Tonnes
Madhya Pradesh,Guna,Binaganj APMC,Bengal Gram(Gram)(Whole),Gram,FAQ,2026-03-09,4500.0,5000.0,4700.0,17.066,Rs./Quintal,Metric Tonnes
Madhya Pradesh,Guna,Binaganj APMC,Coriander(Leaves),Coriander,FAQ,2026-03-09,7550.0,20000.0,10000.0,189.64300000000003,Rs./Bundle,Bundle
Madhya Pradesh,Guna,Binaganj APMC,Lentil(Masur)(Whole),Masur Dal,FAQ,2026-03-09,5500.0,6360.0,6290.0,28.584,Rs./Quintal,Metric Tonnes
Madhya Pradesh,Guna,Binaganj APMC,Mustard,Mustard,FAQ,2026-03-09,4690.0,5890.0,5700.0,346.822,Rs./Quintal,Metric Tonnes
Madhya Pradesh,Guna,Binaganj APMC,Mustard,Mustard,Non-FAQ,2026-03-09,5550.0,5760.0,5750.0,57.45,Rs./Quintal,Metric Tonnes
Madhya Pradesh,Guna,Binaganj APMC,Wheat,Wheat,FAQ,2026-03-09,2100.0,2285.0,2185.0,81.851,Rs./Quintal,Metric Tonnes
Madhya Pradesh,Shehdol,Budhar APMC,Wheat,Mill Quality,Non-FAQ,2026-03-09,2350.0,2360.0,2360.0,10.0,Rs./Quintal,Metric Tonnes
Madhya Pradesh,Burhanpur,Burhanpur APMC,Bengal Gram(Gram)(Whole),Gram,FAQ,2026-03-09,4715.0,5074.0,5000.0,37.073,Rs./Quintal,Metric Tonnes
Madhya Pradesh,Burhanpur,Burhanpur APMC,Bengal Gram(Gram)(Whole),Chana Kabuli,FAQ,2026-03-09,7000.0,7000.0,7000.0,25.025000000000002,Rs./Quintal,Metric Tonnes
Madhya Pradesh,Burhanpur,Burhanpur APMC,Bengal Gram(Gram)(Whole),Gram,Non-FAQ,2026-03-09,4786.0,5176.0,5100.0,90.114,Rs./Quintal,Metric Tonnes
Madhya Pradesh,Burhanpur,Burhanpur APMC,Bengal Gram(Gram)(Whole),Chana Kabuli,Non-FAQ,2026-03-09,4500.0,7025.0,6800.0,24.87,Rs./Quintal,Metric Tonnes
Madhya Pradesh,Burhanpur,Burhanpur APMC,Cotton,Medium Fiber,FAQ,2026-03-09,7000.0,7326.0,7326.0,19.152,Rs./Quintal,Metric Tonnes
Madhya Pradesh,Burhanpur,Burhanpur APMC,Kabuli Chana(Chickpeas-White),Dollar Gram,FAQ,2026-03-09,7700.0,8000.0,7800.0,22.665000000000003,Rs./Quintal,Metric Tonnes
Madhya Pradesh,Burhanpur,Burhanpur APMC,Maize,Local,FAQ,2026-03-09,1125.0,1500.0,1500.0,185.47000000000003,Rs./Quintal,Metric Tonnes
Madhya Pradesh,Burhanpur,Burhanpur APMC,Maize,Local,Non-FAQ,2026-03-09,1395.0,1690.0,1690.0,8.078000000000001,Rs./Quintal,Metric Tonnes
Madhya Pradesh,Burhanpur,Burhanpur APMC,Red gram/Arhar/Tur(whole),Arhar Dal(Tur),Non-FAQ,2026-03-09,5025.0,7795.0,7795.0,40.72200000000001,Rs./Quintal,Metric Tonnes
Madhya Pradesh,Burhanpur,Burhanpur APMC,Red gram/Arhar/Tur(whole),Arhar Dal(Tur),FAQ,2026-03-09,6400.0,7551.0,7551.0,4.795000000000001,Rs./Quintal,Metric Tonnes
Madhya Pradesh,Burhanpur,Burhanpur APMC,Soyabean,Soyabeen,Non-FAQ,2026-03-09,5350.0,5656.0,5656.0,0.317,Rs./Quintal,Metric Tonnes
Madhya Pradesh,Burhanpur,Burhanpur APMC,Wheat,Wheat,Non-FAQ,2026-03-09,1800.0,2319.0,1800.0,66.97000000000001,Rs./Quintal,Metric Tonnes
Madhya Pradesh,Burhanpur,Burhanpur APMC,Wheat,Wheat,FAQ,2026-03-09,2450.0,2450.0,2450.0,3.3950000000000005,Rs./Quintal,Metric Tonnes
Madhya Pradesh,Burhanpur,Burhanpur(F&V) APMC,Banana,Khandesh,Grade A,2026-03-09,600.0,1200.0,1000.0,3.1,Rs./Quintal,Metric Tonnes
Madhya Pradesh,Burhanpur,Burhanpur(F&V) APMC,Bhindi(Ladies Finger),Bhindi,Medium,2026-03-09,2000.0,3500.0,3000.0,0.4,Rs./Quintal,Metric Tonnes
Madhya Pradesh,Burhanpur,Burhanpur(F&V) APMC,Bitter gourd,Bitter Gourd,Medium,2026-03-09,2500.0,3300.0,3000.0,0.5,Rs./Quintal,Metric Tonnes
Madhya Pradesh,Burhanpur,Burhanpur(F&V) APMC,Bottle gourd,Bottle Gourd,Medium,2026-03-09,1000.0,1500.0,1300.0,0.9,Rs./Quintal,Metric Tonnes
Madhya Pradesh,Burhanpur,Burhanpur(F&V) APMC,Brinjal,Brinjal,Local,2026-03-09,1000.0,1600.0,1400.0,2.4000000000000004,Rs./Quintal,Metric Tonnes
Madhya Pradesh,Burhanpur,Burhanpur(F&V) APMC,Cabbage,Cabbage,Medium,2026-03-09,500.0,800.0,650.0,3.0,Rs./Quintal,Metric Tonnes
Madhya Pradesh,Burhanpur,Burhanpur(F&V) APMC,Cauliflower,Local,Local,2026-03-09,1500.0,2000.0,1800.0,1.2000000000000002,Rs./Quintal,Metric Tonnes
Madhya Pradesh,Burhanpur,Burhanpur(F&V) APMC,Chikoos(Sapota),Other,Grade A,2026-03-09,2000.0,3000.0,2800.0,0.5,Rs./Quintal,Metric Tonnes
Madhya Pradesh,Burhanpur,Burhanpur(F&V) APMC,Cucumbar(Kheera),Cucumbar,Medium,2026-03-09,500.0,1000.0,800.0,4.0,Rs./Quintal,Metric Tonnes
Madhya Pradesh,Burhanpur,Burhanpur(F&V) APMC,Grapes,Other,Grade A,2026-03-09,4500.0,9000.0,8000.0,1.2000000000000002,Rs./Quintal,Metric Tonnes
Madhya Pradesh,Burhanpur,Burhanpur(F&V) APMC,Green Chilli,Green Chilly,Medium,2026-03-09,3000.0,6000.0,5000.0,0.9,Rs./Quintal,Metric Tonnes
Madhya Pradesh,Burhanpur,Burhanpur(F&V) APMC,Guar,Gwar,Medium,2026-03-09,2500.0,4500.0,4000.0,0.30000000000000004,Rs./Quintal,Metric Tonnes
Madhya Pradesh,Burhanpur,Burhanpur(F&V) APMC,Karbuja(Musk Melon),Karbhuja,Grade A,2026-03-09,1000.0,1300.0,1200.0,3.8000000000000003,Rs./Quintal,Metric Tonnes
Madhya Pradesh,Burhanpur,Burhanpur(F&V) APMC,Lemon,Lemon,Medium,2026-03-09,5000.0,8000.0,6000.0,0.2,Rs./Quintal,Metric Tonnes
Madhya Pradesh,Burhanpur,Burhanpur(F&V) APMC,Mousambi(Sweet Lime),Mousambi,Grade A,2026-03-09,1600.0,3000.0,2500.0,0.5,Rs./Quintal,Metric Tonnes
Madhya Pradesh,Burhanpur,Burhanpur(F&V) APMC,Onion,Local,Local,2026-03-09,500.0,1500.0,1200.0,5.6000000000000005,Rs./Quintal,Metric Tonnes
Madhya Pradesh,Burhanpur,Burhanpur(F&V) APMC,Papaya,Other,Grade A,2026-03-09,1200.0,1800.0,1600.0,0.9,Rs./Quintal,Metric Tonnes
Madhya Pradesh,Burhanpur,Burhanpur(F&V) APMC,Potato,Local,Local,2026-03-09,700.0,1200.0,1000.0,6.0,Rs./Quintal,Metric Tonnes
Madhya Pradesh,Burhanpur,Burhanpur(F&V) APMC,Pumpkin,Other,Medium,2026-03-09,1200.0,1600.0,1400.0,0.5,Rs./Quintal,Metric Tonnes
Madhya Pradesh,Burhanpur,Burhanpur(F&V) APMC,Tinda,Tinda,Medium,2026-03-09,2500.0,3500.0,3000.0,0.30000000000000004,Rs./Quintal,Metric Tonnes
Madhya Pradesh,Burhanpur,Burhanpur(F&V) APMC,Tomato,Other,Medium,2026-03-09,500.0,1000.0,800.0,7.300000000000001,Rs./Quintal,Metric Tonnes
Madhya Pradesh,Ashoknagar,Chanderi APMC,Barley(Jau),Barley,Non-FAQ,2026-03-09,1802.0,1923.0,1923.0,12.805000000000001,Rs./Quintal,Metric Tonnes
Madhya Pradesh,Ashoknagar,Chanderi APMC,Lentil(Masur)(Whole),Masur Dal,Non-FAQ,2026-03-09,5730.0,5770.0,5770.0,6.111000000000001,Rs./Quintal,Metric Tonnes
Madhya Pradesh,Ashoknagar,Chanderi APMC,Maize,Local,Non-FAQ,2026-03-09,1535.0,1559.0,1559.0,11.977,Rs./Quintal,Metric Tonnes
Madhya Pradesh,Ashoknagar,Chanderi APMC,Mustard,Mustard,Non-FAQ,2026-03-09,5500.0,6160.0,6000.0,155.991,Rs./Quintal,Metric Tonnes
Madhya Pradesh,Ashoknagar,Chanderi APMC,Wheat,Wheat,Non-FAQ,2026-03-09,2000.0,2227.0,2224.0,28.909,Rs./Quintal,Metric Tonnes
Madhya Pradesh,Chhatarpur,Chattarpur(F&V) APMC,Bottle gourd,Other,Grade B,2026-03-09,1600.0,1600.0,1600.0,1.8,Rs./Quintal,Metric Tonnes
Madhya Pradesh,Chhatarpur,Chattarpur(F&V) APMC,Capsicum,Other,Grade B,2026-03-09,1700.0,1700.0,1700.0,1.7,Rs./Quintal,Metric Tonnes
Madhya Pradesh,Chhatarpur,Chattarpur(F&V) APMC,Cauliflower,Other,Grade B,2026-03-09,1500.0,1500.0,1500.0,0.7,Rs./Quintal,Metric Tonnes
Madhya Pradesh,Chhatarpur,Chattarpur(F&V) APMC,Cucumbar(Kheera),Other,Grade B,2026-03-09,1700.0,1700.0,1700.0,2.6,Rs./Quintal,Metric Tonnes
Madhya Pradesh,Chhatarpur,Chattarpur(F&V) APMC,Onion,Other,Grade B,2026-03-09,1200.0,1200.0,1200.0,2.5,Rs./Quintal,Metric Tonnes
Madhya Pradesh,Chhatarpur,Chattarpur(F&V) APMC,Peas Wet,Other,Grade B,2026-03-09,2200.0,2200.0,2200.0,0.4,Rs./Quintal,Metric Tonnes
Madhya Pradesh,Chhatarpur,Chattarpur(F&V) APMC,Potato,Other,Grade B,2026-03-09,700.0,700.0,700.0,9.5,Rs./Quintal,Metric Tonnes
Madhya Pradesh,Chhatarpur,Chattarpur(F&V) APMC,Pumpkin,Other,Grade B,2026-03-09,2000.0,2000.0,2000.0,0.5,Rs./Quintal,Metric Tonnes
Madhya Pradesh,Chhatarpur,Chattarpur(F&V) APMC,Tomato,Other,Grade B,2026-03-09,400.0,400.0,400.0,2.5,Rs./Quintal,Metric Tonnes
Madhya Pradesh,Chhatarpur,Chattarpur(F&V) APMC,Water Melon,Other,Grade B,2026-03-09,2000.0,2000.0,2000.0,0.8,Rs./Quintal,Metric Tonnes
Madhya Pradesh,Chhindwara,Chaurai APMC,Bengal Gram(Gram)(Whole),Desi (F.A.Q. Split),FAQ,2026-03-09,4101.0,5372.0,5372.0,0.21000000000000002,Rs./Quintal,Metric Tonnes
Madhya Pradesh,Chhindwara,Chaurai APMC,Black Gram(Urd Beans)(Whole),Urda/Urd,FAQ,2026-03-09,7300.0,7300.0,7300.0,0.1,Rs./Quintal,Metric Tonnes
Madhya Pradesh,Chhindwara,Chaurai APMC,Gur(Jaggery),Jaggery,FAQ,2026-03-09,3165.0,3500.0,3500.0,28.330000000000002,Rs./Quintal,Metric Tonnes
Madhya Pradesh,Chhindwara,Chaurai APMC,Maize,Local,Non-FAQ,2026-03-09,1600.0,1675.0,1610.0,87.7,Rs./Quintal,Metric Tonnes
Madhya Pradesh,Chhindwara,Chaurai APMC,Maize,Yellow,Non-FAQ,2026-03-09,1532.0,1620.0,1620.0,175.4,Rs./Quintal,Metric Tonnes
Madhya Pradesh,Chhindwara,Chaurai APMC,Maize,Yellow,FAQ,2026-03-09,1545.0,2276.0,1700.0,1720.494,Rs./Quintal,Metric Tonnes
Madhya Pradesh,Chhindwara,Chaurai APMC,Maize,Local,FAQ,2026-03-09,1581.0,1601.0,1601.0,35.0,Rs./Quintal,Metric Tonnes
Madhya Pradesh,Chhindwara,Chaurai APMC,Mustard,Mustard,FAQ,2026-03-09,5001.0,5001.0,5001.0,0.1,Rs./Quintal,Metric Tonnes
Madhya Pradesh,Chhindwara,Chaurai APMC,Paddy(Common),Paddy,FAQ,2026-03-09,1401.0,1450.0,1450.0,27.0,Rs./Quintal,Metric Tonnes
Madhya Pradesh,Chhindwara,Chaurai APMC,Red gram/Arhar/Tur(whole),Arhar Dal(Tur),FAQ,2026-03-09,5800.0,7490.0,7490.0,3.569,Rs./Quintal,Metric Tonnes
Madhya Pradesh,Chhindwara,Chaurai APMC,Soyabean,Soyabeen,FAQ,2026-03-09,5325.0,5325.0,5325.0,0.6000000000000001,Rs./Quintal,Metric Tonnes
Madhya Pradesh,Chhindwara,Chaurai APMC,Wheat,Wheat,FAQ,2026-03-09,2250.0,2250.0,2250.0,8.0,Rs./Quintal,Metric Tonnes
Madhya Pradesh,Chhindwara,Chaurai APMC,Wheat,Mill Quality,FAQ,2026-03-09,1901.0,2501.0,2452.0,224.39600000000002,Rs./Quintal,Metric Tonnes
Madhya Pradesh,Rajgarh,Chhapiheda APMC,Lentil(Masur)(Whole),Masur Dal,FAQ,2026-03-09,6275.0,6780.0,6375.0,4.047,Rs./Quintal,Metric Tonnes
Madhya Pradesh,Rajgarh,Chhapiheda APMC,Mustard,Mustard,FAQ,2026-03-09,5855.0,5970.0,5970.0,3.4930000000000003,Rs./Quintal,Metric Tonnes
Madhya Pradesh,Rajgarh,Chhapiheda APMC,Wheat,Wheat,FAQ,2026-03-09,2140.0,2460.0,2235.0,78.779,Rs./Quintal,Metric Tonnes
Madhya Pradesh,Chhatarpur,Chhatarpur APMC,Barley(Jau),Barley,Non-FAQ,2026-03-09,2121.0,2165.0,2150.0,57.85,Rs./Quintal,Metric Tonnes
Madhya Pradesh,Chhatarpur,Chhatarpur APMC,Groundnut,Big (With Shell),Non-FAQ,2026-03-09,5525.0,5900.0,5525.0,34.7,Rs./Quintal,Metric Tonnes
Madhya Pradesh,Chhatarpur,Chhatarpur APMC,Mustard,Mustard,Non-FAQ,2026-03-09,5808.0,6100.0,6050.0,58.629999999999995,Rs./Quintal,Metric Tonnes
Madhya Pradesh,Chhatarpur,Chhatarpur APMC,Mustard,Mustard,FAQ,2026-03-09,5600.0,6000.0,5800.0,30.1,Rs./Quintal,Metric Tonnes
Madhya Pradesh,Chhatarpur,Chhatarpur APMC,Soyabean,Soyabeen,Non-FAQ,2026-03-09,5000.0,5100.0,5000.0,50.2,Rs./Quintal,Metric Tonnes
Madhya Pradesh,Chhatarpur,Chhatarpur APMC,Wheat,Mill Quality,Non-FAQ,2026-03-09,2240.0,2355.0,2240.0,180.54000000000002,Rs./Quintal,Metric Tonnes
Madhya Pradesh,Chhatarpur,Chhatarpur APMC,Wheat,Wheat,FAQ,2026-03-09,2200.0,2210.0,2200.0,63.915,Rs./Quintal,Metric Tonnes
Madhya Pradesh,Chhindwara,Chhindwara APMC,Bengal Gram(Gram)(Whole),Desi (F.A.Q. Split),FAQ,2026-03-09,4301.0,4500.0,4500.0,0.4,Rs./Quintal,Metric Tonnes
Madhya Pradesh,Chhindwara,Chhindwara APMC,Bengal Gram(Gram)(Whole),Gram,FAQ,2026-03-09,4050.0,4785.0,4785.0,0.572,Rs./Quintal,Metric Tonnes
Madhya Pradesh,Chhindwara,Chhindwara APMC,Gur(Jaggery),Jaggery,FAQ,2026-03-09,3603.0,3603.0,3603.0,13.908000000000001,Rs./Quintal,Metric Tonnes
Madhya Pradesh,Chhindwara,Chhindwara APMC,Lentil(Masur)(Whole),Masur Dal,FAQ,2026-03-09,5600.0,5600.0,5600.0,0.2,Rs./Quintal,Metric Tonnes
Madhya Pradesh,Chhindwara,Chhindwara APMC,Maize,Deshi Red,FAQ,2026-03-09,1611.0,1650.0,1611.0,46.800000000000004,Rs./Quintal,Metric Tonnes
Madhya Pradesh,Chhindwara,Chhindwara APMC,Maize,Local,Non-FAQ,2026-03-09,1620.0,1620.0,1620.0,2.5250000000000004,Rs./Quintal,Metric Tonnes
Madhya Pradesh,Chhindwara,Chhindwara APMC,Maize,Local,FAQ,2026-03-09,1500.0,1840.0,1783.0,2403.792,Rs./Quintal,Metric Tonnes
Madhya Pradesh,Chhindwara,Chhindwara APMC,Paddy(Common),Paddy,FAQ,2026-03-09,1920.0,1922.0,1922.0,30.900000000000002,Rs./Quintal,Metric Tonnes
Madhya Pradesh,Chhindwara,Chhindwara APMC,Paddy(Common),Paddy,Non-FAQ,2026-03-09,1929.0,1934.0,1934.0,20.3,Rs./Quintal,Metric Tonnes
Madhya Pradesh,Chhindwara,Chhindwara APMC,Red gram/Arhar/Tur(whole),Arhar Dal(Tur),FAQ,2026-03-09,6000.0,7522.0,7100.0,22.766000000000002,Rs./Quintal,Metric Tonnes
Madhya Pradesh,Chhindwara,Chhindwara APMC,Soyabean,Soyabeen,FAQ,2026-03-09,4460.0,5514.0,5320.0,61.45,Rs./Quintal,Metric Tonnes
Madhya Pradesh,Chhindwara,Chhindwara APMC,Wheat,Wheat,FAQ,2026-03-09,2211.0,2561.0,2425.0,187.39300000000003,Rs./Quintal,Metric Tonnes
Madhya Pradesh,Chhindwara,Chhindwara APMC,Wheat,Mill Quality,FAQ,2026-03-09,2000.0,2521.0,2376.0,120.976,Rs./Quintal,Metric Tonnes
Madhya Pradesh,Seoni,Chhpara APMC,Maize,Yellow,Non-FAQ,2026-03-09,1610.0,1660.0,1660.0,69.10000000000001,Rs./Quintal,Metric Tonnes
Madhya Pradesh,Seoni,Chhpara APMC,Maize,Yellow,FAQ,2026-03-09,1505.0,1525.0,1525.0,48.5,Rs./Quintal,Metric Tonnes
Madhya Pradesh,Seoni,Chhpara APMC,Maize,Local,Non-FAQ,2026-03-09,1615.0,1625.0,1625.0,24.0,Rs./Quintal,Metric Tonnes
Madhya Pradesh,Gwalior,Dabra APMC,Mustard,Mustard,FAQ,2026-03-09,5560.0,6380.0,6300.0,324.65000000000003,Rs./Quintal,Metric Tonnes
Madhya Pradesh,Gwalior,Dabra APMC,Wheat,Wheat,FAQ,2026-03-09,2236.0,2500.0,2300.0,189.73000000000002,Rs./Quintal,Metric Tonnes
Madhya Pradesh,Mandsaur,Daloda APMC,Bengal Gram(Gram)(Whole),Gram,FAQ,2026-03-09,4502.0,5000.0,5000.0,4.713,Rs./Quintal,Metric Tonnes
Madhya Pradesh,Mandsaur,Daloda APMC,Black Gram(Urd Beans)(Whole),Urda/Urd,FAQ,2026-03-09,5902.0,6280.0,6280.0,0.18500000000000003,Rs./Quintal,Metric Tonnes
Madhya Pradesh,Mandsaur,Daloda APMC,Garlic,Garlic,FAQ,2026-03-09,1000.0,14700.0,4001.0,297.13000000000005,Rs./Quintal,Metric Tonnes
Madhya Pradesh,Mandsaur,Daloda APMC,Green Peas,Pea,FAQ,2026-03-09,2700.0,3350.0,3350.0,0.6240000000000001,Rs./Quintal,Metric Tonnes
Madhya Pradesh,Mandsaur,Daloda APMC,Lentil(Masur)(Whole),Masur Dal,FAQ,2026-03-09,5400.0,6040.0,6040.0,2.95,Rs./Quintal,Metric Tonnes
Madhya Pradesh,Mandsaur,Daloda APMC,Linseed,Flaxseed,FAQ,2026-03-09,7001.0,7821.0,7300.0,5.529,Rs./Quintal,Metric Tonnes
Madhya Pradesh,Mandsaur,Daloda APMC,Maize,Local,FAQ,2026-03-09,1441.0,1466.0,1466.0,1.03,Rs./Quintal,Metric Tonnes
Madhya Pradesh,Mandsaur,Daloda APMC,Methi Seeds,Methiseeds,FAQ,2026-03-09,4952.0,5801.0,5000.0,4.178,Rs./Quintal,Metric Tonnes
Madhya Pradesh,Mandsaur,Daloda APMC,Mustard,Mustard,FAQ,2026-03-09,5301.0,6011.0,5951.0,21.646,Rs./Quintal,Metric Tonnes
Madhya Pradesh,Mandsaur,Daloda APMC,Soyabean,Soyabeen,Non-FAQ,2026-03-09,4800.0,4850.0,4850.0,13.271,Rs./Quintal,Metric Tonnes
Madhya Pradesh,Mandsaur,Daloda APMC,Soyabean,Soyabeen,FAQ,2026-03-09,4300.0,5650.0,5000.0,126.12400000000001,Rs./Quintal,Metric Tonnes
Madhya Pradesh,Mandsaur,Daloda APMC,Wheat,Wheat,FAQ,2026-03-09,1691.0,2630.0,2200.0,539.879,Rs./Quintal,Metric Tonnes
Madhya Pradesh,Mandsaur,Daloda APMC,Wheat,Lokwan,FAQ,2026-03-09,2289.0,2340.0,2340.0,5.672000000000001,Rs./Quintal,Metric Tonnes
Madhya Pradesh,Mandsaur,Daloda APMC,Wheat,Lokwan,Non-FAQ,2026-03-09,2273.0,2316.0,2316.0,15.251,Rs./Quintal,Metric Tonnes
Madhya Pradesh,Mandsaur,Daloda APMC,Wheat,Local,FAQ,2026-03-09,2271.0,2361.0,2361.0,3.9380000000000006,Rs./Quintal,Metric Tonnes
Madhya Pradesh,Damoh,Damoh APMC,Bengal Gram(Gram)(Whole),Gram,FAQ,2026-03-09,3510.0,5420.0,5200.0,114.007,Rs./Quintal,Metric Tonnes
Madhya Pradesh,Damoh,Damoh APMC,Black Gram(Urd Beans)(Whole),Urda/Urd,FAQ,2026-03-09,4900.0,7540.0,7540.0,3.942,Rs./Quintal,Metric Tonnes
Madhya Pradesh,Damoh,Damoh APMC,Green Peas,Pea,FAQ,2026-03-09,2800.0,4535.0,3700.0,355.16100000000006,Rs./Quintal,Metric Tonnes
Madhya Pradesh,Damoh,Damoh APMC,Lentil(Masur)(Whole),Masur Dal,FAQ,2026-03-09,3000.0,7115.0,6855.0,362.173,Rs./Quintal,Metric Tonnes
Madhya Pradesh,Damoh,Damoh APMC,Linseed,Flaxseed,FAQ,2026-03-09,7035.0,7035.0,7035.0,0.30200000000000005,Rs./Quintal,Metric Tonnes
Madhya Pradesh,Damoh,Damoh APMC,Maize,Local,FAQ,2026-03-09,1425.0,1600.0,1600.0,106.32000000000001,Rs./Quintal,Metric Tonnes
Madhya Pradesh,Damoh,Damoh APMC,Mustard,Mustard,FAQ,2026-03-09,2905.0,6900.0,5455.0,44.395,Rs./Quintal,Metric Tonnes
Madhya Pradesh,Damoh,Damoh APMC,Red gram/Arhar/Tur(whole),Arhar Dal(Tur),FAQ,2026-03-09,4500.0,7850.0,7850.0,23.739,Rs./Quintal,Metric Tonnes
Madhya Pradesh,Damoh,Damoh APMC,Soyabean,Soyabeen,FAQ,2026-03-09,4530.0,5385.0,5100.0,79.858,Rs./Quintal,Metric Tonnes
Madhya Pradesh,Damoh,Damoh APMC,Soyabean,Yellow,FAQ,2026-03-09,4960.0,5200.0,5200.0,10.895000000000001,Rs./Quintal,Metric Tonnes
Madhya Pradesh,Damoh,Damoh APMC,Wheat,Mill Quality,FAQ,2026-03-09,2050.0,2050.0,2050.0,5.120000000000001,Rs./Quintal,Metric Tonnes
Madhya Pradesh,Damoh,Damoh APMC,buttery,Buttery,FAQ,2026-03-09,2800.0,4410.0,3700.0,62.818,Rs./Quintal,Metric Tonnes
Madhya Pradesh,Datia,Datia APMC,Barley(Jau),Barley,FAQ,2026-03-09,1770.0,1985.0,1985.0,8.815000000000001,Rs./Quintal,Metric Tonnes
Madhya Pradesh,Datia,Datia APMC,Mustard,Mustard,FAQ,2026-03-09,5960.0,6375.0,6250.0,127.759,Rs./Quintal,Metric Tonnes
Madhya Pradesh,Datia,Datia APMC,Mustard,Mustard,Non-FAQ,2026-03-09,5380.0,5500.0,5500.0,27.5,Rs./Quintal,Metric Tonnes
Madhya Pradesh,Datia,Datia APMC,Wheat,Mill Quality,FAQ,2026-03-09,2175.0,2301.0,2301.0,129.23,Rs./Quintal,Metric Tonnes
Madhya Pradesh,Sagar,Deori APMC,Bengal Gram(Gram)(Whole),Gram,FAQ,2026-03-09,5050.0,5050.0,5050.0,3.95,Rs./Quintal,Metric Tonnes
Madhya Pradesh,Sagar,Deori APMC,Bengal Gram(Gram)(Whole),Desi (F.A.Q. Split),FAQ,2026-03-09,4990.0,5060.0,5060.0,7.95,Rs./Quintal,Metric Tonnes
Madhya Pradesh,Sagar,Deori APMC,Bengal Gram(Gram)(Whole),Gram,Non-FAQ,2026-03-09,4825.0,4980.0,4940.0,43.23500000000001,Rs./Quintal,Metric Tonnes
Madhya Pradesh,Sagar,Deori APMC,Wheat,Wheat,FAQ,2026-03-09,2250.0,2350.0,2350.0,35.7,Rs./Quintal,Metric Tonnes
Madhya Pradesh,Panna,Devandranagar APMC,Mustard,Mustard,Non-FAQ,2026-03-09,5810.0,5840.0,5810.0,15.0,Rs./Quintal,Metric Tonnes
Madhya Pradesh,Panna,Devandranagar APMC,Wheat,Wheat,Non-FAQ,2026-03-09,2210.0,2250.0,2210.0,20.3,Rs./Quintal,Metric Tonnes
Madhya Pradesh,Dewas,Dewas APMC,Bengal Gram(Gram)(Whole),Gram,FAQ,2026-03-09,2100.0,6201.0,5000.0,26.076999999999998,Rs./Quintal,Metric Tonnes
Madhya Pradesh,Dewas,Dewas APMC,Coriander(Leaves),Coriander,FAQ,2026-03-09,7751.0,9861.0,9861.0,0.279,Rs./Bundle,Bundle
Madhya Pradesh,Dewas,Dewas APMC,Green Peas,Pea,FAQ,2026-03-09,3201.0,3201.0,3201.0,0.22000000000000003,Rs./Quintal,Metric Tonnes
Madhya Pradesh,Dewas,Dewas APMC,Kabuli Chana(Chickpeas-White),Dollar Gram,FAQ,2026-03-09,4410.0,8100.0,7700.0,35.256,Rs./Quintal,Metric Tonnes
Madhya Pradesh,Dewas,Dewas APMC,Lentil(Masur)(Whole),Masur Dal,FAQ,2026-03-09,5601.0,6250.0,6250.0,5.035,Rs./Quintal,Metric Tonnes
Madhya Pradesh,Dewas,Dewas APMC,Maize,Local,FAQ,2026-03-09,1151.0,1667.0,1667.0,10.372,Rs./Quintal,Metric Tonnes
Madhya Pradesh,Dewas,Dewas APMC,Mustard,Mustard,FAQ,2026-03-09,4500.0,5915.0,5840.0,75.16900000000001,Rs./Quintal,Metric Tonnes
Madhya Pradesh,Dewas,Dewas APMC,Soyabean,Soyabeen,FAQ,2026-03-09,1900.0,5600.0,5350.0,785.4380000000001,Rs./Quintal,Metric Tonnes
Madhya Pradesh,Dewas,Dewas APMC,Tamarind Fruit,Tamarind,FAQ,2026-03-09,3901.0,5451.0,5451.0,0.268,Rs./Quintal,Metric Tonnes
Madhya Pradesh,Dewas,Dewas APMC,Wheat,Wheat,FAQ,2026-03-09,1900.0,2777.0,2300.0,1656.5430000000001,Rs./Quintal,Metric Tonnes
Madhya Pradesh,Dewas,Dewas APMC,Wheat,Malwa Shakti,Non-FAQ,2026-03-09,2100.0,2250.0,2250.0,5.3580000000000005,Rs./Quintal,Metric Tonnes
Madhya Pradesh,Dewas,Dewas(F&V) APMC,Bhindi(Ladies Finger),Other,FAQ,2026-03-09,1400.0,2500.0,1750.0,1.0,Rs./Quintal,Metric Tonnes
Madhya Pradesh,Dewas,Dewas(F&V) APMC,Brinjal,Other,FAQ,2026-03-09,500.0,1200.0,800.0,1.0,Rs./Quintal,Metric Tonnes
Madhya Pradesh,Dewas,Dewas(F&V) APMC,Cabbage,Other,FAQ,2026-03-09,800.0,1700.0,1000.0,1.2000000000000002,Rs./Quintal,Metric Tonnes
Madhya Pradesh,Dewas,Dewas(F&V) APMC,Cauliflower,Other,FAQ,2026-03-09,800.0,1700.0,1250.0,1.2000000000000002,Rs./Quintal,Metric Tonnes
Madhya Pradesh,Dewas,Dewas(F&V) APMC,Garlic,Other,FAQ,2026-03-09,2500.0,8000.0,4500.0,0.30000000000000004,Rs./Quintal,Metric Tonnes
Madhya Pradesh,Dewas,Dewas(F&V) APMC,Green Chilli,Other,FAQ,2026-03-09,2500.0,5000.0,3000.0,0.8,Rs./Quintal,Metric Tonnes
Madhya Pradesh,Dewas,Dewas(F&V) APMC,Onion,Other,FAQ,2026-03-09,150.0,1600.0,900.0,3.5,Rs./Quintal,Metric Tonnes
Madhya Pradesh,Dewas,Dewas(F&V) APMC,Peas Wet,Other,FAQ,2026-03-09,2000.0,3500.0,2500.0,0.30000000000000004,Rs./Quintal,Metric Tonnes
Madhya Pradesh,Dewas,Dewas(F&V) APMC,Potato,Other,FAQ,2026-03-09,400.0,1000.0,800.0,2.5,Rs./Quintal,Metric Tonnes
Madhya Pradesh,Dewas,Dewas(F&V) APMC,Tomato,Other,FAQ,2026-03-09,300.0,1000.0,800.0,1.5,Rs./Quintal,Metric Tonnes
Madhya Pradesh,Dhar,Dhamnod APMC,Bengal Gram(Gram)(Whole),Gram,FAQ,2026-03-09,5000.0,7000.0,5205.0,139.293,Rs./Quintal,Metric Tonnes
Madhya Pradesh,Dhar,Dhamnod APMC,Cotton,Without Ginned Cotton,FAQ,2026-03-09,7191.48,7551.0,7551.0,12.019,Rs./Quintal,Metric Tonnes
Madhya Pradesh,Dhar,Dhamnod APMC,Kabuli Chana(Chickpeas-White),Dollar Gram,FAQ,2026-03-09,6500.0,8255.0,7700.0,596.432,Rs./Quintal,Metric Tonnes
Madhya Pradesh,Dhar,Dhamnod APMC,Maize,Local,FAQ,2026-03-09,1056.0,1701.0,1600.0,187.537,Rs./Quintal,Metric Tonnes
Madhya Pradesh,Dhar,Dhamnod APMC,Soyabean,Soyabeen,FAQ,2026-03-09,5570.0,5825.0,5825.0,9.9,Rs./Quintal,Metric Tonnes
Madhya Pradesh,Dhar,Dhamnod APMC,Wheat,Wheat,FAQ,2026-03-09,2140.0,2532.0,2300.0,267.868,Rs./Quintal,Metric Tonnes
Madhya Pradesh,Dhar,Dhamnod(F&V) APMC,Bhindi(Ladies Finger),Bhindi,Local,2026-03-09,1500.0,3000.0,2500.0,1.5,Rs./Quintal,Metric Tonnes
Madhya Pradesh,Dhar,Dhamnod(F&V) APMC,Bitter gourd,Bitter Gourd,Local,2026-03-09,1200.0,1800.0,1400.0,1.5,Rs./Quintal,Metric Tonnes
Madhya Pradesh,Dhar,Dhamnod(F&V) APMC,Bottle gourd,Bottle Gourd,Local,2026-03-09,600.0,800.0,700.0,2.0,Rs./Quintal,Metric Tonnes
Madhya Pradesh,Dhar,Dhamnod(F&V) APMC,Brinjal,Brinjal,Local,2026-03-09,800.0,1000.0,900.0,3.2,Rs./Quintal,Metric Tonnes
Madhya Pradesh,Dhar,Dhamnod(F&V) APMC,Cabbage,Cabbage,Local,2026-03-09,800.0,1200.0,1000.0,1.8,Rs./Quintal,Metric Tonnes
Madhya Pradesh,Dhar,Dhamnod(F&V) APMC,Carrot,Carrot,Local,2026-03-09,1000.0,1500.0,1200.0,1.0,Rs./Quintal,Metric Tonnes
Madhya Pradesh,Dhar,Dhamnod(F&V) APMC,Cauliflower,Cauliflower,Local,2026-03-09,500.0,1000.0,700.0,2.0,Rs./Quintal,Metric Tonnes
Madhya Pradesh,Dhar,Dhamnod(F&V) APMC,Cucumbar(Kheera),Cucumbar,Local,2026-03-09,800.0,1000.0,900.0,2.5,Rs./Quintal,Metric Tonnes
Madhya Pradesh,Dhar,Dhamnod(F&V) APMC,Green Chilli,Green Chilly,Local,2026-03-09,1500.0,2500.0,2000.0,1.2,Rs./Quintal,Metric Tonnes
Madhya Pradesh,Dhar,Dhamnod(F&V) APMC,Onion,Onion,Local,2026-03-09,600.0,800.0,700.0,3.5,Rs./Quintal,Metric Tonnes
Madhya Pradesh,Dhar,Dhamnod(F&V) APMC,Potato,Potato,Local,2026-03-09,700.0,900.0,800.0,2.0,Rs./Quintal,Metric Tonnes
Madhya Pradesh,Dhar,Dhamnod(F&V) APMC,Sponge gourd,Sponge gourd,Local,2026-03-09,1700.0,2000.0,1800.0,1.8,Rs./Quintal,Metric Tonnes
Madhya Pradesh,Dhar,Dhamnod(F&V) APMC,Tinda,Tinda,Local,2026-03-09,1200.0,1500.0,1300.0,1.4,Rs./Quintal,Metric Tonnes
Madhya Pradesh,Dhar,Dhamnod(F&V) APMC,Tomato,Tomato,Local,2026-03-09,700.0,1000.0,900.0,2.3,Rs./Quintal,Metric Tonnes
Madhya Pradesh,Dhar,Dhar APMC,Bengal Gram(Gram)(Whole),Gram,FAQ,2026-03-09,4900.0,5245.0,5100.0,27.522000000000006,Rs./Quintal,Metric Tonnes
Madhya Pradesh,Dhar,Dhar APMC,Green Gram(Moong)(Whole),Green (Whole),FAQ,2026-03-09,6750.0,6750.0,6750.0,0.09000000000000001,Rs./Quintal,Metric Tonnes
Madhya Pradesh,Dhar,Dhar APMC,Green Peas,Pea,FAQ,2026-03-09,2410.0,3705.0,3705.0,1.2650000000000001,Rs./Quintal,Metric Tonnes
Madhya Pradesh,Dhar,Dhar APMC,Kabuli Chana(Chickpeas-White),Dollar Gram,FAQ,2026-03-09,3505.0,8000.0,7700.0,12.75,Rs./Quintal,Metric Tonnes
Madhya Pradesh,Dhar,Dhar APMC,Maize,Local,FAQ,2026-03-09,1416.0,1576.0,1576.0,39.419000000000004,Rs./Quintal,Metric Tonnes
Madhya Pradesh,Dhar,Dhar APMC,Soyabean,Soyabeen,Non-FAQ,2026-03-09,4850.0,4900.0,4875.0,24.475,Rs./Quintal,Metric Tonnes
Madhya Pradesh,Dhar,Dhar APMC,Soyabean,Soyabeen,FAQ,2026-03-09,3000.0,5602.0,5502.0,481.436,Rs./Quintal,Metric Tonnes
Madhya Pradesh,Dhar,Dhar APMC,Wheat,Wheat,FAQ,2026-03-09,1800.0,2730.0,2400.0,1045.7350000000001,Rs./Quintal,Metric Tonnes
Madhya Pradesh,Dhar,Dhar APMC,Wheat,Local,FAQ,2026-03-09,2150.0,2185.0,2185.0,40.244,Rs./Quintal,Metric Tonnes
Madhya Pradesh,Dhar,Dhar APMC,Wheat,Wheat,Non-FAQ,2026-03-09,2211.0,2411.0,2411.0,7.723000000000001,Rs./Quintal,Metric Tonnes
Madhya Pradesh,Dhar,Dhar APMC,Wheat,Mill Quality,FAQ,2026-03-09,1900.0,1900.0,1900.0,3.0,Rs./Quintal,Metric Tonnes
Madhya Pradesh,Dhar,Dhar APMC,Wheat,Lokwan,FAQ,2026-03-09,2275.0,2350.0,2300.0,69.081,Rs./Quintal,Metric Tonnes
Madhya Pradesh,Dindori,Dindori APMC,Paddy(Common),Dhan,Non-FAQ,2026-03-09,1950.0,1950.0,1950.0,6.5,Rs./Quintal,Metric Tonnes
Madhya Pradesh,Dindori,Dindori APMC,Paddy(Common),Other,Non-FAQ,2026-03-09,2075.0,2100.0,2100.0,8.325000000000001,Rs./Quintal,Metric Tonnes
Madhya Pradesh,Dindori,Dindori APMC,Wheat,Local,Non-FAQ,2026-03-09,2250.0,2300.0,2300.0,10.5,Rs./Quintal,Metric Tonnes
Madhya Pradesh,Narsinghpur,Gadarwada APMC,Bengal Gram(Gram)(Whole),Gram,FAQ,2026-03-09,5020.0,5360.0,5301.0,6.335000000000001,Rs./Quintal,Metric Tonnes
Madhya Pradesh,Narsinghpur,Gadarwada APMC,Bengal Gram(Gram)(Whole),Gram,Non-FAQ,2026-03-09,5150.0,5300.0,5300.0,2.065,Rs./Quintal,Metric Tonnes
Madhya Pradesh,Narsinghpur,Gadarwada APMC,Bengal Gram(Gram)(Whole),Desi (F.A.Q. Split),Non-FAQ,2026-03-09,4520.0,5100.0,4800.0,62.08500000000001,Rs./Quintal,Metric Tonnes
Madhya Pradesh,Narsinghpur,Gadarwada APMC,Green Gram(Moong)(Whole),Green (Whole),FAQ,2026-03-09,2101.0,7800.0,7800.0,0.525,Rs./Quintal,Metric Tonnes
Madhya Pradesh,Narsinghpur,Gadarwada APMC,Gur(Jaggery),Jaggery,FAQ,2026-03-09,3100.0,3200.0,3200.0,25.02,Rs./Quintal,Metric Tonnes
Madhya Pradesh,Narsinghpur,Gadarwada APMC,Lentil(Masur)(Whole),Masur Dal,FAQ,2026-03-09,5261.0,5901.0,5901.0,0.47500000000000003,Rs./Quintal,Metric Tonnes
Madhya Pradesh,Narsinghpur,Gadarwada APMC,Paddy(Common),Puspa (MR 301),FAQ,2026-03-09,3460.0,3882.0,3882.0,8.705,Rs./Quintal,Metric Tonnes
Madhya Pradesh,Narsinghpur,Gadarwada APMC,Red gram/Arhar/Tur(whole),Arhar Dal(Tur),FAQ,2026-03-09,6901.0,8182.0,8080.0,17.075,Rs./Quintal,Metric Tonnes
Madhya Pradesh,Narsinghpur,Gadarwada APMC,Soyabean,Soyabeen,FAQ,2026-03-09,5370.0,5525.0,5525.0,1.385,Rs./Quintal,Metric Tonnes
Madhya Pradesh,Narsinghpur,Gadarwada APMC,Wheat,Mill Quality,FAQ,2026-03-09,2220.0,2254.0,2241.0,22.67,Rs./Quintal,Metric Tonnes
Madhya Pradesh,Raisen,Gairatganj APMC,Bengal Gram(Gram)(Whole),Gram,Non-FAQ,2026-03-09,4671.0,5208.0,5206.0,12.270000000000001,Rs./Quintal,Metric Tonnes
Madhya Pradesh,Raisen,Gairatganj APMC,Bengal Gram(Gram)(Whole),Gram,FAQ,2026-03-09,5260.0,5260.0,5260.0,1.0,Rs./Quintal,Metric Tonnes
Madhya Pradesh,Raisen,Gairatganj APMC,Lak(Teora),Tiwada,FAQ,2026-03-09,3040.0,3285.0,3265.0,16.5,Rs./Quintal,Metric Tonnes
Madhya Pradesh,Raisen,Gairatganj APMC,Lentil(Masur)(Whole),Masur Dal,Non-FAQ,2026-03-09,5705.0,6705.0,6071.0,3.791,Rs./Quintal,Metric Tonnes
Madhya Pradesh,Raisen,Gairatganj APMC,Lentil(Masur)(Whole),Masur Dal,FAQ,2026-03-09,6040.0,6150.0,6150.0,0.7000000000000001,Rs./Quintal,Metric Tonnes
Madhya Pradesh,Raisen,Gairatganj APMC,Mustard,Mustard,Non-FAQ,2026-03-09,5380.0,5705.0,5705.0,0.267,Rs./Quintal,Metric Tonnes
Madhya Pradesh,Raisen,Gairatganj APMC,Paddy(Common),Basmati,FAQ,2026-03-09,3700.0,4065.0,4030.0,73.8,Rs./Quintal,Metric Tonnes
Madhya Pradesh,Raisen,Gairatganj APMC,Red gram/Arhar/Tur(whole),Arhar Dal(Tur),Non-FAQ,2026-03-09,7201.0,7501.0,7501.0,5.413,Rs./Quintal,Metric Tonnes
Madhya Pradesh,Raisen,Gairatganj APMC,Wheat,Wheat,Non-FAQ,2026-03-09,2150.0,2795.0,2795.0,66.28500000000001,Rs./Quintal,Metric Tonnes
Madhya Pradesh,Dhar,Gandhwani APMC,Bengal Gram(Gram)(Whole),Desi (F.A.Q. Split),FAQ,2026-03-09,5000.0,5000.0,5000.0,6.699,Rs./Quintal,Metric Tonnes
Madhya Pradesh,Dhar,Gandhwani APMC,Maize,Local,FAQ,2026-03-09,1417.0,1539.0,1539.0,6.800000000000001,Rs./Quintal,Metric Tonnes
Madhya Pradesh,Dhar,Gandhwani APMC,Soyabean,Soyabeen,FAQ,2026-03-09,4686.0,5150.0,5100.0,19.366,Rs./Quintal,Metric Tonnes
Madhya Pradesh,Dhar,Gandhwani APMC,Wheat,Wheat,FAQ,2026-03-09,2100.0,2360.0,2225.0,106.082,Rs./Quintal,Metric Tonnes
Madhya Pradesh,Vidisha,Ganjbasoda APMC,Bengal Gram(Gram)(Whole),Gram,Non-FAQ,2026-03-09,4210.0,4215.0,4210.0,42.68000000000001,Rs./Quintal,Metric Tonnes
Madhya Pradesh,Vidisha,Ganjbasoda APMC,Bengal Gram(Gram)(Whole),Gram,FAQ,2026-03-09,4200.0,5415.0,4950.0,89.38600000000001,Rs./Quintal,Metric Tonnes
Madhya Pradesh,Vidisha,Ganjbasoda APMC,Bengal Gram(Gram)(Whole),Chana mausami,FAQ,2026-03-09,4930.0,4941.0,4941.0,0.8980000000000001,Rs./Quintal,Metric Tonnes
Madhya Pradesh,Vidisha,Ganjbasoda APMC,Coriander(Leaves),Coriander,FAQ,2026-03-09,7400.0,7400.0,7400.0,0.387,Rs./Bundle,Bundle
Madhya Pradesh,Vidisha,Ganjbasoda APMC,Lak(Teora),Tiwada,FAQ,2026-03-09,2000.0,3415.0,3300.0,111.375,Rs./Quintal,Metric Tonnes
Madhya Pradesh,Vidisha,Ganjbasoda APMC,Lentil(Masur)(Whole),Masur Dal,FAQ,2026-03-09,4700.0,6860.0,6000.0,198.048,Rs./Quintal,Metric Tonnes
Madhya Pradesh,Vidisha,Ganjbasoda APMC,Maize,Local,FAQ,2026-03-09,1000.0,1625.0,1525.0,68.552,Rs./Quintal,Metric Tonnes
Madhya Pradesh,Vidisha,Ganjbasoda APMC,Mustard,Mustard,FAQ,2026-03-09,5650.0,5650.0,5650.0,0.21000000000000002,Rs./Quintal,Metric Tonnes
Madhya Pradesh,Vidisha,Ganjbasoda APMC,Mustard,Sarson(Black),FAQ,2026-03-09,5500.0,5910.0,5910.0,1.7570000000000001,Rs./Quintal,Metric Tonnes
Madhya Pradesh,Vidisha,Ganjbasoda APMC,Mustard,Yellow (Black),FAQ,2026-03-09,5735.0,5735.0,5735.0,0.463,Rs./Quintal,Metric Tonnes
Madhya Pradesh,Vidisha,Ganjbasoda APMC,Paddy(Common),Ponni,FAQ,2026-03-09,3755.0,3755.0,3755.0,2.79,Rs./Quintal,Metric Tonnes
Madhya Pradesh,Vidisha,Ganjbasoda APMC,Paddy(Common),Paddy,FAQ,2026-03-09,2420.0,4001.0,3800.0,29.276,Rs./Quintal,Metric Tonnes
Madhya Pradesh,Vidisha,Ganjbasoda APMC,Paddy(Common),Puspa (MR 301),FAQ,2026-03-09,4000.0,4000.0,4000.0,52.375,Rs./Quintal,Metric Tonnes
Madhya Pradesh,Vidisha,Ganjbasoda APMC,Soyabean,Soyabeen,Non-FAQ,2026-03-09,5000.0,5000.0,5000.0,0.627,Rs./Quintal,Metric Tonnes
Madhya Pradesh,Vidisha,Ganjbasoda APMC,Soyabean,Soyabeen,FAQ,2026-03-09,3200.0,5616.0,5460.0,28.509,Rs./Quintal,Metric Tonnes
Madhya Pradesh,Vidisha,Ganjbasoda APMC,Wheat,Wheat,FAQ,2026-03-09,2180.0,2200.0,2200.0,0.731,Rs./Quintal,Metric Tonnes
Madhya Pradesh,Vidisha,Ganjbasoda APMC,Wheat,Local,FAQ,2026-03-09,2101.0,2101.0,2101.0,1.4800000000000002,Rs./Quintal,Metric Tonnes
Madhya Pradesh,Vidisha,Ganjbasoda APMC,Wheat,Sujatha,FAQ,2026-03-09,1750.0,2521.0,2150.0,178.154,Rs./Quintal,Metric Tonnes
Madhya Pradesh,Vidisha,Ganjbasoda APMC,Wheat,PISSI,FAQ,2026-03-09,2000.0,2559.0,2480.0,78.387,Rs./Quintal,Metric Tonnes
Madhya Pradesh,Vidisha,Ganjbasoda APMC,Wheat,Malwa Shakti,FAQ,2026-03-09,2046.0,2046.0,2046.0,0.327,Rs./Quintal,Metric Tonnes
Madhya Pradesh,Vidisha,Ganjbasoda APMC,Wheat,Lokwan,FAQ,2026-03-09,2100.0,2426.0,2426.0,18.915000000000003,Rs./Quintal,Metric Tonnes
Madhya Pradesh,Vidisha,Ganjbasoda APMC,buttery,Buttery,FAQ,2026-03-09,2800.0,4400.0,3500.0,15.55,Rs./Quintal,Metric Tonnes
Madhya Pradesh,Sagar,Garhakota APMC,Bengal Gram(Gram)(Whole),Gram,FAQ,2026-03-09,4200.0,5435.0,5355.0,7.131,Rs./Quintal,Metric Tonnes
Madhya Pradesh,Sagar,Garhakota APMC,Black Gram(Urd Beans)(Whole),Urda/Urd,FAQ,2026-03-09,4805.0,4805.0,4805.0,0.35000000000000003,Rs./Quintal,Metric Tonnes
Madhya Pradesh,Sagar,Garhakota APMC,Green Peas,Pea,FAQ,2026-03-09,3355.0,4050.0,3700.0,17.846,Rs./Quintal,Metric Tonnes
Madhya Pradesh,Sagar,Garhakota APMC,Lentil(Masur)(Whole),Masur Dal,FAQ,2026-03-09,5890.0,6650.0,6075.0,10.118000000000002,Rs./Quintal,Metric Tonnes
Madhya Pradesh,Sagar,Garhakota APMC,Maize,Local,Non-FAQ,2026-03-09,1550.0,1555.0,1555.0,24.900000000000002,Rs./Quintal,Metric Tonnes
Madhya Pradesh,Sagar,Garhakota APMC,Maize,Local,FAQ,2026-03-09,1475.0,1475.0,1475.0,1.572,Rs./Quintal,Metric Tonnes
Madhya Pradesh,Sagar,Garhakota APMC,Mustard,Mustard,FAQ,2026-03-09,5600.0,5875.0,5875.0,7.541,Rs./Quintal,Metric Tonnes
Madhya Pradesh,Sagar,Garhakota APMC,Soyabean,Soyabeen,FAQ,2026-03-09,5000.0,5675.0,5100.0,30.125,Rs./Quintal,Metric Tonnes
Madhya Pradesh,Sagar,Garhakota APMC,Wheat,Wheat,FAQ,2026-03-09,2155.0,2345.0,2240.0,9.441,Rs./Quintal,Metric Tonnes
Madhya Pradesh,Sagar,Garhakota APMC,buttery,Buttery,FAQ,2026-03-09,3500.0,3500.0,3500.0,0.07500000000000001,Rs./Quintal,Metric Tonnes
Madhya Pradesh,Mandsaur,Garoth APMC,Bengal Gram(Gram)(Whole),Gram,Non-FAQ,2026-03-09,4576.0,4935.0,4826.0,5.44,Rs./Quintal,Metric Tonnes
Madhya Pradesh,Mandsaur,Garoth APMC,Lentil(Masur)(Whole),Masur Dal,Non-FAQ,2026-03-09,5801.0,6275.0,6275.0,0.6360000000000001,Rs./Quintal,Metric Tonnes
Madhya Pradesh,Mandsaur,Garoth APMC,Maize,Local,Non-FAQ,2026-03-09,1336.0,1432.0,1432.0,1.6219999999999999,Rs./Quintal,Metric Tonnes
Madhya Pradesh,Mandsaur,Garoth APMC,Maize,Local,FAQ,2026-03-09,1410.0,1410.0,1410.0,12.200000000000001,Rs./Quintal,Metric Tonnes
Madhya Pradesh,Mandsaur,Garoth APMC,Mustard,Mustard,Non-FAQ,2026-03-09,5550.0,6032.0,6032.0,3.219,Rs./Quintal,Metric Tonnes
Madhya Pradesh,Mandsaur,Garoth APMC,Soyabean,Soyabeen,Non-FAQ,2026-03-09,5165.0,5362.0,5362.0,1.729,Rs./Quintal,Metric Tonnes
Madhya Pradesh,Mandsaur,Garoth APMC,Wheat,Wheat,Non-FAQ,2026-03-09,1750.0,2250.0,2225.0,91.38300000000001,Rs./Quintal,Metric Tonnes
Madhya Pradesh,Indore,Gautampura APMC,Garlic,Average,FAQ,2026-03-09,1200.0,5000.0,5000.0,6.551000000000001,Rs./Quintal,Metric Tonnes
Madhya Pradesh,Indore,Gautampura APMC,Garlic,Garlic,FAQ,2026-03-09,1300.0,4000.0,4000.0,8.531,Rs./Quintal,Metric Tonnes
Madhya Pradesh,Indore,Gautampura APMC,Soyabean,Soyabeen,FAQ,2026-03-09,5400.0,5556.0,5556.0,4.652,Rs./Quintal,Metric Tonnes
Madhya Pradesh,Indore,Gautampura APMC,Wheat,Other,FAQ,2026-03-09,2331.0,2331.0,2331.0,5.640000000000001,Rs./Quintal,Metric Tonnes
Madhya Pradesh,Indore,Gautampura APMC,Wheat,Lokwan,FAQ,2026-03-09,2411.0,2411.0,2411.0,7.632,Rs./Quintal,Metric Tonnes
Madhya Pradesh,Indore,Gautampura APMC,Wheat,Local,FAQ,2026-03-09,2250.0,2250.0,2250.0,2.9450000000000003,Rs./Quintal,Metric Tonnes
Madhya Pradesh,Indore,Gautampura APMC,Wheat,Wheat,FAQ,2026-03-09,2100.0,2601.0,2100.0,76.981,Rs./Quintal,Metric Tonnes
Madhya Pradesh,Indore,Gautampura APMC,Wheat,Wheat,Non-FAQ,2026-03-09,2325.0,2325.0,2325.0,1.552,Rs./Quintal,Metric Tonnes
Madhya Pradesh,Seoni,Ghansour APMC,Green Peas,Pea,FAQ,2026-03-09,2501.0,2601.0,2601.0,30.700000000000003,Rs./Quintal,Metric Tonnes
Madhya Pradesh,Bhind,Gohad APMC,Mustard,Mustard,FAQ,2026-03-09,5750.0,6555.0,6305.0,25.26,Rs./Quintal,Metric Tonnes
Madhya Pradesh,Bhind,Gohad APMC,Paddy(Common),Paddy,FAQ,2026-03-09,2500.0,3475.0,3475.0,8.029000000000002,Rs./Quintal,Metric Tonnes
Madhya Pradesh,Bhind,Gohad APMC,Wheat,Wheat,FAQ,2026-03-09,2270.0,2345.0,2335.0,24.590000000000003,Rs./Quintal,Metric Tonnes
Madhya Pradesh,Dindori,Gorakhpur APMC,Black Gram(Urd Beans)(Whole),Urda/Urd,FAQ,2026-03-09,4500.0,4500.0,4500.0,2.64,Rs./Quintal,Metric Tonnes
Madhya Pradesh,Dindori,Gorakhpur APMC,Rayee,Raee,FAQ,2026-03-09,5900.0,5905.0,5905.0,9.200000000000001,Rs./Quintal,Metric Tonnes
Madhya Pradesh,Dindori,Gorakhpur APMC,Soyabean,Yellow,FAQ,2026-03-09,4890.0,4915.0,4915.0,15.3,Rs./Quintal,Metric Tonnes
Madhya Pradesh,Dindori,Gorakhpur APMC,Soyabean,Yellow,Non-FAQ,2026-03-09,4600.0,4905.0,4900.0,39.5,Rs./Quintal,Metric Tonnes
Madhya Pradesh,Dindori,Gorakhpur APMC,Wheat,Mill Quality,Non-FAQ,2026-03-09,2200.0,2200.0,2200.0,3.0,Rs./Quintal,Metric Tonnes
Madhya Pradesh,Narsinghpur,Gotegaon APMC,Bengal Gram(Gram)(Whole),Gram,FAQ,2026-03-09,5301.0,5345.0,5345.0,2.5,Rs./Quintal,Metric Tonnes
Madhya Pradesh,Narsinghpur,Gotegaon APMC,Gur(Jaggery),Jaggery,FAQ,2026-03-09,3500.0,3880.0,3562.0,123.30000000000001,Rs./Quintal,Metric Tonnes
Madhya Pradesh,Narsinghpur,Gotegaon APMC,Lentil(Masur)(Whole),Masur Dal,FAQ,2026-03-09,5825.0,5825.0,5825.0,0.6000000000000001,Rs./Quintal,Metric Tonnes
Madhya Pradesh,Narsinghpur,Gotegaon APMC,Maize,Local,Non-FAQ,2026-03-09,1501.0,1501.0,1501.0,8.5,Rs./Quintal,Metric Tonnes
Madhya Pradesh,Narsinghpur,Gotegaon APMC,Maize,Local,FAQ,2026-03-09,1551.0,1591.0,1591.0,11.5,Rs./Quintal,Metric Tonnes
Madhya Pradesh,Narsinghpur,Gotegaon APMC,Wheat,Wheat,FAQ,2026-03-09,2000.0,3100.0,2250.0,27.700000000000003,Rs./Quintal,Metric Tonnes
Madhya Pradesh,Guna,Guna APMC,Bengal Gram(Gram)(Whole),Gram,FAQ,2026-03-09,4500.0,5300.0,5175.0,40.884,Rs./Quintal,Metric Tonnes
Madhya Pradesh,Guna,Guna APMC,Coriander(Leaves),Coriander,FAQ,2026-03-09,4500.0,11075.0,10000.0,175.853,Rs./Bundle,Bundle
Madhya Pradesh,Guna,Guna APMC,Green Gram(Moong)(Whole),Green (Whole),FAQ,2026-03-09,6700.0,6700.0,6700.0,0.126,Rs./Quintal,Metric Tonnes
Madhya Pradesh,Guna,Guna APMC,Green Peas,Pea,FAQ,2026-03-09,3380.0,3380.0,3380.0,2.233,Rs./Quintal,Metric Tonnes
Madhya Pradesh,Guna,Guna APMC,Lentil(Masur)(Whole),Masur Dal,FAQ,2026-03-09,5200.0,6005.0,5820.0,126.98800000000001,Rs./Quintal,Metric Tonnes
Madhya Pradesh,Guna,Guna APMC,Lentil(Masur)(Whole),Masur Dal,Non-FAQ,2026-03-09,5575.0,5725.0,5695.0,9.064,Rs./Quintal,Metric Tonnes
Madhya Pradesh,Guna,Guna APMC,Maize,Local,FAQ,2026-03-09,1100.0,1775.0,1520.0,479.99700000000007,Rs./Quintal,Metric Tonnes
Madhya Pradesh,Guna,Guna APMC,Mustard,Mustard,FAQ,2026-03-09,5200.0,6105.0,5900.0,599.386,Rs./Quintal,Metric Tonnes
Madhya Pradesh,Guna,Guna APMC,Wheat,Wheat,FAQ,2026-03-09,1850.0,3380.0,2175.0,822.2660000000001,Rs./Quintal,Metric Tonnes
Madhya Pradesh,Guna,Guna APMC,Wheat,Wheat,Non-FAQ,2026-03-09,800.0,1855.0,1855.0,1.7260000000000002,Rs./Quintal,Metric Tonnes
Madhya Pradesh,Guna,Guna APMC,buttery,Buttery,FAQ,2026-03-09,2800.0,4400.0,4400.0,3.1180000000000003,Rs./Quintal,Metric Tonnes
Madhya Pradesh,Dewas,Haatpipliya APMC,Bengal Gram(Gram)(Whole),Gram,Non-FAQ,2026-03-09,3801.0,5141.0,5100.0,9.628,Rs./Quintal,Metric Tonnes
Madhya Pradesh,Dewas,Haatpipliya APMC,Maize,Local,Non-FAQ,2026-03-09,1515.0,1515.0,1515.0,0.9910000000000001,Rs./Quintal,Metric Tonnes
Madhya Pradesh,Dewas,Haatpipliya APMC,Mustard,Mustard,Non-FAQ,2026-03-09,4401.0,5720.0,5720.0,6.565000000000001,Rs./Quintal,Metric Tonnes
Madhya Pradesh,Dewas,Haatpipliya APMC,Soyabean,Soyabeen,Non-FAQ,2026-03-09,3100.0,5470.0,5430.0,29.29,Rs./Quintal,Metric Tonnes
Madhya Pradesh,Dewas,Haatpipliya APMC,Soyabean,Soyabeen,FAQ,2026-03-09,5000.0,5000.0,5000.0,1.5,Rs./Quintal,Metric Tonnes
Madhya Pradesh,Dewas,Haatpipliya APMC,Wheat,Wheat,FAQ,2026-03-09,2050.0,2125.0,2050.0,4.21,Rs./Quintal,Metric Tonnes
Madhya Pradesh,Dewas,Haatpipliya APMC,Wheat,Wheat,Non-FAQ,2026-03-09,1500.0,2585.0,2200.0,190.58800000000002,Rs./Quintal,Metric Tonnes
Madhya Pradesh,Rewa,Hanumana APMC,Paddy(Common),Common,FAQ,2026-03-09,1700.0,1700.0,1700.0,25.0,Rs./Quintal,Metric Tonnes
Madhya Pradesh,Rewa,Hanumana APMC,Wheat,Mill Quality,FAQ,2026-03-09,2300.0,2300.0,2300.0,72.60000000000001,Rs./Quintal,Metric Tonnes
Madhya Pradesh,Harda,Harda APMC,Bengal Gram(Gram)(Whole),Chana Kabuli,FAQ,2026-03-09,1001.0,5512.0,5350.0,173.611,Rs./Quintal,Metric Tonnes
Madhya Pradesh,Harda,Harda APMC,Bengal Gram(Gram)(Whole),Desi (F.A.Q. Split),FAQ,2026-03-09,4722.0,5401.0,5312.0,49.154,Rs./Quintal,Metric Tonnes
Madhya Pradesh,Harda,Harda APMC,Green Gram(Moong)(Whole),Green (Whole),FAQ,2026-03-09,1100.0,8501.0,8501.0,14.67,Rs./Quintal,Metric Tonnes
Madhya Pradesh,Harda,Harda APMC,Green Peas,Pea,FAQ,2026-03-09,3301.0,3650.0,3400.0,1.066,Rs./Quintal,Metric Tonnes
Madhya Pradesh,Harda,Harda APMC,Kabuli Chana(Chickpeas-White),Dollar Gram,FAQ,2026-03-09,4200.0,6899.0,6899.0,6.3020000000000005,Rs./Quintal,Metric Tonnes
Madhya Pradesh,Harda,Harda APMC,Maize,Yellow,FAQ,2026-03-09,1001.0,1596.0,1501.0,315.63800000000003,Rs./Quintal,Metric Tonnes
Madhya Pradesh,Harda,Harda APMC,Mustard,Mustard,FAQ,2026-03-09,4710.0,5951.0,5600.0,74.063,Rs./Quintal,Metric Tonnes
Madhya Pradesh,Harda,Harda APMC,Red gram/Arhar/Tur(whole),Arhar Dal(Tur),FAQ,2026-03-09,7112.0,7151.0,7151.0,0.24900000000000003,Rs./Quintal,Metric Tonnes
Madhya Pradesh,Harda,Harda APMC,Soyabean,Yellow,FAQ,2026-03-09,2970.0,5680.0,5500.0,81.91900000000001,Rs./Quintal,Metric Tonnes
Madhya Pradesh,Harda,Harda APMC,Wheat,Mill Quality,FAQ,2026-03-09,1600.0,2359.0,2321.0,415.4270000000001,Rs./Quintal,Metric Tonnes
Madhya Pradesh,Chhatarpur,Harpalpur APMC,Wheat,Wheat,FAQ,2026-03-09,2305.0,2350.0,2350.0,58.156,Rs./Quintal,Metric Tonnes
Madhya Pradesh,Khandwa,Harsood APMC,Bengal Gram(Gram)(Whole),Gram,Non-FAQ,2026-03-09,4917.0,5000.0,5000.0,15.81,Rs./Quintal,Metric Tonnes
Madhya Pradesh,Khandwa,Harsood APMC,Bengal Gram(Gram)(Whole),Gram,FAQ,2026-03-09,4791.0,5126.0,5100.0,72.027,Rs./Quintal,Metric Tonnes
Madhya Pradesh,Khandwa,Harsood APMC,Green Gram(Moong)(Whole),Green (Whole),FAQ,2026-03-09,5101.0,5101.0,5101.0,0.199,Rs./Quintal,Metric Tonnes
Madhya Pradesh,Khandwa,Harsood APMC,Maize,Yellow,FAQ,2026-03-09,1401.0,1501.0,1501.0,1.899,Rs./Quintal,Metric Tonnes
Madhya Pradesh,Khandwa,Harsood APMC,Maize,Yellow,Non-FAQ,2026-03-09,1200.0,1350.0,1350.0,14.07,Rs./Quintal,Metric Tonnes
Madhya Pradesh,Khandwa,Harsood APMC,Mustard,Mustard,Non-FAQ,2026-03-09,5400.0,5400.0,5400.0,2.0,Rs./Quintal,Metric Tonnes
Madhya Pradesh,Khandwa,Harsood APMC,Mustard,Mustard,FAQ,2026-03-09,5100.0,5776.0,5491.0,37.678,Rs./Quintal,Metric Tonnes
Madhya Pradesh,Khandwa,Harsood APMC,Red gram/Arhar/Tur(whole),Arhar Dal(Tur),FAQ,2026-03-09,3900.0,6599.0,6400.0,1.665,Rs./Quintal,Metric Tonnes
Madhya Pradesh,Khandwa,Harsood APMC,Soyabean,Yellow,FAQ,2026-03-09,4801.0,5350.0,5350.0,15.207,Rs./Quintal,Metric Tonnes
Madhya Pradesh,Khandwa,Harsood APMC,Wheat,Wheat,FAQ,2026-03-09,2101.0,2281.0,2220.0,463.436,Rs./Quintal,Metric Tonnes
Madhya Pradesh,Khandwa,Harsood APMC,Wheat,Mill Quality,FAQ,2026-03-09,2200.0,2418.0,2418.0,23.810000000000002,Rs./Quintal,Metric Tonnes
Madhya Pradesh,Khandwa,Harsood APMC,Wheat,Mill Quality,Non-FAQ,2026-03-09,2150.0,2450.0,2450.0,25.12,Rs./Quintal,Metric Tonnes
Madhya Pradesh,Khandwa,Harsood APMC,Wheat,Wheat,Non-FAQ,2026-03-09,2113.0,2153.0,2153.0,29.52,Rs./Quintal,Metric Tonnes
Madhya Pradesh,Damoh,Hata APMC,Maize,Local,Non-FAQ,2026-03-09,1565.0,1600.0,1600.0,31.507,Rs./Quintal,Metric Tonnes
Madhya Pradesh,Damoh,Hata APMC,Wheat,Wheat,Non-FAQ,2026-03-09,2310.0,2310.0,2310.0,6.164000000000001,Rs./Quintal,Metric Tonnes
Madhya Pradesh,Damoh,Hata APMC,Wheat,Local,Non-FAQ,2026-03-09,2255.0,2580.0,2580.0,23.647000000000002,Rs./Quintal,Metric Tonnes
Madhya Pradesh,Dewas,Hatpiplya(F&V) APMC,Bhindi(Ladies Finger),Bhindi,Medium,2026-03-09,3000.0,4000.0,3500.0,0.056999999999999995,Rs./Quintal,Metric Tonnes
Madhya Pradesh,Dewas,Hatpiplya(F&V) APMC,Brinjal,Brinjal,Medium,2026-03-09,1200.0,1400.0,1300.0,0.07600000000000001,Rs./Quintal,Metric Tonnes
Madhya Pradesh,Dewas,Hatpiplya(F&V) APMC,Cabbage,Cabbage,Medium,2026-03-09,1200.0,1800.0,1500.0,0.133,Rs./Quintal,Metric Tonnes
Madhya Pradesh,Dewas,Hatpiplya(F&V) APMC,Cauliflower,Cauliflower,Medium,2026-03-09,1300.0,1700.0,1500.0,0.2,Rs./Quintal,Metric Tonnes
Madhya Pradesh,Dewas,Hatpiplya(F&V) APMC,Ginger(Green),Green Ginger,Medium,2026-03-09,5000.0,6000.0,5500.0,0.054000000000000006,Rs./Quintal,Metric Tonnes
Madhya Pradesh,Dewas,Hatpiplya(F&V) APMC,Green Chilli,Green Chilly,Medium,2026-03-09,6000.0,7000.0,6500.0,0.09200000000000001,Rs./Quintal,Metric Tonnes
Madhya Pradesh,Dewas,Hatpiplya(F&V) APMC,Potato,Potato,Medium,2026-03-09,800.0,1000.0,900.0,0.555,Rs./Quintal,Metric Tonnes
Madhya Pradesh,Dewas,Hatpiplya(F&V) APMC,Tomato,Tomato,Medium,2026-03-09,1000.0,1400.0,1200.0,0.5,Rs./Quintal,Metric Tonnes
Madhya Pradesh,Sehore,Ichhawar APMC,Bengal Gram(Gram)(Whole),Gram,FAQ,2026-03-09,4470.0,5525.0,5100.0,41.416000000000004,Rs./Quintal,Metric Tonnes
Madhya Pradesh,Sehore,Ichhawar APMC,Garlic,Garlic,FAQ,2026-03-09,3440.0,4050.0,4050.0,0.101,Rs./Quintal,Metric Tonnes
Madhya Pradesh,Sehore,Ichhawar APMC,Lentil(Masur)(Whole),Masur Dal,FAQ,2026-03-09,6100.0,6151.0,6100.0,0.44800000000000006,Rs./Quintal,Metric Tonnes
Madhya Pradesh,Sehore,Ichhawar APMC,Maize,Local,FAQ,2026-03-09,1410.0,1551.0,1551.0,7.913,Rs./Quintal,Metric Tonnes
Madhya Pradesh,Sehore,Ichhawar APMC,Mustard,Mustard,FAQ,2026-03-09,5601.0,6021.0,5781.0,10.212000000000002,Rs./Quintal,Metric Tonnes
Madhya Pradesh,Sehore,Ichhawar APMC,Soyabean,Soyabeen,FAQ,2026-03-09,3901.0,5870.0,5441.0,12.016,Rs./Quintal,Metric Tonnes
Madhya Pradesh,Sehore,Ichhawar APMC,Wheat,Wheat,FAQ,2026-03-09,2000.0,2651.0,2260.0,169.14100000000002,Rs./Quintal,Metric Tonnes
Madhya Pradesh,Indore,Indore APMC,Bengal Gram(Gram)(Whole),Chana Kabuli,FAQ,2026-03-09,6823.93,6823.93,6823.93,25.175,Rs./Quintal,Metric Tonnes
Madhya Pradesh,Indore,Indore APMC,Bengal Gram(Gram)(Whole),Gram,FAQ,2026-03-09,4500.0,6470.0,5250.0,191.913,Rs./Quintal,Metric Tonnes
Madhya Pradesh,Indore,Indore APMC,Black Gram(Urd Beans)(Whole),Urda/Urd,FAQ,2026-03-09,5825.0,7500.0,7500.0,60.900000000000006,Rs./Quintal,Metric Tonnes
Madhya Pradesh,Indore,Indore APMC,Chili Red,Red,FAQ,2026-03-09,10710.0,12610.0,12610.0,0.5750000000000001,Rs./Quintal,Metric Tonnes
Madhya Pradesh,Indore,Indore APMC,Chili Red,Geeli Mirchi,FAQ,2026-03-09,14500.0,14500.0,14500.0,0.094,Rs./Quintal,Metric Tonnes
Madhya Pradesh,Indore,Indore APMC,Coriander(Leaves),Coriander,FAQ,2026-03-09,10100.0,10100.0,10100.0,0.05,Rs./Bundle,Bundle
Madhya Pradesh,Indore,Indore APMC,Garlic,Garlic,FAQ,2026-03-09,350.0,9500.0,5500.0,1880.4310000000003,Rs./Quintal,Metric Tonnes
Madhya Pradesh,Indore,Indore APMC,Green Gram(Moong)(Whole),Green (Whole),FAQ,2026-03-09,7040.0,7100.0,7100.0,0.829,Rs./Quintal,Metric Tonnes
Madhya Pradesh,Indore,Indore APMC,Green Peas,Pea,FAQ,2026-03-09,3100.0,5700.0,3840.0,113.626,Rs./Quintal,Metric Tonnes
Madhya Pradesh,Indore,Indore APMC,Kabuli Chana(Chickpeas-White),Dollar Gram,FAQ,2026-03-09,3500.0,8705.0,8000.0,266.603,Rs./Quintal,Metric Tonnes
Madhya Pradesh,Indore,Indore APMC,Kabuli Chana(Chickpeas-White),Bitkey,FAQ,2026-03-09,5200.0,5200.0,5200.0,2.611,Rs./Quintal,Metric Tonnes
Madhya Pradesh,Indore,Indore APMC,Lentil(Masur)(Whole),Masur Dal,FAQ,2026-03-09,5200.0,5200.0,5200.0,40.96000000000001,Rs./Quintal,Metric Tonnes
Madhya Pradesh,Indore,Indore APMC,Linseed,Flaxseed,FAQ,2026-03-09,6275.0,6275.0,6275.0,0.031,Rs./Quintal,Metric Tonnes
Madhya Pradesh,Indore,Indore APMC,Maize,Popcorn,FAQ,2026-03-09,4603.11,4603.11,4603.11,24.150000000000002,Rs./Quintal,Metric Tonnes
Madhya Pradesh,Indore,Indore APMC,Maize,Local,FAQ,2026-03-09,1321.0,1630.0,1630.0,3.786,Rs./Quintal,Metric Tonnes
Madhya Pradesh,Indore,Indore APMC,Methi Seeds,Methiseeds,FAQ,2026-03-09,7525.0,7525.0,7525.0,10.05,Rs./Quintal,Metric Tonnes
Madhya Pradesh,Indore,Indore APMC,Mustard,Mustard,FAQ,2026-03-09,5560.0,6450.0,6450.0,3.85,Rs./Quintal,Metric Tonnes
Madhya Pradesh,Indore,Indore APMC,Onion,Local,FAQ,2026-03-09,580.0,580.0,580.0,3.379,Rs./Quintal,Metric Tonnes
Madhya Pradesh,Indore,Indore APMC,Onion,Onion,Non-FAQ,2026-03-09,782.0,1116.0,1090.0,180.52300000000002,Rs./Quintal,Metric Tonnes
Madhya Pradesh,Indore,Indore APMC,Onion,Other,FAQ,2026-03-09,707.0,1211.0,1211.0,172.505,Rs./Quintal,Metric Tonnes
Madhya Pradesh,Indore,Indore APMC,Onion,Onion,FAQ,2026-03-09,261.0,1275.0,1254.0,325.56,Rs./Quintal,Metric Tonnes
Madhya Pradesh,Indore,Indore APMC,Potato,Local,FAQ,2026-03-09,436.0,958.0,958.0,169.72500000000002,Rs./Quintal,Metric Tonnes
Madhya Pradesh,Indore,Indore APMC,Potato,Local,Non-FAQ,2026-03-09,119.0,905.0,905.0,237.404,Rs./Quintal,Metric Tonnes
Madhya Pradesh,Indore,Indore APMC,Red gram/Arhar/Tur(whole),Arhar Dal(Tur),FAQ,2026-03-09,6100.0,6650.0,6650.0,198.78,Rs./Quintal,Metric Tonnes
Madhya Pradesh,Indore,Indore APMC,Soyabean,Soyabeen,FAQ,2026-03-09,2505.0,5640.0,5400.0,200.52700000000002,Rs./Quintal,Metric Tonnes
Madhya Pradesh,Indore,Indore APMC,Tamarind Fruit,Tamarind,FAQ,2026-03-09,3690.0,6650.0,4000.0,3.0890000000000004,Rs./Quintal,Metric Tonnes
Madhya Pradesh,Indore,Indore APMC,Turmeric,Turmeric,FAQ,2026-03-09,21812.5,24000.0,24000.0,5.0,Rs./Quintal,Metric Tonnes
Madhya Pradesh,Indore,Indore APMC,Wheat,Wheat,FAQ,2026-03-09,1600.0,2903.0,2330.0,596.9680000000001,Rs./Quintal,Metric Tonnes
Madhya Pradesh,Indore,Indore APMC,Wheat,Malwa Shakti,Non-FAQ,2026-03-09,2290.0,2370.0,2370.0,22.55,Rs./Quintal,Metric Tonnes
Madhya Pradesh,Indore,Indore(F&V) APMC,Apple,Apple,Local,2026-03-09,4000.0,12000.0,8000.0,9.0,Rs./Quintal,Metric Tonnes
Madhya Pradesh,Indore,Indore(F&V) APMC,Banana,Other,Local,2026-03-09,800.0,1800.0,1200.0,15.0,Rs./Quintal,Metric Tonnes
Madhya Pradesh,Indore,Indore(F&V) APMC,Bhindi(Ladies Finger),Bhindi,Local,2026-03-09,600.0,1500.0,1000.0,8.0,Rs./Quintal,Metric Tonnes
Madhya Pradesh,Indore,Indore(F&V) APMC,Bitter gourd,Bitter Gourd,Local,2026-03-09,1500.0,2500.0,2000.0,8.0,Rs./Quintal,Metric Tonnes
Madhya Pradesh,Indore,Indore(F&V) APMC,Bottle gourd,Bottle Gourd,Local,2026-03-09,600.0,1800.0,1200.0,9.0,Rs./Quintal,Metric Tonnes
Madhya Pradesh,Indore,Indore(F&V) APMC,Cabbage,Cabbage,Local,2026-03-09,400.0,800.0,600.0,90.0,Rs./Quintal,Metric Tonnes
Madhya Pradesh,Indore,Indore(F&V) APMC,Capsicum,Capsicum,Local,2026-03-09,800.0,2500.0,1600.0,18.0,Rs./Quintal,Metric Tonnes
Madhya Pradesh,Indore,Indore(F&V) APMC,Carrot,Carrot,Local,2026-03-09,600.0,1200.0,800.0,7.5,Rs./Quintal,Metric Tonnes
Madhya Pradesh,Indore,Indore(F&V) APMC,Cauliflower,Local,Local,2026-03-09,600.0,1500.0,900.0,75.0,Rs./Quintal,Metric Tonnes
Madhya Pradesh,Indore,Indore(F&V) APMC,Chikoos(Sapota),Sapota,Local,2026-03-09,1500.0,4000.0,2500.0,10.0,Rs./Quintal,Metric Tonnes
Madhya Pradesh,Indore,Indore(F&V) APMC,Cucumbar(Kheera),Cucumbar,Local,2026-03-09,400.0,1000.0,600.0,75.0,Rs./Quintal,Metric Tonnes
Madhya Pradesh,Indore,Indore(F&V) APMC,Drumstick,Drumstick,Local,2026-03-09,1500.0,5000.0,3500.0,12.0,Rs./Quintal,Metric Tonnes
Madhya Pradesh,Indore,Indore(F&V) APMC,Garlic,Garlic,Local,2026-03-09,350.0,9500.0,4168.0,3554.3,Rs./Quintal,Metric Tonnes
Madhya Pradesh,Indore,Indore(F&V) APMC,Ginger(Green),Green Ginger,Local,2026-03-09,1500.0,5000.0,3500.0,9.0,Rs./Quintal,Metric Tonnes
Madhya Pradesh,Indore,Indore(F&V) APMC,Grapes,Green,Local,2026-03-09,3000.0,8000.0,5000.0,15.0,Rs./Quintal,Metric Tonnes
Madhya Pradesh,Indore,Indore(F&V) APMC,Green Chilli,Green Chilly,Local,2026-03-09,1500.0,5000.0,3500.0,10.0,Rs./Quintal,Metric Tonnes
Madhya Pradesh,Indore,Indore(F&V) APMC,Karbuja(Musk Melon),Karbhuja,Local,2026-03-09,600.0,2000.0,1400.0,25.0,Rs./Quintal,Metric Tonnes
Madhya Pradesh,Indore,Indore(F&V) APMC,Lemon,Lemon,Local,2026-03-09,1500.0,5000.0,3500.0,4.0,Rs./Quintal,Metric Tonnes
Madhya Pradesh,Indore,Indore(F&V) APMC,Mango,Other,Local,2026-03-09,6000.0,15000.0,9000.0,9.0,Rs./Quintal,Metric Tonnes
Madhya Pradesh,Indore,Indore(F&V) APMC,Methi(Leaves),Methi,Local,2026-03-09,600.0,1500.0,1000.0,80.0,Rs./Quintal,Metric Tonnes
Madhya Pradesh,Indore,Indore(F&V) APMC,Mousambi(Sweet Lime),Mousambi,Local,2026-03-09,1500.0,4000.0,3000.0,9.0,Rs./Quintal,Metric Tonnes
Madhya Pradesh,Indore,Indore(F&V) APMC,Onion,Onion,Local,2026-03-09,261.0,1275.0,600.0,682.0,Rs./Quintal,Metric Tonnes
Madhya Pradesh,Indore,Indore(F&V) APMC,Orange,Orange,Local,2026-03-09,2500.0,6000.0,4000.0,40.0,Rs./Quintal,Metric Tonnes
Madhya Pradesh,Indore,Indore(F&V) APMC,Papaya,Papaya,Local,2026-03-09,800.0,2200.0,1400.0,50.0,Rs./Quintal,Metric Tonnes
Madhya Pradesh,Indore,Indore(F&V) APMC,Pomegranate,Pomogranate,Local,2026-03-09,2500.0,9000.0,5000.0,4.0,Rs./Quintal,Metric Tonnes
Madhya Pradesh,Indore,Indore(F&V) APMC,Potato,Other,Local,2026-03-09,100.0,1000.0,500.0,2530.2,Rs./Quintal,Metric Tonnes
Madhya Pradesh,Indore,Indore(F&V) APMC,Pumpkin,Pumpkin,Local,2026-03-09,600.0,1500.0,1000.0,15.0,Rs./Quintal,Metric Tonnes
Madhya Pradesh,Indore,Indore(F&V) APMC,Spinach,Other,Local,2026-03-09,400.0,1000.0,600.0,75.0,Rs./Quintal,Metric Tonnes
Madhya Pradesh,Indore,Indore(F&V) APMC,Tomato,Other,Local,2026-03-09,800.0,1600.0,1200.0,75.0,Rs./Quintal,Metric Tonnes
Madhya Pradesh,Indore,Indore(F&V) APMC,Water Melon,Water Melon,Local,2026-03-09,600.0,1800.0,1200.0,73.0,Rs./Quintal,Metric Tonnes
Madhya Pradesh,Ashoknagar,Isagarh APMC,Bengal Gram(Gram)(Whole),Gram,FAQ,2026-03-09,4755.0,5040.0,5040.0,3.8200000000000003,Rs./Quintal,Metric Tonnes
Madhya Pradesh,Ashoknagar,Isagarh APMC,Lentil(Masur)(Whole),Masur Dal,FAQ,2026-03-09,5365.0,5715.0,5690.0,56.193,Rs./Quintal,Metric Tonnes
Madhya Pradesh,Ashoknagar,Isagarh APMC,Maize,Local,FAQ,2026-03-09,1405.0,1720.0,1685.0,100.375,Rs./Quintal,Metric Tonnes
Madhya Pradesh,Ashoknagar,Isagarh APMC,Mustard,Mustard,FAQ,2026-03-09,5695.0,6225.0,6095.0,154.66400000000002,Rs./Quintal,Metric Tonnes
Madhya Pradesh,Ashoknagar,Isagarh APMC,Wheat,Wheat,FAQ,2026-03-09,2040.0,2040.0,2040.0,0.75,Rs./Quintal,Metric Tonnes
Madhya Pradesh,Ashoknagar,Isagarh APMC,buttery,Buttery,FAQ,2026-03-09,3345.0,3520.0,3385.0,30.765,Rs./Quintal,Metric Tonnes
Madhya Pradesh,Hoshangabad,Itarsi APMC,Bengal Gram(Gram)(Whole),Gram,FAQ,2026-03-09,4100.0,5391.0,5391.0,8.31,Rs./Quintal,Metric Tonnes
Madhya Pradesh,Hoshangabad,Itarsi APMC,Black Gram(Urd Beans)(Whole),Urda/Urd,FAQ,2026-03-09,4005.0,4005.0,4005.0,0.05500000000000001,Rs./Quintal,Metric Tonnes
Madhya Pradesh,Hoshangabad,Itarsi APMC,Green Gram(Moong)(Whole),Green (Whole),FAQ,2026-03-09,1500.0,7200.0,6405.0,9.290000000000001,Rs./Quintal,Metric Tonnes
Madhya Pradesh,Hoshangabad,Itarsi APMC,Maize,Local,FAQ,2026-03-09,1383.0,1775.0,1775.0,142.525,Rs./Quintal,Metric Tonnes
Madhya Pradesh,Hoshangabad,Itarsi APMC,Mustard,Mustard,FAQ,2026-03-09,5602.0,6600.0,5701.0,37.645,Rs./Quintal,Metric Tonnes
Madhya Pradesh,Hoshangabad,Itarsi APMC,Paddy(Common),Dhan,FAQ,2026-03-09,2750.0,4400.0,4190.0,57.64500000000001,Rs./Quintal,Metric Tonnes
Madhya Pradesh,Hoshangabad,Itarsi APMC,Paddy(Common),Paddy,FAQ,2026-03-09,2200.0,4380.0,3600.0,142.605,Rs./Quintal,Metric Tonnes
Madhya Pradesh,Hoshangabad,Itarsi APMC,Red gram/Arhar/Tur(whole),Arhar Dal(Tur),FAQ,2026-03-09,5300.0,7841.0,7841.0,6.265000000000001,Rs./Quintal,Metric Tonnes
Madhya Pradesh,Hoshangabad,Itarsi APMC,Soyabean,Soyabeen,FAQ,2026-03-09,3501.0,5300.0,5300.0,15.940000000000001,Rs./Quintal,Metric Tonnes
Madhya Pradesh,Hoshangabad,Itarsi APMC,Wheat,Wheat,FAQ,2026-03-09,2176.0,2351.0,2315.0,145.48,Rs./Quintal,Metric Tonnes
Madhya Pradesh,Hoshangabad,Itarsi APMC,Wheat,Mill Quality,FAQ,2026-03-09,2345.0,2348.0,2348.0,9.1,Rs./Quintal,Metric Tonnes
Madhya Pradesh,Jabalpur,Jabalpur APMC,Bengal Gram(Gram)(Whole),Gram,FAQ,2026-03-09,3700.0,5295.0,4580.0,31.886000000000003,Rs./Quintal,Metric Tonnes
Madhya Pradesh,Jabalpur,Jabalpur APMC,Black Gram(Urd Beans)(Whole),Urda/Urd,FAQ,2026-03-09,3100.0,9005.0,8205.0,24.892,Rs./Quintal,Metric Tonnes
Madhya Pradesh,Jabalpur,Jabalpur APMC,Green Gram(Moong)(Whole),Green (Whole),FAQ,2026-03-09,4380.0,8005.0,6905.0,12.672,Rs./Quintal,Metric Tonnes
Madhya Pradesh,Jabalpur,Jabalpur APMC,Green Peas,Pea,FAQ,2026-03-09,1895.0,3700.0,3300.0,13.181000000000001,Rs./Quintal,Metric Tonnes
Madhya Pradesh,Jabalpur,Jabalpur APMC,Kodo Millet(Varagu),Kondo,FAQ,2026-03-09,2200.0,2400.0,2250.0,17.3,Rs./Quintal,Metric Tonnes
Madhya Pradesh,Jabalpur,Jabalpur APMC,Kutki,Kutki,FAQ,2026-03-09,4300.0,4400.0,4400.0,6.300000000000001,Rs./Quintal,Metric Tonnes
Madhya Pradesh,Jabalpur,Jabalpur APMC,Lentil(Masur)(Whole),Masur Dal,FAQ,2026-03-09,5100.0,5980.0,5980.0,3.9090000000000007,Rs./Quintal,Metric Tonnes
Madhya Pradesh,Jabalpur,Jabalpur APMC,Linseed,Flaxseed,FAQ,2026-03-09,7005.0,7500.0,7500.0,0.1,Rs./Quintal,Metric Tonnes
Madhya Pradesh,Jabalpur,Jabalpur APMC,Maize,Local,FAQ,2026-03-09,1605.0,1740.0,1730.0,53.805,Rs./Quintal,Metric Tonnes
Madhya Pradesh,Jabalpur,Jabalpur APMC,Mustard,Mustard,FAQ,2026-03-09,5115.0,6400.0,5680.0,17.758000000000003,Rs./Quintal,Metric Tonnes
Madhya Pradesh,Jabalpur,Jabalpur APMC,Paddy(Common),Dhan,FAQ,2026-03-09,1470.0,1800.0,1470.0,11.969000000000001,Rs./Quintal,Metric Tonnes
Madhya Pradesh,Jabalpur,Jabalpur APMC,Red gram/Arhar/Tur(whole),Arhar Dal(Tur),FAQ,2026-03-09,6005.0,7610.0,7300.0,21.524,Rs./Quintal,Metric Tonnes
Madhya Pradesh,Jabalpur,Jabalpur APMC,Wheat,Wheat,FAQ,2026-03-09,2001.0,2512.0,2312.0,125.50999999999999,Rs./Quintal,Metric Tonnes
Madhya Pradesh,Jabalpur,Jabalpur APMC,buttery,Buttery,FAQ,2026-03-09,2700.0,4725.0,4050.0,86.029,Rs./Quintal,Metric Tonnes
Madhya Pradesh,Jabalpur,Jabalpur(F&V) APMC,Banana,Medium,Medium,2026-03-09,2200.0,2600.0,2400.0,9.7,Rs./Quintal,Metric Tonnes
Madhya Pradesh,Jabalpur,Jabalpur(F&V) APMC,Garlic,Garlic,Local,2026-03-09,2800.0,3200.0,3000.0,3.0,Rs./Quintal,Metric Tonnes
Madhya Pradesh,Jabalpur,Jabalpur(F&V) APMC,Green Chilli,Green Chilly,Medium,2026-03-09,1500.0,1900.0,1700.0,2.0,Rs./Quintal,Metric Tonnes
Madhya Pradesh,Jabalpur,Jabalpur(F&V) APMC,Onion,Onion,Medium,2026-03-09,1400.0,1800.0,1600.0,25.0,Rs./Quintal,Metric Tonnes
Madhya Pradesh,Jabalpur,Jabalpur(F&V) APMC,Papaya,Papaya,Medium,2026-03-09,2200.0,2600.0,2400.0,10.0,Rs./Quintal,Metric Tonnes
Madhya Pradesh,Jabalpur,Jabalpur(F&V) APMC,Peas Wet,Other,Medium,2026-03-09,1200.0,2000.0,1600.0,111.0,Rs./Quintal,Metric Tonnes
Madhya Pradesh,Jabalpur,Jabalpur(F&V) APMC,Potato,Potato,Medium,2026-03-09,1100.0,1500.0,1300.0,50.0,Rs./Quintal,Metric Tonnes
Madhya Pradesh,Sagar,Jaisinagar APMC,Wheat,Mill Quality,FAQ,2026-03-09,2135.0,2160.0,2160.0,35.7,Rs./Quintal,Metric Tonnes
Madhya Pradesh,Ratlam,Jaora APMC,Ajwan,Ajwan,FAQ,2026-03-09,7010.0,9142.0,9142.0,5.0,Rs./Quintal,Metric Tonnes
Madhya Pradesh,Ratlam,Jaora APMC,Asalia,Asalia,FAQ,2026-03-09,4500.0,5620.0,5620.0,3.3200000000000003,Rs./Quintal,Metric Tonnes
Madhya Pradesh,Ratlam,Jaora APMC,Barley(Jau),Barley,FAQ,2026-03-09,1911.0,1991.0,1991.0,3.2729999999999997,Rs./Quintal,Metric Tonnes
Madhya Pradesh,Ratlam,Jaora APMC,Bengal Gram(Gram)(Whole),Gram,FAQ,2026-03-09,3200.0,5955.0,5140.0,104.66300000000001,Rs./Quintal,Metric Tonnes
Madhya Pradesh,Ratlam,Jaora APMC,Black Gram(Urd Beans)(Whole),Urda/Urd,FAQ,2026-03-09,2000.0,7500.0,7500.0,1.705,Rs./Quintal,Metric Tonnes
Madhya Pradesh,Ratlam,Jaora APMC,Coriander(Leaves),Coriander,FAQ,2026-03-09,7000.0,10220.0,8350.0,1.4720000000000002,Rs./Bundle,Bundle
Madhya Pradesh,Ratlam,Jaora APMC,Cummin Seed(Jeera),Cummin Seed(Jeera),FAQ,2026-03-09,13000.0,18000.0,18000.0,0.04000000000000001,Rs./Quintal,Metric Tonnes
Madhya Pradesh,Ratlam,Jaora APMC,Garlic,Garlic,FAQ,2026-03-09,100.0,18251.0,5000.0,339.372,Rs./Quintal,Metric Tonnes
Madhya Pradesh,Ratlam,Jaora APMC,Green Peas,Pea,FAQ,2026-03-09,1300.0,3811.0,3400.0,53.31100000000001,Rs./Quintal,Metric Tonnes
Madhya Pradesh,Ratlam,Jaora APMC,Kabuli Chana(Chickpeas-White),Dollar Gram,FAQ,2026-03-09,3775.0,8000.0,7401.0,26.885000000000005,Rs./Quintal,Metric Tonnes
Madhya Pradesh,Ratlam,Jaora APMC,Kabuli Chana(Chickpeas-White),Double Dollar Chana,FAQ,2026-03-09,7000.0,7101.0,7101.0,0.5740000000000001,Rs./Quintal,Metric Tonnes
Madhya Pradesh,Ratlam,Jaora APMC,Lentil(Masur)(Whole),Masur Dal,FAQ,2026-03-09,4200.0,6301.0,6200.0,27.515,Rs./Quintal,Metric Tonnes
Madhya Pradesh,Ratlam,Jaora APMC,Linseed,Flaxseed,FAQ,2026-03-09,3000.0,7725.0,7401.0,10.924,Rs./Quintal,Metric Tonnes
Madhya Pradesh,Ratlam,Jaora APMC,Methi Seeds,Methiseeds,FAQ,2026-03-09,1801.0,9801.0,5600.0,130.102,Rs./Quintal,Metric Tonnes
Madhya Pradesh,Ratlam,Jaora APMC,Mustard,Mustard,FAQ,2026-03-09,4000.0,7751.0,5800.0,292.937,Rs./Quintal,Metric Tonnes
Madhya Pradesh,Ratlam,Jaora APMC,Red gram/Arhar/Tur(whole),Arhar Dal(Tur),FAQ,2026-03-09,3000.0,6301.0,6301.0,4.793,Rs./Quintal,Metric Tonnes
Madhya Pradesh,Ratlam,Jaora APMC,"Sesamum(Sesame,Gingelly,Til)",Sesame,Non-FAQ,2026-03-09,5750.0,5750.0,5750.0,0.028000000000000004,Rs./Quintal,Metric Tonnes
Madhya Pradesh,Ratlam,Jaora APMC,"Sesamum(Sesame,Gingelly,Til)",Sesame,FAQ,2026-03-09,6490.0,8500.0,8500.0,0.196,Rs./Quintal,Metric Tonnes
Madhya Pradesh,Ratlam,Jaora APMC,Soyabean,Soyabeen,Non-FAQ,2026-03-09,4500.0,4703.0,4703.0,0.171,Rs./Quintal,Metric Tonnes
Madhya Pradesh,Ratlam,Jaora APMC,Soyabean,Soyabeen,FAQ,2026-03-09,1501.0,5740.0,5400.0,437.31800000000004,Rs./Quintal,Metric Tonnes
Madhya Pradesh,Ratlam,Jaora APMC,Wheat,Wheat,Non-FAQ,2026-03-09,2101.0,2101.0,2101.0,2.249,Rs./Quintal,Metric Tonnes
Madhya Pradesh,Ratlam,Jaora APMC,Wheat,Wheat,FAQ,2026-03-09,1999.0,3132.0,2240.0,1432.882,Rs./Quintal,Metric Tonnes
Madhya Pradesh,Ratlam,Jaora APMC,poppy seeds,Khaskhas,FAQ,2026-03-09,81000.0,134500.0,130900.0,1.848,Rs./Quintal,Metric Tonnes
Madhya Pradesh,Ratlam,Jaora APMC,poppy seeds,Poppy seed,FAQ,2026-03-09,102000.0,120000.0,120000.0,0.061,Rs./Quintal,Metric Tonnes
Madhya Pradesh,Neemuch,Javad APMC,Garlic,Garlic,FAQ,2026-03-09,1100.0,12500.0,5000.0,57.571000000000005,Rs./Quintal,Metric Tonnes
Madhya Pradesh,Neemuch,Javad APMC,Maize,Local,FAQ,2026-03-09,1575.0,1575.0,1575.0,4.391,Rs./Quintal,Metric Tonnes
Madhya Pradesh,Damoh,Javera APMC,Wheat,Mill Quality,Non-FAQ,2026-03-09,2280.0,2280.0,2280.0,16.290000000000003,Rs./Quintal,Metric Tonnes
Madhya Pradesh,Sehore,Jawar APMC,Bengal Gram(Gram)(Whole),Gram,FAQ,2026-03-09,4791.0,5300.0,5300.0,2.007,Rs./Quintal,Metric Tonnes
Madhya Pradesh,Sehore,Jawar APMC,Lentil(Masur)(Whole),Masur Dal,FAQ,2026-03-09,5451.0,6140.0,6000.0,5.247,Rs./Quintal,Metric Tonnes
Madhya Pradesh,Sehore,Jawar APMC,Maize,Local,FAQ,2026-03-09,1100.0,1500.0,1500.0,8.158,Rs./Quintal,Metric Tonnes
Madhya Pradesh,Sehore,Jawar APMC,Mustard,Mustard,FAQ,2026-03-09,4965.0,5957.0,5900.0,30.744,Rs./Quintal,Metric Tonnes
Madhya Pradesh,Sehore,Jawar APMC,Soyabean,Soyabeen,FAQ,2026-03-09,3200.0,5615.0,5400.0,71.42,Rs./Quintal,Metric Tonnes
Madhya Pradesh,Sehore,Jawar APMC,Wheat,Wheat,FAQ,2026-03-09,2000.0,2521.0,2300.0,181.436,Rs./Quintal,Metric Tonnes
Madhya Pradesh,Rajgarh,Jeerapur APMC,Bengal Gram(Gram)(Whole),Gram,FAQ,2026-03-09,4650.0,4960.0,4960.0,11.522,Rs./Quintal,Metric Tonnes
Madhya Pradesh,Rajgarh,Jeerapur APMC,Coriander(Leaves),Coriander,FAQ,2026-03-09,7900.0,9900.0,9625.0,3.144,Rs./Bundle,Bundle
Madhya Pradesh,Rajgarh,Jeerapur APMC,Lentil(Masur)(Whole),Masur Dal,FAQ,2026-03-09,5015.0,6800.0,6750.0,43.634,Rs./Quintal,Metric Tonnes
Madhya Pradesh,Rajgarh,Jeerapur APMC,Maize,Local,FAQ,2026-03-09,1495.0,1495.0,1495.0,0.462,Rs./Quintal,Metric Tonnes
Madhya Pradesh,Rajgarh,Jeerapur APMC,Mustard,Mustard,FAQ,2026-03-09,5725.0,6170.0,6000.0,291.85,Rs./Quintal,Metric Tonnes
Madhya Pradesh,Rajgarh,Jeerapur APMC,Mustard,Mustard,Non-FAQ,2026-03-09,5875.0,6025.0,6025.0,1.42,Rs./Quintal,Metric Tonnes
Madhya Pradesh,Rajgarh,Jeerapur APMC,Soyabean,Soyabeen,FAQ,2026-03-09,5275.0,5385.0,5385.0,3.2,Rs./Quintal,Metric Tonnes
Madhya Pradesh,Rajgarh,Jeerapur APMC,Wheat,Wheat,FAQ,2026-03-09,1750.0,2260.0,2235.0,202.52100000000002,Rs./Quintal,Metric Tonnes
Madhya Pradesh,Rajgarh,Jeerapur APMC,Wheat,Wheat,Non-FAQ,2026-03-09,2210.0,2210.0,2210.0,3.8049999999999997,Rs./Quintal,Metric Tonnes
Madhya Pradesh,Jhabua,Jhabua APMC,Bengal Gram(Gram)(Whole),Gram,FAQ,2026-03-09,2550.0,5325.0,5000.0,50.5,Rs./Quintal,Metric Tonnes
Madhya Pradesh,Jhabua,Jhabua APMC,Cotton,Without Ginned Cotton,FAQ,2026-03-09,7150.0,8700.0,7200.0,30.200000000000003,Rs./Quintal,Metric Tonnes
Madhya Pradesh,Jhabua,Jhabua APMC,Cotton,Without Ginned Cotton,Non-FAQ,2026-03-09,8375.0,8400.0,8400.0,11.670000000000002,Rs./Quintal,Metric Tonnes
Madhya Pradesh,Jhabua,Jhabua APMC,Wheat,Wheat,FAQ,2026-03-09,2200.0,2800.0,2200.0,102.15100000000001,Rs./Quintal,Metric Tonnes
Madhya Pradesh,Alirajpur,Jobat APMC,Bengal Gram(Gram)(Whole),Gram,Non-FAQ,2026-03-09,5000.0,5000.0,5000.0,3.5,Rs./Quintal,Metric Tonnes
Madhya Pradesh,Alirajpur,Jobat APMC,Bengal Gram(Gram)(Whole),Desi (F.A.Q. Split),FAQ,2026-03-09,5100.0,5100.0,5100.0,19.97,Rs./Quintal,Metric Tonnes
Madhya Pradesh,Alirajpur,Jobat APMC,Bengal Gram(Gram)(Whole),Chana Kanta,FAQ,2026-03-09,5000.0,5200.0,5000.0,12.0,Rs./Quintal,Metric Tonnes
Madhya Pradesh,Alirajpur,Jobat APMC,Bengal Gram(Gram)(Whole),Gram,FAQ,2026-03-09,4600.0,5150.0,5000.0,97.73,Rs./Quintal,Metric Tonnes
Madhya Pradesh,Alirajpur,Jobat APMC,Cotton,Without Ginned Cotton,FAQ,2026-03-09,6900.0,7550.0,7200.0,12.167000000000002,Rs./Quintal,Metric Tonnes
Madhya Pradesh,Alirajpur,Jobat APMC,Wheat,Wheat,FAQ,2026-03-09,2000.0,2300.0,2200.0,56.955,Rs./Quintal,Metric Tonnes
Madhya Pradesh,Alirajpur,Jobat APMC,Wheat,Mill Quality,FAQ,2026-03-09,2100.0,2115.0,2115.0,35.5,Rs./Quintal,Metric Tonnes
Madhya Pradesh,Morena,Jora APMC,Wheat,Mill Quality,Non-FAQ,2026-03-09,2200.0,2215.0,2215.0,27.0,Rs./Quintal,Metric Tonnes
Madhya Pradesh,Morena,Kailaras APMC,Bajra(Pearl Millet/Cumbu),Millet,FAQ,2026-03-09,1700.0,1750.0,1720.0,38.085,Rs./Quintal,Metric Tonnes
Madhya Pradesh,Morena,Kailaras APMC,Mustard,Mustard,FAQ,2026-03-09,5700.0,6395.0,6190.0,142.979,Rs./Quintal,Metric Tonnes
Madhya Pradesh,Morena,Kailaras APMC,Wheat,Local,FAQ,2026-03-09,2300.0,2310.0,2310.0,12.4,Rs./Quintal,Metric Tonnes
Madhya Pradesh,Morena,Kailaras APMC,Wheat,Wheat,FAQ,2026-03-09,2296.0,2321.0,2321.0,1.625,Rs./Quintal,Metric Tonnes
Madhya Pradesh,Shajapur,Kalapipal APMC,Bengal Gram(Gram)(Whole),Gram,FAQ,2026-03-09,4500.0,5475.0,5475.0,8.194,Rs./Quintal,Metric Tonnes
Madhya Pradesh,Shajapur,Kalapipal APMC,Coriander(Leaves),Coriander,FAQ,2026-03-09,8000.0,9900.0,8500.0,1.592,Rs./Bundle,Bundle
Madhya Pradesh,Shajapur,Kalapipal APMC,Garlic,Garlic,FAQ,2026-03-09,1000.0,7801.0,4500.0,102.46199999999999,Rs./Quintal,Metric Tonnes
Madhya Pradesh,Shajapur,Kalapipal APMC,Lentil(Masur)(Whole),Masur Dal,Non-FAQ,2026-03-09,6300.0,6300.0,6300.0,5.1000000000000005,Rs./Quintal,Metric Tonnes
Madhya Pradesh,Shajapur,Kalapipal APMC,Lentil(Masur)(Whole),Masur Dal,FAQ,2026-03-09,5325.0,5951.0,5951.0,4.15,Rs./Quintal,Metric Tonnes
Madhya Pradesh,Shajapur,Kalapipal APMC,Mustard,Mustard,FAQ,2026-03-09,5500.0,6101.0,5900.0,108.36600000000001,Rs./Quintal,Metric Tonnes
Madhya Pradesh,Shajapur,Kalapipal APMC,Mustard,Sarson(Black),FAQ,2026-03-09,5775.0,5781.0,5781.0,0.17,Rs./Quintal,Metric Tonnes
Madhya Pradesh,Shajapur,Kalapipal APMC,Mustard,Mustard,Non-FAQ,2026-03-09,6100.0,6100.0,6100.0,2.0,Rs./Quintal,Metric Tonnes
Madhya Pradesh,Shajapur,Kalapipal APMC,Soyabean,Yellow,Non-FAQ,2026-03-09,5700.0,5700.0,5700.0,2.5,Rs./Quintal,Metric Tonnes
Madhya Pradesh,Shajapur,Kalapipal APMC,Soyabean,Yellow,FAQ,2026-03-09,2701.0,5690.0,4150.0,34.322,Rs./Quintal,Metric Tonnes
Madhya Pradesh,Shajapur,Kalapipal APMC,Wheat,Wheat,FAQ,2026-03-09,1905.0,2550.0,2200.0,114.779,Rs./Quintal,Metric Tonnes
Madhya Pradesh,Shajapur,Kalapipal APMC,Wheat,Wheat,Non-FAQ,2026-03-09,2400.0,2400.0,2400.0,9.5,Rs./Quintal,Metric Tonnes
Madhya Pradesh,Shajapur,Kalapipal(F&V) APMC,Garlic,Garlic,FAQ,2026-03-09,3200.0,7801.0,5800.0,102.46,Rs./Quintal,Metric Tonnes
Madhya Pradesh,Shajapur,Kalapipal(F&V) APMC,Onion,Onion,FAQ,2026-03-09,350.0,1205.0,1000.0,8.97,Rs./Quintal,Metric Tonnes
Madhya Pradesh,Dewas,Kannod APMC,Bengal Gram(Gram)(Whole),Gram,FAQ,2026-03-09,5025.0,5280.0,5150.0,34.147000000000006,Rs./Quintal,Metric Tonnes
Madhya Pradesh,Dewas,Kannod APMC,Bengal Gram(Gram)(Whole),Chana Kabuli,FAQ,2026-03-09,4950.0,5050.0,5050.0,0.9810000000000001,Rs./Quintal,Metric Tonnes
Madhya Pradesh,Dewas,Kannod APMC,Kabuli Chana(Chickpeas-White),Dollar Gram,FAQ,2026-03-09,6601.0,6601.0,6601.0,0.064,Rs./Quintal,Metric Tonnes
Madhya Pradesh,Dewas,Kannod APMC,Maize,Local,FAQ,2026-03-09,1400.0,1631.0,1631.0,23.261000000000003,Rs./Quintal,Metric Tonnes
Madhya Pradesh,Dewas,Kannod APMC,Mustard,Mustard,FAQ,2026-03-09,5000.0,5930.0,5799.0,52.193,Rs./Quintal,Metric Tonnes
Madhya Pradesh,Dewas,Kannod APMC,Red gram/Arhar/Tur(whole),Arhar Dal(Tur),FAQ,2026-03-09,5675.0,6500.0,6500.0,0.31000000000000005,Rs./Quintal,Metric Tonnes
Madhya Pradesh,Dewas,Kannod APMC,Soyabean,Soyabeen,FAQ,2026-03-09,4536.0,5541.0,5541.0,6.63,Rs./Quintal,Metric Tonnes
Madhya Pradesh,Dewas,Kannod APMC,Wheat,Wheat,Non-FAQ,2026-03-09,2250.0,2250.0,2250.0,6.0,Rs./Quintal,Metric Tonnes
Madhya Pradesh,Dewas,Kannod APMC,Wheat,Wheat,FAQ,2026-03-09,2100.0,2726.0,2290.0,134.669,Rs./Quintal,Metric Tonnes
Madhya Pradesh,Narsinghpur,Kareli APMC,Gur(Jaggery),Jaggery,FAQ,2026-03-09,3480.0,4301.0,3600.0,265.191,Rs./Quintal,Metric Tonnes
Madhya Pradesh,Shivpuri,Karera APMC,Mustard,Mustard,Non-FAQ,2026-03-09,5200.0,5300.0,5300.0,15.862000000000002,Rs./Quintal,Metric Tonnes
Madhya Pradesh,Shivpuri,Karera APMC,Wheat,Local,FAQ,2026-03-09,2348.0,2351.0,2351.0,2.04,Rs./Quintal,Metric Tonnes
Madhya Pradesh,Shivpuri,Karera APMC,Wheat,Mill Quality,FAQ,2026-03-09,2200.0,2351.0,2200.0,27.04,Rs./Quintal,Metric Tonnes
Madhya Pradesh,Shivpuri,Karera APMC,Wheat,Wheat,FAQ,2026-03-09,2100.0,2110.0,2100.0,32.5,Rs./Quintal,Metric Tonnes
Madhya Pradesh,Shivpuri,Karera APMC,Wheat,Wheat,Non-FAQ,2026-03-09,2100.0,2240.0,2150.0,275.29200000000003,Rs./Quintal,Metric Tonnes
Madhya Pradesh,Shivpuri,Karera(F&V) APMC,Banana,Banana-Organic,Local,2026-03-09,1400.0,2100.0,1700.0,2.7800000000000002,Rs./Quintal,Metric Tonnes
Madhya Pradesh,Shivpuri,Karera(F&V) APMC,Bottle gourd,Bottle Gourd,Local,2026-03-09,1000.0,2100.0,1500.0,0.09,Rs./Quintal,Metric Tonnes
Madhya Pradesh,Shivpuri,Karera(F&V) APMC,Cabbage,Cabbage,Local,2026-03-09,800.0,1700.0,1200.0,0.12,Rs./Quintal,Metric Tonnes
Madhya Pradesh,Shivpuri,Karera(F&V) APMC,Cauliflower,Cauliflower,Local,2026-03-09,1000.0,1700.0,1200.0,0.11,Rs./Quintal,Metric Tonnes
Madhya Pradesh,Shivpuri,Karera(F&V) APMC,Onion,Onion,Local,2026-03-09,1200.0,2000.0,1400.0,0.3,Rs./Quintal,Metric Tonnes
Madhya Pradesh,Shivpuri,Karera(F&V) APMC,Orange,Orange,Local,2026-03-09,2200.0,3200.0,2700.0,0.15,Rs./Quintal,Metric Tonnes
Madhya Pradesh,Shivpuri,Karera(F&V) APMC,Potato,Potato,Local,2026-03-09,400.0,1000.0,500.0,5.5,Rs./Quintal,Metric Tonnes
Madhya Pradesh,Shivpuri,Karera(F&V) APMC,Raddish,Raddish,Local,2026-03-09,600.0,900.0,800.0,0.06,Rs./Quintal,Metric Tonnes
Madhya Pradesh,Shivpuri,Karera(F&V) APMC,Tomato,Tomato,Local,2026-03-09,200.0,900.0,500.0,3.49,Rs./Quintal,Metric Tonnes
Madhya Pradesh,Khargone,Karhi APMC,Bengal Gram(Gram)(Whole),Gram,FAQ,2026-03-09,4905.0,6230.0,6230.0,1.62,Rs./Quintal,Metric Tonnes
Madhya Pradesh,Khargone,Karhi APMC,Cotton,Without Ginned Cotton,FAQ,2026-03-09,5890.0,5890.0,5890.0,0.47500000000000003,Rs./Quintal,Metric Tonnes
Madhya Pradesh,Khargone,Karhi APMC,Kabuli Chana(Chickpeas-White),Dollar Gram,FAQ,2026-03-09,5305.0,8110.0,7500.0,90.138,Rs./Quintal,Metric Tonnes
Madhya Pradesh,Khargone,Karhi APMC,Maize,Local,FAQ,2026-03-09,1085.0,1655.0,1265.0,62.14500000000001,Rs./Quintal,Metric Tonnes
Madhya Pradesh,Khargone,Karhi APMC,Soyabean,Yellow,FAQ,2026-03-09,6400.0,6400.0,6400.0,2.2,Rs./Quintal,Metric Tonnes
Madhya Pradesh,Khargone,Karhi APMC,Wheat,Wheat,FAQ,2026-03-09,2000.0,2500.0,2180.0,159.109,Rs./Quintal,Metric Tonnes
Madhya Pradesh,Khargone,Kasrawad APMC,Wheat,Sharbati,FAQ,2026-03-09,2170.0,2265.0,2265.0,9.905000000000001,Rs./Quintal,Metric Tonnes
Madhya Pradesh,Khargone,Kasrawad APMC,Wheat,Other,FAQ,2026-03-09,2180.0,2180.0,2180.0,1.895,Rs./Quintal,Metric Tonnes
Madhya Pradesh,Khargone,Kasrawad APMC,Wheat,Lokwan,FAQ,2026-03-09,2230.0,2230.0,2230.0,3.63,Rs./Quintal,Metric Tonnes
Madhya Pradesh,Khargone,Kasrawad APMC,Wheat,Wheat,FAQ,2026-03-09,2000.0,2370.0,2300.0,233.18000000000004,Rs./Quintal,Metric Tonnes
Madhya Pradesh,Khargone,Kasrawad APMC,Wheat,Local,Non-FAQ,2026-03-09,2150.0,2235.0,2180.0,8.51,Rs./Quintal,Metric Tonnes
Madhya Pradesh,Khargone,Kasrawad APMC,Wheat,Local,FAQ,2026-03-09,2175.0,2260.0,2260.0,11.690000000000001,Rs./Quintal,Metric Tonnes
Madhya Pradesh,Khargone,Kasrawad APMC,Wheat,Other,Non-FAQ,2026-03-09,2265.0,2265.0,2265.0,1.8399999999999999,Rs./Quintal,Metric Tonnes
Madhya Pradesh,Balaghat,Katangi APMC,Paddy(Common),Common,Non-FAQ,2026-03-09,1888.0,1895.0,1894.0,18.171000000000003,Rs./Quintal,Metric Tonnes
Madhya Pradesh,Katni,Katni APMC,Barley(Jau),Barley,Non-FAQ,2026-03-09,2200.0,2389.0,2389.0,4.688000000000001,Rs./Quintal,Metric Tonnes
Madhya Pradesh,Katni,Katni APMC,Bengal Gram(Gram)(Whole),Gram,Non-FAQ,2026-03-09,4100.0,5500.0,4800.0,41.094,Rs./Quintal,Metric Tonnes
Madhya Pradesh,Katni,Katni APMC,Lentil(Masur)(Whole),Masur Dal,Non-FAQ,2026-03-09,4165.0,6548.0,6540.0,31.012,Rs./Quintal,Metric Tonnes
Madhya Pradesh,Katni,Katni APMC,Linseed,Flaxseed,FAQ,2026-03-09,5860.0,5860.0,5860.0,1.5,Rs./Quintal,Metric Tonnes
Madhya Pradesh,Katni,Katni APMC,Mustard,Mustard,FAQ,2026-03-09,5900.0,6050.0,5900.0,7.68,Rs./Quintal,Metric Tonnes
Madhya Pradesh,Katni,Katni APMC,Mustard,Mustard,Non-FAQ,2026-03-09,4500.0,7200.0,5900.0,363.212,Rs./Quintal,Metric Tonnes
Madhya Pradesh,Katni,Katni APMC,Paddy(Common),Common,FAQ,2026-03-09,1935.0,1950.0,1950.0,10.4,Rs./Quintal,Metric Tonnes
Madhya Pradesh,Katni,Katni APMC,Paddy(Common),Dhan,Non-FAQ,2026-03-09,1600.0,2010.0,1990.0,69.04299999999999,Rs./Quintal,Metric Tonnes
Madhya Pradesh,Katni,Katni APMC,Red gram/Arhar/Tur(whole),Arhar Dal(Tur),Non-FAQ,2026-03-09,5000.0,6500.0,6500.0,6.001,Rs./Quintal,Metric Tonnes
Madhya Pradesh,Katni,Katni APMC,Red gram/Arhar/Tur(whole),Arhar Dal(Tur),FAQ,2026-03-09,7393.35,8080.08,8080.08,548.278,Rs./Quintal,Metric Tonnes
Madhya Pradesh,Katni,Katni APMC,Wheat,Mill Quality,FAQ,2026-03-09,2425.0,2450.0,2450.0,10.0,Rs./Quintal,Metric Tonnes
Madhya Pradesh,Katni,Katni APMC,Wheat,Mill Quality,Non-FAQ,2026-03-09,2220.0,2380.0,2370.0,68.2,Rs./Quintal,Metric Tonnes
Madhya Pradesh,Katni,Katni APMC,Wheat,Wheat,Non-FAQ,2026-03-09,2158.0,2414.0,2300.0,174.43,Rs./Quintal,Metric Tonnes
Madhya Pradesh,Seoni,Keolari APMC,Maize,Local,FAQ,2026-03-09,1500.0,1500.0,1500.0,12.5,Rs./Quintal,Metric Tonnes
Madhya Pradesh,Seoni,Keolari APMC,Wheat,Wheat,FAQ,2026-03-09,2350.0,2350.0,2350.0,5.0,Rs./Quintal,Metric Tonnes
Madhya Pradesh,Sagar,Kesli APMC,Wheat,Wheat,FAQ,2026-03-09,2125.0,2180.0,2150.0,67.72000000000001,Rs./Quintal,Metric Tonnes
Madhya Pradesh,Ujjain,Khachrod APMC,Soyabean,Soyabeen,FAQ,2026-03-09,4390.0,5573.0,5451.0,47.925000000000004,Rs./Quintal,Metric Tonnes
Madhya Pradesh,Ujjain,Khachrod APMC,Wheat,Wheat,FAQ,2026-03-09,1911.0,2441.0,2225.0,174.586,Rs./Quintal,Metric Tonnes
Madhya Pradesh,Khandwa,Khandwa APMC,Bengal Gram(Gram)(Whole),Gram,FAQ,2026-03-09,4000.0,5303.0,5200.0,267.358,Rs./Quintal,Metric Tonnes
Madhya Pradesh,Khandwa,Khandwa APMC,Black Gram(Urd Beans)(Whole),Urda/Urd,FAQ,2026-03-09,3901.0,3911.0,3911.0,7.522,Rs./Quintal,Metric Tonnes
Madhya Pradesh,Khandwa,Khandwa APMC,Cotton,Without Ginned Cotton,FAQ,2026-03-09,6000.0,7660.0,7200.0,59.06,Rs./Quintal,Metric Tonnes
Madhya Pradesh,Khandwa,Khandwa APMC,Green Gram(Moong)(Whole),Green (Whole),FAQ,2026-03-09,5000.0,5000.0,5000.0,0.049,Rs./Quintal,Metric Tonnes
Madhya Pradesh,Khandwa,Khandwa APMC,Maize,Sweet Corn (For Biscuits),FAQ,2026-03-09,1647.0,1647.0,1647.0,4.04,Rs./Quintal,Metric Tonnes
Madhya Pradesh,Khandwa,Khandwa APMC,Maize,Local,FAQ,2026-03-09,1400.0,1710.0,1625.0,138.433,Rs./Quintal,Metric Tonnes
Madhya Pradesh,Khandwa,Khandwa APMC,Onion,Local,FAQ,2026-03-09,800.0,800.0,800.0,5.0,Rs./Quintal,Metric Tonnes
Madhya Pradesh,Khandwa,Khandwa APMC,Potato,Local,FAQ,2026-03-09,1000.0,1000.0,1000.0,10.0,Rs./Quintal,Metric Tonnes
Madhya Pradesh,Khandwa,Khandwa APMC,Red gram/Arhar/Tur(whole),Arhar Dal(Tur),FAQ,2026-03-09,4600.0,7371.0,6800.0,21.715000000000003,Rs./Quintal,Metric Tonnes
Madhya Pradesh,Khandwa,Khandwa APMC,Soyabean,Yellow,FAQ,2026-03-09,2505.0,5671.0,5000.0,76.056,Rs./Quintal,Metric Tonnes
Madhya Pradesh,Khandwa,Khandwa APMC,Wheat,Wheat Mix,FAQ,2026-03-09,2121.0,2121.0,2121.0,9.4,Rs./Quintal,Metric Tonnes
Madhya Pradesh,Khandwa,Khandwa APMC,Wheat,Mill Quality,Non-FAQ,2026-03-09,2060.0,2115.0,2115.0,10.3,Rs./Quintal,Metric Tonnes
Madhya Pradesh,Khandwa,Khandwa APMC,Wheat,Wheat,FAQ,2026-03-09,2101.0,2890.0,2411.0,372.96500000000003,Rs./Quintal,Metric Tonnes
Madhya Pradesh,Khandwa,Khandwa APMC,Wheat,Mill Quality,FAQ,2026-03-09,1435.0,2601.0,2250.0,1825.494,Rs./Quintal,Metric Tonnes
Madhya Pradesh,Khandwa,Khandwa(F&V) APMC,Bhindi(Ladies Finger),Bhindi,FAQ,2026-03-09,1000.0,3000.0,1500.0,0.9,Rs./Quintal,Metric Tonnes
Madhya Pradesh,Khandwa,Khandwa(F&V) APMC,Bitter gourd,Bitter Gourd,FAQ,2026-03-09,1000.0,2800.0,1650.0,0.5,Rs./Quintal,Metric Tonnes
Madhya Pradesh,Khandwa,Khandwa(F&V) APMC,Bottle gourd,Bottle Gourd,FAQ,2026-03-09,400.0,800.0,400.0,1.0,Rs./Quintal,Metric Tonnes
Madhya Pradesh,Khandwa,Khandwa(F&V) APMC,Brinjal,Brinjal,FAQ,2026-03-09,800.0,1800.0,1000.0,0.8,Rs./Quintal,Metric Tonnes
Madhya Pradesh,Khandwa,Khandwa(F&V) APMC,Cabbage,Cabbage,FAQ,2026-03-09,300.0,600.0,400.0,1.5,Rs./Quintal,Metric Tonnes
Madhya Pradesh,Khandwa,Khandwa(F&V) APMC,Capsicum,Capsicum,FAQ,2026-03-09,1200.0,2800.0,1800.0,0.5,Rs./Quintal,Metric Tonnes
Madhya Pradesh,Khandwa,Khandwa(F&V) APMC,Cauliflower,Cauliflower,FAQ,2026-03-09,400.0,1200.0,800.0,1.2000000000000002,Rs./Quintal,Metric Tonnes
Madhya Pradesh,Khandwa,Khandwa(F&V) APMC,Cucumbar(Kheera),Cucumbar,FAQ,2026-03-09,400.0,800.0,600.0,0.8,Rs./Quintal,Metric Tonnes
Madhya Pradesh,Khandwa,Khandwa(F&V) APMC,Green Chilli,Green Chilly,FAQ,2026-03-09,1200.0,3500.0,2500.0,1.1,Rs./Quintal,Metric Tonnes
Madhya Pradesh,Khandwa,Khandwa(F&V) APMC,Potato,Potato,FAQ,2026-03-09,300.0,1000.0,600.0,10.0,Rs./Quintal,Metric Tonnes
Madhya Pradesh,Khandwa,Khandwa(F&V) APMC,Tomato,Tomato,FAQ,2026-03-09,400.0,1000.0,670.0,3.0,Rs./Quintal,Metric Tonnes
Madhya Pradesh,Shivpuri,Khanyadhana APMC,Barley(Jau),Barley,Non-FAQ,2026-03-09,1785.0,1825.0,1815.0,91.30000000000001,Rs./Quintal,Metric Tonnes
Madhya Pradesh,Shivpuri,Khanyadhana APMC,Barley(Jau),Barley,FAQ,2026-03-09,1725.0,1915.0,1872.0,382.90000000000003,Rs./Quintal,Metric Tonnes
Madhya Pradesh,Shivpuri,Khanyadhana APMC,Mustard,Mustard,Non-FAQ,2026-03-09,5695.0,6005.0,5965.0,46.1,Rs./Quintal,Metric Tonnes
Madhya Pradesh,Shivpuri,Khanyadhana APMC,Mustard,Mustard,FAQ,2026-03-09,5815.0,6015.0,5875.0,48.900000000000006,Rs./Quintal,Metric Tonnes
Madhya Pradesh,Shivpuri,Khanyadhana APMC,Wheat,Mill Quality,FAQ,2026-03-09,2145.0,2178.0,2175.0,105.0,Rs./Quintal,Metric Tonnes
Madhya Pradesh,Shivpuri,Khanyadhana APMC,Wheat,Mill Quality,Non-FAQ,2026-03-09,2165.0,2175.0,2175.0,13.0,Rs./Quintal,Metric Tonnes
Madhya Pradesh,Tikamgarh,Khargapur APMC,Groundnut,Groundnut seed,FAQ,2026-03-09,5850.0,6050.0,6050.0,13.100000000000001,Rs./Quintal,Metric Tonnes
Madhya Pradesh,Tikamgarh,Khargapur APMC,Wheat,Mill Quality,FAQ,2026-03-09,2200.0,2225.0,2216.0,104.12,Rs./Quintal,Metric Tonnes
Madhya Pradesh,Khargone,Khargone APMC,Bengal Gram(Gram)(Whole),Chana Kabuli,FAQ,2026-03-09,6868.0,6868.0,6868.0,0.21400000000000002,Rs./Quintal,Metric Tonnes
Madhya Pradesh,Khargone,Khargone APMC,Bengal Gram(Gram)(Whole),Gram,FAQ,2026-03-09,4896.0,7156.0,5012.0,154.43800000000002,Rs./Quintal,Metric Tonnes
Madhya Pradesh,Khargone,Khargone APMC,Bengal Gram(Gram)(Whole),Gram,Non-FAQ,2026-03-09,5001.0,5011.0,5011.0,14.825000000000001,Rs./Quintal,Metric Tonnes
Madhya Pradesh,Khargone,Khargone APMC,Cotton,Without Ginned Cotton,Non-FAQ,2026-03-09,7450.0,7550.0,7550.0,25.78,Rs./Quintal,Metric Tonnes
Madhya Pradesh,Khargone,Khargone APMC,Cotton,Without Ginned Cotton,FAQ,2026-03-09,5011.0,7701.0,7701.0,19.645,Rs./Quintal,Metric Tonnes
Madhya Pradesh,Khargone,Khargone APMC,Kabuli Chana(Chickpeas-White),Dollar Gram,FAQ,2026-03-09,6670.0,8305.0,7705.0,456.13000000000005,Rs./Quintal,Metric Tonnes
Madhya Pradesh,Khargone,Khargone APMC,Maize,Local,FAQ,2026-03-09,1150.0,1722.0,1660.0,344.75,Rs./Quintal,Metric Tonnes
Madhya Pradesh,Khargone,Khargone APMC,Red gram/Arhar/Tur(whole),Arhar Dal(Tur),FAQ,2026-03-09,5896.0,7526.0,7526.0,36.906,Rs./Quintal,Metric Tonnes
Madhya Pradesh,Khargone,Khargone APMC,Soyabean,Soyabeen,FAQ,2026-03-09,4800.0,5650.0,5650.0,34.660000000000004,Rs./Quintal,Metric Tonnes
Madhya Pradesh,Khargone,Khargone APMC,Wheat,Wheat,FAQ,2026-03-09,2076.0,2565.0,2270.0,929.0290000000001,Rs./Quintal,Metric Tonnes
Madhya Pradesh,Khargone,Khargone APMC,Wheat,Wheat,Non-FAQ,2026-03-09,1980.0,2350.0,2250.0,191.71500000000003,Rs./Quintal,Metric Tonnes
Madhya Pradesh,Dewas,Khategaon APMC,Bengal Gram(Gram)(Whole),Gram,FAQ,2026-03-09,4400.0,5661.0,5170.0,85.486,Rs./Quintal,Metric Tonnes
Madhya Pradesh,Dewas,Khategaon APMC,Green Gram(Moong)(Whole),Green (Whole),FAQ,2026-03-09,1250.0,6200.0,6200.0,0.34500000000000003,Rs./Quintal,Metric Tonnes
Madhya Pradesh,Dewas,Khategaon APMC,Kabuli Chana(Chickpeas-White),Dollar Gram,FAQ,2026-03-09,3600.0,7800.0,7800.0,43.851,Rs./Quintal,Metric Tonnes
Madhya Pradesh,Dewas,Khategaon APMC,Maize,Local,FAQ,2026-03-09,1095.0,1624.0,1519.0,217.23800000000003,Rs./Quintal,Metric Tonnes
Madhya Pradesh,Dewas,Khategaon APMC,Mustard,Mustard,FAQ,2026-03-09,4000.0,5911.0,5700.0,283.77,Rs./Quintal,Metric Tonnes
Madhya Pradesh,Dewas,Khategaon APMC,Red gram/Arhar/Tur(whole),Arhar Dal(Tur),FAQ,2026-03-09,5000.0,5000.0,5000.0,0.074,Rs./Quintal,Metric Tonnes
Madhya Pradesh,Dewas,Khategaon APMC,Soyabean,Soyabeen,FAQ,2026-03-09,3800.0,5400.0,5400.0,50.465,Rs./Quintal,Metric Tonnes
Madhya Pradesh,Dewas,Khategaon APMC,Wheat,Local,FAQ,2026-03-09,2218.0,2218.0,2218.0,0.8980000000000001,Rs./Quintal,Metric Tonnes
Madhya Pradesh,Dewas,Khategaon APMC,Wheat,Wheat,FAQ,2026-03-09,2100.0,2402.0,2200.0,459.15500000000003,Rs./Quintal,Metric Tonnes
Madhya Pradesh,Shivpuri,Khatora APMC,Lentil(Masur)(Whole),Masur Dal,Non-FAQ,2026-03-09,5505.0,5674.0,5656.0,8.119,Rs./Quintal,Metric Tonnes
Madhya Pradesh,Shivpuri,Khatora APMC,Lentil(Masur)(Whole),Masur Dal,FAQ,2026-03-09,5515.0,5515.0,5515.0,3.035,Rs./Quintal,Metric Tonnes
Madhya Pradesh,Shivpuri,Khatora APMC,Maize,Local,Non-FAQ,2026-03-09,1400.0,1400.0,1400.0,0.7030000000000001,Rs./Quintal,Metric Tonnes
Madhya Pradesh,Shivpuri,Khatora APMC,Mustard,Mustard,Non-FAQ,2026-03-09,5901.0,6100.0,5912.0,10.102,Rs./Quintal,Metric Tonnes
Madhya Pradesh,Shivpuri,Khatora APMC,Wheat,Wheat,Non-FAQ,2026-03-09,2396.0,2396.0,2396.0,3.612,Rs./Quintal,Metric Tonnes
Madhya Pradesh,Badwani,Khetia APMC,Bengal Gram(Gram)(Whole),Gram,FAQ,2026-03-09,5050.0,5200.0,5200.0,0.995,Rs./Quintal,Metric Tonnes
Madhya Pradesh,Badwani,Khetia APMC,Cotton,Without Ginned Cotton,FAQ,2026-03-09,5355.0,7990.0,7900.0,47.635000000000005,Rs./Quintal,Metric Tonnes
Madhya Pradesh,Badwani,Khetia APMC,Kabuli Chana(Chickpeas-White),Double Dollar Chana,FAQ,2026-03-09,4870.0,4870.0,4870.0,0.35000000000000003,Rs./Quintal,Metric Tonnes
Madhya Pradesh,Badwani,Khetia APMC,Kabuli Chana(Chickpeas-White),Dollar Gram,FAQ,2026-03-09,7100.0,7100.0,7100.0,0.17,Rs./Quintal,Metric Tonnes
Madhya Pradesh,Badwani,Khetia APMC,Maize,Yellow,FAQ,2026-03-09,1100.0,1625.0,1625.0,32.955000000000005,Rs./Quintal,Metric Tonnes
Madhya Pradesh,Badwani,Khetia APMC,Soyabean,Yellow,FAQ,2026-03-09,5015.0,5130.0,5130.0,22.52,Rs./Quintal,Metric Tonnes
Madhya Pradesh,Badwani,Khetia APMC,Wheat,Lokwan,FAQ,2026-03-09,2110.0,2250.0,2200.0,23.885,Rs./Quintal,Metric Tonnes
Madhya Pradesh,Badwani,Khetia APMC,Wheat,Wheat,FAQ,2026-03-09,2150.0,2235.0,2235.0,12.55,Rs./Quintal,Metric Tonnes
Madhya Pradesh,Rajgarh,Khilchipur APMC,Wheat,Mill Quality,FAQ,2026-03-09,2150.0,2230.0,2230.0,71.926,Rs./Quintal,Metric Tonnes
Madhya Pradesh,Rajgarh,Khilchipur APMC,Wheat,Mill Quality,Non-FAQ,2026-03-09,2200.0,2215.0,2215.0,3.465,Rs./Quintal,Metric Tonnes
Madhya Pradesh,Rajgarh,Khilchipur APMC,Wheat,Wheat,FAQ,2026-03-09,2175.0,2200.0,2180.0,27.330000000000002,Rs./Quintal,Metric Tonnes
Madhya Pradesh,Harda,Khirakiya APMC,Bengal Gram(Gram)(Whole),Gram,Non-FAQ,2026-03-09,5001.0,5251.0,5080.0,12.087000000000002,Rs./Quintal,Metric Tonnes
Madhya Pradesh,Harda,Khirakiya APMC,Bengal Gram(Gram)(Whole),Desi (F.A.Q. Split),Non-FAQ,2026-03-09,4101.0,5281.0,5201.0,55.733000000000004,Rs./Quintal,Metric Tonnes
Madhya Pradesh,Harda,Khirakiya APMC,Green Gram(Moong)(Whole),Green (Whole),Non-FAQ,2026-03-09,4400.0,7151.0,7151.0,0.535,Rs./Quintal,Metric Tonnes
Madhya Pradesh,Harda,Khirakiya APMC,Maize,Local,Non-FAQ,2026-03-09,1381.0,1637.0,1491.0,32.952999999999996,Rs./Quintal,Metric Tonnes
Madhya Pradesh,Harda,Khirakiya APMC,Mustard,Mustard,FAQ,2026-03-09,5476.0,5476.0,5476.0,0.163,Rs./Quintal,Metric Tonnes
Madhya Pradesh,Harda,Khirakiya APMC,Mustard,Mustard,Non-FAQ,2026-03-09,4700.0,5700.0,5659.0,29.299000000000003,Rs./Quintal,Metric Tonnes
Madhya Pradesh,Harda,Khirakiya APMC,Red gram/Arhar/Tur(whole),Arhar Dal(Tur),Non-FAQ,2026-03-09,4790.0,7565.0,7540.0,23.62,Rs./Quintal,Metric Tonnes
Madhya Pradesh,Harda,Khirakiya APMC,Soyabean,Yellow,Non-FAQ,2026-03-09,4199.0,5500.0,5500.0,19.437,Rs./Quintal,Metric Tonnes
Madhya Pradesh,Harda,Khirakiya APMC,Soyabean,Soyabeen,Non-FAQ,2026-03-09,4984.0,5600.0,5600.0,15.638,Rs./Quintal,Metric Tonnes
Madhya Pradesh,Harda,Khirakiya APMC,Wheat,Mill Quality,Non-FAQ,2026-03-09,2121.0,2337.0,2240.0,676.1890000000001,Rs./Quintal,Metric Tonnes
Madhya Pradesh,Rajgarh,Khujner APMC,Bengal Gram(Gram)(Whole),Gram,FAQ,2026-03-09,3990.0,4935.0,4935.0,4.572,Rs./Quintal,Metric Tonnes
Madhya Pradesh,Rajgarh,Khujner APMC,Lentil(Masur)(Whole),Masur Dal,FAQ,2026-03-09,5385.0,6475.0,6390.0,18.69,Rs./Quintal,Metric Tonnes
Madhya Pradesh,Rajgarh,Khujner APMC,Mustard,Mustard,FAQ,2026-03-09,5400.0,6125.0,5875.0,128.882,Rs./Quintal,Metric Tonnes
Madhya Pradesh,Rajgarh,Khujner APMC,Soyabean,Soyabeen,FAQ,2026-03-09,4690.0,5560.0,5200.0,13.168000000000001,Rs./Quintal,Metric Tonnes
Madhya Pradesh,Rajgarh,Khujner APMC,Wheat,Mill Quality,FAQ,2026-03-09,2105.0,2225.0,2225.0,21.380000000000003,Rs./Quintal,Metric Tonnes
Madhya Pradesh,Rajgarh,Khujner APMC,Wheat,Wheat,FAQ,2026-03-09,1800.0,2232.0,2190.0,92.129,Rs./Quintal,Metric Tonnes
Madhya Pradesh,Sagar,Khurai APMC,Bengal Gram(Gram)(Whole),Gram,FAQ,2026-03-09,3500.0,5145.0,4800.0,46.259,Rs./Quintal,Metric Tonnes
Madhya Pradesh,Sagar,Khurai APMC,Green Peas,Pea,FAQ,2026-03-09,2500.0,4301.0,3500.0,125.99700000000001,Rs./Quintal,Metric Tonnes
Madhya Pradesh,Sagar,Khurai APMC,Lak(Teora),Tiwada,FAQ,2026-03-09,2600.0,3295.0,3100.0,79.306,Rs./Quintal,Metric Tonnes
Madhya Pradesh,Sagar,Khurai APMC,Lentil(Masur)(Whole),Masur Dal,FAQ,2026-03-09,5050.0,6640.0,5700.0,135.74200000000002,Rs./Quintal,Metric Tonnes
Madhya Pradesh,Sagar,Khurai APMC,Mustard,Mustard,FAQ,2026-03-09,3400.0,6800.0,5900.0,14.39,Rs./Quintal,Metric Tonnes
Madhya Pradesh,Sagar,Khurai APMC,Soyabean,Soyabeen,FAQ,2026-03-09,4435.0,5405.0,5291.0,7.3340000000000005,Rs./Quintal,Metric Tonnes
Madhya Pradesh,Sagar,Khurai APMC,Wheat,Wheat,FAQ,2026-03-09,1900.0,2845.0,2125.0,135.854,Rs./Quintal,Metric Tonnes
Madhya Pradesh,Sagar,Khurai APMC,buttery,Buttery,FAQ,2026-03-09,2800.0,4586.0,4586.0,19.934,Rs./Quintal,Metric Tonnes
Madhya Pradesh,Shivpuri,Kolaras APMC,Barley(Jau),Barley,Non-FAQ,2026-03-09,1700.0,1700.0,1700.0,1.5140000000000002,Rs./Quintal,Metric Tonnes
Madhya Pradesh,Shivpuri,Kolaras APMC,Bengal Gram(Gram)(Whole),Gram,Non-FAQ,2026-03-09,4555.0,5265.0,5240.0,38.784,Rs./Quintal,Metric Tonnes
Madhya Pradesh,Shivpuri,Kolaras APMC,Bengal Gram(Gram)(Whole),Gram,FAQ,2026-03-09,4005.0,5265.0,5265.0,16.815,Rs./Quintal,Metric Tonnes
Madhya Pradesh,Shivpuri,Kolaras APMC,Black Gram(Urd Beans)(Whole),Urda/Urd,Non-FAQ,2026-03-09,4600.0,4600.0,4600.0,0.193,Rs./Quintal,Metric Tonnes
Madhya Pradesh,Shivpuri,Kolaras APMC,Coriander(Leaves),Coriander,FAQ,2026-03-09,9200.0,9200.0,9200.0,0.561,Rs./Bundle,Bundle
Madhya Pradesh,Shivpuri,Kolaras APMC,Green Gram(Moong)(Whole),Green (Whole),FAQ,2026-03-09,5700.0,5700.0,5700.0,2.6850000000000005,Rs./Quintal,Metric Tonnes
Madhya Pradesh,Shivpuri,Kolaras APMC,Lentil(Masur)(Whole),Masur Dal,FAQ,2026-03-09,5280.0,5800.0,5800.0,23.118000000000002,Rs./Quintal,Metric Tonnes
Madhya Pradesh,Shivpuri,Kolaras APMC,Lentil(Masur)(Whole),Masur Dal,Non-FAQ,2026-03-09,5180.0,6305.0,5650.0,109.71199999999999,Rs./Quintal,Metric Tonnes
Madhya Pradesh,Shivpuri,Kolaras APMC,Maize,Local,Non-FAQ,2026-03-09,1255.0,1685.0,1685.0,21.309,Rs./Quintal,Metric Tonnes
Madhya Pradesh,Shivpuri,Kolaras APMC,Mustard,Mustard,FAQ,2026-03-09,5500.0,6675.0,6150.0,912.091,Rs./Quintal,Metric Tonnes
Madhya Pradesh,Shivpuri,Kolaras APMC,Mustard,Mustard,Non-FAQ,2026-03-09,5625.0,6300.0,6080.0,94.409,Rs./Quintal,Metric Tonnes
Madhya Pradesh,Shivpuri,Kolaras APMC,Soyabean,Soyabeen,Non-FAQ,2026-03-09,5000.0,5375.0,5375.0,9.35,Rs./Quintal,Metric Tonnes
Madhya Pradesh,Shivpuri,Kolaras APMC,Soyabean,Soyabeen,FAQ,2026-03-09,5325.0,5325.0,5325.0,1.254,Rs./Quintal,Metric Tonnes
Madhya Pradesh,Shivpuri,Kolaras APMC,Wheat,Wheat,Non-FAQ,2026-03-09,2105.0,2170.0,2170.0,5.365,Rs./Quintal,Metric Tonnes
Madhya Pradesh,Mandla,Krishi Upaj Mandi Samiti Bichhiya,Kutki,Kutki,FAQ,2026-03-09,4300.0,4300.0,4300.0,4.651,Rs./Quintal,Metric Tonnes
Madhya Pradesh,Mandla,Krishi Upaj Mandi Samiti Bichhiya,Mustard,Mustard,FAQ,2026-03-09,6200.0,6200.0,6200.0,3.2200000000000006,Rs./Quintal,Metric Tonnes
Madhya Pradesh,Mandla,Krishi Upaj Mandi Samiti Bichhiya,Paddy(Common),Dhan,Non-FAQ,2026-03-09,2000.0,2105.0,2000.0,59.302,Rs./Quintal,Metric Tonnes
Madhya Pradesh,Mandla,Krishi Upaj Mandi Samiti Bichhiya,Paddy(Common),Common,Non-FAQ,2026-03-09,1900.0,1950.0,1900.0,67.0,Rs./Quintal,Metric Tonnes
Madhya Pradesh,Mandla,Krishi Upaj Mandi Samiti Bichhiya,Wheat,Mill Quality,Non-FAQ,2026-03-09,2300.0,2300.0,2300.0,3.0,Rs./Quintal,Metric Tonnes
Madhya Pradesh,Dhar,Kukshi APMC,Bengal Gram(Gram)(Whole),Desi (F.A.Q. Split),FAQ,2026-03-09,4660.0,4975.0,4975.0,4.565,Rs./Quintal,Metric Tonnes
Madhya Pradesh,Dhar,Kukshi APMC,Bengal Gram(Gram)(Whole),Gram,FAQ,2026-03-09,5010.0,5300.0,5050.0,97.78500000000001,Rs./Quintal,Metric Tonnes
Madhya Pradesh,Dhar,Kukshi APMC,Cotton,Without Ginned Cotton,FAQ,2026-03-09,6900.0,7825.0,7825.0,25.705000000000002,Rs./Quintal,Metric Tonnes
Madhya Pradesh,Dhar,Kukshi APMC,Kabuli Chana(Chickpeas-White),Dollar Gram,FAQ,2026-03-09,4950.0,8100.0,7400.0,115.397,Rs./Quintal,Metric Tonnes
Madhya Pradesh,Dhar,Kukshi APMC,Maize,Local,Non-FAQ,2026-03-09,1250.0,1250.0,1250.0,1.725,Rs./Quintal,Metric Tonnes
Madhya Pradesh,Dhar,Kukshi APMC,Maize,Local,FAQ,2026-03-09,1295.0,1611.0,1500.0,79.52000000000001,Rs./Quintal,Metric Tonnes
Madhya Pradesh,Dhar,Kukshi APMC,Soyabean,Soyabeen,FAQ,2026-03-09,4500.0,5000.0,4600.0,15.65,Rs./Quintal,Metric Tonnes
Madhya Pradesh,Dhar,Kukshi APMC,Wheat,Wheat,Non-FAQ,2026-03-09,1875.0,1875.0,1875.0,7.15,Rs./Quintal,Metric Tonnes
Madhya Pradesh,Dhar,Kukshi APMC,Wheat,Wheat,FAQ,2026-03-09,2000.0,2550.0,2300.0,352.82,Rs./Quintal,Metric Tonnes
Madhya Pradesh,Guna,Kumbhraj APMC,Bengal Gram(Gram)(Whole),Gram,Non-FAQ,2026-03-09,5050.0,5225.0,5120.0,10.725000000000001,Rs./Quintal,Metric Tonnes
Madhya Pradesh,Guna,Kumbhraj APMC,Coriander(Leaves),Coriander,FAQ,2026-03-09,7000.0,11900.0,10550.0,168.76500000000001,Rs./Bundle,Bundle
Madhya Pradesh,Guna,Kumbhraj APMC,Lentil(Masur)(Whole),Masur Dal,FAQ,2026-03-09,5760.0,6680.0,6440.0,235.68000000000004,Rs./Quintal,Metric Tonnes
Madhya Pradesh,Guna,Kumbhraj APMC,Lentil(Masur)(Whole),Masur Dal,Non-FAQ,2026-03-09,5900.0,6485.0,6485.0,4.833,Rs./Quintal,Metric Tonnes
Madhya Pradesh,Guna,Kumbhraj APMC,Lentil(Masur)(Whole),Local,FAQ,2026-03-09,6440.0,6440.0,6440.0,0.8380000000000001,Rs./Quintal,Metric Tonnes
Madhya Pradesh,Guna,Kumbhraj APMC,Maize,Local,Non-FAQ,2026-03-09,1450.0,1450.0,1450.0,0.379,Rs./Quintal,Metric Tonnes
Madhya Pradesh,Guna,Kumbhraj APMC,Maize,Local,FAQ,2026-03-09,1368.0,1680.0,1650.0,27.786,Rs./Quintal,Metric Tonnes
Madhya Pradesh,Guna,Kumbhraj APMC,Mustard,Mustard,FAQ,2026-03-09,5545.0,5890.0,5750.0,132.278,Rs./Quintal,Metric Tonnes
Madhya Pradesh,Guna,Kumbhraj APMC,Wheat,Wheat,FAQ,2026-03-09,2000.0,2345.0,2200.0,43.81100000000001,Rs./Quintal,Metric Tonnes
Madhya Pradesh,Guna,Kumbhraj APMC,Wheat,Wheat,Non-FAQ,2026-03-09,2230.0,2315.0,2250.0,64.328,Rs./Quintal,Metric Tonnes
Madhya Pradesh,Guna,Kumbhraj APMC,Wheat,Wheat Mix,FAQ,2026-03-09,2100.0,2150.0,2100.0,11.488,Rs./Quintal,Metric Tonnes
Madhya Pradesh,Guna,Kumbhraj APMC,Wheat,Mill Quality,Non-FAQ,2026-03-09,2235.0,2235.0,2235.0,4.315,Rs./Quintal,Metric Tonnes
Madhya Pradesh,Rajgarh,Kurawar APMC,Bengal Gram(Gram)(Whole),Gram,FAQ,2026-03-09,4405.0,4925.0,4925.0,11.296,Rs./Quintal,Metric Tonnes
Madhya Pradesh,Rajgarh,Kurawar APMC,Coriander(Leaves),Coriander,FAQ,2026-03-09,7105.0,9500.0,9500.0,0.37200000000000005,Rs./Bundle,Bundle
Madhya Pradesh,Rajgarh,Kurawar APMC,Lentil(Masur)(Whole),Masur Dal,FAQ,2026-03-09,5600.0,6230.0,6230.0,4.196000000000001,Rs./Quintal,Metric Tonnes
Madhya Pradesh,Rajgarh,Kurawar APMC,Mustard,Mustard,FAQ,2026-03-09,4005.0,5985.0,5925.0,179.347,Rs./Quintal,Metric Tonnes
Madhya Pradesh,Rajgarh,Kurawar APMC,Soyabean,Soyabeen,FAQ,2026-03-09,3205.0,5695.0,5500.0,115.83,Rs./Quintal,Metric Tonnes
Madhya Pradesh,Rajgarh,Kurawar APMC,Wheat,Wheat,FAQ,2026-03-09,1725.0,2540.0,2240.0,293.687,Rs./Quintal,Metric Tonnes
Madhya Pradesh,Rajgarh,Kurawar APMC,Wheat,Local,FAQ,2026-03-09,1965.0,1965.0,1965.0,3.686,Rs./Quintal,Metric Tonnes
Madhya Pradesh,Vidisha,Kurwai APMC,Mustard,Mustard,Non-FAQ,2026-03-09,5700.0,6051.0,5800.0,5.785,Rs./Quintal,Metric Tonnes
Madhya Pradesh,Vidisha,Kurwai APMC,Soyabean,Soyabeen,Non-FAQ,2026-03-09,5385.0,5385.0,5385.0,0.067,Rs./Quintal,Metric Tonnes
Madhya Pradesh,Bhind,Lahar APMC,"Sesamum(Sesame,Gingelly,Til)",Sesame,Non-FAQ,2026-03-09,7625.0,7625.0,7625.0,1.0,Rs./Quintal,Metric Tonnes
Madhya Pradesh,Seoni,Lakhnadon APMC,Maize,Local,Non-FAQ,2026-03-09,1530.0,1540.0,1530.0,76.60000000000001,Rs./Quintal,Metric Tonnes
Madhya Pradesh,Seoni,Lakhnadon APMC,Maize,Yellow,Non-FAQ,2026-03-09,1480.0,1505.0,1505.0,50.900000000000006,Rs./Quintal,Metric Tonnes
Madhya Pradesh,Seoni,Lakhnadon APMC,Maize,Local,FAQ,2026-03-09,1600.0,1610.0,1610.0,24.900000000000002,Rs./Quintal,Metric Tonnes
Madhya Pradesh,Gwalior,Lashkar APMC,Bajra(Pearl Millet/Cumbu),Millet,FAQ,2026-03-09,1800.0,1800.0,1800.0,9.5,Rs./Quintal,Metric Tonnes
Madhya Pradesh,Gwalior,Lashkar APMC,Chili Red,Red,FAQ,2026-03-09,8000.0,8000.0,8000.0,11.08,Rs./Quintal,Metric Tonnes
Madhya Pradesh,Gwalior,Lashkar APMC,Mustard,Mustard,FAQ,2026-03-09,5350.0,6545.0,6455.0,236.293,Rs./Quintal,Metric Tonnes
Madhya Pradesh,Gwalior,Lashkar APMC,Mustard,Mustard,Non-FAQ,2026-03-09,5730.0,6520.0,6300.0,46.316,Rs./Quintal,Metric Tonnes
Madhya Pradesh,Gwalior,Lashkar APMC,Mustard,Sarson(Black),FAQ,2026-03-09,6200.0,6350.0,6350.0,9.05,Rs./Quintal,Metric Tonnes
Madhya Pradesh,Gwalior,Lashkar APMC,Turmeric,Turmeric,FAQ,2026-03-09,12500.0,12500.0,12500.0,25.0,Rs./Quintal,Metric Tonnes
Madhya Pradesh,Gwalior,Lashkar APMC,Wheat,Wheat,FAQ,2026-03-09,2235.0,2325.0,2265.0,10.700000000000001,Rs./Quintal,Metric Tonnes
Madhya Pradesh,Gwalior,Lashkar APMC,Wheat,Wheat,Non-FAQ,2026-03-09,2250.0,2250.0,2250.0,0.9199999999999999,Rs./Quintal,Metric Tonnes
Madhya Pradesh,Gwalior,Lashkar(F&V) APMC,Apple,Apple,Grade B,2026-03-09,4000.0,6000.0,5000.0,10.0,Rs./Quintal,Metric Tonnes
Madhya Pradesh,Gwalior,Lashkar(F&V) APMC,Banana,Other,Grade B,2026-03-09,800.0,1200.0,1050.0,20.0,Rs./Quintal,Metric Tonnes
Madhya Pradesh,Gwalior,Lashkar(F&V) APMC,Beetroot,Beetroot,Grade B,2026-03-09,2200.0,2500.0,2300.0,1.0,Rs./Quintal,Metric Tonnes
Madhya Pradesh,Gwalior,Lashkar(F&V) APMC,Bottle gourd,Bottle Gourd,Grade B,2026-03-09,1200.0,1800.0,1500.0,14.0,Rs./Quintal,Metric Tonnes
Madhya Pradesh,Gwalior,Lashkar(F&V) APMC,Cabbage,Cabbage,Grade B,2026-03-09,400.0,600.0,500.0,7.0,Rs./Quintal,Metric Tonnes
Madhya Pradesh,Gwalior,Lashkar(F&V) APMC,Capsicum,Capsicum,Grade B,2026-03-09,3000.0,5000.0,4000.0,4.0,Rs./Quintal,Metric Tonnes
Madhya Pradesh,Gwalior,Lashkar(F&V) APMC,Cauliflower,Cauliflower,Grade B,2026-03-09,800.0,1200.0,1000.0,8.0,Rs./Quintal,Metric Tonnes
Madhya Pradesh,Gwalior,Lashkar(F&V) APMC,Cucumbar(Kheera),Cucumbar,Grade B,2026-03-09,1200.0,1800.0,1500.0,4.0,Rs./Quintal,Metric Tonnes
Madhya Pradesh,Gwalior,Lashkar(F&V) APMC,Ginger(Green),Green Ginger,Grade B,2026-03-09,4000.0,6000.0,5000.0,4.8,Rs./Quintal,Metric Tonnes
Madhya Pradesh,Gwalior,Lashkar(F&V) APMC,Grapes,Green,Grade B,2026-03-09,2000.0,2500.0,2300.0,3.2,Rs./Quintal,Metric Tonnes
Madhya Pradesh,Gwalior,Lashkar(F&V) APMC,Green Chilli,Green Chilly,Grade B,2026-03-09,4000.0,6000.0,5000.0,20.0,Rs./Quintal,Metric Tonnes
Madhya Pradesh,Gwalior,Lashkar(F&V) APMC,Jackfruit Seed,Jackfruit Seed,Grade B,2026-03-09,2000.0,2800.0,2500.0,14.0,Rs./Quintal,Metric Tonnes
Madhya Pradesh,Gwalior,Lashkar(F&V) APMC,Lemon,Other,Grade B,2026-03-09,6000.0,8000.0,7000.0,6.0,Rs./Quintal,Metric Tonnes
Madhya Pradesh,Gwalior,Lashkar(F&V) APMC,Mousambi(Sweet Lime),Mousambi,Grade B,2026-03-09,1800.0,2500.0,2200.0,10.0,Rs./Quintal,Metric Tonnes
Madhya Pradesh,Gwalior,Lashkar(F&V) APMC,Onion,Other,Grade B,2026-03-09,800.0,1200.0,1000.0,113.5,Rs./Quintal,Metric Tonnes
Madhya Pradesh,Gwalior,Lashkar(F&V) APMC,Papaya,Papaya,Grade B,2026-03-09,800.0,1000.0,950.0,23.0,Rs./Quintal,Metric Tonnes
Madhya Pradesh,Gwalior,Lashkar(F&V) APMC,Potato,Other,Grade B,2026-03-09,400.0,600.0,500.0,73.0,Rs./Quintal,Metric Tonnes
Madhya Pradesh,Gwalior,Lashkar(F&V) APMC,Pumpkin,Pumpkin,Grade B,2026-03-09,1200.0,1800.0,1500.0,2.0,Rs./Quintal,Metric Tonnes
Madhya Pradesh,Gwalior,Lashkar(F&V) APMC,Tomato,Other,Grade B,2026-03-09,400.0,600.0,500.0,27.0,Rs./Quintal,Metric Tonnes
Madhya Pradesh,Vidisha,Lateri APMC,Bengal Gram(Gram)(Whole),Desi (F.A.Q. Split),Non-FAQ,2026-03-09,5025.0,5025.0,5025.0,0.132,Rs./Quintal,Metric Tonnes
Madhya Pradesh,Vidisha,Lateri APMC,Bengal Gram(Gram)(Whole),Gram,FAQ,2026-03-09,4755.0,5080.0,5025.0,13.913,Rs./Quintal,Metric Tonnes
Madhya Pradesh,Vidisha,Lateri APMC,Bengal Gram(Gram)(Whole),Desi (F.A.Q. Split),FAQ,2026-03-09,4805.0,5080.0,5030.0,8.973,Rs./Quintal,Metric Tonnes
Madhya Pradesh,Vidisha,Lateri APMC,Coriander(Leaves),Coriander,FAQ,2026-03-09,9050.0,9830.0,9830.0,1.5190000000000001,Rs./Bundle,Bundle
Madhya Pradesh,Vidisha,Lateri APMC,Lak(Teora),Tiwada,FAQ,2026-03-09,2950.0,3170.0,3170.0,11.403,Rs./Quintal,Metric Tonnes
Madhya Pradesh,Vidisha,Lateri APMC,Lentil(Masur)(Whole),Masur Dal,FAQ,2026-03-09,5755.0,6065.0,5880.0,10.940000000000001,Rs./Quintal,Metric Tonnes
Madhya Pradesh,Vidisha,Lateri APMC,Maize,Local,FAQ,2026-03-09,1450.0,1645.0,1615.0,42.065,Rs./Quintal,Metric Tonnes
Madhya Pradesh,Vidisha,Lateri APMC,Mustard,Mustard,FAQ,2026-03-09,5460.0,5980.0,5700.0,64.134,Rs./Quintal,Metric Tonnes
Madhya Pradesh,Vidisha,Lateri APMC,Soyabean,Soyabeen,FAQ,2026-03-09,5205.0,5205.0,5205.0,2.8890000000000002,Rs./Quintal,Metric Tonnes
Madhya Pradesh,Vidisha,Lateri APMC,Wheat,Wheat,FAQ,2026-03-09,2140.0,2255.0,2255.0,6.625,Rs./Quintal,Metric Tonnes
Madhya Pradesh,Vidisha,Lateri APMC,Wheat,Mill Quality,Non-FAQ,2026-03-09,2256.0,2256.0,2256.0,0.9670000000000001,Rs./Quintal,Metric Tonnes
Madhya Pradesh,Chhatarpur,LavKush Nagar(Laundi) APMC,Mustard,Mustard,Non-FAQ,2026-03-09,5400.0,5800.0,5800.0,43.2,Rs./Quintal,Metric Tonnes
Madhya Pradesh,Chhatarpur,LavKush Nagar(Laundi) APMC,Soyabean,Soyabeen,Non-FAQ,2026-03-09,4200.0,4800.0,4700.0,22.6,Rs./Quintal,Metric Tonnes
Madhya Pradesh,Chhatarpur,LavKush Nagar(Laundi) APMC,Wheat,Mill Quality,Non-FAQ,2026-03-09,2210.0,2300.0,2250.0,64.7,Rs./Quintal,Metric Tonnes
Madhya Pradesh,Chhatarpur,LavKush Nagar(Laundi) APMC,Wheat,Mill Quality,FAQ,2026-03-09,2150.0,2150.0,2150.0,5.0,Rs./Quintal,Metric Tonnes
Madhya Pradesh,Dewas,Loharda APMC,Bengal Gram(Gram)(Whole),Gram,FAQ,2026-03-09,5126.0,5280.0,5175.0,17.023,Rs./Quintal,Metric Tonnes
Madhya Pradesh,Dewas,Loharda APMC,Kabuli Chana(Chickpeas-White),Dollar Gram,FAQ,2026-03-09,6800.0,6800.0,6800.0,0.4,Rs./Quintal,Metric Tonnes
Madhya Pradesh,Dewas,Loharda APMC,Maize,Local,FAQ,2026-03-09,1445.0,1522.0,1522.0,28.189999999999998,Rs./Quintal,Metric Tonnes
Madhya Pradesh,Dewas,Loharda APMC,Red gram/Arhar/Tur(whole),Arhar Dal(Tur),FAQ,2026-03-09,7220.0,7220.0,7220.0,0.466,Rs./Quintal,Metric Tonnes
Madhya Pradesh,Dewas,Loharda APMC,Wheat,Wheat,FAQ,2026-03-09,1800.0,2649.0,2300.0,599.36,Rs./Quintal,Metric Tonnes
Madhya Pradesh,Rajgarh,Machalpur APMC,Coriander(Leaves),Coriander,FAQ,2026-03-09,7100.0,11650.0,10500.0,51.022000000000006,Rs./Bundle,Bundle
Madhya Pradesh,Rajgarh,Machalpur APMC,Lentil(Masur)(Whole),Masur Dal,FAQ,2026-03-09,6410.0,6505.0,6505.0,1.2000000000000002,Rs./Quintal,Metric Tonnes
Madhya Pradesh,Rajgarh,Machalpur APMC,Mustard,Mustard,FAQ,2026-03-09,3695.0,6105.0,6075.0,26.351,Rs./Quintal,Metric Tonnes
Madhya Pradesh,Rajgarh,Machalpur APMC,Wheat,Wheat,FAQ,2026-03-09,2165.0,2165.0,2165.0,1.952,Rs./Quintal,Metric Tonnes
Madhya Pradesh,Rajgarh,Machalpur APMC,Wheat,Local,FAQ,2026-03-09,2160.0,2160.0,2160.0,2.199,Rs./Quintal,Metric Tonnes
Madhya Pradesh,Shivpuri,Magroni APMC,Groundnut,Big (With Shell),FAQ,2026-03-09,6170.0,6800.0,6500.0,2.6,Rs./Quintal,Metric Tonnes
Madhya Pradesh,Shivpuri,Magroni APMC,Mustard,Mustard,FAQ,2026-03-09,5600.0,6611.0,6475.0,121.30000000000001,Rs./Quintal,Metric Tonnes
Madhya Pradesh,Shivpuri,Magroni APMC,Paddy(Common),Paddy,FAQ,2026-03-09,3988.0,4002.0,4002.0,15.0,Rs./Quintal,Metric Tonnes
Madhya Pradesh,Shivpuri,Magroni APMC,Wheat,Wheat,FAQ,2026-03-09,2246.0,2300.0,2280.0,60.2,Rs./Quintal,Metric Tonnes
Madhya Pradesh,Shivpuri,Magroni(F&V) APMC,Brinjal,Brinjal,Grade A,2026-03-09,900.0,1200.0,1000.0,0.2,Rs./Quintal,Metric Tonnes
Madhya Pradesh,Ujjain,Mahidpur APMC,Bengal Gram(Gram)(Whole),Gram,FAQ,2026-03-09,4600.0,5041.0,5041.0,1.3960000000000001,Rs./Quintal,Metric Tonnes
Madhya Pradesh,Ujjain,Mahidpur APMC,Mustard,Mustard,FAQ,2026-03-09,5690.0,5743.0,5743.0,0.683,Rs./Quintal,Metric Tonnes
Madhya Pradesh,Ujjain,Mahidpur APMC,Soyabean,Soyabeen,FAQ,2026-03-09,3960.0,5641.0,5556.0,42.032000000000004,Rs./Quintal,Metric Tonnes
Madhya Pradesh,Ujjain,Mahidpur APMC,Soyabean,Soyabeen,Non-FAQ,2026-03-09,2925.0,4725.0,4725.0,1.861,Rs./Quintal,Metric Tonnes
Madhya Pradesh,Ujjain,Mahidpur APMC,Wheat,Wheat,FAQ,2026-03-09,1695.0,2421.0,2241.0,669.58,Rs./Quintal,Metric Tonnes
Madhya Pradesh,Ujjain,Mahidpur APMC,Wheat,Local,FAQ,2026-03-09,2284.0,2284.0,2284.0,1.437,Rs./Quintal,Metric Tonnes
Madhya Pradesh,Ujjain,Mahidpur APMC,Wheat,Wheat,Non-FAQ,2026-03-09,1551.0,2041.0,2041.0,3.2450000000000006,Rs./Quintal,Metric Tonnes
Madhya Pradesh,Ujjain,Mahidpur APMC,Wheat,Mill Quality,FAQ,2026-03-09,2000.0,2310.0,2310.0,19.64,Rs./Quintal,Metric Tonnes
Madhya Pradesh,Satna,Maihar(F&V) APMC,Amranthas Red,Other,Local,2026-03-09,800.0,800.0,800.0,0.9,Rs./Quintal,Metric Tonnes
Madhya Pradesh,Satna,Maihar(F&V) APMC,Brinjal,Brinjal,Local,2026-03-09,1400.0,1400.0,1400.0,1.0,Rs./Quintal,Metric Tonnes
Madhya Pradesh,Satna,Maihar(F&V) APMC,Cabbage,Cabbage,Local,2026-03-09,1100.0,1100.0,1100.0,1.5,Rs./Quintal,Metric Tonnes
Madhya Pradesh,Satna,Maihar(F&V) APMC,Cauliflower,Cauliflower,Local,2026-03-09,1200.0,1200.0,1200.0,1.4,Rs./Quintal,Metric Tonnes
Madhya Pradesh,Satna,Maihar(F&V) APMC,Ginger(Green),Green Ginger,Local,2026-03-09,5000.0,5000.0,5000.0,0.2,Rs./Quintal,Metric Tonnes
Madhya Pradesh,Satna,Maihar(F&V) APMC,Green Chilli,Green Chilly,Local,2026-03-09,5600.0,5600.0,5600.0,0.15,Rs./Quintal,Metric Tonnes
Madhya Pradesh,Satna,Maihar(F&V) APMC,Spinach,Spinach,Local,2026-03-09,600.0,600.0,600.0,1.1,Rs./Quintal,Metric Tonnes
Madhya Pradesh,Satna,Maihar(F&V) APMC,Tomato,Tomato,Local,2026-03-09,700.0,700.0,700.0,2.5,Rs./Quintal,Metric Tonnes
Madhya Pradesh,Shajapur,Maksi APMC,Soyabean,Yellow,FAQ,2026-03-09,5200.0,5311.0,5311.0,11.047,Rs./Quintal,Metric Tonnes
Madhya Pradesh,Guna,Maksudangarh APMC,Bengal Gram(Gram)(Whole),Gram,FAQ,2026-03-09,4785.0,5075.0,5075.0,7.606000000000001,Rs./Quintal,Metric Tonnes
Madhya Pradesh,Guna,Maksudangarh APMC,Bengal Gram(Gram)(Whole),Gram,Non-FAQ,2026-03-09,4845.0,5020.0,4915.0,5.741,Rs./Quintal,Metric Tonnes
Madhya Pradesh,Guna,Maksudangarh APMC,Coriander(Leaves),Coriander,FAQ,2026-03-09,7000.0,11605.0,9005.0,18.240000000000002,Rs./Bundle,Bundle
Madhya Pradesh,Guna,Maksudangarh APMC,Lentil(Masur)(Whole),Masur Dal,Non-FAQ,2026-03-09,5710.0,5955.0,5955.0,3.6460000000000004,Rs./Quintal,Metric Tonnes
Madhya Pradesh,Guna,Maksudangarh APMC,Maize,Local,Non-FAQ,2026-03-09,1400.0,1676.0,1676.0,19.972,Rs./Quintal,Metric Tonnes
Madhya Pradesh,Guna,Maksudangarh APMC,Maize,Local,FAQ,2026-03-09,1578.0,1578.0,1578.0,2.681,Rs./Quintal,Metric Tonnes
Madhya Pradesh,Guna,Maksudangarh APMC,Mustard,Mustard,FAQ,2026-03-09,5050.0,6060.0,6025.0,97.47000000000001,Rs./Quintal,Metric Tonnes
Madhya Pradesh,Guna,Maksudangarh APMC,Mustard,Mustard,Non-FAQ,2026-03-09,5505.0,5820.0,5775.0,55.050000000000004,Rs./Quintal,Metric Tonnes
Madhya Pradesh,Guna,Maksudangarh APMC,Soyabean,Soyabeen,FAQ,2026-03-09,4805.0,4905.0,4905.0,0.21200000000000002,Rs./Quintal,Metric Tonnes
Madhya Pradesh,Guna,Maksudangarh APMC,Wheat,Wheat,Non-FAQ,2026-03-09,2070.0,2294.0,2294.0,9.025,Rs./Quintal,Metric Tonnes
Madhya Pradesh,Guna,Maksudangarh APMC,Wheat,Wheat,FAQ,2026-03-09,1850.0,2491.0,2241.0,252.968,Rs./Quintal,Metric Tonnes
Madhya Pradesh,Neemuch,Manasa APMC,Barley(Jau),Barley,FAQ,2026-03-09,1869.0,1911.0,1911.0,14.135,Rs./Quintal,Metric Tonnes
Madhya Pradesh,Neemuch,Manasa APMC,Bengal Gram(Gram)(Whole),Gram,Non-FAQ,2026-03-09,4652.0,5192.0,4900.0,47.56100000000001,Rs./Quintal,Metric Tonnes
Madhya Pradesh,Neemuch,Manasa APMC,Bengal Gram(Gram)(Whole),Gram,FAQ,2026-03-09,4501.0,5150.0,5000.0,106.161,Rs./Quintal,Metric Tonnes
Madhya Pradesh,Neemuch,Manasa APMC,Black Gram(Urd Beans)(Whole),Urda/Urd,Non-FAQ,2026-03-09,4000.0,5501.0,5501.0,1.7510000000000003,Rs./Quintal,Metric Tonnes
Madhya Pradesh,Neemuch,Manasa APMC,Garlic,Garlic,FAQ,2026-03-09,500.0,7421.0,5200.0,23.662000000000003,Rs./Quintal,Metric Tonnes
Madhya Pradesh,Neemuch,Manasa APMC,Linseed,Flaxseed,FAQ,2026-03-09,6800.0,7868.0,7770.0,26.221,Rs./Quintal,Metric Tonnes
Madhya Pradesh,Neemuch,Manasa APMC,Maize,Local,Non-FAQ,2026-03-09,1390.0,1390.0,1390.0,0.63,Rs./Quintal,Metric Tonnes
Madhya Pradesh,Neemuch,Manasa APMC,Maize,Local,FAQ,2026-03-09,801.0,1681.0,1675.0,51.013000000000005,Rs./Quintal,Metric Tonnes
Madhya Pradesh,Neemuch,Manasa APMC,Methi Seeds,Methiseeds,FAQ,2026-03-09,5941.0,6302.0,6302.0,1.8079999999999998,Rs./Quintal,Metric Tonnes
Madhya Pradesh,Neemuch,Manasa APMC,Mustard,Mustard,Non-FAQ,2026-03-09,4648.0,6176.0,6176.0,9.316,Rs./Quintal,Metric Tonnes
Madhya Pradesh,Neemuch,Manasa APMC,Mustard,Mustard,FAQ,2026-03-09,5657.0,6364.0,6092.0,41.743,Rs./Quintal,Metric Tonnes
Madhya Pradesh,Neemuch,Manasa APMC,Soyabean,Soyabeen,FAQ,2026-03-09,4751.0,5608.0,5290.0,101.938,Rs./Quintal,Metric Tonnes
Madhya Pradesh,Neemuch,Manasa APMC,Wheat,Lokwan,FAQ,2026-03-09,2195.0,2280.0,2245.0,57.565,Rs./Quintal,Metric Tonnes
Madhya Pradesh,Neemuch,Manasa APMC,Wheat,Wheat,FAQ,2026-03-09,2121.0,2791.0,2311.0,233.11900000000003,Rs./Quintal,Metric Tonnes
Madhya Pradesh,Neemuch,Manasa APMC,Wheat,Wheat,Non-FAQ,2026-03-09,2161.0,2381.0,2244.0,73.901,Rs./Quintal,Metric Tonnes
Madhya Pradesh,Dhar,Manawar APMC,Bengal Gram(Gram)(Whole),Gram,FAQ,2026-03-09,4600.0,4900.0,4900.0,8.854000000000001,Rs./Quintal,Metric Tonnes
Madhya Pradesh,Dhar,Manawar APMC,Kabuli Chana(Chickpeas-White),Dollar Gram,FAQ,2026-03-09,6500.0,10200.0,7300.0,152.156,Rs./Quintal,Metric Tonnes
Madhya Pradesh,Dhar,Manawar APMC,Maize,Local,FAQ,2026-03-09,1300.0,1820.0,1810.0,180.93,Rs./Quintal,Metric Tonnes
Madhya Pradesh,Dhar,Manawar APMC,Maize,Local,Non-FAQ,2026-03-09,1460.0,1460.0,1460.0,2.6050000000000004,Rs./Quintal,Metric Tonnes
Madhya Pradesh,Dhar,Manawar APMC,Maize,Yellow,FAQ,2026-03-09,1400.0,1450.0,1450.0,18.5,Rs./Quintal,Metric Tonnes
Madhya Pradesh,Dhar,Manawar APMC,Wheat,Wheat,FAQ,2026-03-09,2111.0,2640.0,2251.0,152.198,Rs./Quintal,Metric Tonnes
Madhya Pradesh,Dhar,Manawar APMC,Wheat,Wheat,Non-FAQ,2026-03-09,2200.0,2300.0,2300.0,12.055,Rs./Quintal,Metric Tonnes
Madhya Pradesh,Mandla,Mandla APMC,Paddy(Common),Other,FAQ,2026-03-09,1750.0,1750.0,1750.0,5.0,Rs./Quintal,Metric Tonnes
Madhya Pradesh,Mandla,Mandla APMC,Paddy(Common),Dhan,Non-FAQ,2026-03-09,1900.0,1900.0,1900.0,6.0,Rs./Quintal,Metric Tonnes
Madhya Pradesh,Mandla,Mandla APMC,Paddy(Common),Common,Non-FAQ,2026-03-09,1895.0,1895.0,1895.0,6.0,Rs./Quintal,Metric Tonnes
Madhya Pradesh,Mandla,Mandla APMC,Paddy(Common),Common,FAQ,2026-03-09,1900.0,1920.0,1905.0,54.5,Rs./Quintal,Metric Tonnes
Madhya Pradesh,Mandla,Mandla APMC,Wheat,Mill Quality,Non-FAQ,2026-03-09,2121.25,2150.0,2150.0,15.0,Rs./Quintal,Metric Tonnes
Madhya Pradesh,Mandla,Mandla APMC,Wheat,Local,FAQ,2026-03-09,2355.0,2365.0,2365.0,28.0,Rs./Quintal,Metric Tonnes
Madhya Pradesh,Mandsaur,Mandsaur APMC,Barley(Jau),Barley,Non-FAQ,2026-03-09,1732.0,2027.0,1898.0,42.408,Rs./Quintal,Metric Tonnes
Madhya Pradesh,Mandsaur,Mandsaur APMC,Bengal Gram(Gram)(Whole),Gram,FAQ,2026-03-09,4299.0,5151.0,4840.0,29.657,Rs./Quintal,Metric Tonnes
Madhya Pradesh,Mandsaur,Mandsaur APMC,Bengal Gram(Gram)(Whole),Gram,Non-FAQ,2026-03-09,3500.0,5132.0,5050.0,42.370000000000005,Rs./Quintal,Metric Tonnes
Madhya Pradesh,Mandsaur,Mandsaur APMC,Bengal Gram(Gram)(Whole),Chana Kabuli,Non-FAQ,2026-03-09,3300.0,8601.0,8601.0,3.3740000000000006,Rs./Quintal,Metric Tonnes
Madhya Pradesh,Mandsaur,Mandsaur APMC,Black Gram(Urd Beans)(Whole),Urda/Urd,FAQ,2026-03-09,1501.0,7001.0,7001.0,3.2390000000000003,Rs./Quintal,Metric Tonnes
Madhya Pradesh,Mandsaur,Mandsaur APMC,Black Gram(Urd Beans)(Whole),Urda/Urd,Non-FAQ,2026-03-09,6100.0,6162.0,6162.0,0.5650000000000001,Rs./Quintal,Metric Tonnes
Madhya Pradesh,Mandsaur,Mandsaur APMC,Garlic,Garlic,FAQ,2026-03-09,400.0,13000.0,4000.0,308.446,Rs./Quintal,Metric Tonnes
Madhya Pradesh,Mandsaur,Mandsaur APMC,Green Peas,Pea,FAQ,2026-03-09,2486.0,3500.0,3500.0,1.674,Rs./Quintal,Metric Tonnes
Madhya Pradesh,Mandsaur,Mandsaur APMC,Groundnut,Big (With Shell),FAQ,2026-03-09,3000.0,7790.0,6000.0,27.676000000000002,Rs./Quintal,Metric Tonnes
Madhya Pradesh,Mandsaur,Mandsaur APMC,Groundnut,Groundnut seed,FAQ,2026-03-09,8081.0,8081.0,8081.0,0.024,Rs./Quintal,Metric Tonnes
Madhya Pradesh,Mandsaur,Mandsaur APMC,Groundnut,Big (With Shell),Non-FAQ,2026-03-09,5000.0,7730.0,7400.0,14.906,Rs./Quintal,Metric Tonnes
Madhya Pradesh,Mandsaur,Mandsaur APMC,Groundnut,Groundnut seed,Non-FAQ,2026-03-09,7700.0,8350.0,8350.0,0.11000000000000001,Rs./Quintal,Metric Tonnes
Madhya Pradesh,Mandsaur,Mandsaur APMC,Lentil(Masur)(Whole),Masur Dal,FAQ,2026-03-09,5201.0,6094.0,6094.0,6.449,Rs./Quintal,Metric Tonnes
Madhya Pradesh,Mandsaur,Mandsaur APMC,Lentil(Masur)(Whole),Masur Dal,Non-FAQ,2026-03-09,5001.0,6292.0,6292.0,7.742000000000001,Rs./Quintal,Metric Tonnes
Madhya Pradesh,Mandsaur,Mandsaur APMC,Linseed,Flaxseed,FAQ,2026-03-09,5000.0,7821.0,7821.0,7.106000000000001,Rs./Quintal,Metric Tonnes
Madhya Pradesh,Mandsaur,Mandsaur APMC,Maize,Local,FAQ,2026-03-09,1480.0,1600.0,1600.0,7.821,Rs./Quintal,Metric Tonnes
Madhya Pradesh,Mandsaur,Mandsaur APMC,Maize,Local,Non-FAQ,2026-03-09,971.0,1691.0,1550.0,46.04,Rs./Quintal,Metric Tonnes
Madhya Pradesh,Mandsaur,Mandsaur APMC,Mustard,Mustard,FAQ,2026-03-09,5860.0,6145.0,6145.0,3.011,Rs./Quintal,Metric Tonnes
Madhya Pradesh,Mandsaur,Mandsaur APMC,Mustard,Mustard,Non-FAQ,2026-03-09,5357.0,7781.0,6081.0,134.8,Rs./Quintal,Metric Tonnes
Madhya Pradesh,Mandsaur,Mandsaur APMC,Onion,Onion,FAQ,2026-03-09,451.0,1202.0,900.0,24.540000000000003,Rs./Quintal,Metric Tonnes
Madhya Pradesh,Mandsaur,Mandsaur APMC,Onion,Onion,Non-FAQ,2026-03-09,343.0,1016.0,1016.0,5.081,Rs./Quintal,Metric Tonnes
Madhya Pradesh,Mandsaur,Mandsaur APMC,"Sesamum(Sesame,Gingelly,Til)",Sesame,Non-FAQ,2026-03-09,4181.0,9201.0,9201.0,0.7160000000000001,Rs./Quintal,Metric Tonnes
Madhya Pradesh,Mandsaur,Mandsaur APMC,Soyabean,Soyabeen,Non-FAQ,2026-03-09,1000.0,6163.0,5500.0,203.07500000000002,Rs./Quintal,Metric Tonnes
Madhya Pradesh,Mandsaur,Mandsaur APMC,Soyabean,Soyabeen,FAQ,2026-03-09,1700.0,6203.0,5615.0,136.52100000000002,Rs./Quintal,Metric Tonnes
Madhya Pradesh,Mandsaur,Mandsaur APMC,Wheat,Wheat,FAQ,2026-03-09,2543.0,2553.0,2553.0,7.567,Rs./Quintal,Metric Tonnes
Madhya Pradesh,Mandsaur,Mandsaur APMC,Wheat,Wheat,Non-FAQ,2026-03-09,1900.0,2800.0,2250.0,734.24,Rs./Quintal,Metric Tonnes
Madhya Pradesh,Mandsaur,Mandsaur APMC,Wheat,Mill Quality,Non-FAQ,2026-03-09,2235.0,2285.0,2285.0,9.258000000000001,Rs./Quintal,Metric Tonnes
Madhya Pradesh,Mandsaur,Mandsaur APMC,Wheat,Lokwan,Non-FAQ,2026-03-09,2243.0,2325.0,2298.0,29.288,Rs./Quintal,Metric Tonnes
Madhya Pradesh,Mandsaur,Mandsaur APMC,basil,Basil,FAQ,2026-03-09,4701.0,17151.0,17151.0,0.633,Rs./Quintal,Metric Tonnes
Madhya Pradesh,Mandsaur,Mandsaur APMC,nigella seeds,Kalonji/Nigella,FAQ,2026-03-09,12401.0,12401.0,12401.0,0.033,Rs./Quintal,Metric Tonnes
Madhya Pradesh,Satna,Mehar APMC,Wheat,Local,Non-FAQ,2026-03-09,2180.0,2218.0,2210.0,45.42,Rs./Quintal,Metric Tonnes
Madhya Pradesh,Indore,Mhow APMC,Bengal Gram(Gram)(Whole),Gram,Non-FAQ,2026-03-09,5261.0,5261.0,5261.0,1.67,Rs./Quintal,Metric Tonnes
Madhya Pradesh,Indore,Mhow APMC,Bengal Gram(Gram)(Whole),Gram,FAQ,2026-03-09,4800.0,5250.0,5250.0,2.23,Rs./Quintal,Metric Tonnes
Madhya Pradesh,Indore,Mhow APMC,Bengal Gram(Gram)(Whole),Chana mausami,FAQ,2026-03-09,5091.0,5091.0,5091.0,0.9390000000000001,Rs./Quintal,Metric Tonnes
Madhya Pradesh,Indore,Mhow APMC,Bengal Gram(Gram)(Whole),Desi (F.A.Q. Split),FAQ,2026-03-09,5191.0,5191.0,5191.0,1.9600000000000002,Rs./Quintal,Metric Tonnes
Madhya Pradesh,Indore,Mhow APMC,Kabuli Chana(Chickpeas-White),Dollar Gram,FAQ,2026-03-09,2001.0,7690.0,7690.0,3.023,Rs./Quintal,Metric Tonnes
Madhya Pradesh,Indore,Mhow APMC,Kabuli Chana(Chickpeas-White),Bitkey,FAQ,2026-03-09,5131.0,5511.0,5511.0,1.7010000000000003,Rs./Quintal,Metric Tonnes
Madhya Pradesh,Indore,Mhow APMC,Maize,Local,FAQ,2026-03-09,1600.0,1600.0,1600.0,0.294,Rs./Quintal,Metric Tonnes
Madhya Pradesh,Indore,Mhow APMC,Soyabean,Soyabeen,FAQ,2026-03-09,3001.0,5650.0,5450.0,174.458,Rs./Quintal,Metric Tonnes
Madhya Pradesh,Indore,Mhow APMC,Soyabean,Soyabeen,Non-FAQ,2026-03-09,3591.0,5300.0,5300.0,3.4530000000000003,Rs./Quintal,Metric Tonnes
Madhya Pradesh,Indore,Mhow APMC,Wheat,Mill Quality,Non-FAQ,2026-03-09,2300.0,2300.0,2300.0,19.0,Rs./Quintal,Metric Tonnes
Madhya Pradesh,Indore,Mhow APMC,Wheat,Wheat,FAQ,2026-03-09,1750.0,2836.0,2251.0,341.826,Rs./Quintal,Metric Tonnes
Madhya Pradesh,Balaghat,Mohgaon APMC,Kodo Millet(Varagu),Kondo,FAQ,2026-03-09,2500.0,2500.0,2500.0,3.0,Rs./Quintal,Metric Tonnes
Madhya Pradesh,Balaghat,Mohgaon APMC,Kutki,Kutki,FAQ,2026-03-09,3500.0,3500.0,3500.0,2.5,Rs./Quintal,Metric Tonnes
Madhya Pradesh,Shajapur,Momanbadodiya APMC,Bengal Gram(Gram)(Whole),Gram,FAQ,2026-03-09,4896.0,4896.0,4896.0,0.534,Rs./Quintal,Metric Tonnes
Madhya Pradesh,Shajapur,Momanbadodiya APMC,Lentil(Masur)(Whole),Kala Masoor New,FAQ,2026-03-09,6291.0,6291.0,6291.0,0.6200000000000001,Rs./Quintal,Metric Tonnes
Madhya Pradesh,Shajapur,Momanbadodiya APMC,Lentil(Masur)(Whole),Masur Dal,FAQ,2026-03-09,5690.0,6703.0,6100.0,9.003,Rs./Quintal,Metric Tonnes
Madhya Pradesh,Shajapur,Momanbadodiya APMC,Mustard,Mustard,FAQ,2026-03-09,5581.0,5931.0,5900.0,27.874000000000002,Rs./Quintal,Metric Tonnes
Madhya Pradesh,Shajapur,Momanbadodiya APMC,Soyabean,Soyabeen,FAQ,2026-03-09,4200.0,5566.0,5566.0,22.0,Rs./Quintal,Metric Tonnes
Madhya Pradesh,Shajapur,Momanbadodiya APMC,Wheat,Wheat,FAQ,2026-03-09,1816.0,2268.0,2250.0,21.803,Rs./Quintal,Metric Tonnes
Madhya Pradesh,Morena,Morena APMC,Bajra(Pearl Millet/Cumbu),Millet,Non-FAQ,2026-03-09,1605.0,1761.0,1761.0,17.332,Rs./Quintal,Metric Tonnes
Madhya Pradesh,Morena,Morena APMC,Mustard,Mustard,Non-FAQ,2026-03-09,6000.0,6450.0,6385.0,196.985,Rs./Quintal,Metric Tonnes
Madhya Pradesh,Morena,Morena APMC,Potato,Potato,Non-FAQ,2026-03-09,400.0,600.0,500.0,110.0,Rs./Quintal,Metric Tonnes
Madhya Pradesh,Morena,Morena APMC,Wheat,Wheat,Non-FAQ,2026-03-09,2275.0,2345.0,2335.0,43.562000000000005,Rs./Quintal,Metric Tonnes
Madhya Pradesh,Morena,Morena(F&V) APMC,Bottle gourd,Bottle Gourd,Grade C,2026-03-09,1000.0,1000.0,1000.0,2.0,Rs./Quintal,Metric Tonnes
Madhya Pradesh,Morena,Morena(F&V) APMC,Potato,Potato,Non-FAQ,2026-03-09,400.0,600.0,500.0,110.0,Rs./Quintal,Metric Tonnes
Madhya Pradesh,Morena,Morena(F&V) APMC,Pumpkin,Pumpkin,Grade C,2026-03-09,1000.0,1000.0,1000.0,5.0,Rs./Quintal,Metric Tonnes
Madhya Pradesh,Bhind,Mow APMC,Mustard,Mustard,FAQ,2026-03-09,6360.0,6475.0,6475.0,1.445,Rs./Quintal,Metric Tonnes
Madhya Pradesh,Bhind,Mow APMC,Wheat,Wheat,FAQ,2026-03-09,2235.0,2255.0,2255.0,2.074,Rs./Quintal,Metric Tonnes
Madhya Pradesh,Betul,Multai APMC,Maize,Yellow,Non-FAQ,2026-03-09,1580.0,1580.0,1580.0,11.0,Rs./Quintal,Metric Tonnes
Madhya Pradesh,Betul,Multai APMC,Maize,Local,Non-FAQ,2026-03-09,1450.0,1661.0,1501.0,367.3,Rs./Quintal,Metric Tonnes
Madhya Pradesh,Betul,Multai APMC,Maize,Local,FAQ,2026-03-09,1405.0,1605.0,1600.0,189.70000000000002,Rs./Quintal,Metric Tonnes
Madhya Pradesh,Betul,Multai APMC,Maize,Yellow,FAQ,2026-03-09,1601.0,1651.0,1651.0,92.44,Rs./Quintal,Metric Tonnes
Madhya Pradesh,Betul,Multai APMC,Wheat,Mill Quality,Non-FAQ,2026-03-09,2350.0,2351.0,2351.0,15.8,Rs./Quintal,Metric Tonnes
Madhya Pradesh,Khandwa,Mundi APMC,Bengal Gram(Gram)(Whole),Gram,FAQ,2026-03-09,4700.0,4955.0,4955.0,4.394,Rs./Quintal,Metric Tonnes
Madhya Pradesh,Khandwa,Mundi APMC,Wheat,Mill Quality,FAQ,2026-03-09,2160.0,2160.0,2160.0,3.2350000000000003,Rs./Quintal,Metric Tonnes
Madhya Pradesh,Khandwa,Mundi APMC,Wheat,Wheat,Non-FAQ,2026-03-09,2050.0,2235.0,2235.0,5.050000000000001,Rs./Quintal,Metric Tonnes
Madhya Pradesh,Khandwa,Mundi APMC,Wheat,Wheat,FAQ,2026-03-09,1900.0,2325.0,2195.0,483.03900000000004,Rs./Quintal,Metric Tonnes
Madhya Pradesh,Ashoknagar,Mungawali APMC,Bengal Gram(Gram)(Whole),Gram,Non-FAQ,2026-03-09,4605.0,5020.0,5020.0,4.415,Rs./Quintal,Metric Tonnes
Madhya Pradesh,Ashoknagar,Mungawali APMC,Lentil(Masur)(Whole),Masur Dal,Non-FAQ,2026-03-09,5705.0,5825.0,5825.0,6.235,Rs./Quintal,Metric Tonnes
Madhya Pradesh,Ashoknagar,Mungawali APMC,Maize,Local,Non-FAQ,2026-03-09,1350.0,1550.0,1550.0,47.295,Rs./Quintal,Metric Tonnes
Madhya Pradesh,Ashoknagar,Mungawali APMC,Maize,Local,FAQ,2026-03-09,1410.0,1430.0,1430.0,14.719999999999999,Rs./Quintal,Metric Tonnes
Madhya Pradesh,Ashoknagar,Mungawali APMC,Mustard,Mustard,Non-FAQ,2026-03-09,5495.0,6195.0,6000.0,276.83200000000005,Rs./Quintal,Metric Tonnes
Madhya Pradesh,Ashoknagar,Mungawali APMC,Wheat,Wheat,Non-FAQ,2026-03-09,2155.0,2155.0,2155.0,0.27999999999999997,Rs./Quintal,Metric Tonnes
Madhya Pradesh,Ashoknagar,Mungawali APMC,buttery,Buttery,FAQ,2026-03-09,3535.0,3535.0,3535.0,2.4450000000000003,Rs./Quintal,Metric Tonnes
Madhya Pradesh,Ujjain,Nagda APMC,Bengal Gram(Gram)(Whole),Gram,Non-FAQ,2026-03-09,4401.0,4401.0,4401.0,0.066,Rs./Quintal,Metric Tonnes
Madhya Pradesh,Ujjain,Nagda APMC,Mustard,Mustard,Non-FAQ,2026-03-09,5611.0,5611.0,5611.0,0.11299999999999999,Rs./Quintal,Metric Tonnes
Madhya Pradesh,Ujjain,Nagda APMC,Soyabean,Soyabeen,Non-FAQ,2026-03-09,2800.0,5526.0,5476.0,6.943000000000001,Rs./Quintal,Metric Tonnes
Madhya Pradesh,Ujjain,Nagda APMC,Soyabean,Soyabeen,FAQ,2026-03-09,5200.0,5660.0,5660.0,6.013000000000001,Rs./Quintal,Metric Tonnes
Madhya Pradesh,Ujjain,Nagda APMC,Wheat,Wheat,Non-FAQ,2026-03-09,1801.0,2299.0,2200.0,178.799,Rs./Quintal,Metric Tonnes
Madhya Pradesh,Satna,Nagod APMC,Barley(Jau),Barley,Non-FAQ,2026-03-09,2000.0,2000.0,2000.0,6.2,Rs./Quintal,Metric Tonnes
Madhya Pradesh,Satna,Nagod APMC,Barley(Jau),Barley,FAQ,2026-03-09,1900.0,2015.0,1950.0,20.200000000000003,Rs./Quintal,Metric Tonnes
Madhya Pradesh,Satna,Nagod APMC,Lentil(Masur)(Whole),Masur Dal,FAQ,2026-03-09,5800.0,5926.0,5926.0,4.1000000000000005,Rs./Quintal,Metric Tonnes
Madhya Pradesh,Satna,Nagod APMC,Mustard,Mustard,FAQ,2026-03-09,5900.0,6100.0,6000.0,15.350000000000001,Rs./Quintal,Metric Tonnes
Madhya Pradesh,Satna,Nagod APMC,Mustard,Mustard,Non-FAQ,2026-03-09,5950.0,6000.0,6000.0,14.4,Rs./Quintal,Metric Tonnes
Madhya Pradesh,Satna,Nagod APMC,Paddy(Common),Common,Non-FAQ,2026-03-09,1775.0,1775.0,1775.0,6.870000000000001,Rs./Quintal,Metric Tonnes
Madhya Pradesh,Satna,Nagod APMC,Wheat,Wheat,FAQ,2026-03-09,2180.0,2360.0,2250.0,155.81,Rs./Quintal,Metric Tonnes
Madhya Pradesh,Satna,Nagod APMC,buttery,Buttery,FAQ,2026-03-09,3434.0,3476.0,3440.0,20.41,Rs./Quintal,Metric Tonnes
Madhya Pradesh,Mandla,Nainpur APMC,Lak(Teora),Tiwada,FAQ,2026-03-09,3000.0,3000.0,3000.0,1.11,Rs./Quintal,Metric Tonnes
Madhya Pradesh,Mandla,Nainpur APMC,Maize,Yellow,FAQ,2026-03-09,1600.0,1625.0,1625.0,34.800000000000004,Rs./Quintal,Metric Tonnes
Madhya Pradesh,Mandla,Nainpur APMC,Paddy(Common),Paddy,FAQ,2026-03-09,1760.0,1820.0,1820.0,32.4,Rs./Quintal,Metric Tonnes
Madhya Pradesh,Mandla,Nainpur APMC,Paddy(Common),Common,Non-FAQ,2026-03-09,1895.0,1995.0,1995.0,75.54700000000001,Rs./Quintal,Metric Tonnes
Madhya Pradesh,Mandla,Nainpur APMC,Paddy(Common),Paddy,Non-FAQ,2026-03-09,1805.0,1815.0,1815.0,34.78,Rs./Quintal,Metric Tonnes
Madhya Pradesh,Mandla,Nainpur APMC,Red gram/Arhar/Tur(whole),Arhar Dal(Tur),Non-FAQ,2026-03-09,6100.0,6100.0,6100.0,0.19,Rs./Quintal,Metric Tonnes
Madhya Pradesh,Mandla,Nainpur APMC,buttery,Buttery,FAQ,2026-03-09,3100.0,3100.0,3100.0,0.35000000000000003,Rs./Quintal,Metric Tonnes
Madhya Pradesh,Shajapur,Nalkehda APMC,Bengal Gram(Gram)(Whole),Gram,FAQ,2026-03-09,4711.0,4970.0,4970.0,4.03,Rs./Quintal,Metric Tonnes
Madhya Pradesh,Shajapur,Nalkehda APMC,Coriander(Leaves),Coriander,FAQ,2026-03-09,7140.0,9412.0,8800.0,6.007000000000001,Rs./Bundle,Bundle
Madhya Pradesh,Shajapur,Nalkehda APMC,Lentil(Masur)(Whole),Masur Dal,FAQ,2026-03-09,4440.0,6750.0,6500.0,32.314,Rs./Quintal,Metric Tonnes
Madhya Pradesh,Shajapur,Nalkehda APMC,Mustard,Mustard,FAQ,2026-03-09,5490.0,8220.0,6000.0,299.508,Rs./Quintal,Metric Tonnes
Madhya Pradesh,Shajapur,Nalkehda APMC,Soyabean,Soyabeen,FAQ,2026-03-09,5100.0,5612.0,5125.0,18.369,Rs./Quintal,Metric Tonnes
Madhya Pradesh,Shajapur,Nalkehda APMC,Wheat,Wheat,FAQ,2026-03-09,1900.0,2290.0,2200.0,164.096,Rs./Quintal,Metric Tonnes
Madhya Pradesh,Rajgarh,Narsinghgarh APMC,Bengal Gram(Gram)(Whole),Gram,FAQ,2026-03-09,4200.0,5025.0,4900.0,4.997,Rs./Quintal,Metric Tonnes
Madhya Pradesh,Rajgarh,Narsinghgarh APMC,Coriander(Leaves),Coriander,FAQ,2026-03-09,5050.0,11100.0,8850.0,18.245,Rs./Bundle,Bundle
Madhya Pradesh,Rajgarh,Narsinghgarh APMC,Garlic,Garlic,FAQ,2026-03-09,1000.0,8300.0,3800.0,62.701,Rs./Quintal,Metric Tonnes
Madhya Pradesh,Rajgarh,Narsinghgarh APMC,Lentil(Masur)(Whole),Masur Dal,FAQ,2026-03-09,5000.0,6650.0,6300.0,15.275,Rs./Quintal,Metric Tonnes
Madhya Pradesh,Rajgarh,Narsinghgarh APMC,Mustard,Mustard,FAQ,2026-03-09,5000.0,6145.0,5800.0,314.73400000000004,Rs./Quintal,Metric Tonnes
Madhya Pradesh,Rajgarh,Narsinghgarh APMC,Mustard,Sarson(Black),FAQ,2026-03-09,6045.0,6045.0,6045.0,2.0100000000000002,Rs./Quintal,Metric Tonnes
Madhya Pradesh,Rajgarh,Narsinghgarh APMC,Onion,Onion,FAQ,2026-03-09,210.0,1290.0,1290.0,5.243,Rs./Quintal,Metric Tonnes
Madhya Pradesh,Rajgarh,Narsinghgarh APMC,Soyabean,Soyabeen,FAQ,2026-03-09,3200.0,5720.0,5500.0,52.77100000000001,Rs./Quintal,Metric Tonnes
Madhya Pradesh,Rajgarh,Narsinghgarh APMC,Wheat,Local,FAQ,2026-03-09,2151.0,2151.0,2151.0,1.106,Rs./Quintal,Metric Tonnes
Madhya Pradesh,Rajgarh,Narsinghgarh APMC,Wheat,Wheat,FAQ,2026-03-09,1775.0,2475.0,2220.0,177.95600000000002,Rs./Quintal,Metric Tonnes
Madhya Pradesh,Rajgarh,Narsinghgarh APMC,Wheat,Mill Quality,FAQ,2026-03-09,2191.0,2191.0,2191.0,2.911,Rs./Quintal,Metric Tonnes
Madhya Pradesh,Narsinghpur,Narsinghpur APMC,Bengal Gram(Gram)(Whole),Desi (F.A.Q. Split),FAQ,2026-03-09,5030.0,5425.0,5191.0,6.355,Rs./Quintal,Metric Tonnes
Madhya Pradesh,Narsinghpur,Narsinghpur APMC,Bengal Gram(Gram)(Whole),Desi (F.A.Q. Split),Non-FAQ,2026-03-09,4780.0,5441.0,5179.0,7.734999999999999,Rs./Quintal,Metric Tonnes
Madhya Pradesh,Narsinghpur,Narsinghpur APMC,Black Gram(Urd Beans)(Whole),Urda/Urd,FAQ,2026-03-09,7200.0,8150.0,8150.0,4.154,Rs./Quintal,Metric Tonnes
Madhya Pradesh,Narsinghpur,Narsinghpur APMC,Black Gram(Urd Beans)(Whole),Urda/Urd,Non-FAQ,2026-03-09,7501.0,7501.0,7501.0,0.635,Rs./Quintal,Metric Tonnes
Madhya Pradesh,Narsinghpur,Narsinghpur APMC,Green Gram(Moong)(Whole),Green (Whole),Non-FAQ,2026-03-09,6751.0,7501.0,7501.0,0.27,Rs./Quintal,Metric Tonnes
Madhya Pradesh,Narsinghpur,Narsinghpur APMC,Green Gram(Moong)(Whole),Green (Whole),FAQ,2026-03-09,6701.0,7011.0,7011.0,1.4800000000000002,Rs./Quintal,Metric Tonnes
Madhya Pradesh,Narsinghpur,Narsinghpur APMC,Lentil(Masur)(Whole),Local,Non-FAQ,2026-03-09,4500.0,6801.0,6801.0,9.945,Rs./Quintal,Metric Tonnes
Madhya Pradesh,Narsinghpur,Narsinghpur APMC,Lentil(Masur)(Whole),Local,FAQ,2026-03-09,5480.0,6850.0,5700.0,13.038,Rs./Quintal,Metric Tonnes
Madhya Pradesh,Narsinghpur,Narsinghpur APMC,Maize,Yellow,FAQ,2026-03-09,1400.0,1750.0,1722.0,204.59000000000003,Rs./Quintal,Metric Tonnes
Madhya Pradesh,Narsinghpur,Narsinghpur APMC,Mustard,Sarson(Black),Non-FAQ,2026-03-09,5301.0,5800.0,5800.0,3.4890000000000003,Rs./Quintal,Metric Tonnes
Madhya Pradesh,Narsinghpur,Narsinghpur APMC,Mustard,Sarson(Black),FAQ,2026-03-09,5700.0,5830.0,5830.0,10.875,Rs./Quintal,Metric Tonnes
Madhya Pradesh,Narsinghpur,Narsinghpur APMC,Red gram/Arhar/Tur(whole),Arhar Dal(Tur),Non-FAQ,2026-03-09,5961.0,8011.0,7300.0,3.765,Rs./Quintal,Metric Tonnes
Madhya Pradesh,Narsinghpur,Narsinghpur APMC,Red gram/Arhar/Tur(whole),Arhar Dal(Tur),FAQ,2026-03-09,5500.0,7745.0,7745.0,2.84,Rs./Quintal,Metric Tonnes
Madhya Pradesh,Narsinghpur,Narsinghpur APMC,Soyabean,Yellow,Non-FAQ,2026-03-09,5202.0,5405.0,5405.0,0.845,Rs./Quintal,Metric Tonnes
Madhya Pradesh,Narsinghpur,Narsinghpur APMC,Soyabean,Yellow,FAQ,2026-03-09,5353.0,5353.0,5353.0,0.12,Rs./Quintal,Metric Tonnes
Madhya Pradesh,Narsinghpur,Narsinghpur APMC,Wheat,Local,FAQ,2026-03-09,2100.0,2278.0,2278.0,9.81,Rs./Quintal,Metric Tonnes
Madhya Pradesh,Narsinghpur,Narsinghpur APMC,Wheat,Mill Quality,FAQ,2026-03-09,2100.0,2370.0,2201.0,30.34,Rs./Quintal,Metric Tonnes
Madhya Pradesh,Narsinghpur,Narsinghpur APMC,buttery,Buttery,FAQ,2026-03-09,3500.0,3500.0,3500.0,0.04000000000000001,Rs./Quintal,Metric Tonnes
Madhya Pradesh,Sehore,Nasrullaganj APMC,Bengal Gram(Gram)(Whole),Gram,FAQ,2026-03-09,4983.0,5145.0,5131.0,10.763,Rs./Quintal,Metric Tonnes
Madhya Pradesh,Sehore,Nasrullaganj APMC,Bengal Gram(Gram)(Whole),Gram,Non-FAQ,2026-03-09,4748.0,5810.0,5060.0,63.745000000000005,Rs./Quintal,Metric Tonnes
Madhya Pradesh,Sehore,Nasrullaganj APMC,Green Gram(Moong)(Whole),Green (Whole),FAQ,2026-03-09,5820.0,6501.0,6501.0,33.248000000000005,Rs./Quintal,Metric Tonnes
Madhya Pradesh,Sehore,Nasrullaganj APMC,Green Gram(Moong)(Whole),Green (Whole),Non-FAQ,2026-03-09,5600.0,6801.0,6100.0,48.402,Rs./Quintal,Metric Tonnes
Madhya Pradesh,Sehore,Nasrullaganj APMC,Maize,Local,Non-FAQ,2026-03-09,1001.0,1621.0,1570.0,328.05500000000006,Rs./Quintal,Metric Tonnes
Madhya Pradesh,Sehore,Nasrullaganj APMC,Maize,Local,FAQ,2026-03-09,1000.0,1643.0,1581.0,602.457,Rs./Quintal,Metric Tonnes
Madhya Pradesh,Sehore,Nasrullaganj APMC,Mustard,Mustard,FAQ,2026-03-09,5250.0,5935.0,5671.0,23.397000000000002,Rs./Quintal,Metric Tonnes
Madhya Pradesh,Sehore,Nasrullaganj APMC,Mustard,Mustard,Non-FAQ,2026-03-09,5515.0,5515.0,5515.0,0.2,Rs./Quintal,Metric Tonnes
Madhya Pradesh,Sehore,Nasrullaganj APMC,Red gram/Arhar/Tur(whole),Arhar Dal(Tur),Non-FAQ,2026-03-09,6701.0,6800.0,6800.0,0.46399999999999997,Rs./Quintal,Metric Tonnes
Madhya Pradesh,Sehore,Nasrullaganj APMC,Red gram/Arhar/Tur(whole),Arhar Dal(Tur),FAQ,2026-03-09,6500.0,6500.0,6500.0,0.143,Rs./Quintal,Metric Tonnes
Madhya Pradesh,Sehore,Nasrullaganj APMC,Soyabean,Soyabeen,Non-FAQ,2026-03-09,4501.0,5350.0,4900.0,24.183000000000003,Rs./Quintal,Metric Tonnes
Madhya Pradesh,Sehore,Nasrullaganj APMC,Soyabean,Soyabeen,FAQ,2026-03-09,4590.0,5431.0,5431.0,0.934,Rs./Quintal,Metric Tonnes
Madhya Pradesh,Sehore,Nasrullaganj APMC,Wheat,Wheat,Non-FAQ,2026-03-09,2201.0,2839.0,2301.0,470.828,Rs./Quintal,Metric Tonnes
Madhya Pradesh,Sehore,Nasrullaganj APMC,Wheat,Wheat,FAQ,2026-03-09,2281.0,2735.0,2596.0,93.483,Rs./Quintal,Metric Tonnes
Madhya Pradesh,Chhatarpur,Naugaon APMC,Groundnut,Big (With Shell),Non-FAQ,2026-03-09,5620.0,5800.0,5680.0,49.218,Rs./Quintal,Metric Tonnes
Madhya Pradesh,Chhatarpur,Naugaon APMC,Mustard,Mustard,Non-FAQ,2026-03-09,5685.0,6020.0,6000.0,66.0,Rs./Quintal,Metric Tonnes
Madhya Pradesh,Chhatarpur,Naugaon APMC,Soyabean,Soyabeen,FAQ,2026-03-09,4880.0,5011.0,5010.0,70.2,Rs./Quintal,Metric Tonnes
Madhya Pradesh,Chhatarpur,Naugaon APMC,Wheat,Wheat,Non-FAQ,2026-03-09,2280.0,2394.0,2391.0,244.70500000000004,Rs./Quintal,Metric Tonnes
Madhya Pradesh,Neemuch,Neemuch APMC,Ajwan,Ajwan,FAQ,2026-03-09,11700.0,12270.0,12270.0,0.195,Rs./Quintal,Metric Tonnes
Madhya Pradesh,Neemuch,Neemuch APMC,Asgand,Asafoetida leaf,FAQ,2026-03-09,551.0,801.0,680.0,13.425,Rs./Quintal,Metric Tonnes
Madhya Pradesh,Neemuch,Neemuch APMC,Asgand,Asgand,FAQ,2026-03-09,11000.0,23300.0,19001.0,18.202,Rs./Quintal,Metric Tonnes
Madhya Pradesh,Neemuch,Neemuch APMC,Ashwagandha,Ashwagandha,FAQ,2026-03-09,13400.0,19600.0,14001.0,6.014,Rs./Quintal,Metric Tonnes
Madhya Pradesh,Neemuch,Neemuch APMC,Asparagus,Asparagus,FAQ,2026-03-09,25800.0,30000.0,25800.0,1.1460000000000001,Rs./Quintal,Metric Tonnes
Madhya Pradesh,Neemuch,Neemuch APMC,Barley(Jau),Barley,FAQ,2026-03-09,1600.0,2148.0,2031.0,125.21199999999999,Rs./Quintal,Metric Tonnes
Madhya Pradesh,Neemuch,Neemuch APMC,Bengal Gram(Gram)(Whole),Gram,FAQ,2026-03-09,3900.0,5311.0,4900.0,158.99400000000003,Rs./Quintal,Metric Tonnes
Madhya Pradesh,Neemuch,Neemuch APMC,Bhui Amlaya,Bhuai Amlai,FAQ,2026-03-09,2000.0,2000.0,2000.0,2.0,Rs./Quintal,Metric Tonnes
Madhya Pradesh,Neemuch,Neemuch APMC,Black Gram(Urd Beans)(Whole),Urda/Urd,FAQ,2026-03-09,2500.0,7020.0,7020.0,5.472,Rs./Quintal,Metric Tonnes
Madhya Pradesh,Neemuch,Neemuch APMC,Coriander(Leaves),Coriander,FAQ,2026-03-09,6841.0,11000.0,9700.0,15.080000000000002,Rs./Bundle,Bundle
Madhya Pradesh,Neemuch,Neemuch APMC,Garlic,Garlic,FAQ,2026-03-09,3102.0,12500.0,10400.0,271.10900000000004,Rs./Quintal,Metric Tonnes
Madhya Pradesh,Neemuch,Neemuch APMC,Garlic,Average,FAQ,2026-03-09,1700.0,9500.0,8500.0,54.447,Rs./Quintal,Metric Tonnes
Madhya Pradesh,Neemuch,Neemuch APMC,Groundnut,Big (With Shell),Non-FAQ,2026-03-09,5455.0,6151.0,5931.0,4.926,Rs./Quintal,Metric Tonnes
Madhya Pradesh,Neemuch,Neemuch APMC,Groundnut,Big (With Shell),FAQ,2026-03-09,4791.0,7200.0,5391.0,48.922000000000004,Rs./Quintal,Metric Tonnes
Madhya Pradesh,Neemuch,Neemuch APMC,Isabgul(Psyllium),Isabgol,FAQ,2026-03-09,4500.0,10900.0,10900.0,2.45,Rs./Quintal,Metric Tonnes
Madhya Pradesh,Neemuch,Neemuch APMC,Lentil(Masur)(Whole),Masur Dal,Non-FAQ,2026-03-09,5430.0,6881.0,6881.0,4.933,Rs./Quintal,Metric Tonnes
Madhya Pradesh,Neemuch,Neemuch APMC,Linseed,Flaxseed,FAQ,2026-03-09,7273.0,7770.0,7770.0,2.513,Rs./Quintal,Metric Tonnes
Madhya Pradesh,Neemuch,Neemuch APMC,Maize,Local,FAQ,2026-03-09,1100.0,1735.0,1710.0,374.647,Rs./Quintal,Metric Tonnes
Madhya Pradesh,Neemuch,Neemuch APMC,Methi Seeds,Methiseeds,FAQ,2026-03-09,3500.0,6001.0,5750.0,14.569,Rs./Quintal,Metric Tonnes
Madhya Pradesh,Neemuch,Neemuch APMC,Mustard,Mustard,FAQ,2026-03-09,750.0,7676.0,6141.0,267.791,Rs./Quintal,Metric Tonnes
Madhya Pradesh,Neemuch,Neemuch APMC,Neem Seed,Neem leaves,FAQ,2026-03-09,2100.0,2100.0,2100.0,0.148,Rs./Quintal,Metric Tonnes
Madhya Pradesh,Neemuch,Neemuch APMC,Onion,Red,FAQ,2026-03-09,405.0,1511.0,1344.0,85.528,Rs./Quintal,Metric Tonnes
Madhya Pradesh,Neemuch,Neemuch APMC,Rose(Loose)),Rose(Loose),FAQ,2026-03-09,2600.0,2600.0,2600.0,0.09300000000000001,Rs./Quintal,Metric Tonnes
Madhya Pradesh,Neemuch,Neemuch APMC,Safflower,Kusum(Safflower),Non-FAQ,2026-03-09,4001.0,4001.0,4001.0,0.03,Rs./Quintal,Metric Tonnes
Madhya Pradesh,Neemuch,Neemuch APMC,Soyabean,Soyabeen,FAQ,2026-03-09,900.0,5650.0,5100.0,456.92,Rs./Quintal,Metric Tonnes
Madhya Pradesh,Neemuch,Neemuch APMC,Wheat,Wheat,FAQ,2026-03-09,2143.0,3021.0,2400.0,860.4580000000001,Rs./Quintal,Metric Tonnes
Madhya Pradesh,Neemuch,Neemuch APMC,nigella seeds,Kalonji/Nigella,FAQ,2026-03-09,21700.0,22151.0,22151.0,0.342,Rs./Quintal,Metric Tonnes
Madhya Pradesh,Neemuch,Neemuch APMC,poppy seeds,Poppy seed,FAQ,2026-03-09,75000.0,137500.0,87400.0,13.388,Rs./Quintal,Metric Tonnes
Madhya Pradesh,Tikamgarh,Niwadi APMC,Barley(Jau),Deshi,Non-FAQ,2026-03-09,1850.0,1850.0,1850.0,1.0,Rs./Quintal,Metric Tonnes
Madhya Pradesh,Tikamgarh,Niwadi APMC,Wheat,Mill Quality,Non-FAQ,2026-03-09,2100.0,2304.0,2275.0,186.74,Rs./Quintal,Metric Tonnes
Madhya Pradesh,Raisen,Obedullaganj APMC,Bengal Gram(Gram)(Whole),Gram,FAQ,2026-03-09,4475.0,5250.0,5250.0,12.020000000000001,Rs./Quintal,Metric Tonnes
Madhya Pradesh,Raisen,Obedullaganj APMC,Mustard,Mustard,FAQ,2026-03-09,5505.0,5691.0,5691.0,1.8350000000000002,Rs./Quintal,Metric Tonnes
Madhya Pradesh,Raisen,Obedullaganj APMC,Paddy(Common),Dhan,FAQ,2026-03-09,2000.0,2000.0,2000.0,14.5,Rs./Quintal,Metric Tonnes
Madhya Pradesh,Raisen,Obedullaganj APMC,Paddy(Common),Puspa (MR 301),FAQ,2026-03-09,2800.0,4100.0,4000.0,63.839,Rs./Quintal,Metric Tonnes
Madhya Pradesh,Raisen,Obedullaganj APMC,Paddy(Common),Paddy,Non-FAQ,2026-03-09,3700.0,3700.0,3700.0,0.123,Rs./Quintal,Metric Tonnes
Madhya Pradesh,Raisen,Obedullaganj APMC,Red gram/Arhar/Tur(whole),Arhar Dal(Tur),FAQ,2026-03-09,7150.0,7150.0,7150.0,0.7000000000000001,Rs./Quintal,Metric Tonnes
Madhya Pradesh,Raisen,Obedullaganj APMC,Soyabean,Soyabeen,FAQ,2026-03-09,4971.0,4971.0,4971.0,0.985,Rs./Quintal,Metric Tonnes
Madhya Pradesh,Raisen,Obedullaganj APMC,Wheat,Malwa Shakti,FAQ,2026-03-09,2200.0,2200.0,2200.0,0.9570000000000001,Rs./Quintal,Metric Tonnes
Madhya Pradesh,Raisen,Obedullaganj APMC,Wheat,Wheat,FAQ,2026-03-09,2255.0,2521.0,2521.0,15.889,Rs./Quintal,Metric Tonnes
Madhya Pradesh,Raisen,Obedullaganj APMC,Wheat,Local,FAQ,2026-03-09,2186.0,2425.0,2425.0,24.977000000000004,Rs./Quintal,Metric Tonnes
Madhya Pradesh,Raisen,Obedullaganj APMC,Wheat,Local,Non-FAQ,2026-03-09,2227.0,2227.0,2227.0,0.907,Rs./Quintal,Metric Tonnes
Madhya Pradesh,Jabalpur,Paatan APMC,Bengal Gram(Gram)(Whole),Gram,FAQ,2026-03-09,4900.0,5375.0,5105.0,13.702000000000002,Rs./Quintal,Metric Tonnes
Madhya Pradesh,Jabalpur,Paatan APMC,Black Gram(Urd Beans)(Whole),Urda/Urd,FAQ,2026-03-09,7500.0,8400.0,8000.0,16.019000000000002,Rs./Quintal,Metric Tonnes
Madhya Pradesh,Jabalpur,Paatan APMC,Green Gram(Moong)(Whole),Green (Whole),FAQ,2026-03-09,6415.0,6505.0,6505.0,0.38,Rs./Quintal,Metric Tonnes
Madhya Pradesh,Jabalpur,Paatan APMC,Green Peas,Pea,FAQ,2026-03-09,1900.0,3660.0,3660.0,8.696,Rs./Quintal,Metric Tonnes
Madhya Pradesh,Jabalpur,Paatan APMC,Maize,Local,FAQ,2026-03-09,1550.0,1700.0,1680.0,174.847,Rs./Quintal,Metric Tonnes
Madhya Pradesh,Jabalpur,Paatan APMC,Mustard,Mustard,FAQ,2026-03-09,4400.0,5755.0,5630.0,17.551,Rs./Quintal,Metric Tonnes
Madhya Pradesh,Jabalpur,Paatan APMC,Paddy(Common),Basmati,FAQ,2026-03-09,2950.0,3050.0,3050.0,77.08,Rs./Quintal,Metric Tonnes
Madhya Pradesh,Jabalpur,Paatan APMC,Red gram/Arhar/Tur(whole),Arhar Dal(Tur),FAQ,2026-03-09,5000.0,7265.0,7265.0,16.906000000000002,Rs./Quintal,Metric Tonnes
Madhya Pradesh,Jabalpur,Paatan APMC,Wheat,Wheat,FAQ,2026-03-09,2000.0,2550.0,2385.0,210.08100000000002,Rs./Quintal,Metric Tonnes
Madhya Pradesh,Jabalpur,Paatan APMC,Wheat,Lokwan,FAQ,2026-03-09,2500.0,2525.0,2525.0,12.566,Rs./Quintal,Metric Tonnes
Madhya Pradesh,Jabalpur,Paatan APMC,Wheat,Mill Quality,FAQ,2026-03-09,2315.0,2480.0,2375.0,45.251000000000005,Rs./Quintal,Metric Tonnes
Madhya Pradesh,Jabalpur,Paatan APMC,buttery,Buttery,FAQ,2026-03-09,3405.0,4400.0,4245.0,8.729000000000001,Rs./Quintal,Metric Tonnes
Madhya Pradesh,Rajgarh,Pachaur APMC,Bengal Gram(Gram)(Whole),Gram,FAQ,2026-03-09,4495.0,5160.0,5005.0,6.647,Rs./Quintal,Metric Tonnes
Madhya Pradesh,Rajgarh,Pachaur APMC,Coriander(Leaves),Coriander,FAQ,2026-03-09,8720.0,9805.0,9805.0,0.342,Rs./Bundle,Bundle
Madhya Pradesh,Rajgarh,Pachaur APMC,Lentil(Masur)(Whole),Masur Dal,FAQ,2026-03-09,5605.0,6955.0,6200.0,38.757000000000005,Rs./Quintal,Metric Tonnes
Madhya Pradesh,Rajgarh,Pachaur APMC,Mustard,Mustard,FAQ,2026-03-09,5200.0,7285.0,5700.0,322.184,Rs./Quintal,Metric Tonnes
Madhya Pradesh,Rajgarh,Pachaur APMC,Soyabean,Soyabeen,FAQ,2026-03-09,4350.0,5600.0,5380.0,66.59,Rs./Quintal,Metric Tonnes
Madhya Pradesh,Rajgarh,Pachaur APMC,Wheat,Wheat,FAQ,2026-03-09,2000.0,2421.0,2240.0,368.07300000000004,Rs./Quintal,Metric Tonnes
Madhya Pradesh,Rajgarh,Pachaur APMC,Wheat,Wheat,Non-FAQ,2026-03-09,2185.0,2250.0,2250.0,54.495000000000005,Rs./Quintal,Metric Tonnes
Madhya Pradesh,Rajgarh,Pachaur APMC,Wheat,Mill Quality,FAQ,2026-03-09,2120.0,2390.0,2210.0,38.6,Rs./Quintal,Metric Tonnes
Madhya Pradesh,Seoni,Palari APMC,Maize,Local,FAQ,2026-03-09,1600.0,1600.0,1600.0,70.0,Rs./Quintal,Metric Tonnes
Madhya Pradesh,Seoni,Palari APMC,Maize,Local,Non-FAQ,2026-03-09,1550.0,1550.0,1550.0,17.16,Rs./Quintal,Metric Tonnes
Madhya Pradesh,Tikamgarh,Palera APMC,Wheat,Mill Quality,Non-FAQ,2026-03-09,2220.0,2235.0,2234.0,71.7,Rs./Quintal,Metric Tonnes
Madhya Pradesh,Khandwa,Pandhana APMC,Bengal Gram(Gram)(Whole),Gram,FAQ,2026-03-09,4900.0,5400.0,5036.0,17.630000000000003,Rs./Quintal,Metric Tonnes
Madhya Pradesh,Khandwa,Pandhana APMC,Maize,Local,FAQ,2026-03-09,1522.0,1566.0,1566.0,7.935,Rs./Quintal,Metric Tonnes
Madhya Pradesh,Khandwa,Pandhana APMC,Soyabean,Soyabeen,FAQ,2026-03-09,5101.0,5101.0,5101.0,0.313,Rs./Quintal,Metric Tonnes
Madhya Pradesh,Khandwa,Pandhana APMC,Wheat,Mill Quality,FAQ,2026-03-09,2200.0,2200.0,2200.0,1.975,Rs./Quintal,Metric Tonnes
Madhya Pradesh,Khandwa,Pandhana APMC,Wheat,Wheat,FAQ,2026-03-09,2010.0,2425.0,2250.0,452.021,Rs./Quintal,Metric Tonnes
Madhya Pradesh,Chhindwara,Pandhurna APMC,Cotton,Without Ginned Cotton,FAQ,2026-03-09,6900.0,7561.0,7550.0,94.275,Rs./Quintal,Metric Tonnes
Madhya Pradesh,Chhindwara,Pandhurna APMC,Cotton,Without Ginned Cotton,Non-FAQ,2026-03-09,7050.0,7050.0,7050.0,1.0,Rs./Quintal,Metric Tonnes
Madhya Pradesh,Chhindwara,Pandhurna APMC,Groundnut,Big (With Shell),FAQ,2026-03-09,7500.0,8500.0,8500.0,17.955000000000002,Rs./Quintal,Metric Tonnes
Madhya Pradesh,Chhindwara,Pandhurna APMC,Maize,Local,Non-FAQ,2026-03-09,1525.0,1650.0,1625.0,45.92400000000001,Rs./Quintal,Metric Tonnes
Madhya Pradesh,Chhindwara,Pandhurna APMC,Tobacco,Tobacco,FAQ,2026-03-09,3800.0,8000.0,8000.0,17.756,Rs./Quintal,Metric Tonnes
Madhya Pradesh,Panna,Panna APMC,Bengal Gram(Gram)(Whole),Gram,FAQ,2026-03-09,4800.0,4980.0,4800.0,3.715,Rs./Quintal,Metric Tonnes
Madhya Pradesh,Panna,Panna APMC,Green Peas,Pea,FAQ,2026-03-09,3675.0,4180.0,3715.0,171.64100000000002,Rs./Quintal,Metric Tonnes
Madhya Pradesh,Panna,Panna APMC,Lentil(Masur)(Whole),Masur Dal,FAQ,2026-03-09,6050.0,6650.0,6650.0,13.727000000000002,Rs./Quintal,Metric Tonnes
Madhya Pradesh,Panna,Panna APMC,Mustard,Sarson(Black),Non-FAQ,2026-03-09,5400.0,5450.0,5450.0,5.5,Rs./Quintal,Metric Tonnes
Madhya Pradesh,Panna,Panna APMC,Mustard,Sarson(Black),FAQ,2026-03-09,5500.0,5550.0,5500.0,8.395999999999999,Rs./Quintal,Metric Tonnes
Madhya Pradesh,Panna,Panna APMC,Mustard,Mustard,FAQ,2026-03-09,5335.0,7200.0,7200.0,7.0920000000000005,Rs./Quintal,Metric Tonnes
Madhya Pradesh,Panna,Panna APMC,Wheat,Mill Quality,Non-FAQ,2026-03-09,2205.0,2210.0,2210.0,10.543000000000001,Rs./Quintal,Metric Tonnes
Madhya Pradesh,Panna,Panna APMC,Wheat,Mill Quality,FAQ,2026-03-09,2220.0,2425.0,2425.0,16.722,Rs./Quintal,Metric Tonnes
Madhya Pradesh,Panna,Panna APMC,Wheat,Wheat,FAQ,2026-03-09,2420.0,2440.0,2430.0,41.505,Rs./Quintal,Metric Tonnes
Madhya Pradesh,Panna,Panna APMC,buttery,Buttery,FAQ,2026-03-09,3325.0,3425.0,3360.0,22.448,Rs./Quintal,Metric Tonnes
Madhya Pradesh,Damoh,Patharia APMC,Bengal Gram(Gram)(Whole),Gram,FAQ,2026-03-09,4400.0,5245.0,5050.0,30.200000000000003,Rs./Quintal,Metric Tonnes
Madhya Pradesh,Damoh,Patharia APMC,Black Gram(Urd Beans)(Whole),Urda/Urd,FAQ,2026-03-09,6205.0,6785.0,6785.0,0.29100000000000004,Rs./Quintal,Metric Tonnes
Madhya Pradesh,Damoh,Patharia APMC,Green Peas,Pea,FAQ,2026-03-09,3255.0,4155.0,3755.0,25.843000000000004,Rs./Quintal,Metric Tonnes
Madhya Pradesh,Damoh,Patharia APMC,Lentil(Masur)(Whole),Masur Dal,FAQ,2026-03-09,5075.0,6875.0,5990.0,36.331,Rs./Quintal,Metric Tonnes
Madhya Pradesh,Damoh,Patharia APMC,Maize,Local,FAQ,2026-03-09,1576.0,1716.0,1700.0,21.046000000000003,Rs./Quintal,Metric Tonnes
Madhya Pradesh,Damoh,Patharia APMC,Mustard,Mustard,FAQ,2026-03-09,5445.0,5890.0,5890.0,6.115,Rs./Quintal,Metric Tonnes
Madhya Pradesh,Damoh,Patharia APMC,Red gram/Arhar/Tur(whole),Arhar Dal(Tur),FAQ,2026-03-09,5650.0,7415.0,7415.0,3.657,Rs./Quintal,Metric Tonnes
Madhya Pradesh,Damoh,Patharia APMC,Soyabean,Soyabeen,FAQ,2026-03-09,3195.0,5400.0,5065.0,39.796,Rs./Quintal,Metric Tonnes
Madhya Pradesh,Damoh,Patharia APMC,Wheat,Wheat,FAQ,2026-03-09,1570.0,2251.0,2196.0,47.714,Rs./Quintal,Metric Tonnes
Madhya Pradesh,Jhabua,Petlawad APMC,Bengal Gram(Gram)(Whole),Gram,FAQ,2026-03-09,4825.0,4825.0,4825.0,1.35,Rs./Quintal,Metric Tonnes
Madhya Pradesh,Jhabua,Petlawad APMC,Cotton,Without Ginned Cotton,FAQ,2026-03-09,7000.0,7000.0,7000.0,0.1,Rs./Quintal,Metric Tonnes
Madhya Pradesh,Jhabua,Petlawad APMC,Maize,Local,Non-FAQ,2026-03-09,1536.0,1650.0,1556.0,26.616000000000003,Rs./Quintal,Metric Tonnes
Madhya Pradesh,Jhabua,Petlawad APMC,Maize,Local,FAQ,2026-03-09,1400.0,1700.0,1450.0,56.292,Rs./Quintal,Metric Tonnes
Madhya Pradesh,Jhabua,Petlawad APMC,Maize,Yellow,FAQ,2026-03-09,1450.0,1450.0,1450.0,8.436,Rs./Quintal,Metric Tonnes
Madhya Pradesh,Jhabua,Petlawad APMC,Wheat,Lokwan,Non-FAQ,2026-03-09,2100.0,2100.0,2100.0,1.05,Rs./Quintal,Metric Tonnes
Madhya Pradesh,Jhabua,Petlawad APMC,Wheat,Wheat,Non-FAQ,2026-03-09,2000.0,2400.0,2100.0,143.848,Rs./Quintal,Metric Tonnes
Madhya Pradesh,Jhabua,Petlawad APMC,Wheat,Wheat Mix,FAQ,2026-03-09,2145.0,2208.0,2208.0,12.647,Rs./Quintal,Metric Tonnes
Madhya Pradesh,Jhabua,Petlawad APMC,Wheat,Lokwan,FAQ,2026-03-09,2125.0,2315.0,2200.0,74.995,Rs./Quintal,Metric Tonnes
Madhya Pradesh,Jhabua,Petlawad APMC,Wheat,Wheat Mix,Non-FAQ,2026-03-09,2165.0,2200.0,2200.0,12.974000000000002,Rs./Quintal,Metric Tonnes
Madhya Pradesh,Jhabua,Petlawad APMC,Wheat,Wheat,FAQ,2026-03-09,1900.0,2505.0,2200.0,545.691,Rs./Quintal,Metric Tonnes
Madhya Pradesh,Jhabua,Petlawad(F&V) APMC,Bhindi(Ladies Finger),Bhindi,Grade A,2026-03-09,1500.0,2000.0,1660.0,0.406,Rs./Quintal,Metric Tonnes
Madhya Pradesh,Jhabua,Petlawad(F&V) APMC,Bottle gourd,Bottle Gourd,Grade A,2026-03-09,600.0,900.0,845.0,0.667,Rs./Quintal,Metric Tonnes
Madhya Pradesh,Jhabua,Petlawad(F&V) APMC,Brinjal,Brinjal,Grade A,2026-03-09,600.0,1000.0,763.0,1.029,Rs./Quintal,Metric Tonnes
Madhya Pradesh,Jhabua,Petlawad(F&V) APMC,Cabbage,Cabbage,Grade A,2026-03-09,800.0,1000.0,843.0,1.026,Rs./Quintal,Metric Tonnes
Madhya Pradesh,Jhabua,Petlawad(F&V) APMC,Cauliflower,Cauliflower,Grade A,2026-03-09,700.0,1000.0,870.0,0.777,Rs./Quintal,Metric Tonnes
Madhya Pradesh,Jhabua,Petlawad(F&V) APMC,Cucumbar(Kheera),Cucumbar,Grade A,2026-03-09,700.0,1000.0,794.0,1.172,Rs./Quintal,Metric Tonnes
Madhya Pradesh,Jhabua,Petlawad(F&V) APMC,Methi(Leaves),Methi,Grade A,2026-03-09,600.0,1400.0,939.0,0.622,Rs./Quintal,Metric Tonnes
Madhya Pradesh,Jhabua,Petlawad(F&V) APMC,Onion,Hybrid,Grade A,2026-03-09,600.0,1000.0,780.0,1.336,Rs./Quintal,Metric Tonnes
Madhya Pradesh,Jhabua,Petlawad(F&V) APMC,Potato,Desi,Grade A,2026-03-09,600.0,800.0,621.0,1.202,Rs./Quintal,Metric Tonnes
Madhya Pradesh,Jhabua,Petlawad(F&V) APMC,Pumpkin,Pumpkin,Grade A,2026-03-09,500.0,1000.0,921.0,0.256,Rs./Quintal,Metric Tonnes
Madhya Pradesh,Jhabua,Petlawad(F&V) APMC,Raddish,Raddish,Grade A,2026-03-09,400.0,600.0,482.0,0.418,Rs./Quintal,Metric Tonnes
Madhya Pradesh,Jhabua,Petlawad(F&V) APMC,Spinach,Spinach,Grade A,2026-03-09,500.0,1000.0,592.0,1.004,Rs./Quintal,Metric Tonnes
Madhya Pradesh,Jhabua,Petlawad(F&V) APMC,Tomato,Hybrid,Grade A,2026-03-09,500.0,1000.0,817.0,0.857,Rs./Quintal,Metric Tonnes
Madhya Pradesh,Shivpuri,Pichhour APMC,Barley(Jau),Barley,Non-FAQ,2026-03-09,1850.0,1900.0,1900.0,297.6,Rs./Quintal,Metric Tonnes
Madhya Pradesh,Shivpuri,Pichhour APMC,Groundnut,Big (With Shell),Non-FAQ,2026-03-09,6520.0,6580.0,6540.0,47.6,Rs./Quintal,Metric Tonnes
Madhya Pradesh,Shivpuri,Pichhour APMC,Mustard,Mustard,Non-FAQ,2026-03-09,5780.0,5850.0,5850.0,12.700000000000001,Rs./Quintal,Metric Tonnes
Madhya Pradesh,Shivpuri,Pichhour APMC,Wheat,Wheat,Non-FAQ,2026-03-09,2120.0,2150.0,2150.0,28.900000000000002,Rs./Quintal,Metric Tonnes
Madhya Pradesh,Shivpuri,Pichhour APMC,Wheat,Mill Quality,Non-FAQ,2026-03-09,2045.0,2160.0,2150.0,162.0,Rs./Quintal,Metric Tonnes
Madhya Pradesh,Shivpuri,Pichhour APMC,Wheat,Wheat,FAQ,2026-03-09,2150.0,2150.0,2150.0,7.4,Rs./Quintal,Metric Tonnes
Madhya Pradesh,Hoshangabad,Pipariya APMC,Bengal Gram(Gram)(Whole),Gram,FAQ,2026-03-09,3640.0,5401.0,4866.0,118.55000000000001,Rs./Quintal,Metric Tonnes
Madhya Pradesh,Hoshangabad,Pipariya APMC,Green Gram(Moong)(Whole),Green (Whole),FAQ,2026-03-09,5260.0,7600.0,7600.0,2.85,Rs./Quintal,Metric Tonnes
Madhya Pradesh,Hoshangabad,Pipariya APMC,Maize,Local,FAQ,2026-03-09,1526.0,1526.0,1526.0,1.4000000000000001,Rs./Quintal,Metric Tonnes
Madhya Pradesh,Hoshangabad,Pipariya APMC,Paddy(Common),Puspa (MR 301),FAQ,2026-03-09,3601.0,4090.0,4000.0,312.53000000000003,Rs./Quintal,Metric Tonnes
Madhya Pradesh,Hoshangabad,Pipariya APMC,Red gram/Arhar/Tur(whole),Arhar Dal(Tur),FAQ,2026-03-09,3050.0,8150.0,7190.0,30.5,Rs./Quintal,Metric Tonnes
Madhya Pradesh,Hoshangabad,Pipariya APMC,Soyabean,Soyabeen,FAQ,2026-03-09,2801.0,4901.0,4901.0,0.8500000000000001,Rs./Quintal,Metric Tonnes
Madhya Pradesh,Hoshangabad,Pipariya APMC,Wheat,Wheat,FAQ,2026-03-09,1760.0,2440.0,2182.0,85.77000000000001,Rs./Quintal,Metric Tonnes
Madhya Pradesh,Hoshangabad,Pipariya(F&V) APMC,Bhindi(Ladies Finger),Bhindi,Local,2026-03-09,2100.0,3000.0,2500.0,0.4,Rs./Quintal,Metric Tonnes
Madhya Pradesh,Hoshangabad,Pipariya(F&V) APMC,Bottle gourd,Bottle Gourd,Local,2026-03-09,350.0,1000.0,700.0,2.0,Rs./Quintal,Metric Tonnes
Madhya Pradesh,Hoshangabad,Pipariya(F&V) APMC,Brinjal,Brinjal,Local,2026-03-09,450.0,1300.0,800.0,2.0,Rs./Quintal,Metric Tonnes
Madhya Pradesh,Hoshangabad,Pipariya(F&V) APMC,Cabbage,Cabbage,Local,2026-03-09,300.0,1050.0,700.0,2.5,Rs./Quintal,Metric Tonnes
Madhya Pradesh,Hoshangabad,Pipariya(F&V) APMC,Cauliflower,Cauliflower,Local,2026-03-09,500.0,1500.0,900.0,2.2,Rs./Quintal,Metric Tonnes
Madhya Pradesh,Hoshangabad,Pipariya(F&V) APMC,Onion,Onion,Local,2026-03-09,800.0,1800.0,1300.0,3.5,Rs./Quintal,Metric Tonnes
Madhya Pradesh,Hoshangabad,Pipariya(F&V) APMC,Pea Pod/Pea Cod/हरी मटर,Peas cod,Local,2026-03-09,1450.0,2500.0,2000.0,1.0,Rs./Quintal,Metric Tonnes
Madhya Pradesh,Hoshangabad,Pipariya(F&V) APMC,Potato,Potato,Local,2026-03-09,650.0,1400.0,1000.0,6.0,Rs./Quintal,Metric Tonnes
Madhya Pradesh,Hoshangabad,Pipariya(F&V) APMC,Pumpkin,Pumpkin,Local,2026-03-09,450.0,1250.0,800.0,1.0,Rs./Quintal,Metric Tonnes
Madhya Pradesh,Hoshangabad,Pipariya(F&V) APMC,Sponge gourd,Sponge gourd,Local,2026-03-09,2000.0,3100.0,2500.0,0.4,Rs./Quintal,Metric Tonnes
Madhya Pradesh,Hoshangabad,Pipariya(F&V) APMC,Tomato,Tomato,Local,2026-03-09,300.0,1800.0,700.0,4.0,Rs./Quintal,Metric Tonnes
Madhya Pradesh,Mandsaur,Piplya APMC,Barley(Jau),Barley,FAQ,2026-03-09,1800.0,2051.0,2001.0,20.66,Rs./Quintal,Metric Tonnes
Madhya Pradesh,Mandsaur,Piplya APMC,Bengal Gram(Gram)(Whole),Gram,FAQ,2026-03-09,4400.0,5011.0,4781.0,17.449,Rs./Quintal,Metric Tonnes
Madhya Pradesh,Mandsaur,Piplya APMC,Garlic,Garlic,FAQ,2026-03-09,1202.0,9552.0,4800.0,263.008,Rs./Quintal,Metric Tonnes
Madhya Pradesh,Mandsaur,Piplya APMC,Garlic,Average,FAQ,2026-03-09,4495.0,4495.0,4495.0,2.394,Rs./Quintal,Metric Tonnes
Madhya Pradesh,Mandsaur,Piplya APMC,Mustard,Mustard,FAQ,2026-03-09,6093.0,6147.0,6147.0,0.365,Rs./Quintal,Metric Tonnes
Madhya Pradesh,Mandsaur,Piplya APMC,Mustard,Mustard,Non-FAQ,2026-03-09,5500.0,6050.0,6020.0,8.26,Rs./Quintal,Metric Tonnes
Madhya Pradesh,Mandsaur,Piplya APMC,Soyabean,Soyabeen,FAQ,2026-03-09,1800.0,5560.0,5501.0,25.833,Rs./Quintal,Metric Tonnes
Madhya Pradesh,Mandsaur,Piplya APMC,Wheat,Local,FAQ,2026-03-09,2265.0,2265.0,2265.0,3.4320000000000004,Rs./Quintal,Metric Tonnes
Madhya Pradesh,Mandsaur,Piplya APMC,Wheat,Wheat,Non-FAQ,2026-03-09,2245.0,2277.0,2277.0,2.279,Rs./Quintal,Metric Tonnes
Madhya Pradesh,Mandsaur,Piplya APMC,Wheat,Wheat,FAQ,2026-03-09,2100.0,2471.0,2300.0,79.099,Rs./Quintal,Metric Tonnes
Madhya Pradesh,Ashoknagar,Piprai APMC,Bengal Gram(Gram)(Whole),Gram,FAQ,2026-03-09,4755.0,4776.0,4776.0,0.8300000000000001,Rs./Quintal,Metric Tonnes
Madhya Pradesh,Ashoknagar,Piprai APMC,Green Peas,Pea,FAQ,2026-03-09,3465.0,3465.0,3465.0,0.15000000000000002,Rs./Quintal,Metric Tonnes
Madhya Pradesh,Ashoknagar,Piprai APMC,Lentil(Masur)(Whole),Masur Dal,FAQ,2026-03-09,5745.0,5745.0,5745.0,0.30000000000000004,Rs./Quintal,Metric Tonnes
Madhya Pradesh,Ashoknagar,Piprai APMC,Maize,Local,FAQ,2026-03-09,1428.0,1455.0,1455.0,0.7000000000000001,Rs./Quintal,Metric Tonnes
Madhya Pradesh,Ashoknagar,Piprai APMC,Mustard,Mustard,FAQ,2026-03-09,5861.0,5981.0,5967.0,19.716,Rs./Quintal,Metric Tonnes
Madhya Pradesh,Ashoknagar,Piprai APMC,buttery,Buttery,FAQ,2026-03-09,3433.0,3433.0,3433.0,2.0,Rs./Quintal,Metric Tonnes
Madhya Pradesh,Shivpuri,Pohari APMC,Barley(Jau),Barley,Non-FAQ,2026-03-09,1605.0,1605.0,1605.0,0.463,Rs./Quintal,Metric Tonnes
Madhya Pradesh,Shivpuri,Pohari APMC,Bengal Gram(Gram)(Whole),Gram,Non-FAQ,2026-03-09,4910.0,4910.0,4910.0,2.381,Rs./Quintal,Metric Tonnes
Madhya Pradesh,Shivpuri,Pohari APMC,Groundnut,Big (With Shell),Non-FAQ,2026-03-09,5805.0,5805.0,5805.0,0.323,Rs./Quintal,Metric Tonnes
Madhya Pradesh,Shivpuri,Pohari APMC,Lentil(Masur)(Whole),Masur Dal,Non-FAQ,2026-03-09,5095.0,5095.0,5095.0,0.29700000000000004,Rs./Quintal,Metric Tonnes
Madhya Pradesh,Shivpuri,Pohari APMC,Mustard,Mustard,FAQ,2026-03-09,6300.0,6410.0,6410.0,8.831999999999999,Rs./Quintal,Metric Tonnes
Madhya Pradesh,Shivpuri,Pohari APMC,Mustard,Sarson(Black),Non-FAQ,2026-03-09,6225.0,6270.0,6270.0,7.213,Rs./Quintal,Metric Tonnes
Madhya Pradesh,Shivpuri,Pohari APMC,Mustard,Mustard,Non-FAQ,2026-03-09,4745.0,6590.0,6465.0,385.895,Rs./Quintal,Metric Tonnes
Madhya Pradesh,Shivpuri,Pohari APMC,Soyabean,Soyabeen,Non-FAQ,2026-03-09,5100.0,5440.0,5440.0,3.7310000000000003,Rs./Quintal,Metric Tonnes
Madhya Pradesh,Shivpuri,Pohari APMC,Wheat,Mill Quality,Non-FAQ,2026-03-09,2200.0,2200.0,2200.0,2.1010000000000004,Rs./Quintal,Metric Tonnes
Madhya Pradesh,Shivpuri,Pohari APMC,Wheat,Wheat,Non-FAQ,2026-03-09,2125.0,2130.0,2130.0,6.168,Rs./Quintal,Metric Tonnes
Madhya Pradesh,Morena,Porsa APMC,Bajra(Pearl Millet/Cumbu),Millet,Non-FAQ,2026-03-09,1660.0,1710.0,1700.0,98.51,Rs./Quintal,Metric Tonnes
Madhya Pradesh,Morena,Porsa APMC,Mustard,Mustard,FAQ,2026-03-09,5900.0,6250.0,6250.0,26.305000000000003,Rs./Quintal,Metric Tonnes
Madhya Pradesh,Morena,Porsa APMC,Wheat,Wheat,FAQ,2026-03-09,2245.0,2310.0,2290.0,247.735,Rs./Quintal,Metric Tonnes
Madhya Pradesh,Morena,Porsa APMC,Wheat,Wheat,Non-FAQ,2026-03-09,2285.0,2300.0,2300.0,10.5,Rs./Quintal,Metric Tonnes
Madhya Pradesh,Tikamgarh,Prithvipur APMC,Wheat,Mill Quality,Non-FAQ,2026-03-09,2230.0,2290.0,2262.0,428.3,Rs./Quintal,Metric Tonnes
Madhya Pradesh,Guna,Raghogarh APMC,Bengal Gram(Gram)(Whole),Gram,FAQ,2026-03-09,4850.0,4960.0,4960.0,4.301,Rs./Quintal,Metric Tonnes
Madhya Pradesh,Guna,Raghogarh APMC,Coriander(Leaves),Coriander,FAQ,2026-03-09,6825.0,8500.0,8500.0,1.346,Rs./Bundle,Bundle
Madhya Pradesh,Guna,Raghogarh APMC,Maize,Local,FAQ,2026-03-09,1280.0,1640.0,1585.0,32.596,Rs./Quintal,Metric Tonnes
Madhya Pradesh,Guna,Raghogarh APMC,Mustard,Mustard,FAQ,2026-03-09,5470.0,5885.0,5850.0,8.022,Rs./Quintal,Metric Tonnes
Madhya Pradesh,Guna,Raghogarh APMC,Wheat,Wheat,FAQ,2026-03-09,2080.0,2360.0,2240.0,24.099000000000004,Rs./Quintal,Metric Tonnes
Madhya Pradesh,Sagar,Rahatgarh APMC,Bengal Gram(Gram)(Whole),Desi (F.A.Q. Split),Non-FAQ,2026-03-09,4699.0,4995.0,4995.0,3.821,Rs./Quintal,Metric Tonnes
Madhya Pradesh,Sagar,Rahatgarh APMC,Lentil(Masur)(Whole),Local,Non-FAQ,2026-03-09,5500.0,6900.0,5890.0,21.055000000000003,Rs./Quintal,Metric Tonnes
Madhya Pradesh,Sagar,Rahatgarh APMC,Maize,Local,Non-FAQ,2026-03-09,1449.0,1449.0,1449.0,0.405,Rs./Quintal,Metric Tonnes
Madhya Pradesh,Sagar,Rahatgarh APMC,Mustard,Mustard,Non-FAQ,2026-03-09,5250.0,5930.0,5930.0,0.6080000000000001,Rs./Quintal,Metric Tonnes
Madhya Pradesh,Sagar,Rahatgarh APMC,Soyabean,Yellow,Non-FAQ,2026-03-09,5216.0,5382.0,5382.0,0.313,Rs./Quintal,Metric Tonnes
Madhya Pradesh,Sagar,Rahatgarh APMC,Wheat,Mill Quality,Non-FAQ,2026-03-09,2067.0,2365.0,2365.0,44.863,Rs./Quintal,Metric Tonnes
Madhya Pradesh,Raisen,Raisen APMC,Paddy(Common),Basmati,FAQ,2026-03-09,2790.0,4205.0,4000.0,501.315,Rs./Quintal,Metric Tonnes
Madhya Pradesh,Raisen,Raisen APMC,Paddy(Common),Dhan,FAQ,2026-03-09,3800.0,4125.0,3850.0,82.99000000000001,Rs./Quintal,Metric Tonnes
Madhya Pradesh,Raisen,Raisen APMC,Wheat,Mill Quality,FAQ,2026-03-09,2140.0,2301.0,2301.0,18.293000000000003,Rs./Quintal,Metric Tonnes
Madhya Pradesh,Raisen,Raisen APMC,Wheat,Wheat,FAQ,2026-03-09,2100.0,2350.0,2350.0,10.729000000000001,Rs./Quintal,Metric Tonnes
Madhya Pradesh,Dhar,Rajgarh APMC,Bengal Gram(Gram)(Whole),Desi (F.A.Q. Split),FAQ,2026-03-09,4800.0,4925.0,4925.0,15.880000000000003,Rs./Quintal,Metric Tonnes
Madhya Pradesh,Dhar,Rajgarh APMC,Bengal Gram(Gram)(Whole),Gram,FAQ,2026-03-09,4974.0,5350.0,5350.0,0.9750000000000001,Rs./Quintal,Metric Tonnes
Madhya Pradesh,Dhar,Rajgarh APMC,Maize,Yellow,Non-FAQ,2026-03-09,1440.0,1500.0,1500.0,19.067,Rs./Quintal,Metric Tonnes
Madhya Pradesh,Dhar,Rajgarh APMC,Soyabean,Yellow,FAQ,2026-03-09,2651.0,5600.0,5000.0,134.44400000000002,Rs./Quintal,Metric Tonnes
Madhya Pradesh,Dhar,Rajgarh APMC,Wheat,Wheat,FAQ,2026-03-09,2016.0,2880.0,2200.0,1174.429,Rs./Quintal,Metric Tonnes
Madhya Pradesh,Dhar,Rajgarh APMC,Wheat,Malwa Shakti,Non-FAQ,2026-03-09,2050.0,2050.0,2050.0,9.5,Rs./Quintal,Metric Tonnes
Madhya Pradesh,Dhar,Rajgarh APMC,Wheat,Lokwan,FAQ,2026-03-09,2100.0,2210.0,2150.0,21.495,Rs./Quintal,Metric Tonnes
Madhya Pradesh,Dhar,Rajgarh APMC,Wheat,Wheat,Non-FAQ,2026-03-09,2175.0,2300.0,2300.0,29.174000000000003,Rs./Quintal,Metric Tonnes
Madhya Pradesh,Dhar,Rajgarh(F&V) APMC,Bhindi(Ladies Finger),Bhindi,Local,2026-03-09,1600.0,1600.0,1600.0,0.2,Rs./Quintal,Metric Tonnes
Madhya Pradesh,Dhar,Rajgarh(F&V) APMC,Bitter gourd,Bitter Gourd,Local,2026-03-09,1600.0,1600.0,1600.0,0.2,Rs./Quintal,Metric Tonnes
Madhya Pradesh,Dhar,Rajgarh(F&V) APMC,Bottle gourd,Bottle Gourd,Local,2026-03-09,600.0,600.0,600.0,0.8,Rs./Quintal,Metric Tonnes
Madhya Pradesh,Dhar,Rajgarh(F&V) APMC,Brinjal,Brinjal,Local,2026-03-09,800.0,800.0,800.0,0.9,Rs./Quintal,Metric Tonnes
Madhya Pradesh,Dhar,Rajgarh(F&V) APMC,Cabbage,Cabbage,Local,2026-03-09,500.0,500.0,500.0,1.0,Rs./Quintal,Metric Tonnes
Madhya Pradesh,Dhar,Rajgarh(F&V) APMC,Carrot,Other,Local,2026-03-09,900.0,900.0,900.0,0.5,Rs./Quintal,Metric Tonnes
Madhya Pradesh,Dhar,Rajgarh(F&V) APMC,Cauliflower,Local,Local,2026-03-09,700.0,700.0,700.0,1.0,Rs./Quintal,Metric Tonnes
Madhya Pradesh,Dhar,Rajgarh(F&V) APMC,Cucumbar(Kheera),Cucumbar,Local,2026-03-09,2000.0,2000.0,2000.0,0.3,Rs./Quintal,Metric Tonnes
Madhya Pradesh,Dhar,Rajgarh(F&V) APMC,Garlic,Desi,Local,2026-03-09,3500.0,3500.0,3500.0,3.3,Rs./Quintal,Metric Tonnes
Madhya Pradesh,Dhar,Rajgarh(F&V) APMC,Ginger(Green),Green Ginger,Local,2026-03-09,2100.0,2100.0,2100.0,0.6,Rs./Quintal,Metric Tonnes
Madhya Pradesh,Dhar,Rajgarh(F&V) APMC,Green Chilli,Green Chilly,Local,2026-03-09,3500.0,3500.0,3500.0,0.2,Rs./Quintal,Metric Tonnes
Madhya Pradesh,Dhar,Rajgarh(F&V) APMC,Methi(Leaves),Other,Local,2026-03-09,900.0,900.0,900.0,0.4,Rs./Quintal,Metric Tonnes
Madhya Pradesh,Dhar,Rajgarh(F&V) APMC,Potato,Local,Local,2026-03-09,700.0,700.0,700.0,1.5,Rs./Quintal,Metric Tonnes
Madhya Pradesh,Dhar,Rajgarh(F&V) APMC,Spinach,Spinach,Local,2026-03-09,600.0,600.0,600.0,0.5,Rs./Quintal,Metric Tonnes
Madhya Pradesh,Dhar,Rajgarh(F&V) APMC,Tomato,Local,Local,2026-03-09,500.0,500.0,500.0,1.2,Rs./Quintal,Metric Tonnes
Madhya Pradesh,Chhatarpur,Rajnagar APMC,Mustard,Mustard,Non-FAQ,2026-03-09,5440.0,5440.0,5440.0,2.0,Rs./Quintal,Metric Tonnes
Madhya Pradesh,Chhatarpur,Rajnagar APMC,Mustard,Mustard,FAQ,2026-03-09,5395.0,5530.0,5450.0,54.300000000000004,Rs./Quintal,Metric Tonnes
Madhya Pradesh,Chhatarpur,Rajnagar APMC,Wheat,Wheat Mix,Non-FAQ,2026-03-09,2240.0,2270.0,2250.0,762.2,Rs./Quintal,Metric Tonnes
Madhya Pradesh,Ratlam,Ratlam APMC,Bengal Gram(Gram)(Whole),Gram,FAQ,2026-03-09,4250.0,4949.0,4900.0,9.206000000000001,Rs./Quintal,Metric Tonnes
Madhya Pradesh,Ratlam,Ratlam APMC,Garlic,Desi,FAQ,2026-03-09,2803.0,2803.0,2803.0,0.267,Rs./Quintal,Metric Tonnes
Madhya Pradesh,Ratlam,Ratlam APMC,Garlic,Garlic,FAQ,2026-03-09,400.0,13500.0,3400.0,484.088,Rs./Quintal,Metric Tonnes
Madhya Pradesh,Ratlam,Ratlam APMC,Green Peas,Pea,FAQ,2026-03-09,2151.0,3880.0,3200.0,26.754000000000005,Rs./Quintal,Metric Tonnes
Madhya Pradesh,Ratlam,Ratlam APMC,Green Peas,Organic,FAQ,2026-03-09,3075.0,3075.0,3075.0,2.3440000000000003,Rs./Quintal,Metric Tonnes
Madhya Pradesh,Ratlam,Ratlam APMC,Kabuli Chana(Chickpeas-White),Dollar Gram,FAQ,2026-03-09,3990.0,7600.0,4200.0,37.185,Rs./Quintal,Metric Tonnes
Madhya Pradesh,Ratlam,Ratlam APMC,Maize,Local,FAQ,2026-03-09,1448.0,1657.0,1657.0,7.9,Rs./Quintal,Metric Tonnes
Madhya Pradesh,Ratlam,Ratlam APMC,Onion,Onion,Non-FAQ,2026-03-09,101.0,1321.0,1321.0,19.396,Rs./Quintal,Metric Tonnes
Madhya Pradesh,Ratlam,Ratlam APMC,Onion,Nasik,FAQ,2026-03-09,700.0,1176.0,1176.0,11.267000000000001,Rs./Quintal,Metric Tonnes
Madhya Pradesh,Ratlam,Ratlam APMC,Onion,Onion,FAQ,2026-03-09,370.0,1501.0,1000.0,66.111,Rs./Quintal,Metric Tonnes
Madhya Pradesh,Ratlam,Ratlam APMC,Soyabean,Soyabeen,FAQ,2026-03-09,1500.0,5901.0,5450.0,239.224,Rs./Quintal,Metric Tonnes
Madhya Pradesh,Ratlam,Ratlam APMC,Wheat,Lokwan,FAQ,2026-03-09,2201.0,2800.0,2800.0,120.755,Rs./Quintal,Metric Tonnes
Madhya Pradesh,Ratlam,Ratlam APMC,Wheat,Wheat,FAQ,2026-03-09,1851.0,3201.0,2300.0,1566.214,Rs./Quintal,Metric Tonnes
Madhya Pradesh,Ratlam,Ratlam APMC,Wheat,Wheat Mix,FAQ,2026-03-09,2675.0,2675.0,2675.0,4.03,Rs./Quintal,Metric Tonnes
Madhya Pradesh,Sehore,Rehati APMC,Bengal Gram(Gram)(Whole),Gram,FAQ,2026-03-09,4100.0,5180.0,5180.0,10.748000000000001,Rs./Quintal,Metric Tonnes
Madhya Pradesh,Sehore,Rehati APMC,Maize,Local,FAQ,2026-03-09,1200.0,1500.0,1498.0,56.181,Rs./Quintal,Metric Tonnes
Madhya Pradesh,Sehore,Rehati APMC,Mustard,Sarson(Black),FAQ,2026-03-09,5105.0,5105.0,5105.0,0.371,Rs./Quintal,Metric Tonnes
Madhya Pradesh,Sehore,Rehati APMC,Wheat,Wheat,FAQ,2026-03-09,2200.0,2304.0,2250.0,16.866,Rs./Quintal,Metric Tonnes
Madhya Pradesh,Sagar,Rehli APMC,Bengal Gram(Gram)(Whole),Gram,Non-FAQ,2026-03-09,4805.0,5140.0,5140.0,18.706,Rs./Quintal,Metric Tonnes
Madhya Pradesh,Sagar,Rehli APMC,Lentil(Masur)(Whole),Masur Dal,Non-FAQ,2026-03-09,5651.0,6250.0,6250.0,0.47800000000000004,Rs./Quintal,Metric Tonnes
Madhya Pradesh,Sagar,Rehli APMC,Maize,Local,Non-FAQ,2026-03-09,1711.0,1825.0,1795.0,58.668,Rs./Quintal,Metric Tonnes
Madhya Pradesh,Sagar,Rehli APMC,Mustard,Mustard,Non-FAQ,2026-03-09,5190.0,5200.0,5200.0,0.4,Rs./Quintal,Metric Tonnes
Madhya Pradesh,Sagar,Rehli APMC,Soyabean,Soyabeen,Non-FAQ,2026-03-09,4299.0,5271.0,4750.0,57.42000000000001,Rs./Quintal,Metric Tonnes
Madhya Pradesh,Sagar,Rehli APMC,Wheat,Wheat,Non-FAQ,2026-03-09,2151.0,2245.0,2245.0,10.646,Rs./Quintal,Metric Tonnes
Madhya Pradesh,Rewa,Rewa APMC,Barley(Jau),Barley,FAQ,2026-03-09,2000.0,2000.0,2000.0,0.135,Rs./Quintal,Metric Tonnes
Madhya Pradesh,Rewa,Rewa APMC,Gur(Jaggery),Jaggery,FAQ,2026-03-09,4100.0,4140.0,4100.0,23.22,Rs./Quintal,Metric Tonnes
Madhya Pradesh,Rewa,Rewa APMC,Lentil(Masur)(Whole),Local,FAQ,2026-03-09,5651.0,5671.0,5671.0,1.115,Rs./Quintal,Metric Tonnes
Madhya Pradesh,Rewa,Rewa APMC,Mustard,Sarson(Black),FAQ,2026-03-09,5851.0,6026.0,6025.0,8.334999999999999,Rs./Quintal,Metric Tonnes
Madhya Pradesh,Rewa,Rewa APMC,Wheat,Mill Quality,FAQ,2026-03-09,2110.0,2368.0,2300.0,145.645,Rs./Quintal,Metric Tonnes
Madhya Pradesh,Morena,Sabalgarh APMC,Mustard,Mustard,FAQ,2026-03-09,6140.0,6380.0,6200.0,6.375,Rs./Quintal,Metric Tonnes
Madhya Pradesh,Morena,Sabalgarh APMC,Mustard,Mustard,Non-FAQ,2026-03-09,5405.0,6365.0,6275.0,34.255,Rs./Quintal,Metric Tonnes
Madhya Pradesh,Morena,Sabalgarh APMC,Mustard,Sarson(Black),Non-FAQ,2026-03-09,5500.0,6330.0,6325.0,63.127,Rs./Quintal,Metric Tonnes
Madhya Pradesh,Morena,Sabalgarh APMC,Mustard,Sarson(Black),FAQ,2026-03-09,5790.0,6010.0,6010.0,6.005,Rs./Quintal,Metric Tonnes
Madhya Pradesh,Morena,Sabalgarh(F&V) APMC,Brinjal,Other,FAQ,2026-03-09,1000.0,1000.0,1000.0,0.5,Rs./Quintal,Metric Tonnes
Madhya Pradesh,Morena,Sabalgarh(F&V) APMC,Cabbage,Cabbage,FAQ,2026-03-09,600.0,600.0,600.0,1.5,Rs./Quintal,Metric Tonnes
Madhya Pradesh,Morena,Sabalgarh(F&V) APMC,Cauliflower,Cauliflower,FAQ,2026-03-09,600.0,600.0,600.0,1.0,Rs./Quintal,Metric Tonnes
Madhya Pradesh,Morena,Sabalgarh(F&V) APMC,Onion,Onion,FAQ,2026-03-09,1000.0,1000.0,1000.0,0.5,Rs./Quintal,Metric Tonnes
Madhya Pradesh,Morena,Sabalgarh(F&V) APMC,Tomato,Deshi,FAQ,2026-03-09,500.0,500.0,500.0,1.0,Rs./Quintal,Metric Tonnes
Madhya Pradesh,Sagar,Sagar APMC,Bengal Gram(Gram)(Whole),Gram,FAQ,2026-03-09,3505.0,5195.0,5000.0,71.161,Rs./Quintal,Metric Tonnes
Madhya Pradesh,Sagar,Sagar APMC,Green Peas,Pea,FAQ,2026-03-09,3365.0,4095.0,3505.0,24.144000000000002,Rs./Quintal,Metric Tonnes
Madhya Pradesh,Sagar,Sagar APMC,Lak(Teora),Tiwada,FAQ,2026-03-09,2800.0,3200.0,3180.0,45.167,Rs./Quintal,Metric Tonnes
Madhya Pradesh,Sagar,Sagar APMC,Lentil(Masur)(Whole),Masur Dal,FAQ,2026-03-09,3000.0,6950.0,5815.0,171.731,Rs./Quintal,Metric Tonnes
Madhya Pradesh,Sagar,Sagar APMC,Maize,Local,FAQ,2026-03-09,1325.0,1655.0,1590.0,79.17500000000001,Rs./Quintal,Metric Tonnes
Madhya Pradesh,Sagar,Sagar APMC,Mustard,Mustard,FAQ,2026-03-09,3000.0,6000.0,5795.0,34.038000000000004,Rs./Quintal,Metric Tonnes
Madhya Pradesh,Sagar,Sagar APMC,Onion,Onion,FAQ,2026-03-09,800.0,850.0,850.0,26.0,Rs./Quintal,Metric Tonnes
Madhya Pradesh,Sagar,Sagar APMC,Red gram/Arhar/Tur(whole),Arhar Dal(Tur),FAQ,2026-03-09,6205.0,6980.0,6980.0,1.6510000000000002,Rs./Quintal,Metric Tonnes
Madhya Pradesh,Sagar,Sagar APMC,Soyabean,Soyabeen,FAQ,2026-03-09,4395.0,5950.0,5440.0,414.72600000000006,Rs./Quintal,Metric Tonnes
Madhya Pradesh,Sagar,Sagar APMC,Wheat,Wheat,FAQ,2026-03-09,2100.0,2500.0,2235.0,258.808,Rs./Quintal,Metric Tonnes
Madhya Pradesh,Sagar,Sagar APMC,buttery,Buttery,FAQ,2026-03-09,2905.0,4510.0,3675.0,33.466,Rs./Quintal,Metric Tonnes
Madhya Pradesh,Ratlam,Sailana APMC,Bengal Gram(Gram)(Whole),Gram,FAQ,2026-03-09,4700.0,4930.0,4780.0,24.274,Rs./Quintal,Metric Tonnes
Madhya Pradesh,Ratlam,Sailana APMC,Cotton,Without Ginned Cotton,FAQ,2026-03-09,7211.0,7422.0,7300.0,24.19,Rs./Quintal,Metric Tonnes
Madhya Pradesh,Ratlam,Sailana APMC,Garlic,Desi,FAQ,2026-03-09,2250.0,2250.0,2250.0,0.22999999999999998,Rs./Quintal,Metric Tonnes
Madhya Pradesh,Ratlam,Sailana APMC,Garlic,Garlic,FAQ,2026-03-09,800.0,10200.0,4801.0,144.494,Rs./Quintal,Metric Tonnes
Madhya Pradesh,Ratlam,Sailana APMC,Green Peas,Pea,FAQ,2026-03-09,3150.0,3399.0,3399.0,0.738,Rs./Quintal,Metric Tonnes
Madhya Pradesh,Ratlam,Sailana APMC,Lentil(Masur)(Whole),Masur Dal,FAQ,2026-03-09,5836.0,5836.0,5836.0,0.254,Rs./Quintal,Metric Tonnes
Madhya Pradesh,Ratlam,Sailana APMC,Maize,Local,FAQ,2026-03-09,1401.0,1490.0,1490.0,1.058,Rs./Quintal,Metric Tonnes
Madhya Pradesh,Ratlam,Sailana APMC,Methi Seeds,Methiseeds,FAQ,2026-03-09,4700.0,5260.0,5260.0,0.44900000000000007,Rs./Quintal,Metric Tonnes
Madhya Pradesh,Ratlam,Sailana APMC,Mustard,Mustard,FAQ,2026-03-09,5900.0,5990.0,5990.0,1.3810000000000002,Rs./Quintal,Metric Tonnes
Madhya Pradesh,Ratlam,Sailana APMC,Onion,Onion,FAQ,2026-03-09,301.0,1293.0,701.0,23.730000000000004,Rs./Quintal,Metric Tonnes
Madhya Pradesh,Ratlam,Sailana APMC,Soyabean,Soyabeen,FAQ,2026-03-09,2370.0,6340.0,5501.0,65.964,Rs./Quintal,Metric Tonnes
Madhya Pradesh,Ratlam,Sailana APMC,Wheat,Wheat,Non-FAQ,2026-03-09,2150.0,2200.0,2200.0,28.200000000000003,Rs./Quintal,Metric Tonnes
Madhya Pradesh,Ratlam,Sailana APMC,Wheat,Wheat,FAQ,2026-03-09,1800.0,3000.0,2250.0,454.41400000000004,Rs./Quintal,Metric Tonnes
Madhya Pradesh,Ratlam,Sailana APMC,Wheat,Lokwan,FAQ,2026-03-09,2000.0,2324.0,2200.0,40.092000000000006,Rs./Quintal,Metric Tonnes
Madhya Pradesh,Ratlam,Sailana(F&V) APMC,Garlic,Garlic,Local,2026-03-09,800.0,10200.0,3200.0,192.5,Rs./Quintal,Metric Tonnes
Madhya Pradesh,Ratlam,Sailana(F&V) APMC,Onion,Local,Local,2026-03-09,301.0,1293.0,451.0,28.1,Rs./Quintal,Metric Tonnes
Madhya Pradesh,Khargone,Sanawad APMC,Bengal Gram(Gram)(Whole),Gram,FAQ,2026-03-09,2950.0,6600.0,5200.0,89.03200000000001,Rs./Quintal,Metric Tonnes
Madhya Pradesh,Khargone,Sanawad APMC,Bengal Gram(Gram)(Whole),Chana Kabuli,FAQ,2026-03-09,4700.0,5000.0,4900.0,60.23400000000001,Rs./Quintal,Metric Tonnes
Madhya Pradesh,Khargone,Sanawad APMC,Cotton,Without Ginned Cotton,FAQ,2026-03-09,7100.0,7100.0,7100.0,1.3150000000000002,Rs./Quintal,Metric Tonnes
Madhya Pradesh,Khargone,Sanawad APMC,Cotton,Without Ginned Cotton,Non-FAQ,2026-03-09,2980.0,7100.0,4430.0,26.02,Rs./Quintal,Metric Tonnes
Madhya Pradesh,Khargone,Sanawad APMC,Kabuli Chana(Chickpeas-White),Dollar Gram,FAQ,2026-03-09,3030.0,8300.0,7700.0,181.37300000000002,Rs./Quintal,Metric Tonnes
Madhya Pradesh,Khargone,Sanawad APMC,Kabuli Chana(Chickpeas-White),Bitkey,FAQ,2026-03-09,4600.0,5195.0,5195.0,61.39,Rs./Quintal,Metric Tonnes
Madhya Pradesh,Khargone,Sanawad APMC,Red gram/Arhar/Tur(whole),Arhar Dal(Tur),FAQ,2026-03-09,5900.0,5900.0,5900.0,0.18100000000000002,Rs./Quintal,Metric Tonnes
Madhya Pradesh,Khargone,Sanawad APMC,Wheat,Wheat,FAQ,2026-03-09,1725.0,2270.0,2254.0,274.81,Rs./Quintal,Metric Tonnes
Madhya Pradesh,Khandwa,Sanawad(F&V) APMC,Bhindi(Ladies Finger),Bhindi,Grade A,2026-03-09,1700.0,2000.0,1900.0,0.7,Rs./Quintal,Metric Tonnes
Madhya Pradesh,Khandwa,Sanawad(F&V) APMC,Bottle gourd,Bottle Gourd,Grade A,2026-03-09,800.0,1000.0,900.0,1.2,Rs./Quintal,Metric Tonnes
Madhya Pradesh,Khandwa,Sanawad(F&V) APMC,Carrot,Carrot,Grade A,2026-03-09,800.0,1000.0,900.0,0.5,Rs./Quintal,Metric Tonnes
Madhya Pradesh,Khandwa,Sanawad(F&V) APMC,Cucumbar(Kheera),Cucumbar,Grade A,2026-03-09,800.0,1000.0,900.0,1.5,Rs./Quintal,Metric Tonnes
Madhya Pradesh,Khandwa,Sanawad(F&V) APMC,Green Chilli,Green Chilly,Grade A,2026-03-09,4000.0,5000.0,4500.0,0.2,Rs./Quintal,Metric Tonnes
Madhya Pradesh,Khandwa,Sanawad(F&V) APMC,Onion,Onion,Grade A,2026-03-09,800.0,1000.0,900.0,2.0,Rs./Quintal,Metric Tonnes
Madhya Pradesh,Khandwa,Sanawad(F&V) APMC,Pumpkin,Other,Grade A,2026-03-09,1300.0,1500.0,1400.0,1.0,Rs./Quintal,Metric Tonnes
Madhya Pradesh,Khandwa,Sanawad(F&V) APMC,Tomato,Deshi,Grade A,2026-03-09,600.0,800.0,700.0,2.0,Rs./Quintal,Metric Tonnes
Madhya Pradesh,Indore,Sanwer APMC,Soyabean,Soyabeen,FAQ,2026-03-09,4500.0,5711.0,5430.0,211.44299999999998,Rs./Quintal,Metric Tonnes
Madhya Pradesh,Indore,Sanwer APMC,Wheat,Wheat,FAQ,2026-03-09,1711.0,2480.0,2211.0,148.125,Rs./Quintal,Metric Tonnes
Madhya Pradesh,Indore,Sanwer APMC,Wheat,Wheat,Non-FAQ,2026-03-09,2070.0,2337.0,2300.0,24.081000000000003,Rs./Quintal,Metric Tonnes
Madhya Pradesh,Indore,Sanwer(F&V) APMC,Bottle gourd,Bottle Gourd,Grade A,2026-03-09,800.0,1000.0,900.0,0.1,Rs./Quintal,Metric Tonnes
Madhya Pradesh,Indore,Sanwer(F&V) APMC,Brinjal,Brinjal,Grade A,2026-03-09,800.0,1000.0,900.0,0.1,Rs./Quintal,Metric Tonnes
Madhya Pradesh,Indore,Sanwer(F&V) APMC,Cauliflower,Cauliflower,Grade A,2026-03-09,500.0,700.0,600.0,0.8,Rs./Quintal,Metric Tonnes
Madhya Pradesh,Indore,Sanwer(F&V) APMC,Green Chilli,Green Chilly,Grade A,2026-03-09,5500.0,8000.0,6000.0,0.08000000000000002,Rs./Quintal,Metric Tonnes
Madhya Pradesh,Indore,Sanwer(F&V) APMC,Methi(Leaves),Methi,Grade A,2026-03-09,1000.0,1300.0,1200.0,0.15000000000000002,Rs./Quintal,Metric Tonnes
Madhya Pradesh,Indore,Sanwer(F&V) APMC,Onion,Onion,Grade A,2026-03-09,600.0,1200.0,1000.0,0.30000000000000004,Rs./Quintal,Metric Tonnes
Madhya Pradesh,Indore,Sanwer(F&V) APMC,Potato,Potato,Grade A,2026-03-09,800.0,1000.0,900.0,0.8,Rs./Quintal,Metric Tonnes
Madhya Pradesh,Indore,Sanwer(F&V) APMC,Raddish,Raddish,Grade A,2026-03-09,700.0,1000.0,850.0,0.15000000000000002,Rs./Quintal,Metric Tonnes
Madhya Pradesh,Indore,Sanwer(F&V) APMC,Spinach,Spinach,Grade A,2026-03-09,800.0,1000.0,900.0,0.1,Rs./Quintal,Metric Tonnes
Madhya Pradesh,Indore,Sanwer(F&V) APMC,Tomato,Tomato,Grade A,2026-03-09,1250.0,1700.0,1500.0,0.4,Rs./Quintal,Metric Tonnes
Madhya Pradesh,Rajgarh,Sarangpur APMC,Bengal Gram(Gram)(Whole),Gram,FAQ,2026-03-09,4651.0,4971.0,4971.0,11.446,Rs./Quintal,Metric Tonnes
Madhya Pradesh,Rajgarh,Sarangpur APMC,Bengal Gram(Gram)(Whole),Gram,Non-FAQ,2026-03-09,4500.0,5005.0,5005.0,2.6430000000000002,Rs./Quintal,Metric Tonnes
Madhya Pradesh,Rajgarh,Sarangpur APMC,Lentil(Masur)(Whole),Masur Dal,FAQ,2026-03-09,5500.0,6500.0,6300.0,28.838,Rs./Quintal,Metric Tonnes
Madhya Pradesh,Rajgarh,Sarangpur APMC,Lentil(Masur)(Whole),Masur Dal,Non-FAQ,2026-03-09,5351.0,6509.0,6509.0,9.564,Rs./Quintal,Metric Tonnes
Madhya Pradesh,Rajgarh,Sarangpur APMC,Mustard,Mustard,FAQ,2026-03-09,5400.0,5991.0,5900.0,39.765,Rs./Quintal,Metric Tonnes
Madhya Pradesh,Rajgarh,Sarangpur APMC,Mustard,Mustard,Non-FAQ,2026-03-09,5301.0,6091.0,5900.0,61.006,Rs./Quintal,Metric Tonnes
Madhya Pradesh,Rajgarh,Sarangpur APMC,Orange,Orange,Small,2026-03-09,1370.0,2212.0,2212.0,15.0,Rs./Quintal,Metric Tonnes
Madhya Pradesh,Rajgarh,Sarangpur APMC,Soyabean,Yellow,FAQ,2026-03-09,5345.0,5525.0,5525.0,2.644,Rs./Quintal,Metric Tonnes
Madhya Pradesh,Rajgarh,Sarangpur APMC,Soyabean,Soyabeen,FAQ,2026-03-09,4600.0,5205.0,5205.0,15.417,Rs./Quintal,Metric Tonnes
Madhya Pradesh,Rajgarh,Sarangpur APMC,Soyabean,Yellow,Non-FAQ,2026-03-09,4566.0,5515.0,5515.0,7.352,Rs./Quintal,Metric Tonnes
Madhya Pradesh,Rajgarh,Sarangpur APMC,Wheat,Wheat,FAQ,2026-03-09,1922.0,2437.0,2265.0,28.816000000000003,Rs./Quintal,Metric Tonnes
Madhya Pradesh,Rajgarh,Sarangpur APMC,Wheat,Wheat,Non-FAQ,2026-03-09,2091.0,2445.0,2241.0,61.605,Rs./Quintal,Metric Tonnes
Madhya Pradesh,Rajgarh,Sarangpur APMC,Wheat,Mill Quality,FAQ,2026-03-09,2098.0,5700.0,2150.0,117.575,Rs./Quintal,Metric Tonnes
Madhya Pradesh,Rajgarh,Sarangpur APMC,Wheat,Mill Quality,Non-FAQ,2026-03-09,2322.0,2360.0,2360.0,32.5,Rs./Quintal,Metric Tonnes
Madhya Pradesh,Rajgarh,Sarangpur(F&V) APMC,Bhindi(Ladies Finger),Bhindi,Grade B,2026-03-09,1100.0,1100.0,1100.0,0.8,Rs./Quintal,Metric Tonnes
Madhya Pradesh,Rajgarh,Sarangpur(F&V) APMC,Bottle gourd,Bottle Gourd,Grade B,2026-03-09,1100.0,1100.0,1100.0,0.9,Rs./Quintal,Metric Tonnes
Madhya Pradesh,Rajgarh,Sarangpur(F&V) APMC,Brinjal,Brinjal,Grade B,2026-03-09,900.0,900.0,900.0,0.7,Rs./Quintal,Metric Tonnes
Madhya Pradesh,Rajgarh,Sarangpur(F&V) APMC,Cabbage,Cabbage,Grade B,2026-03-09,1000.0,1000.0,1000.0,0.8,Rs./Quintal,Metric Tonnes
Madhya Pradesh,Rajgarh,Sarangpur(F&V) APMC,Cauliflower,Cauliflower,Grade B,2026-03-09,1000.0,1000.0,1000.0,0.8,Rs./Quintal,Metric Tonnes
Madhya Pradesh,Rajgarh,Sarangpur(F&V) APMC,Green Chilli,Green Chilly,Grade B,2026-03-09,1300.0,1300.0,1300.0,0.8,Rs./Quintal,Metric Tonnes
Madhya Pradesh,Rajgarh,Sarangpur(F&V) APMC,Tomato,Tomato,Grade B,2026-03-09,1200.0,1200.0,1200.0,0.7,Rs./Quintal,Metric Tonnes
Madhya Pradesh,Satna,Satna APMC,Barley(Jau),Barley,FAQ,2026-03-09,2065.0,2198.0,2198.0,6.798000000000001,Rs./Quintal,Metric Tonnes
Madhya Pradesh,Satna,Satna APMC,Bengal Gram(Gram)(Whole),Gram,FAQ,2026-03-09,4300.0,5200.0,5200.0,15.831000000000001,Rs./Quintal,Metric Tonnes
Madhya Pradesh,Satna,Satna APMC,Black Gram(Urd Beans)(Whole),Urda/Urd,FAQ,2026-03-09,4015.0,6985.0,6400.0,6.399000000000001,Rs./Quintal,Metric Tonnes
Madhya Pradesh,Satna,Satna APMC,Green Peas,Pea,FAQ,2026-03-09,2895.0,2895.0,2895.0,1.657,Rs./Quintal,Metric Tonnes
Madhya Pradesh,Satna,Satna APMC,Gur(Jaggery),Jaggery,FAQ,2026-03-09,5300.0,5300.0,5300.0,8.575000000000001,Rs./Quintal,Metric Tonnes
Madhya Pradesh,Satna,Satna APMC,Lak(Teora),Tiwada,FAQ,2026-03-09,2950.0,3155.0,3155.0,1.9210000000000003,Rs./Quintal,Metric Tonnes
Madhya Pradesh,Satna,Satna APMC,Lentil(Masur)(Whole),Masur Dal,FAQ,2026-03-09,4500.0,5775.0,5700.0,24.272000000000002,Rs./Quintal,Metric Tonnes
Madhya Pradesh,Satna,Satna APMC,Mustard,Mustard,Non-FAQ,2026-03-09,5786.0,5812.0,5812.0,6.539000000000001,Rs./Quintal,Metric Tonnes
Madhya Pradesh,Satna,Satna APMC,Mustard,Mustard,FAQ,2026-03-09,5400.0,7395.0,6000.0,213.10900000000004,Rs./Quintal,Metric Tonnes
Madhya Pradesh,Satna,Satna APMC,Red gram/Arhar/Tur(whole),Arhar Dal(Tur),FAQ,2026-03-09,6155.0,7200.0,7200.0,2.907,Rs./Quintal,Metric Tonnes
Madhya Pradesh,Satna,Satna APMC,Wheat,Wheat,FAQ,2026-03-09,2150.0,2495.0,2290.0,226.61300000000003,Rs./Quintal,Metric Tonnes
Madhya Pradesh,Satna,Satna APMC,Wheat,Wheat,Non-FAQ,2026-03-09,2344.0,2344.0,2344.0,8.397,Rs./Quintal,Metric Tonnes
Madhya Pradesh,Satna,Satna APMC,Wheat,Mill Quality,FAQ,2026-03-09,2200.0,2200.0,2200.0,3.54,Rs./Quintal,Metric Tonnes
Madhya Pradesh,Satna,Satna APMC,buttery,Buttery,FAQ,2026-03-09,3025.0,3325.0,3130.0,11.674,Rs./Quintal,Metric Tonnes
Madhya Pradesh,Satna,Satna(F&V) APMC,Grapes,Green,Grade A,2026-03-09,5000.0,5000.0,5000.0,0.4,Rs./Quintal,Metric Tonnes
Madhya Pradesh,Satna,Satna(F&V) APMC,Kinnow,Kinnow,Grade A,2026-03-09,2600.0,2600.0,2600.0,2.5,Rs./Quintal,Metric Tonnes
Madhya Pradesh,Satna,Satna(F&V) APMC,Orange,Other,Grade A,2026-03-09,2800.0,3000.0,2900.0,2.2,Rs./Quintal,Metric Tonnes
Madhya Pradesh,Satna,Satna(F&V) APMC,Papaya,Papaya,Grade A,2026-03-09,1500.0,1500.0,1500.0,1.0,Rs./Quintal,Metric Tonnes
Madhya Pradesh,Satna,Satna(F&V) APMC,Potato,Potato,FAQ,2026-03-09,900.0,900.0,900.0,1.0,Rs./Quintal,Metric Tonnes
Madhya Pradesh,Chhindwara,Saunsar APMC,Maize,Yellow,FAQ,2026-03-09,1480.0,1710.0,1500.0,221.835,Rs./Quintal,Metric Tonnes
Madhya Pradesh,Chhindwara,Saunsar APMC,Red gram/Arhar/Tur(whole),Arhar Dal(Tur),FAQ,2026-03-09,7100.0,7200.0,7150.0,31.035000000000004,Rs./Quintal,Metric Tonnes
Madhya Pradesh,Khargone,Segaon APMC,Bengal Gram(Gram)(Whole),Gram,Non-FAQ,2026-03-09,5360.0,5490.0,5490.0,2.93,Rs./Quintal,Metric Tonnes
Madhya Pradesh,Khargone,Segaon APMC,Maize,Local,Non-FAQ,2026-03-09,1560.0,1680.0,1680.0,20.685000000000002,Rs./Quintal,Metric Tonnes
Madhya Pradesh,Khargone,Segaon APMC,Maize,Local,FAQ,2026-03-09,1400.0,1550.0,1500.0,120.495,Rs./Quintal,Metric Tonnes
Madhya Pradesh,Khargone,Segaon APMC,Wheat,Wheat,Non-FAQ,2026-03-09,2170.0,2380.0,2170.0,34.580000000000005,Rs./Quintal,Metric Tonnes
Madhya Pradesh,Khargone,Segaon APMC,Wheat,Wheat,FAQ,2026-03-09,2150.0,2225.0,2200.0,25.55,Rs./Quintal,Metric Tonnes
Madhya Pradesh,Jabalpur,Sehora APMC,Bengal Gram(Gram)(Whole),Desi (F.A.Q. Split),FAQ,2026-03-09,2700.0,5305.0,5305.0,2.781,Rs./Quintal,Metric Tonnes
Madhya Pradesh,Jabalpur,Sehora APMC,Black Gram(Urd Beans)(Whole),Urda/Urd,FAQ,2026-03-09,7795.0,7795.0,7795.0,0.11399999999999999,Rs./Quintal,Metric Tonnes
Madhya Pradesh,Jabalpur,Sehora APMC,Paddy(Common),Common,FAQ,2026-03-09,1771.0,1900.0,1850.0,28.931,Rs./Quintal,Metric Tonnes
Madhya Pradesh,Jabalpur,Sehora APMC,Water chestnut,Water chestnut,FAQ,2026-03-09,2505.0,20005.0,14600.0,4.04,Rs./Quintal,Metric Tonnes
Madhya Pradesh,Jabalpur,Sehora APMC,Wheat,Mill Quality,FAQ,2026-03-09,2140.0,2401.0,2323.0,150.631,Rs./Quintal,Metric Tonnes
Madhya Pradesh,Jabalpur,Sehora APMC,buttery,Buttery,FAQ,2026-03-09,3740.0,3745.0,3745.0,6.1370000000000005,Rs./Quintal,Metric Tonnes
Madhya Pradesh,Sehore,Sehore APMC,Bengal Gram(Gram)(Whole),Gram,FAQ,2026-03-09,3511.0,5870.0,5000.0,37.012,Rs./Quintal,Metric Tonnes
Madhya Pradesh,Sehore,Sehore APMC,Bengal Gram(Gram)(Whole),Chana Kabuli,FAQ,2026-03-09,5000.0,5371.0,5371.0,0.338,Rs./Quintal,Metric Tonnes
Madhya Pradesh,Sehore,Sehore APMC,Bengal Gram(Gram)(Whole),Chana Kanta,FAQ,2026-03-09,4599.0,5262.0,5262.0,10.721,Rs./Quintal,Metric Tonnes
Madhya Pradesh,Sehore,Sehore APMC,Coriander(Leaves),Coriander,FAQ,2026-03-09,8000.0,10200.0,9300.0,1.287,Rs./Bundle,Bundle
Madhya Pradesh,Sehore,Sehore APMC,Garlic,Garlic,FAQ,2026-03-09,1200.0,8101.0,3000.0,118.62,Rs./Quintal,Metric Tonnes
Madhya Pradesh,Sehore,Sehore APMC,Green Gram(Moong)(Whole),Green (Whole),FAQ,2026-03-09,3211.0,5700.0,5700.0,0.148,Rs./Quintal,Metric Tonnes
Madhya Pradesh,Sehore,Sehore APMC,Kabuli Chana(Chickpeas-White),Russian,FAQ,2026-03-09,4870.0,4870.0,4870.0,0.31800000000000006,Rs./Quintal,Metric Tonnes
Madhya Pradesh,Sehore,Sehore APMC,Lentil(Masur)(Whole),Masur Dal,FAQ,2026-03-09,5150.0,5931.0,5850.0,2.105,Rs./Quintal,Metric Tonnes
Madhya Pradesh,Sehore,Sehore APMC,Maize,Deshi Red,FAQ,2026-03-09,1580.0,1580.0,1580.0,4.083,Rs./Quintal,Metric Tonnes
Madhya Pradesh,Sehore,Sehore APMC,Maize,Local,FAQ,2026-03-09,1400.0,1677.0,1500.0,32.286,Rs./Quintal,Metric Tonnes
Madhya Pradesh,Sehore,Sehore APMC,Mustard,Mustard,FAQ,2026-03-09,5212.0,6200.0,5700.0,17.751,Rs./Quintal,Metric Tonnes
Madhya Pradesh,Sehore,Sehore APMC,Mustard,Sarson(Black),FAQ,2026-03-09,5600.0,6226.0,6226.0,7.051000000000001,Rs./Quintal,Metric Tonnes
Madhya Pradesh,Sehore,Sehore APMC,Onion,Onion,Non-FAQ,2026-03-09,902.0,902.0,902.0,2.708,Rs./Quintal,Metric Tonnes
Madhya Pradesh,Sehore,Sehore APMC,Red gram/Arhar/Tur(whole),Arhar Dal(Tur),FAQ,2026-03-09,5300.0,5300.0,5300.0,0.062,Rs./Quintal,Metric Tonnes
Madhya Pradesh,Sehore,Sehore APMC,Soyabean,Soyabeen,FAQ,2026-03-09,5250.0,5250.0,5250.0,3.465,Rs./Quintal,Metric Tonnes
Madhya Pradesh,Sehore,Sehore APMC,Soyabean,Yellow,FAQ,2026-03-09,3501.0,5835.0,5200.0,185.16600000000003,Rs./Quintal,Metric Tonnes
Madhya Pradesh,Sehore,Sehore APMC,Soyabean,Yellow,Non-FAQ,2026-03-09,2501.0,5550.0,5499.0,54.708000000000006,Rs./Quintal,Metric Tonnes
Madhya Pradesh,Sehore,Sehore APMC,Wheat,Wheat,FAQ,2026-03-09,2091.0,3396.0,2300.0,393.31100000000004,Rs./Quintal,Metric Tonnes
Madhya Pradesh,Sehore,Sehore APMC,Wheat,Wheat Mix,FAQ,2026-03-09,2200.0,2200.0,2200.0,1.05,Rs./Quintal,Metric Tonnes
Madhya Pradesh,Sehore,Sehore APMC,Wheat,Sujatha,FAQ,2026-03-09,3200.0,3200.0,3200.0,1.2880000000000003,Rs./Quintal,Metric Tonnes
Madhya Pradesh,Sehore,Sehore APMC,Wheat,Sharbati,FAQ,2026-03-09,2420.0,3661.0,3661.0,24.261000000000003,Rs./Quintal,Metric Tonnes
Madhya Pradesh,Sehore,Sehore APMC,Wheat,Malwa Shakti,FAQ,2026-03-09,2100.0,2329.0,2329.0,27.217000000000002,Rs./Quintal,Metric Tonnes
Madhya Pradesh,Sehore,Sehore APMC,Wheat,Lokwan,FAQ,2026-03-09,2100.0,3381.0,2325.0,294.30100000000004,Rs./Quintal,Metric Tonnes
Madhya Pradesh,Sehore,Sehore APMC,Wheat,Mill Quality,FAQ,2026-03-09,1500.0,2355.0,2355.0,16.525000000000002,Rs./Quintal,Metric Tonnes
Madhya Pradesh,Sehore,Sehore(F&V) APMC,Beetroot,Beetroot,Grade Range-1,2026-03-09,1000.0,2000.0,1500.0,0.30000000000000004,Rs./Quintal,Metric Tonnes
Madhya Pradesh,Sehore,Sehore(F&V) APMC,Bhindi(Ladies Finger),Bhindi,Grade Range-1,2026-03-09,2200.0,2500.0,2400.0,0.6000000000000001,Rs./Quintal,Metric Tonnes
Madhya Pradesh,Sehore,Sehore(F&V) APMC,Bitter gourd,Bitter Gourd,Grade Range-1,2026-03-09,2200.0,3000.0,2800.0,0.6000000000000001,Rs./Quintal,Metric Tonnes
Madhya Pradesh,Sehore,Sehore(F&V) APMC,Bottle gourd,Bottle Gourd,Grade Range-1,2026-03-09,1200.0,2000.0,1500.0,1.4000000000000001,Rs./Quintal,Metric Tonnes
Madhya Pradesh,Sehore,Sehore(F&V) APMC,Brinjal,Brinjal,Grade Range-1,2026-03-09,1000.0,2000.0,1500.0,1.3,Rs./Quintal,Metric Tonnes
Madhya Pradesh,Sehore,Sehore(F&V) APMC,Cabbage,Cabbage,Grade Range-1,2026-03-09,1000.0,1800.0,1200.0,1.4000000000000001,Rs./Quintal,Metric Tonnes
Madhya Pradesh,Sehore,Sehore(F&V) APMC,Capsicum,Capsicum,Grade Range-1,2026-03-09,2500.0,3500.0,3000.0,0.6000000000000001,Rs./Quintal,Metric Tonnes
Madhya Pradesh,Sehore,Sehore(F&V) APMC,Carrot,Carrot,Grade Range-1,2026-03-09,1000.0,2000.0,1500.0,1.0,Rs./Quintal,Metric Tonnes
Madhya Pradesh,Sehore,Sehore(F&V) APMC,Cauliflower,African Sarson,Grade Range-1,2026-03-09,1500.0,2500.0,2200.0,1.2000000000000002,Rs./Quintal,Metric Tonnes
Madhya Pradesh,Sehore,Sehore(F&V) APMC,Cucumbar(Kheera),Cucumbar,Grade Range-1,2026-03-09,1000.0,2000.0,1500.0,1.0,Rs./Quintal,Metric Tonnes
Madhya Pradesh,Sehore,Sehore(F&V) APMC,Drumstick,Other,Grade Range-1,2026-03-09,4000.0,6000.0,4500.0,0.2,Rs./Quintal,Metric Tonnes
Madhya Pradesh,Sehore,Sehore(F&V) APMC,Ginger(Green),Green Ginger,Grade Range-1,2026-03-09,4000.0,6000.0,5500.0,1.0,Rs./Quintal,Metric Tonnes
Madhya Pradesh,Sehore,Sehore(F&V) APMC,Green Chilli,Green Chilly,Grade Range-1,2026-03-09,3500.0,6000.0,5000.0,1.2000000000000002,Rs./Quintal,Metric Tonnes
Madhya Pradesh,Sehore,Sehore(F&V) APMC,Lemon,Lemon,Grade Range-1,2026-03-09,10000.0,13000.0,12000.0,0.30000000000000004,Rs./Quintal,Metric Tonnes
Madhya Pradesh,Sehore,Sehore(F&V) APMC,Methi(Leaves),Fenugreek-Organic,Grade Range-1,2026-03-09,1000.0,1500.0,1200.0,1.0,Rs./Quintal,Metric Tonnes
Madhya Pradesh,Sehore,Sehore(F&V) APMC,Pumpkin,Other,Grade Range-1,2026-03-09,1200.0,2500.0,2000.0,0.6000000000000001,Rs./Quintal,Metric Tonnes
Madhya Pradesh,Sehore,Sehore(F&V) APMC,Spinach,Other,Grade Range-1,2026-03-09,1000.0,1500.0,1200.0,1.6,Rs./Quintal,Metric Tonnes
Madhya Pradesh,Sehore,Sehore(F&V) APMC,Sponge gourd,Sponge gourd,Grade Range-1,2026-03-09,2500.0,3500.0,3000.0,0.5,Rs./Quintal,Metric Tonnes
Madhya Pradesh,Sehore,Sehore(F&V) APMC,Tomato,Deshi,Grade Range-1,2026-03-09,800.0,1200.0,1000.0,2.5,Rs./Quintal,Metric Tonnes
Madhya Pradesh,Hoshangabad,Semriharchand APMC,Bengal Gram(Gram)(Whole),Desi (F.A.Q. Split),FAQ,2026-03-09,4703.0,5150.0,5150.0,3.3000000000000003,Rs./Quintal,Metric Tonnes
Madhya Pradesh,Hoshangabad,Semriharchand APMC,Paddy(Common),Puspa (MR 301),FAQ,2026-03-09,3760.0,4300.0,4000.0,152.899,Rs./Quintal,Metric Tonnes
Madhya Pradesh,Hoshangabad,Semriharchand APMC,Paddy(Common),Basmati,FAQ,2026-03-09,800.0,4250.0,3950.0,112.29500000000002,Rs./Quintal,Metric Tonnes
Madhya Pradesh,Hoshangabad,Semriharchand APMC,Wheat,Mill Quality,FAQ,2026-03-09,2100.0,2100.0,2100.0,67.7,Rs./Quintal,Metric Tonnes
Madhya Pradesh,Badwani,Sendhwa APMC,Bengal Gram(Gram)(Whole),Gram,FAQ,2026-03-09,4800.0,5170.0,5170.0,1.6940000000000002,Rs./Quintal,Metric Tonnes
Madhya Pradesh,Badwani,Sendhwa APMC,Cotton,Without Ginned Cotton,FAQ,2026-03-09,6249.0,8500.0,8480.0,22.650000000000002,Rs./Quintal,Metric Tonnes
Madhya Pradesh,Badwani,Sendhwa APMC,Maize,Local,FAQ,2026-03-09,1300.0,1700.0,1500.0,185.935,Rs./Quintal,Metric Tonnes
Madhya Pradesh,Badwani,Sendhwa APMC,Red gram/Arhar/Tur(whole),Arhar Dal(Tur),FAQ,2026-03-09,6210.0,6210.0,6210.0,0.15000000000000002,Rs./Quintal,Metric Tonnes
Madhya Pradesh,Badwani,Sendhwa APMC,Soyabean,Soyabeen,FAQ,2026-03-09,5580.0,5630.0,5580.0,2.58,Rs./Quintal,Metric Tonnes
Madhya Pradesh,Badwani,Sendhwa APMC,Wheat,Wheat,FAQ,2026-03-09,1560.0,2315.0,2280.0,244.735,Rs./Quintal,Metric Tonnes
Madhya Pradesh,Seoni,Seoni APMC,Maize,Yellow,Non-FAQ,2026-03-09,1600.0,1810.0,1705.0,669.6600000000001,Rs./Quintal,Metric Tonnes
Madhya Pradesh,Seoni,Seoni APMC,Maize,Local,FAQ,2026-03-09,1511.0,1796.0,1790.0,489.095,Rs./Quintal,Metric Tonnes
Madhya Pradesh,Seoni,Seoni APMC,Maize,Local,Non-FAQ,2026-03-09,1680.0,1680.0,1680.0,7.5,Rs./Quintal,Metric Tonnes
Madhya Pradesh,Seoni,Seoni APMC,Maize,Yellow,FAQ,2026-03-09,1500.0,1721.0,1721.0,127.251,Rs./Quintal,Metric Tonnes
Madhya Pradesh,Seoni,Seoni APMC,Wheat,Wheat,Non-FAQ,2026-03-09,2215.0,2215.0,2215.0,4.0,Rs./Quintal,Metric Tonnes
Madhya Pradesh,Seoni,Seoni APMC,Wheat,Local,FAQ,2026-03-09,2450.0,2450.0,2450.0,3.0,Rs./Quintal,Metric Tonnes
Madhya Pradesh,Seoni,Seoni(F&V) APMC,Apple,Apple-Organic,Grade C,2026-03-09,5600.0,5600.0,5600.0,1.25,Rs./Quintal,Metric Tonnes
Madhya Pradesh,Seoni,Seoni(F&V) APMC,Bhindi(Ladies Finger),Bhindi,Grade C,2026-03-09,1050.0,1050.0,1050.0,1.02,Rs./Quintal,Metric Tonnes
Madhya Pradesh,Seoni,Seoni(F&V) APMC,Bottle gourd,Bottle Gourd,Grade C,2026-03-09,930.0,930.0,930.0,2.26,Rs./Quintal,Metric Tonnes
Madhya Pradesh,Seoni,Seoni(F&V) APMC,Brinjal,Brinjal,Grade C,2026-03-09,960.0,960.0,960.0,1.64,Rs./Quintal,Metric Tonnes
Madhya Pradesh,Seoni,Seoni(F&V) APMC,Capsicum,Capsicum,Grade C,2026-03-09,920.0,920.0,920.0,0.8,Rs./Quintal,Metric Tonnes
Madhya Pradesh,Seoni,Seoni(F&V) APMC,Carrot,Carrot,Grade C,2026-03-09,820.0,820.0,820.0,0.6,Rs./Quintal,Metric Tonnes
Madhya Pradesh,Seoni,Seoni(F&V) APMC,Cauliflower,Cauliflower,Grade C,2026-03-09,950.0,950.0,950.0,2.43,Rs./Quintal,Metric Tonnes
Madhya Pradesh,Seoni,Seoni(F&V) APMC,Cucumbar(Kheera),Cucumbar,Grade C,2026-03-09,900.0,900.0,900.0,1.26,Rs./Quintal,Metric Tonnes
Madhya Pradesh,Seoni,Seoni(F&V) APMC,Garlic,Desi,Local,2026-03-09,7200.0,7200.0,7200.0,0.28,Rs./Quintal,Metric Tonnes
Madhya Pradesh,Seoni,Seoni(F&V) APMC,Ginger(Green),Green Ginger,Grade C,2026-03-09,3300.0,3300.0,3300.0,0.44,Rs./Quintal,Metric Tonnes
Madhya Pradesh,Seoni,Seoni(F&V) APMC,Green Chilli,Green Chilly,Grade C,2026-03-09,2800.0,2800.0,2800.0,0.9,Rs./Quintal,Metric Tonnes
Madhya Pradesh,Seoni,Seoni(F&V) APMC,Onion,Local,Grade C,2026-03-09,995.0,995.0,995.0,6.15,Rs./Quintal,Metric Tonnes
Madhya Pradesh,Seoni,Seoni(F&V) APMC,Potato,Desi,Grade C,2026-03-09,900.0,900.0,900.0,9.65,Rs./Quintal,Metric Tonnes
Madhya Pradesh,Seoni,Seoni(F&V) APMC,Raddish,Raddish,Grade C,2026-03-09,850.0,850.0,850.0,0.74,Rs./Quintal,Metric Tonnes
Madhya Pradesh,Seoni,Seoni(F&V) APMC,Spinach,Spinach,Grade C,2026-03-09,900.0,900.0,900.0,2.19,Rs./Quintal,Metric Tonnes
Madhya Pradesh,Seoni,Seoni(F&V) APMC,Tomato,Deshi,Grade C,2026-03-09,800.0,800.0,800.0,4.9,Rs./Quintal,Metric Tonnes
Madhya Pradesh,Datia,Sevda APMC,Mustard,Mustard,FAQ,2026-03-09,5850.0,5850.0,5850.0,1.0,Rs./Quintal,Metric Tonnes
Madhya Pradesh,Datia,Sevda APMC,Wheat,Mill Quality,Non-FAQ,2026-03-09,2214.0,2266.0,2253.0,102.2,Rs./Quintal,Metric Tonnes
Madhya Pradesh,Datia,Sevda APMC,Wheat,Mill Quality,FAQ,2026-03-09,1975.0,2331.0,2310.0,72.2,Rs./Quintal,Metric Tonnes
Madhya Pradesh,Ashoknagar,Shadora APMC,Lentil(Masur)(Whole),Masur Dal,Non-FAQ,2026-03-09,5305.0,5825.0,5825.0,3.2670000000000003,Rs./Quintal,Metric Tonnes
Madhya Pradesh,Ashoknagar,Shadora APMC,Lentil(Masur)(Whole),Masur Dal,FAQ,2026-03-09,5680.0,5830.0,5750.0,4.265,Rs./Quintal,Metric Tonnes
Madhya Pradesh,Ashoknagar,Shadora APMC,Maize,Local,FAQ,2026-03-09,1215.0,1475.0,1475.0,10.511000000000001,Rs./Quintal,Metric Tonnes
Madhya Pradesh,Ashoknagar,Shadora APMC,Maize,Local,Non-FAQ,2026-03-09,1470.0,1470.0,1470.0,0.9400000000000001,Rs./Quintal,Metric Tonnes
Madhya Pradesh,Ashoknagar,Shadora APMC,Mustard,Mustard,FAQ,2026-03-09,5730.0,5955.0,5955.0,6.593000000000001,Rs./Quintal,Metric Tonnes
Madhya Pradesh,Ashoknagar,Shadora APMC,Mustard,Mustard,Non-FAQ,2026-03-09,5705.0,6055.0,6055.0,3.664,Rs./Quintal,Metric Tonnes
Madhya Pradesh,Ashoknagar,Shadora APMC,buttery,Buttery,FAQ,2026-03-09,4080.0,4080.0,4080.0,1.1300000000000001,Rs./Quintal,Metric Tonnes
Madhya Pradesh,Sagar,Shahagarh APMC,Soyabean,Soyabeen,Non-FAQ,2026-03-09,4821.0,5129.0,5129.0,26.8,Rs./Quintal,Metric Tonnes
Madhya Pradesh,Sagar,Shahagarh APMC,Soyabean,Soyabeen,FAQ,2026-03-09,4700.0,4750.0,4750.0,8.200000000000001,Rs./Quintal,Metric Tonnes
Madhya Pradesh,Sagar,Shahagarh APMC,Soyabean,Other,Non-FAQ,2026-03-09,4811.0,4811.0,4811.0,3.2,Rs./Quintal,Metric Tonnes
Madhya Pradesh,Sagar,Shahagarh APMC,Wheat,Wheat,Non-FAQ,2026-03-09,2275.0,2275.0,2275.0,4.0,Rs./Quintal,Metric Tonnes
Madhya Pradesh,Sagar,Shahagarh APMC,Wheat,Mill Quality,Non-FAQ,2026-03-09,2210.0,2233.0,2233.0,19.885,Rs./Quintal,Metric Tonnes
Madhya Pradesh,Shehdol,Shahdol APMC,Red gram/Arhar/Tur(whole),Arhar Dal(Tur),Non-FAQ,2026-03-09,6000.0,6000.0,6000.0,4.0,Rs./Quintal,Metric Tonnes
Madhya Pradesh,Shehdol,Shahdol APMC,Soyabean,Soyabeen,Non-FAQ,2026-03-09,4900.0,4900.0,4900.0,16.0,Rs./Quintal,Metric Tonnes
Madhya Pradesh,Shehdol,Shahdol APMC,Tobacco,Tobacco,FAQ,2026-03-09,1200.0,1200.0,1200.0,7.56,Rs./Quintal,Metric Tonnes
Madhya Pradesh,Jabalpur,Shahpura Bhitoni (F&V) APMC,Maize,Yellow,Non-FAQ,2026-03-09,1301.0,1301.0,1301.0,5.0,Rs./Quintal,Metric Tonnes
Madhya Pradesh,Jabalpur,Shahpura Bhitoni (F&V) APMC,Maize,Yellow,FAQ,2026-03-09,1310.0,1655.0,1655.0,35.410000000000004,Rs./Quintal,Metric Tonnes
Madhya Pradesh,Jabalpur,Shahpura Bhitoni (F&V) APMC,Maize,Local,FAQ,2026-03-09,1320.0,1640.0,1635.0,32.613,Rs./Quintal,Metric Tonnes
Madhya Pradesh,Jabalpur,Shahpura Bhitoni (F&V) APMC,Wheat,Mill Quality,FAQ,2026-03-09,2275.0,2275.0,2275.0,5.0,Rs./Quintal,Metric Tonnes
Madhya Pradesh,Jabalpur,Shahpura Bhitoni (F&V) APMC,Wheat,Wheat,FAQ,2026-03-09,2300.0,2300.0,2300.0,5.2,Rs./Quintal,Metric Tonnes
Madhya Pradesh,Jabalpur,Shahpura(Jabalpur) APMC,Green Peas,Pea,FAQ,2026-03-09,3010.0,3150.0,3150.0,18.5,Rs./Quintal,Metric Tonnes
Madhya Pradesh,Jabalpur,Shahpura(Jabalpur) APMC,Niger Seed(Ramtil),Ramatilli,FAQ,2026-03-09,9900.0,9900.0,9900.0,2.0,Rs./Quintal,Metric Tonnes
Madhya Pradesh,Jabalpur,Shahpura(Jabalpur) APMC,Wheat,Mill Quality,Non-FAQ,2026-03-09,2111.0,2131.0,2131.0,18.2,Rs./Quintal,Metric Tonnes
Madhya Pradesh,Shajapur,Shajapur APMC,Bengal Gram(Gram)(Whole),Gram,FAQ,2026-03-09,4005.0,5181.0,4711.0,15.506,Rs./Quintal,Metric Tonnes
Madhya Pradesh,Shajapur,Shajapur APMC,Coriander(Leaves),Coriander,FAQ,2026-03-09,8800.0,8800.0,8800.0,0.06899999999999999,Rs./Bundle,Bundle
Madhya Pradesh,Shajapur,Shajapur APMC,Garlic,Garlic,FAQ,2026-03-09,2100.0,6058.57,4758.0,232.73400000000004,Rs./Quintal,Metric Tonnes
Madhya Pradesh,Shajapur,Shajapur APMC,Garlic,Average,FAQ,2026-03-09,1102.0,5800.0,5800.0,17.337,Rs./Quintal,Metric Tonnes
Madhya Pradesh,Shajapur,Shajapur APMC,Kabuli Chana(Chickpeas-White),Dollar Gram,FAQ,2026-03-09,4500.0,4500.0,4500.0,0.11699999999999999,Rs./Quintal,Metric Tonnes
Madhya Pradesh,Shajapur,Shajapur APMC,Kabuli Chana(Chickpeas-White),Bitkey,FAQ,2026-03-09,4200.0,4200.0,4200.0,0.9660000000000001,Rs./Quintal,Metric Tonnes
Madhya Pradesh,Shajapur,Shajapur APMC,Lentil(Masur)(Whole),Masur Dal,FAQ,2026-03-09,6000.0,6400.0,6400.0,0.8800000000000001,Rs./Quintal,Metric Tonnes
Madhya Pradesh,Shajapur,Shajapur APMC,Mustard,Mustard,FAQ,2026-03-09,5000.0,6020.0,5800.0,129.002,Rs./Quintal,Metric Tonnes
Madhya Pradesh,Shajapur,Shajapur APMC,Onion,Onion,FAQ,2026-03-09,901.0,1211.0,1211.0,12.753,Rs./Quintal,Metric Tonnes
Madhya Pradesh,Shajapur,Shajapur APMC,Onion,Medium,FAQ,2026-03-09,150.0,1170.0,700.0,371.033,Rs./Quintal,Metric Tonnes
Madhya Pradesh,Shajapur,Shajapur APMC,Potato,Potato,FAQ,2026-03-09,139.0,700.0,524.0,341.21900000000005,Rs./Quintal,Metric Tonnes
Madhya Pradesh,Shajapur,Shajapur APMC,Potato,Potato,Non-FAQ,2026-03-09,140.0,650.0,650.0,148.862,Rs./Quintal,Metric Tonnes
Madhya Pradesh,Shajapur,Shajapur APMC,Soyabean,Soyabeen,FAQ,2026-03-09,4680.0,5606.0,5400.0,49.338,Rs./Quintal,Metric Tonnes
Madhya Pradesh,Shajapur,Shajapur APMC,Wheat,Wheat,FAQ,2026-03-09,2053.0,2550.0,2250.0,139.975,Rs./Quintal,Metric Tonnes
Madhya Pradesh,Shajapur,Shajapur(F&V) APMC,Garlic,Garlic,Local,2026-03-09,1500.0,6800.0,4500.0,2906.0,Rs./Quintal,Metric Tonnes
Madhya Pradesh,Shajapur,Shajapur(F&V) APMC,Onion,Onion,Local,2026-03-09,100.0,1150.0,600.0,501.1,Rs./Quintal,Metric Tonnes
Madhya Pradesh,Shajapur,Shajapur(F&V) APMC,Potato,Other,Local,2026-03-09,100.0,900.0,500.0,588.5,Rs./Quintal,Metric Tonnes
Madhya Pradesh,Mandsaur,Shamgarh APMC,Bengal Gram(Gram)(Whole),Gram,Non-FAQ,2026-03-09,4500.0,5072.0,4981.0,14.165000000000001,Rs./Quintal,Metric Tonnes
Madhya Pradesh,Mandsaur,Shamgarh APMC,Black Gram(Urd Beans)(Whole),Urda/Urd,Non-FAQ,2026-03-09,5000.0,5151.0,5151.0,0.36200000000000004,Rs./Quintal,Metric Tonnes
Madhya Pradesh,Mandsaur,Shamgarh APMC,Garlic,Garlic,FAQ,2026-03-09,5501.0,5501.0,5501.0,0.477,Rs./Quintal,Metric Tonnes
Madhya Pradesh,Mandsaur,Shamgarh APMC,Groundnut,Big (With Shell),Non-FAQ,2026-03-09,6000.0,6015.0,6015.0,0.6230000000000001,Rs./Quintal,Metric Tonnes
Madhya Pradesh,Mandsaur,Shamgarh APMC,Lentil(Masur)(Whole),Masur Dal,Non-FAQ,2026-03-09,5500.0,6570.0,6199.0,8.096,Rs./Quintal,Metric Tonnes
Madhya Pradesh,Mandsaur,Shamgarh APMC,Maize,Local,Non-FAQ,2026-03-09,1299.0,1545.0,1545.0,3.168,Rs./Quintal,Metric Tonnes
Madhya Pradesh,Mandsaur,Shamgarh APMC,Mustard,Mustard,Non-FAQ,2026-03-09,5591.0,6801.0,6000.0,28.742000000000004,Rs./Quintal,Metric Tonnes
Madhya Pradesh,Mandsaur,Shamgarh APMC,Onion,Other,FAQ,2026-03-09,600.0,930.0,600.0,2.168,Rs./Quintal,Metric Tonnes
Madhya Pradesh,Mandsaur,Shamgarh APMC,Onion,Onion,FAQ,2026-03-09,611.0,611.0,611.0,1.078,Rs./Quintal,Metric Tonnes
Madhya Pradesh,Mandsaur,Shamgarh APMC,Soyabean,Soyabeen,Non-FAQ,2026-03-09,3600.0,5490.0,4651.0,14.465000000000002,Rs./Quintal,Metric Tonnes
Madhya Pradesh,Mandsaur,Shamgarh APMC,Wheat,Wheat,Non-FAQ,2026-03-09,1845.0,2290.0,2240.0,168.98000000000002,Rs./Quintal,Metric Tonnes
Madhya Pradesh,Mandsaur,Shamgarh APMC,Wheat,Wheat,FAQ,2026-03-09,1951.0,2250.0,2201.0,16.75,Rs./Quintal,Metric Tonnes
Madhya Pradesh,Mandsaur,Shamgarh APMC,Wheat,Mill Quality,Non-FAQ,2026-03-09,1800.0,1800.0,1800.0,0.353,Rs./Quintal,Metric Tonnes
Madhya Pradesh,Vidisha,Shamshabad APMC,Bengal Gram(Gram)(Whole),Gram,FAQ,2026-03-09,4300.0,4776.0,4776.0,8.700000000000001,Rs./Quintal,Metric Tonnes
Madhya Pradesh,Vidisha,Shamshabad APMC,Maize,Local,FAQ,2026-03-09,1441.0,1441.0,1441.0,0.5690000000000001,Rs./Quintal,Metric Tonnes
Madhya Pradesh,Vidisha,Shamshabad APMC,Mustard,Mustard,FAQ,2026-03-09,5054.0,6050.0,5900.0,59.44,Rs./Quintal,Metric Tonnes
Madhya Pradesh,Vidisha,Shamshabad APMC,Soyabean,Soyabeen,FAQ,2026-03-09,4201.0,5480.0,4901.0,12.838999999999999,Rs./Quintal,Metric Tonnes
Madhya Pradesh,Vidisha,Shamshabad APMC,Wheat,Wheat,FAQ,2026-03-09,2041.0,2291.0,2171.0,52.205,Rs./Quintal,Metric Tonnes
Madhya Pradesh,Sheopur,Sheopurbadod APMC,Bengal Gram(Gram)(Whole),Gram,FAQ,2026-03-09,5200.0,5200.0,5200.0,0.67,Rs./Quintal,Metric Tonnes
Madhya Pradesh,Sheopur,Sheopurbadod APMC,Mustard,Mustard,FAQ,2026-03-09,5650.0,6331.0,6175.0,171.48900000000003,Rs./Quintal,Metric Tonnes
Madhya Pradesh,Sheopur,Sheopurbadod APMC,Paddy(Common),Dhan,FAQ,2026-03-09,3870.0,4125.0,4125.0,6.78,Rs./Quintal,Metric Tonnes
Madhya Pradesh,Sheopur,Sheopurbadod APMC,Wheat,Wheat,FAQ,2026-03-09,2161.0,2300.0,2291.0,24.706000000000003,Rs./Quintal,Metric Tonnes
Madhya Pradesh,Sheopur,Sheopurkalan APMC,Barley(Jau),Barley,FAQ,2026-03-09,1925.0,1925.0,1925.0,0.5,Rs./Quintal,Metric Tonnes
Madhya Pradesh,Sheopur,Sheopurkalan APMC,Bengal Gram(Gram)(Whole),Gram,FAQ,2026-03-09,4650.0,5235.0,4950.0,8.765,Rs./Quintal,Metric Tonnes
Madhya Pradesh,Sheopur,Sheopurkalan APMC,Bengal Gram(Gram)(Whole),Gram,Non-FAQ,2026-03-09,4935.0,5020.0,5020.0,3.315,Rs./Quintal,Metric Tonnes
Madhya Pradesh,Sheopur,Sheopurkalan APMC,Coriander(Leaves),Coriander,FAQ,2026-03-09,7005.0,9000.0,9000.0,1.485,Rs./Bundle,Bundle
Madhya Pradesh,Sheopur,Sheopurkalan APMC,Mustard,Mustard,FAQ,2026-03-09,5500.0,6470.0,6200.0,1083.14,Rs./Quintal,Metric Tonnes
Madhya Pradesh,Sheopur,Sheopurkalan APMC,Mustard,Mustard,Non-FAQ,2026-03-09,5850.0,6270.0,6195.0,36.067,Rs./Quintal,Metric Tonnes
Madhya Pradesh,Sheopur,Sheopurkalan APMC,Paddy(Common),Dhan,FAQ,2026-03-09,3200.0,4400.0,4400.0,107.40899999999999,Rs./Quintal,Metric Tonnes
Madhya Pradesh,Sheopur,Sheopurkalan APMC,Paddy(Common),Paddy,Non-FAQ,2026-03-09,2088.0,4250.0,4175.0,225.041,Rs./Quintal,Metric Tonnes
Madhya Pradesh,Sheopur,Sheopurkalan APMC,Paddy(Common),Paddy,FAQ,2026-03-09,3300.0,4270.0,4155.0,269.37600000000003,Rs./Quintal,Metric Tonnes
Madhya Pradesh,Sheopur,Sheopurkalan APMC,Paddy(Common),Dhan,Non-FAQ,2026-03-09,2000.0,4275.0,4130.0,123.52600000000001,Rs./Quintal,Metric Tonnes
Madhya Pradesh,Sheopur,Sheopurkalan APMC,Soyabean,Soyabeen,FAQ,2026-03-09,4000.0,4090.0,4000.0,23.895,Rs./Quintal,Metric Tonnes
Madhya Pradesh,Sheopur,Sheopurkalan APMC,Wheat,Wheat,Non-FAQ,2026-03-09,2236.0,2349.0,2301.0,81.90800000000002,Rs./Quintal,Metric Tonnes
Madhya Pradesh,Sheopur,Sheopurkalan APMC,Wheat,Wheat,FAQ,2026-03-09,2000.0,2357.0,2230.0,132.258,Rs./Quintal,Metric Tonnes
Madhya Pradesh,Sheopur,Sheopurkalan APMC,Wheat,Other,FAQ,2026-03-09,1725.0,1725.0,1725.0,1.5,Rs./Quintal,Metric Tonnes
Madhya Pradesh,Sheopur,Sheopurkalan(F&V) APMC,Banana,Other,Medium,2026-03-09,3000.0,3000.0,3000.0,0.5,Rs./Quintal,Metric Tonnes
Madhya Pradesh,Sheopur,Sheopurkalan(F&V) APMC,Bhindi(Ladies Finger),Bhindi,Medium,2026-03-09,2500.0,3000.0,2800.0,0.2,Rs./Quintal,Metric Tonnes
Madhya Pradesh,Sheopur,Sheopurkalan(F&V) APMC,Brinjal,Brinjal,Medium,2026-03-09,500.0,700.0,600.0,1.0,Rs./Quintal,Metric Tonnes
Madhya Pradesh,Sheopur,Sheopurkalan(F&V) APMC,Cucumbar(Kheera),Cucumbar,Medium,2026-03-09,2000.0,2500.0,2300.0,0.30000000000000004,Rs./Quintal,Metric Tonnes
Madhya Pradesh,Sheopur,Sheopurkalan(F&V) APMC,Grapes,Other,Medium,2026-03-09,8000.0,9000.0,8500.0,0.2,Rs./Quintal,Metric Tonnes
Madhya Pradesh,Sheopur,Sheopurkalan(F&V) APMC,Onion Green,Onion Green,Medium,2026-03-09,1400.0,1800.0,1600.0,0.2,Rs./Quintal,Metric Tonnes
Madhya Pradesh,Sheopur,Sheopurkalan(F&V) APMC,Papaya,Papaya,Medium,2026-03-09,2500.0,3000.0,2800.0,0.5,Rs./Quintal,Metric Tonnes
Madhya Pradesh,Sheopur,Sheopurkalan(F&V) APMC,Pomegranate,Pomogranate,Medium,2026-03-09,8000.0,9000.0,8500.0,0.2,Rs./Quintal,Metric Tonnes
Madhya Pradesh,Sheopur,Sheopurkalan(F&V) APMC,Potato,Potato,Medium,2026-03-09,500.0,600.0,550.0,3.0,Rs./Quintal,Metric Tonnes
Madhya Pradesh,Shivpuri,Shivpuri APMC,Barley(Jau),Barley,FAQ,2026-03-09,1810.0,1810.0,1810.0,0.81,Rs./Quintal,Metric Tonnes
Madhya Pradesh,Shivpuri,Shivpuri APMC,Bengal Gram(Gram)(Whole),Gram,FAQ,2026-03-09,3305.0,5175.0,5175.0,10.340000000000002,Rs./Quintal,Metric Tonnes
Madhya Pradesh,Shivpuri,Shivpuri APMC,Lentil(Masur)(Whole),Masur Dal,FAQ,2026-03-09,5200.0,5785.0,5700.0,7.657,Rs./Quintal,Metric Tonnes
Madhya Pradesh,Shivpuri,Shivpuri APMC,Maize,Local,FAQ,2026-03-09,1005.0,1450.0,1450.0,6.107,Rs./Quintal,Metric Tonnes
Madhya Pradesh,Shivpuri,Shivpuri APMC,Mustard,Mustard,FAQ,2026-03-09,4700.0,6500.0,6350.0,578.87,Rs./Quintal,Metric Tonnes
Madhya Pradesh,Shivpuri,Shivpuri APMC,Soyabean,Soyabeen,FAQ,2026-03-09,5005.0,5005.0,5005.0,0.37400000000000005,Rs./Quintal,Metric Tonnes
Madhya Pradesh,Shivpuri,Shivpuri APMC,Wheat,Wheat,FAQ,2026-03-09,2100.0,2280.0,2280.0,8.219,Rs./Quintal,Metric Tonnes
Madhya Pradesh,Shivpuri,Shivpuri(F&V) APMC,Bhindi(Ladies Finger),Other,Grade B,2026-03-09,4000.0,4000.0,4000.0,0.2,Rs./Quintal,Metric Tonnes
Madhya Pradesh,Shivpuri,Shivpuri(F&V) APMC,Bitter gourd,Other,Grade B,2026-03-09,3500.0,3500.0,3500.0,0.5,Rs./Quintal,Metric Tonnes
Madhya Pradesh,Shivpuri,Shivpuri(F&V) APMC,Bottle gourd,Other,Grade B,2026-03-09,1500.0,1500.0,1500.0,1.0,Rs./Quintal,Metric Tonnes
Madhya Pradesh,Shivpuri,Shivpuri(F&V) APMC,Brinjal,Other,Grade B,2026-03-09,1500.0,1500.0,1500.0,0.4,Rs./Quintal,Metric Tonnes
Madhya Pradesh,Shivpuri,Shivpuri(F&V) APMC,Cabbage,Other,Grade B,2026-03-09,1000.0,1000.0,1000.0,0.8,Rs./Quintal,Metric Tonnes
Madhya Pradesh,Shivpuri,Shivpuri(F&V) APMC,Carrot,Other,Grade B,2026-03-09,1200.0,1200.0,1200.0,0.8,Rs./Quintal,Metric Tonnes
Madhya Pradesh,Shivpuri,Shivpuri(F&V) APMC,Cucumbar(Kheera),Cucumbar,Grade B,2026-03-09,1500.0,1500.0,1500.0,1.0,Rs./Quintal,Metric Tonnes
Madhya Pradesh,Shivpuri,Shivpuri(F&V) APMC,Green Chilli,Other,Grade B,2026-03-09,3500.0,3500.0,3500.0,0.2,Rs./Quintal,Metric Tonnes
Madhya Pradesh,Shivpuri,Shivpuri(F&V) APMC,Potato,Other,Grade B,2026-03-09,800.0,800.0,800.0,9.5,Rs./Quintal,Metric Tonnes
Madhya Pradesh,Shivpuri,Shivpuri(F&V) APMC,Raddish,Raddish,Grade B,2026-03-09,1000.0,1000.0,1000.0,0.7,Rs./Quintal,Metric Tonnes
Madhya Pradesh,Shivpuri,Shivpuri(F&V) APMC,Ridgeguard(Tori),Other,Grade B,2026-03-09,4000.0,4000.0,4000.0,0.3,Rs./Quintal,Metric Tonnes
Madhya Pradesh,Shivpuri,Shivpuri(F&V) APMC,Spinach,Other,Grade B,2026-03-09,1000.0,1000.0,1000.0,0.5,Rs./Quintal,Metric Tonnes
Madhya Pradesh,Shivpuri,Shivpuri(F&V) APMC,Tomato,Other,Grade B,2026-03-09,1500.0,1500.0,1500.0,1.0,Rs./Quintal,Metric Tonnes
Madhya Pradesh,Shajapur,Shujalpur APMC,Bengal Gram(Gram)(Whole),Gram,FAQ,2026-03-09,4550.0,6666.0,5201.0,46.376000000000005,Rs./Quintal,Metric Tonnes
Madhya Pradesh,Shajapur,Shujalpur APMC,Coriander(Leaves),Coriander,FAQ,2026-03-09,8031.0,9301.0,9301.0,0.9420000000000001,Rs./Bundle,Bundle
Madhya Pradesh,Shajapur,Shujalpur APMC,Garlic,Desi,FAQ,2026-03-09,600.0,7410.0,5400.0,348.692,Rs./Quintal,Metric Tonnes
Madhya Pradesh,Shajapur,Shujalpur APMC,Kabuli Chana(Chickpeas-White),Dollar Gram,FAQ,2026-03-09,3550.0,7007.0,5401.0,42.163000000000004,Rs./Quintal,Metric Tonnes
Madhya Pradesh,Shajapur,Shujalpur APMC,Lentil(Masur)(Whole),Masur Dal,FAQ,2026-03-09,3690.0,6410.0,6410.0,11.471,Rs./Quintal,Metric Tonnes
Madhya Pradesh,Shajapur,Shujalpur APMC,Mustard,Mustard,FAQ,2026-03-09,5160.0,6136.0,6060.0,171.808,Rs./Quintal,Metric Tonnes
Madhya Pradesh,Shajapur,Shujalpur APMC,Onion,Red,FAQ,2026-03-09,100.0,1120.0,501.0,37.726,Rs./Quintal,Metric Tonnes
Madhya Pradesh,Shajapur,Shujalpur APMC,Soyabean,Soyabeen,FAQ,2026-03-09,3610.0,5671.0,5471.0,59.228,Rs./Quintal,Metric Tonnes
Madhya Pradesh,Shajapur,Shujalpur APMC,Wheat,PISSI,FAQ,2026-03-09,2348.0,2348.0,2348.0,1.8600000000000003,Rs./Quintal,Metric Tonnes
Madhya Pradesh,Shajapur,Shujalpur APMC,Wheat,Wheat,FAQ,2026-03-09,1965.0,2510.0,2250.0,170.133,Rs./Quintal,Metric Tonnes
Madhya Pradesh,Sehore,Shyampur APMC,Soyabean,Soyabeen,FAQ,2026-03-09,5590.0,5590.0,5590.0,1.8,Rs./Quintal,Metric Tonnes
Madhya Pradesh,Sehore,Shyampur APMC,Wheat,Wheat,FAQ,2026-03-09,2085.0,2200.0,2085.0,33.39,Rs./Quintal,Metric Tonnes
Madhya Pradesh,Sehore,Shyampur APMC,Wheat,Mill Quality,FAQ,2026-03-09,2135.0,2321.0,2321.0,4.14,Rs./Quintal,Metric Tonnes
Madhya Pradesh,Sehore,Shyampur APMC,Wheat,Wheat Mix,FAQ,2026-03-09,2105.0,2135.0,2135.0,25.665,Rs./Quintal,Metric Tonnes
Madhya Pradesh,Sehore,Shyampur APMC,Wheat,Malwa Shakti,FAQ,2026-03-09,2060.0,2165.0,2165.0,42.99,Rs./Quintal,Metric Tonnes
Madhya Pradesh,Sidhi,Sidhi APMC,Paddy(Common),Dhan,Non-FAQ,2026-03-09,1680.0,1750.0,1750.0,20.0,Rs./Quintal,Metric Tonnes
Madhya Pradesh,Sidhi,Sidhi APMC,Wheat,Mill Quality,Non-FAQ,2026-03-09,2300.0,2300.0,2300.0,1.0150000000000001,Rs./Quintal,Metric Tonnes
Madhya Pradesh,Raisen,Silvani APMC,Bengal Gram(Gram)(Whole),Gram,FAQ,2026-03-09,4470.0,5290.0,5105.0,12.355,Rs./Quintal,Metric Tonnes
Madhya Pradesh,Raisen,Silvani APMC,Lak(Teora),Tiwada,FAQ,2026-03-09,2600.0,3195.0,3180.0,25.195,Rs./Quintal,Metric Tonnes
Madhya Pradesh,Raisen,Silvani APMC,Lentil(Masur)(Whole),Masur Dal,FAQ,2026-03-09,5855.0,6200.0,6100.0,2.44,Rs./Quintal,Metric Tonnes
Madhya Pradesh,Raisen,Silvani APMC,Paddy(Common),Basmati,FAQ,2026-03-09,3500.0,3845.0,3845.0,5.920000000000001,Rs./Quintal,Metric Tonnes
Madhya Pradesh,Raisen,Silvani APMC,Red gram/Arhar/Tur(whole),Arhar Dal(Tur),FAQ,2026-03-09,6605.0,7450.0,7450.0,4.3500000000000005,Rs./Quintal,Metric Tonnes
Madhya Pradesh,Raisen,Silvani APMC,Wheat,Wheat,FAQ,2026-03-09,2141.0,2200.0,2150.0,2.8200000000000003,Rs./Quintal,Metric Tonnes
Madhya Pradesh,Raisen,Silvani APMC,buttery,Buttery,FAQ,2026-03-09,4050.0,4500.0,4500.0,2.5500000000000003,Rs./Quintal,Metric Tonnes
Madhya Pradesh,Panna,Simariya APMC,Wheat,Wheat,FAQ,2026-03-09,2190.0,2211.0,2205.0,73.2,Rs./Quintal,Metric Tonnes
Madhya Pradesh,Singroli,Singroli(F&V) APMC,Brinjal,Brinjal,Medium,2026-03-09,1200.0,1200.0,1200.0,4.0,Rs./Quintal,Metric Tonnes
Madhya Pradesh,Singroli,Singroli(F&V) APMC,Cucumbar(Kheera),Cucumbar,Medium,2026-03-09,2000.0,2000.0,2000.0,1.5,Rs./Quintal,Metric Tonnes
Madhya Pradesh,Singroli,Singroli(F&V) APMC,Peas Wet,Peas Wet,Medium,2026-03-09,2000.0,2000.0,2000.0,1.0,Rs./Quintal,Metric Tonnes
Madhya Pradesh,Harda,Sirali APMC,Bengal Gram(Gram)(Whole),Desi (F.A.Q. Split),FAQ,2026-03-09,4000.0,5260.0,5000.0,9.826,Rs./Quintal,Metric Tonnes
Madhya Pradesh,Harda,Sirali APMC,Bengal Gram(Gram)(Whole),Gram,FAQ,2026-03-09,5000.0,5150.0,5150.0,1.604,Rs./Quintal,Metric Tonnes
Madhya Pradesh,Harda,Sirali APMC,Green Gram(Moong)(Whole),Green (Whole),FAQ,2026-03-09,5001.0,5001.0,5001.0,0.227,Rs./Quintal,Metric Tonnes
Madhya Pradesh,Harda,Sirali APMC,Maize,Local,FAQ,2026-03-09,1275.0,1535.0,1451.0,57.673,Rs./Quintal,Metric Tonnes
Madhya Pradesh,Harda,Sirali APMC,Soyabean,Soyabeen,FAQ,2026-03-09,3500.0,5600.0,5552.0,22.774,Rs./Quintal,Metric Tonnes
Madhya Pradesh,Harda,Sirali APMC,Wheat,Mill Quality,FAQ,2026-03-09,1800.0,2338.0,2300.0,148.857,Rs./Quintal,Metric Tonnes
Madhya Pradesh,Harda,Sirali APMC,Wheat,Wheat,FAQ,2026-03-09,2100.0,2100.0,2100.0,2.4640000000000004,Rs./Quintal,Metric Tonnes
Madhya Pradesh,Harda,Sirali(F&V) APMC,Brinjal,Brinjal,Grade A,2026-03-09,1000.0,1000.0,1000.0,0.1,Rs./Quintal,Metric Tonnes
Madhya Pradesh,Harda,Sirali(F&V) APMC,Cauliflower,Cauliflower,Grade A,2026-03-09,1000.0,1000.0,1000.0,0.1,Rs./Quintal,Metric Tonnes
Madhya Pradesh,Harda,Sirali(F&V) APMC,Tomato,Tomato,Grade A,2026-03-09,1000.0,1000.0,1000.0,0.15000000000000002,Rs./Quintal,Metric Tonnes
Madhya Pradesh,Vidisha,Sironj APMC,Bengal Gram(Gram)(Whole),Gram,FAQ,2026-03-09,4600.0,5440.0,4800.0,131.353,Rs./Quintal,Metric Tonnes
Madhya Pradesh,Vidisha,Sironj APMC,Green Peas,Pea,FAQ,2026-03-09,3625.0,3690.0,3690.0,7.265000000000001,Rs./Quintal,Metric Tonnes
Madhya Pradesh,Vidisha,Sironj APMC,Lak(Teora),Tiwada,FAQ,2026-03-09,2500.0,3235.0,3100.0,161.04600000000002,Rs./Quintal,Metric Tonnes
Madhya Pradesh,Vidisha,Sironj APMC,Lentil(Masur)(Whole),Masur Dal,FAQ,2026-03-09,5600.0,6700.0,5800.0,29.595,Rs./Quintal,Metric Tonnes
Madhya Pradesh,Vidisha,Sironj APMC,Maize,Local,FAQ,2026-03-09,1350.0,1670.0,1492.0,76.603,Rs./Quintal,Metric Tonnes
Madhya Pradesh,Vidisha,Sironj APMC,Mustard,Mustard,FAQ,2026-03-09,5200.0,6185.0,6000.0,316.583,Rs./Quintal,Metric Tonnes
Madhya Pradesh,Vidisha,Sironj APMC,Soyabean,Soyabeen,FAQ,2026-03-09,4710.0,5570.0,5570.0,9.376000000000001,Rs./Quintal,Metric Tonnes
Madhya Pradesh,Vidisha,Sironj APMC,Wheat,Sharbati,FAQ,2026-03-09,3020.0,4000.0,3205.0,41.160000000000004,Rs./Quintal,Metric Tonnes
Madhya Pradesh,Vidisha,Sironj APMC,Wheat,Wheat,FAQ,2026-03-09,1935.0,3820.0,2300.0,131.322,Rs./Quintal,Metric Tonnes
Madhya Pradesh,Vidisha,Sironj APMC,buttery,Buttery,FAQ,2026-03-09,2000.0,4620.0,4540.0,93.231,Rs./Quintal,Metric Tonnes
Madhya Pradesh,Mandsaur,Sitmau APMC,Bengal Gram(Gram)(Whole),Gram,FAQ,2026-03-09,4450.0,4925.0,4880.0,19.857,Rs./Quintal,Metric Tonnes
Madhya Pradesh,Mandsaur,Sitmau APMC,Coriander(Leaves),Coriander,FAQ,2026-03-09,8501.0,9701.0,9701.0,0.924,Rs./Bundle,Bundle
Madhya Pradesh,Mandsaur,Sitmau APMC,Garlic,Garlic,FAQ,2026-03-09,2400.0,8500.0,4000.0,14.782,Rs./Quintal,Metric Tonnes
Madhya Pradesh,Mandsaur,Sitmau APMC,Lentil(Masur)(Whole),Masur Dal,FAQ,2026-03-09,5520.0,6140.0,6140.0,1.3980000000000001,Rs./Quintal,Metric Tonnes
Madhya Pradesh,Mandsaur,Sitmau APMC,Linseed,Flaxseed,FAQ,2026-03-09,7002.0,7750.0,7750.0,6.404000000000001,Rs./Quintal,Metric Tonnes
Madhya Pradesh,Mandsaur,Sitmau APMC,Maize,Local,FAQ,2026-03-09,1308.0,1545.0,1545.0,1.4900000000000002,Rs./Quintal,Metric Tonnes
Madhya Pradesh,Mandsaur,Sitmau APMC,Methi Seeds,Methiseeds,FAQ,2026-03-09,4620.0,5391.0,5291.0,5.551,Rs./Quintal,Metric Tonnes
Madhya Pradesh,Mandsaur,Sitmau APMC,Mustard,Mustard,FAQ,2026-03-09,5781.0,5781.0,5781.0,0.458,Rs./Quintal,Metric Tonnes
Madhya Pradesh,Mandsaur,Sitmau APMC,Soyabean,Yellow,FAQ,2026-03-09,1520.0,5590.0,5320.0,22.994,Rs./Quintal,Metric Tonnes
Madhya Pradesh,Mandsaur,Sitmau APMC,Wheat,Mill Quality,FAQ,2026-03-09,2001.0,2362.0,2199.0,38.495000000000005,Rs./Quintal,Metric Tonnes
Madhya Pradesh,Mandsaur,Sitmau APMC,Wheat,Lokwan,FAQ,2026-03-09,2135.0,2471.0,2210.0,146.92600000000002,Rs./Quintal,Metric Tonnes
Madhya Pradesh,Mandsaur,Sitmau APMC,Wheat,Wheat,FAQ,2026-03-09,1800.0,5670.0,2211.0,191.554,Rs./Quintal,Metric Tonnes
Madhya Pradesh,Dewas,Sonkatch APMC,Bengal Gram(Gram)(Whole),Gram,FAQ,2026-03-09,4750.0,5501.0,5501.0,1.1580000000000001,Rs./Quintal,Metric Tonnes
Madhya Pradesh,Dewas,Sonkatch APMC,Lentil(Masur)(Whole),Masur Dal,FAQ,2026-03-09,5800.0,6000.0,6000.0,0.15400000000000003,Rs./Quintal,Metric Tonnes
Madhya Pradesh,Dewas,Sonkatch APMC,Mustard,Mustard,FAQ,2026-03-09,4300.0,7010.0,5600.0,46.155,Rs./Quintal,Metric Tonnes
Madhya Pradesh,Dewas,Sonkatch APMC,Soyabean,Soyabeen,FAQ,2026-03-09,2500.0,5578.0,5555.0,19.271,Rs./Quintal,Metric Tonnes
Madhya Pradesh,Dewas,Sonkatch APMC,Wheat,Wheat,FAQ,2026-03-09,1700.0,2472.0,2270.0,168.726,Rs./Quintal,Metric Tonnes
Madhya Pradesh,Shajapur,Soyatkalan APMC,Bengal Gram(Gram)(Whole),Gram,FAQ,2026-03-09,4305.0,4705.0,4470.0,2.488,Rs./Quintal,Metric Tonnes
Madhya Pradesh,Shajapur,Soyatkalan APMC,Coriander(Leaves),Coriander,FAQ,2026-03-09,8000.0,10500.0,9400.0,10.271,Rs./Bundle,Bundle
Madhya Pradesh,Shajapur,Soyatkalan APMC,Garlic,Garlic,FAQ,2026-03-09,1305.0,5505.0,5505.0,1.7930000000000001,Rs./Quintal,Metric Tonnes
Madhya Pradesh,Shajapur,Soyatkalan APMC,Lentil(Masur)(Whole),Masur Dal,FAQ,2026-03-09,6435.0,6805.0,6700.0,17.548,Rs./Quintal,Metric Tonnes
Madhya Pradesh,Shajapur,Soyatkalan APMC,Maize,Local,FAQ,2026-03-09,1535.0,1535.0,1535.0,0.15000000000000002,Rs./Quintal,Metric Tonnes
Madhya Pradesh,Shajapur,Soyatkalan APMC,Mustard,Mustard,FAQ,2026-03-09,5700.0,5935.0,5900.0,16.021,Rs./Quintal,Metric Tonnes
Madhya Pradesh,Shajapur,Soyatkalan APMC,Onion,Onion,FAQ,2026-03-09,205.0,715.0,680.0,6.492000000000001,Rs./Quintal,Metric Tonnes
Madhya Pradesh,Shajapur,Soyatkalan APMC,Soyabean,Soyabeen,FAQ,2026-03-09,4955.0,4955.0,4955.0,0.401,Rs./Quintal,Metric Tonnes
Madhya Pradesh,Shajapur,Soyatkalan APMC,Wheat,Wheat,FAQ,2026-03-09,2075.0,2230.0,2225.0,5.289000000000001,Rs./Quintal,Metric Tonnes
Madhya Pradesh,Shajapur,Susner APMC,Barley(Jau),Barley,Non-FAQ,2026-03-09,1751.0,1810.0,1810.0,1.354,Rs./Quintal,Metric Tonnes
Madhya Pradesh,Shajapur,Susner APMC,Bengal Gram(Gram)(Whole),Gram,Non-FAQ,2026-03-09,4300.0,4755.0,4505.0,8.456000000000001,Rs./Quintal,Metric Tonnes
Madhya Pradesh,Shajapur,Susner APMC,Lentil(Masur)(Whole),Masur Dal,Non-FAQ,2026-03-09,5800.0,6591.0,6435.0,15.534,Rs./Quintal,Metric Tonnes
Madhya Pradesh,Shajapur,Susner APMC,Maize,Local,Non-FAQ,2026-03-09,1400.0,1535.0,1400.0,1.8390000000000002,Rs./Quintal,Metric Tonnes
Madhya Pradesh,Shajapur,Susner APMC,Mustard,Mustard,Non-FAQ,2026-03-09,5415.0,5905.0,5851.0,41.656000000000006,Rs./Quintal,Metric Tonnes
Madhya Pradesh,Shajapur,Susner APMC,Soyabean,Soyabeen,Non-FAQ,2026-03-09,4035.0,4035.0,4035.0,0.246,Rs./Quintal,Metric Tonnes
Madhya Pradesh,Shajapur,Susner APMC,Wheat,Wheat,Non-FAQ,2026-03-09,1850.0,2225.0,2150.0,163.42000000000002,Rs./Quintal,Metric Tonnes
Madhya Pradesh,Shajapur,Susner APMC,Wheat,Local,Non-FAQ,2026-03-09,2193.0,2193.0,2193.0,1.11,Rs./Quintal,Metric Tonnes
Madhya Pradesh,Shajapur,Susner APMC,Wheat,Wheat,FAQ,2026-03-09,2200.0,2200.0,2200.0,3.0300000000000002,Rs./Quintal,Metric Tonnes
Madhya Pradesh,Rajgarh,Suthalia APMC,Mustard,Mustard,FAQ,2026-03-09,5715.0,5875.0,5770.0,6.234000000000001,Rs./Quintal,Metric Tonnes
Madhya Pradesh,Rajgarh,Suthalia APMC,Wheat,Wheat,FAQ,2026-03-09,1985.0,2051.0,2051.0,1.3960000000000001,Rs./Quintal,Metric Tonnes
Madhya Pradesh,Mandsaur,Suvasra APMC,Mustard,Mustard,Non-FAQ,2026-03-09,5490.0,5801.0,5801.0,6.025,Rs./Quintal,Metric Tonnes
Madhya Pradesh,Mandsaur,Suvasra APMC,Wheat,Wheat,Non-FAQ,2026-03-09,2010.0,2041.0,2041.0,19.692,Rs./Quintal,Metric Tonnes
Madhya Pradesh,Mandsaur,Suvasra APMC,Wheat,Mill Quality,FAQ,2026-03-09,1685.0,2100.0,2100.0,28.212000000000003,Rs./Quintal,Metric Tonnes
Madhya Pradesh,Mandsaur,Suvasra APMC,Wheat,Mill Quality,Non-FAQ,2026-03-09,1825.0,2100.0,2100.0,38.085,Rs./Quintal,Metric Tonnes
Madhya Pradesh,Ratlam,Taal APMC,Mustard,Mustard,FAQ,2026-03-09,5831.0,5976.0,5976.0,3.2,Rs./Quintal,Metric Tonnes
Madhya Pradesh,Ratlam,Taal APMC,Soyabean,Yellow,FAQ,2026-03-09,5151.0,5531.0,5351.0,40.961000000000006,Rs./Quintal,Metric Tonnes
Madhya Pradesh,Ratlam,Taal APMC,Soyabean,Soyabeen,FAQ,2026-03-09,5000.0,5850.0,5850.0,22.665000000000003,Rs./Quintal,Metric Tonnes
Madhya Pradesh,Ratlam,Taal APMC,Wheat,Wheat,FAQ,2026-03-09,2050.0,2700.0,2200.0,351.365,Rs./Quintal,Metric Tonnes
Madhya Pradesh,Ratlam,Taal APMC,Wheat,Wheat,Non-FAQ,2026-03-09,2105.0,2200.0,2200.0,5.0,Rs./Quintal,Metric Tonnes
Madhya Pradesh,Ujjain,Tarana APMC,Bengal Gram(Gram)(Whole),Gram,FAQ,2026-03-09,2730.0,5251.0,4100.0,40.580000000000005,Rs./Quintal,Metric Tonnes
Madhya Pradesh,Ujjain,Tarana APMC,Kabuli Chana(Chickpeas-White),Dollar Gram,FAQ,2026-03-09,5722.0,7351.0,7351.0,0.36600000000000005,Rs./Quintal,Metric Tonnes
Madhya Pradesh,Ujjain,Tarana APMC,Lentil(Masur)(Whole),Masur Dal,FAQ,2026-03-09,5500.0,6626.0,6475.0,1.085,Rs./Quintal,Metric Tonnes
Madhya Pradesh,Ujjain,Tarana APMC,Mustard,Mustard,FAQ,2026-03-09,5311.0,5862.0,5600.0,28.083,Rs./Quintal,Metric Tonnes
Madhya Pradesh,Ujjain,Tarana APMC,Soyabean,Soyabeen,FAQ,2026-03-09,1700.0,5588.0,5490.0,101.89,Rs./Quintal,Metric Tonnes
Madhya Pradesh,Ujjain,Tarana APMC,Wheat,Lokwan,FAQ,2026-03-09,2200.0,2350.0,2350.0,15.633000000000003,Rs./Quintal,Metric Tonnes
Madhya Pradesh,Ujjain,Tarana APMC,Wheat,Local,FAQ,2026-03-09,2233.0,2233.0,2233.0,1.108,Rs./Quintal,Metric Tonnes
Madhya Pradesh,Ujjain,Tarana APMC,Wheat,Wheat,FAQ,2026-03-09,1800.0,2654.0,2256.0,518.5350000000001,Rs./Quintal,Metric Tonnes
Madhya Pradesh,Narsinghpur,Tendukheda APMC,Bengal Gram(Gram)(Whole),Gram,FAQ,2026-03-09,4800.0,5000.0,5000.0,3.786,Rs./Quintal,Metric Tonnes
Madhya Pradesh,Narsinghpur,Tendukheda APMC,Paddy(Common),Dhan,FAQ,2026-03-09,3900.0,3900.0,3900.0,2.0,Rs./Quintal,Metric Tonnes
Madhya Pradesh,Narsinghpur,Tendukheda APMC,buttery,Buttery,FAQ,2026-03-09,3500.0,3500.0,3500.0,5.6000000000000005,Rs./Quintal,Metric Tonnes
Madhya Pradesh,Jhabua,Thandla APMC,Bengal Gram(Gram)(Whole),Gram,FAQ,2026-03-09,4930.0,5050.0,5000.0,13.969000000000001,Rs./Quintal,Metric Tonnes
Madhya Pradesh,Jhabua,Thandla APMC,Bengal Gram(Gram)(Whole),Chana Kanta,FAQ,2026-03-09,4800.0,4800.0,4800.0,4.3,Rs./Quintal,Metric Tonnes
Madhya Pradesh,Jhabua,Thandla APMC,Cotton,Without Ginned Cotton,FAQ,2026-03-09,7400.0,7500.0,7400.0,26.505000000000003,Rs./Quintal,Metric Tonnes
Madhya Pradesh,Jhabua,Thandla APMC,Wheat,Lokwan,FAQ,2026-03-09,2100.0,2200.0,2100.0,30.0,Rs./Quintal,Metric Tonnes
Madhya Pradesh,Jhabua,Thandla APMC,Wheat,Mill Quality,FAQ,2026-03-09,2100.0,2240.0,2230.0,104.37,Rs./Quintal,Metric Tonnes
Madhya Pradesh,Jhabua,Thandla APMC,Wheat,Wheat,FAQ,2026-03-09,2100.0,2400.0,2200.0,154.371,Rs./Quintal,Metric Tonnes
Madhya Pradesh,Tikamgarh,Tikamgarh APMC,Barley(Jau),Barley,FAQ,2026-03-09,1950.0,2105.0,2050.0,76.018,Rs./Quintal,Metric Tonnes
Madhya Pradesh,Tikamgarh,Tikamgarh APMC,Bengal Gram(Gram)(Whole),Gram,FAQ,2026-03-09,2100.0,4100.0,4100.0,1.0170000000000001,Rs./Quintal,Metric Tonnes
Madhya Pradesh,Tikamgarh,Tikamgarh APMC,Black Gram(Urd Beans)(Whole),Urda/Urd,FAQ,2026-03-09,2205.0,7800.0,7800.0,30.172000000000004,Rs./Quintal,Metric Tonnes
Madhya Pradesh,Tikamgarh,Tikamgarh APMC,Linseed,Flaxseed,FAQ,2026-03-09,4820.0,4820.0,4820.0,0.065,Rs./Quintal,Metric Tonnes
Madhya Pradesh,Tikamgarh,Tikamgarh APMC,Mustard,Mustard,FAQ,2026-03-09,5905.0,6250.0,6150.0,89.477,Rs./Quintal,Metric Tonnes
Madhya Pradesh,Tikamgarh,Tikamgarh APMC,"Sesamum(Sesame,Gingelly,Til)",Sesame,FAQ,2026-03-09,6505.0,6505.0,6505.0,0.125,Rs./Quintal,Metric Tonnes
Madhya Pradesh,Tikamgarh,Tikamgarh APMC,Soyabean,Soyabeen,FAQ,2026-03-09,4870.0,5460.0,4870.0,9.024,Rs./Quintal,Metric Tonnes
Madhya Pradesh,Tikamgarh,Tikamgarh APMC,Wheat,Wheat,FAQ,2026-03-09,2000.0,2351.0,2240.0,402.35900000000004,Rs./Quintal,Metric Tonnes
Madhya Pradesh,Tikamgarh,Tikamgarh APMC,Wheat,Wheat,Non-FAQ,2026-03-09,2251.0,2251.0,2251.0,4.511,Rs./Quintal,Metric Tonnes
Madhya Pradesh,Harda,Timarni APMC,Bengal Gram(Gram)(Whole),Gram,FAQ,2026-03-09,3701.0,5270.0,5100.0,32.486000000000004,Rs./Quintal,Metric Tonnes
Madhya Pradesh,Harda,Timarni APMC,Green Gram(Moong)(Whole),Green (Whole),FAQ,2026-03-09,3501.0,6974.0,6501.0,2.706,Rs./Quintal,Metric Tonnes
Madhya Pradesh,Harda,Timarni APMC,Maize,Local,FAQ,2026-03-09,1244.0,1630.0,1590.0,769.753,Rs./Quintal,Metric Tonnes
Madhya Pradesh,Harda,Timarni APMC,Mustard,Mustard,FAQ,2026-03-09,4849.0,5660.0,5630.0,32.458999999999996,Rs./Quintal,Metric Tonnes
Madhya Pradesh,Harda,Timarni APMC,Soyabean,Soyabeen,FAQ,2026-03-09,4301.0,5400.0,5400.0,4.546,Rs./Quintal,Metric Tonnes
Madhya Pradesh,Harda,Timarni APMC,Wheat,Wheat,FAQ,2026-03-09,2151.0,2302.0,2261.0,54.787000000000006,Rs./Quintal,Metric Tonnes
Madhya Pradesh,Harda,Timarni(F&V) APMC,Bottle gourd,Bottle Gourd,FAQ,2026-03-09,1000.0,1000.0,1000.0,0.065,Rs./Quintal,Metric Tonnes
Madhya Pradesh,Harda,Timarni(F&V) APMC,Green Chilli,Green Chilly,FAQ,2026-03-09,5000.0,6000.0,5500.0,0.045000000000000005,Rs./Quintal,Metric Tonnes
Madhya Pradesh,Harda,Timarni(F&V) APMC,Peas Wet,Other,FAQ,2026-03-09,2500.0,2500.0,2500.0,0.03,Rs./Quintal,Metric Tonnes
Madhya Pradesh,Harda,Timarni(F&V) APMC,Spinach,Other,FAQ,2026-03-09,1500.0,2000.0,1750.0,0.03,Rs./Quintal,Metric Tonnes
Madhya Pradesh,Harda,Timarni(F&V) APMC,Sponge gourd,Sponge gourd,FAQ,2026-03-09,3000.0,3500.0,3250.0,0.044000000000000004,Rs./Quintal,Metric Tonnes
Madhya Pradesh,Harda,Timarni(F&V) APMC,Tomato,Deshi,FAQ,2026-03-09,500.0,500.0,500.0,0.13,Rs./Quintal,Metric Tonnes
Madhya Pradesh,Raisen,Udaipura APMC,Bengal Gram(Gram)(Whole),Desi (F.A.Q. Split),FAQ,2026-03-09,4550.0,5355.0,5325.0,36.71,Rs./Quintal,Metric Tonnes
Madhya Pradesh,Raisen,Udaipura APMC,Green Gram(Moong)(Whole),Green (Whole),FAQ,2026-03-09,1005.0,7935.0,6000.0,4.283,Rs./Quintal,Metric Tonnes
Madhya Pradesh,Raisen,Udaipura APMC,Lak(Teora),Tiwada,FAQ,2026-03-09,3105.0,3190.0,3190.0,11.735,Rs./Quintal,Metric Tonnes
Madhya Pradesh,Raisen,Udaipura APMC,Lentil(Masur)(Whole),Masur Dal,FAQ,2026-03-09,3010.0,6215.0,6185.0,10.775,Rs./Quintal,Metric Tonnes
Madhya Pradesh,Raisen,Udaipura APMC,Paddy(Common),Paddy,FAQ,2026-03-09,3500.0,4005.0,4000.0,56.095000000000006,Rs./Quintal,Metric Tonnes
Madhya Pradesh,Raisen,Udaipura APMC,Red gram/Arhar/Tur(whole),Arhar Dal(Tur),FAQ,2026-03-09,6835.0,7660.0,7660.0,3.9250000000000003,Rs./Quintal,Metric Tonnes
Madhya Pradesh,Raisen,Udaipura APMC,Soyabean,Soyabeen,FAQ,2026-03-09,5195.0,5195.0,5195.0,0.19,Rs./Quintal,Metric Tonnes
Madhya Pradesh,Raisen,Udaipura APMC,Wheat,Mill Quality,FAQ,2026-03-09,2175.0,2245.0,2185.0,6.010000000000001,Rs./Quintal,Metric Tonnes
Madhya Pradesh,Raisen,Udaipura APMC,buttery,Buttery,FAQ,2026-03-09,1500.0,4305.0,4305.0,2.8850000000000002,Rs./Quintal,Metric Tonnes
Madhya Pradesh,Ujjain,Ujjain APMC,Bengal Gram(Gram)(Whole),Gram,FAQ,2026-03-09,5081.0,5260.0,5260.0,3.798,Rs./Quintal,Metric Tonnes
Madhya Pradesh,Ujjain,Ujjain APMC,Coriander(Leaves),Coriander,FAQ,2026-03-09,8001.0,10300.0,10300.0,0.054000000000000006,Rs./Bundle,Bundle
Madhya Pradesh,Ujjain,Ujjain APMC,Garlic,Garlic,FAQ,2026-03-09,500.0,10201.0,3000.0,267.011,Rs./Quintal,Metric Tonnes
Madhya Pradesh,Ujjain,Ujjain APMC,Green Peas,Pea,FAQ,2026-03-09,1500.0,3900.0,3900.0,0.63,Rs./Quintal,Metric Tonnes
Madhya Pradesh,Ujjain,Ujjain APMC,Kabuli Chana(Chickpeas-White),Dollar Gram,FAQ,2026-03-09,3300.0,7650.0,7411.0,7.178000000000001,Rs./Quintal,Metric Tonnes
Madhya Pradesh,Ujjain,Ujjain APMC,Mustard,Mustard,FAQ,2026-03-09,3000.0,5871.0,5871.0,1.7600000000000002,Rs./Quintal,Metric Tonnes
Madhya Pradesh,Ujjain,Ujjain APMC,Onion,Onion,FAQ,2026-03-09,300.0,1200.0,1200.0,17.826,Rs./Quintal,Metric Tonnes
Madhya Pradesh,Ujjain,Ujjain APMC,Onion,Onion,Non-FAQ,2026-03-09,649.98,1800.0,1800.0,14.065000000000001,Rs./Quintal,Metric Tonnes
Madhya Pradesh,Ujjain,Ujjain APMC,Potato,Potato-Organic,FAQ,2026-03-09,344.5,344.5,344.5,5.6000000000000005,Rs./Quintal,Metric Tonnes
Madhya Pradesh,Ujjain,Ujjain APMC,Potato,Potato,FAQ,2026-03-09,100.0,914.52,350.0,457.454,Rs./Quintal,Metric Tonnes
Madhya Pradesh,Ujjain,Ujjain APMC,Potato,Potato,Non-FAQ,2026-03-09,100.0,750.0,400.0,268.535,Rs./Quintal,Metric Tonnes
Madhya Pradesh,Ujjain,Ujjain APMC,Soyabean,Soyabeen,FAQ,2026-03-09,2501.0,5771.0,5300.0,263.593,Rs./Quintal,Metric Tonnes
Madhya Pradesh,Ujjain,Ujjain APMC,Wheat,Wheat,FAQ,2026-03-09,1591.0,2891.0,2300.0,1253.324,Rs./Quintal,Metric Tonnes
Madhya Pradesh,Umariya,Umariya APMC,Soyabean,Soyabeen,Non-FAQ,2026-03-09,4985.0,5025.0,5025.0,14.15,Rs./Quintal,Metric Tonnes
Madhya Pradesh,Umariya,Umariya APMC,Wheat,Wheat,Non-FAQ,2026-03-09,2250.0,2250.0,2250.0,3.5500000000000003,Rs./Quintal,Metric Tonnes
Madhya Pradesh,Umariya,Umariya APMC,Wheat,Wheat,FAQ,2026-03-09,2200.0,2200.0,2200.0,17.900000000000002,Rs./Quintal,Metric Tonnes
Madhya Pradesh,Umariya,Umariya APMC,Wheat,Mill Quality,FAQ,2026-03-09,2100.0,2100.0,2100.0,9.9,Rs./Quintal,Metric Tonnes
Madhya Pradesh,Umariya,Umariya APMC,buttery,Buttery,FAQ,2026-03-09,3500.0,3500.0,3500.0,3.0250000000000004,Rs./Quintal,Metric Tonnes
Madhya Pradesh,Ujjain,Unhel APMC,Bengal Gram(Gram)(Whole),Gram,FAQ,2026-03-09,4326.0,4890.0,4890.0,1.822,Rs./Quintal,Metric Tonnes
Madhya Pradesh,Ujjain,Unhel APMC,Soyabean,Soyabeen,FAQ,2026-03-09,2700.0,5901.0,5600.0,29.318,Rs./Quintal,Metric Tonnes
Madhya Pradesh,Ujjain,Unhel APMC,Tamarind Fruit,Tamarind,FAQ,2026-03-09,3600.0,4375.0,4375.0,3.058,Rs./Quintal,Metric Tonnes
Madhya Pradesh,Ujjain,Unhel APMC,Wheat,Wheat,FAQ,2026-03-09,1919.0,2386.0,2261.0,187.377,Rs./Quintal,Metric Tonnes
Madhya Pradesh,Balaghat,Varaseoni APMC,Paddy(Common),Paddy,FAQ,2026-03-09,1770.0,3050.0,3050.0,7.117000000000001,Rs./Quintal,Metric Tonnes
Madhya Pradesh,Vidisha,Vidisha APMC,Bengal Gram(Gram)(Whole),Gram,FAQ,2026-03-09,3000.0,5275.0,5181.0,20.924000000000003,Rs./Quintal,Metric Tonnes
Madhya Pradesh,Vidisha,Vidisha APMC,Lak(Teora),Tiwada,FAQ,2026-03-09,3040.0,3242.0,3100.0,15.752000000000002,Rs./Quintal,Metric Tonnes
Madhya Pradesh,Vidisha,Vidisha APMC,Lentil(Masur)(Whole),Masur Dal,FAQ,2026-03-09,5000.0,6951.0,6140.0,30.436000000000003,Rs./Quintal,Metric Tonnes
Madhya Pradesh,Vidisha,Vidisha APMC,Maize,Local,FAQ,2026-03-09,1240.0,1491.0,1400.0,34.378,Rs./Quintal,Metric Tonnes
Madhya Pradesh,Vidisha,Vidisha APMC,Mustard,Mustard,FAQ,2026-03-09,5280.0,6170.0,6152.0,29.447000000000003,Rs./Quintal,Metric Tonnes
Madhya Pradesh,Vidisha,Vidisha APMC,Paddy(Common),Paddy,FAQ,2026-03-09,1500.0,4172.0,3700.0,389.83400000000006,Rs./Quintal,Metric Tonnes
Madhya Pradesh,Vidisha,Vidisha APMC,Paddy(Common),Puspa (MR 301),FAQ,2026-03-09,4000.0,4000.0,4000.0,50.0,Rs./Quintal,Metric Tonnes
Madhya Pradesh,Vidisha,Vidisha APMC,Soyabean,Soyabeen,FAQ,2026-03-09,4601.0,5588.0,5576.0,38.128,Rs./Quintal,Metric Tonnes
Madhya Pradesh,Vidisha,Vidisha APMC,Wheat,Wheat,FAQ,2026-03-09,1750.0,2781.0,2300.0,417.5,Rs./Quintal,Metric Tonnes
Madhya Pradesh,Vidisha,Vidisha APMC,Wheat,Sharbati,FAQ,2026-03-09,2710.0,2710.0,2710.0,2.374,Rs./Quintal,Metric Tonnes
Madhya Pradesh,Sheopur,Vijaypur APMC,Mustard,Mustard,Non-FAQ,2026-03-09,5800.0,6400.0,6100.0,264.31,Rs./Quintal,Metric Tonnes
Madhya Pradesh,Sheopur,Vijaypur APMC,Mustard,Mustard,FAQ,2026-03-09,6000.0,6390.0,6300.0,398.067,Rs./Quintal,Metric Tonnes
